ufs_serial,run_id,wafer_no,date,die_x,die_y,health,split,position,pred
S00022,6,19,2025-10-09,42,14,0.0,train,1,0.0005596040662969
S00087,6,13,2025-10-09,32,29,0.0071833265884257,train,1,0.0008346226773261
S00099,6,7,2025-10-09,33,16,0.002429023161249,train,1,0.0007127306446463
S00101,6,12,2025-10-09,36,19,0.0047811447811447,train,1,0.0007130756920263
S00106,6,18,2025-10-09,38,23,0.0,train,1,0.0008464075000469
S00108,6,10,2025-10-09,54,18,0.0,train,1,0.0008718488055844
S00111,6,10,2025-10-09,55,15,0.0,train,1,0.0008722985204933
S00113,6,11,2025-10-09,51,20,0.0,train,1,0.0008423586013744
S00121,6,17,2025-10-09,50,27,0.0,train,1,0.0008340429477198
S00124,6,17,2025-10-09,31,19,0.0,train,1,0.0007734115877521
S00356,6,22,2025-10-09,37,28,0.0,train,1,0.0007869103910862
S00363,6,19,2025-10-09,31,30,0.0,train,1,0.0007998480655265
S00605,6,22,2025-10-09,50,21,0.0,train,1,0.000796447007352
S00883,6,18,2025-10-09,29,12,0.0,train,1,0.0008718350418374
S00886,6,7,2025-10-09,36,11,0.0,train,1,0.0008193274917829
S00937,6,22,2025-10-09,53,19,0.0,train,1,0.0008906138566146
S00942,6,21,2025-10-09,46,19,0.0,train,1,0.0008305263140413
S01153,6,20,2025-10-09,48,25,0.0,train,1,0.0008389270853609
S01162,6,17,2025-10-09,38,18,0.0,train,1,0.0008453961379087
S01165,6,10,2025-10-09,57,16,0.0,train,1,0.0008637839653682
S01460,6,20,2025-10-09,33,19,0.0,train,1,0.0008305199390369
S01468,6,21,2025-10-09,41,12,0.0,train,1,0.0007716761204081
S01469,6,21,2025-10-09,33,22,0.0,train,1,0.0008410865463196
S01478,6,11,2025-10-09,50,31,0.0014308746473196,train,1,0.0008469567480433
S01535,6,20,2025-10-09,51,23,0.0,train,1,0.000845710969342
S01543,6,21,2025-10-09,37,31,0.0073840978920406,train,1,0.0008314654602634
S01557,6,21,2025-10-09,38,13,0.020208885171244,train,1,0.0008097138917562
S01947,6,20,2025-10-09,45,31,0.0,train,1,0.0008396429593197
S01948,6,12,2025-10-09,33,23,0.0,train,1,0.0007622925168233
S01950,6,12,2025-10-09,21,28,0.0,train,1,0.000773922860917
S02028,6,10,2025-10-09,58,22,0.0,train,1,0.0008568368738
S02032,6,18,2025-10-09,39,26,0.0,train,1,0.0008695638674961
S02033,6,10,2025-10-09,41,17,0.0098931066743635,train,1,0.0008278951439029
S02034,6,10,2025-10-09,14,24,0.0,train,1,0.0008170306014134
S02035,6,10,2025-10-09,53,16,0.0,train,1,0.0006143008984664
S02042,6,13,2025-10-09,27,18,0.0,train,1,0.0008257649430986
S02044,6,20,2025-10-09,50,30,0.0,train,1,0.0008357991205772
S02363,6,19,2025-10-09,51,26,0.0,train,1,0.0008173759046165
S02413,6,11,2025-10-09,14,20,0.0,train,1,0.000696873160265
S02480,6,21,2025-10-09,36,29,0.0,train,1,0.0008439486805435
S02481,6,22,2025-10-09,13,21,0.0,train,1,0.000488432567317
S02485,6,22,2025-10-09,36,19,0.0,train,1,0.0008266154900964
S02512,6,6,2025-10-09,59,15,0.0,train,1,0.0007454598531677
S02650,6,7,2025-10-09,45,19,0.0,train,1,0.000838744135168
S02788,6,13,2025-10-09,52,27,0.0,train,1,0.0008449456012382
S02789,6,12,2025-10-09,29,23,0.0,train,1,0.0008497779578678
S02819,6,12,2025-10-09,41,17,0.0,train,1,0.0008190885711404
S02820,6,11,2025-10-09,38,20,0.0,train,1,0.0007821749907883
S02822,6,11,2025-10-09,58,26,0.0,train,1,0.0008588350505079
S02964,6,19,2025-10-09,36,31,0.0,train,1,0.0008190204621274
S02972,6,12,2025-10-09,48,12,0.0,train,1,0.0006635472674242
S03126,6,22,2025-10-09,44,11,0.0,train,1,0.0004264106440146
S03155,6,6,2025-10-09,17,27,0.0060017630933835,train,1,0.0008673834852419
S03184,6,10,2025-10-09,13,21,0.0,train,1,0.0008033782196341
S03652,6,18,2025-10-09,35,29,0.0,train,1,0.0008599456881731
S03727,6,7,2025-10-09,38,29,0.0,train,1,0.0006667568759174
S03730,6,7,2025-10-09,58,25,0.0,train,1,0.0007456125246389
S03731,6,12,2025-10-09,42,16,0.0,train,1,0.0008150727261443
S03732,6,12,2025-10-09,46,16,0.0,train,1,0.0008036392798334
S03824,6,19,2025-10-09,61,15,0.0,train,1,0.0006487958223658
S03996,6,12,2025-10-09,24,25,0.0,train,1,0.0008054463950772
S04014,6,10,2025-10-09,18,15,0.0,train,1,0.0005069201328055
S04070,6,11,2025-10-09,40,12,0.0,train,1,0.0008400233130448
S04072,6,6,2025-10-09,42,13,0.0,train,1,0.000631922062768
S04320,6,12,2025-10-09,34,16,0.0,train,1,0.0008293161740682
S04324,6,18,2025-10-09,51,20,0.0,train,1,0.0008738516370661
S04331,6,12,2025-10-09,33,27,0.0,train,1,0.0007552392825867
S04333,6,13,2025-10-09,47,18,0.0,train,1,0.0008530831031577
S04413,6,7,2025-10-09,21,20,0.0,train,1,0.0008497265490438
S04424,6,11,2025-10-09,32,25,0.0,train,1,0.0008689481049903
S04425,6,10,2025-10-09,55,21,0.0,train,1,0.0008702349166981
S04428,6,6,2025-10-09,48,15,0.0,train,1,0.0007206973822521
S04430,6,6,2025-10-09,39,16,0.0,train,1,0.0007377457884995
S04462,6,11,2025-10-09,21,29,0.0,train,1,0.0008318482246664
S04547,6,19,2025-10-09,25,21,0.0,train,1,0.0008631298000701
S04548,6,19,2025-10-09,15,18,0.0,train,1,0.0006646326694512
S04695,6,6,2025-10-09,18,22,0.0,train,1,0.0007542869671334
S04697,6,11,2025-10-09,49,17,0.0,train,1,0.0008026608254463
S04699,6,17,2025-10-09,36,25,0.0,train,1,0.0008378435162677
S04703,6,20,2025-10-09,44,25,0.0,train,1,0.0007326833179907
S04775,6,17,2025-10-09,44,26,0.0,train,1,0.0008001906272953
S04776,6,17,2025-10-09,42,27,0.0,train,1,0.0008306177896426
S04777,6,17,2025-10-09,37,17,0.0,train,1,0.0008635790919675
S04789,6,11,2025-10-09,25,29,0.0,train,1,0.0008336821489294
S04794,6,10,2025-10-09,55,28,0.0,train,1,0.0008371451890552
S04795,6,10,2025-10-09,52,19,0.0,train,1,0.0008613254941499
S04916,6,20,2025-10-09,30,14,0.0,train,1,0.0006976413156906
S04917,6,22,2025-10-09,45,12,0.0,train,1,0.0006342292158231
S04919,6,20,2025-10-09,20,21,0.0,train,1,0.0006797886281956
S04923,6,21,2025-10-09,56,18,0.0,train,1,0.0007705576905703
S04926,6,19,2025-10-09,24,21,0.0,train,1,0.0008352061994854
S05169,6,10,2025-10-09,58,26,0.0,train,1,0.0008617904708513
S05353,6,20,2025-10-09,32,21,0.0052198206146154,train,1,0.0008611787043731
S05358,6,19,2025-10-09,33,15,0.0,train,1,0.0007933203454243
S05359,6,19,2025-10-09,24,27,0.0052266274056157,train,1,0.0008396280948401
S05360,6,19,2025-10-09,32,27,0.0017323350621828,train,1,0.0008455484255441
S05362,6,19,2025-10-09,39,19,0.0,train,1,0.0008502565571136
S05872,6,7,2025-10-09,60,22,0.0,train,1,0.0008175472704039
S06227,6,19,2025-10-09,30,20,0.0134988320929979,train,1,0.0007897036021079
S06236,6,21,2025-10-09,21,23,0.0109013768511032,train,1,0.000849666646631
S06428,6,13,2025-10-09,32,24,0.006075497530683,train,1,0.000885413051938
S06430,6,13,2025-10-09,29,17,0.003109884677717,train,1,0.0008420370401801
S06431,6,17,2025-10-09,59,17,0.0091889843121666,train,1,0.0008288193864923
S06441,6,18,2025-10-09,33,12,0.0046086795252225,train,1,0.0008274151747695
S06447,6,11,2025-10-09,29,13,0.0046353292296213,train,1,0.0005598019082266
S06450,6,6,2025-10-09,19,16,0.0015473899858648,train,1,0.0006462293388862
S06453,6,10,2025-10-09,31,26,0.001502986315869,train,1,0.0008447352637366
S06455,6,10,2025-10-09,40,26,0.0061626212839827,train,1,0.0008495349895316
S06526,6,7,2025-10-09,42,13,0.0,train,1,0.0007710737971056
S06670,6,6,2025-10-09,34,13,0.0,train,1,0.000511807581182
S06674,6,10,2025-10-09,55,23,0.0,train,1,0.0008606706595573
S06682,6,17,2025-10-09,42,31,0.0046147989266181,train,1,0.0008466958286904
S06689,6,13,2025-10-09,34,23,0.0,train,1,0.0008557915547076
S06691,6,7,2025-10-09,31,24,0.0,train,1,0.0008318632773373
S07061,6,17,2025-10-09,33,30,0.0,train,1,0.0008472365285163
S07258,6,12,2025-10-09,39,13,0.0,train,1,0.0005932171317609
S07260,6,7,2025-10-09,34,17,0.0100161225312374,train,1,0.0008320848480073
S07266,6,13,2025-10-09,44,22,0.0146465092977337,train,1,0.0008505860136057
S07271,6,13,2025-10-09,39,31,0.0,train,1,0.0008315759485496
S07490,6,20,2025-10-09,48,26,0.0085983183972872,train,1,0.0008445982344857
S07492,6,17,2025-10-09,33,17,0.0044579588468507,train,1,0.0008315161883371
S07495,6,17,2025-10-09,48,13,0.0042713740589226,train,1,0.000824151274312
S07497,6,13,2025-10-09,48,22,0.0028702275969207,train,1,0.0007961643589903
S07500,6,17,2025-10-09,34,29,0.0057978622570249,train,1,0.0007809531180725
S07505,6,11,2025-10-09,37,17,0.0,train,1,0.0008633976668234
S07510,6,10,2025-10-09,39,24,0.0073764044110007,train,1,0.0008348009665412
S07513,6,6,2025-10-09,20,17,0.004414599266306,train,1,0.0006367629725223
S07514,6,6,2025-10-09,32,19,0.0043825228164543,train,1,0.0008337724748753
S07516,6,6,2025-10-09,37,24,0.0043005728328401,train,1,0.000705902507755
S07517,6,10,2025-10-09,60,27,0.0014857997010463,train,1,0.0008521794830314
S07621,6,12,2025-10-09,63,26,0.0082649953748453,train,1,0.0008458239598261
S07712,6,13,2025-10-09,29,15,0.0133747763021569,train,1,0.0008165196967862
S07717,6,12,2025-10-09,25,17,0.0123878364905284,train,1,0.0008351769666857
S07719,6,7,2025-10-09,53,16,0.029637237038264,train,1,0.0007504162582979
S08102,6,13,2025-10-09,44,27,0.0,train,1,0.0007157781257355
S08105,6,11,2025-10-09,27,23,0.0,train,1,0.0008846899032301
S08106,6,10,2025-10-09,45,17,0.0,train,1,0.000851595834144
S08168,6,13,2025-10-09,55,19,0.0137156419030798,train,1,0.0008129968757985
S08173,6,17,2025-10-09,26,29,0.0011828179626496,train,1,0.0007981861646945
S08174,6,17,2025-10-09,49,16,0.0124854123703099,train,1,0.0008384334878817
S08175,6,17,2025-10-09,29,15,0.0044779918414052,train,1,0.0008386066691705
S08187,6,18,2025-10-09,50,13,0.0046753918698039,train,1,0.0008027081965352
S08188,6,11,2025-10-09,24,26,0.0155598262193066,train,1,0.000856987594811
S08189,6,10,2025-10-09,57,17,0.0134087858573731,train,1,0.0007677677757261
S08192,6,11,2025-10-09,15,23,0.0194444444444444,train,1,0.0008446241535089
S08195,6,18,2025-10-09,19,21,0.0148710264713938,train,1,0.0008542759346918
S08200,6,6,2025-10-09,54,14,0.0011289117245546,train,1,0.0007090938847684
S08203,6,6,2025-10-09,59,21,0.0113537197710066,train,1,0.0008508060367644
S08300,6,21,2025-10-09,58,22,0.001175933352735,train,1,0.0008449268691487
S08309,6,20,2025-10-09,21,19,0.013135164616024,train,1,0.0007347502281658
S08311,6,22,2025-10-09,37,13,0.0081008331354112,train,1,0.0004423334491927
S08314,6,22,2025-10-09,41,30,0.0081781852374236,train,1,0.0007637499288228
S08330,6,19,2025-10-09,40,27,0.0103487048502179,train,1,0.0008246239300206
S08346,6,12,2025-10-09,34,11,0.007812307022094,train,1,0.0006133031231525
S08644,6,21,2025-10-09,30,29,0.0022326592678944,train,1,0.0008315348964155
S08654,6,22,2025-10-09,34,24,0.0093863463599578,train,1,0.000789573691006
S08662,6,19,2025-10-09,27,25,0.0127917152176252,train,1,0.0008532898741915
S08887,6,21,2025-10-09,16,18,0.0,train,1,0.0007920313766868
S09143,6,7,2025-10-09,25,20,0.0,train,1,0.0007049485028543
S09381,6,19,2025-10-09,38,12,0.0,train,1,0.0006178157582661
S09760,6,19,2025-10-09,59,26,0.0080787392615349,train,1,0.0008440803358824
S09763,6,21,2025-10-09,43,17,0.0115706968803352,train,1,0.0008111845520909
S10034,6,17,2025-10-09,54,18,0.0166006341180158,train,1,0.0008445411893905
S10035,6,13,2025-10-09,50,20,0.0013012446916023,train,1,0.0008415524767055
S10042,6,18,2025-10-09,27,20,0.0052966722617429,train,1,0.0008667516205559
S10043,6,18,2025-10-09,58,17,0.0053501264868938,train,1,0.0008350428948478
S10046,6,18,2025-10-09,42,31,0.0051797136566746,train,1,0.0008525482830348
S10056,6,6,2025-10-09,43,21,0.0025552436478802,train,1,0.0006994625044922
S10085,6,11,2025-10-09,54,21,0.0120724834823163,train,1,0.000870250581835
S10217,6,6,2025-10-09,50,13,0.0,train,1,0.0006969449370637
S10218,6,6,2025-10-09,54,17,0.0,train,1,0.0008207023425217
S10219,6,18,2025-10-09,38,14,0.0,train,1,0.0008084052920527
S10259,6,20,2025-10-09,16,21,0.0,train,1,0.0007510336783217
S10260,6,22,2025-10-09,53,26,0.0,train,1,0.0008080547964482
S10265,6,21,2025-10-09,56,15,0.0,train,1,0.0008309996425283
S10437,6,10,2025-10-09,25,23,0.0,train,1,0.0008520186854047
S10495,6,12,2025-10-09,55,23,0.0,train,1,0.000746123743268
S10699,6,12,2025-10-09,29,29,0.0,train,1,0.0007940558072144
S10702,6,12,2025-10-09,33,17,0.0,train,1,0.0008501877489669
S10828,6,20,2025-10-09,43,13,0.0222721141479459,train,1,0.0006974661151312
S10908,6,7,2025-10-09,29,25,0.0137630520125755,train,1,0.0007662022812426
S10910,6,7,2025-10-09,57,21,0.0174620323767863,train,1,0.0008304244353038
S10913,6,13,2025-10-09,15,20,0.0123672218852548,train,1,0.0007797253893791
S10923,6,13,2025-10-09,57,21,0.0131384738750567,train,1,0.0006718517539669
S10925,6,13,2025-10-09,29,13,0.0087975501389552,train,1,0.0008175223225631
S10939,6,11,2025-10-09,50,18,0.0182477999835512,train,1,0.0008311842838436
S10940,6,11,2025-10-09,41,31,0.0241928614021637,train,1,0.0008482746321849
S10942,6,10,2025-10-09,49,20,0.0239268713930662,train,1,0.0008327557854287
S10943,6,11,2025-10-09,19,25,0.0110461627364256,train,1,0.0007797656074105
S10951,6,10,2025-10-09,55,29,0.0,train,1,0.0008387789732396
S10955,6,6,2025-10-09,26,28,0.0133076284574396,train,1,0.0008201278742155
S11268,6,22,2025-10-09,50,18,0.0170098959555659,train,1,0.0007197430418551
S11270,6,20,2025-10-09,28,17,0.0022216957304998,train,1,0.0007557487472378
S11274,6,22,2025-10-09,44,16,0.0159250465415092,train,1,0.0006713131473429
S11275,6,20,2025-10-09,25,19,0.0015722449728495,train,1,0.0007870509204182
S11285,6,19,2025-10-09,51,24,0.0219432061775309,train,1,0.000837745106857
S11299,6,21,2025-10-09,55,23,0.0021523350886917,train,1,0.0008478716878173
S11513,6,18,2025-10-09,46,32,0.0234549439140142,train,1,0.0008641013177635
S11613,6,6,2025-10-09,34,11,0.0,train,1,0.0004895352063574
S11799,6,22,2025-10-09,33,18,0.0,train,1,0.0008066448042381
S11802,6,22,2025-10-09,22,25,0.0,train,1,0.0005701137560349
S11923,6,12,2025-10-09,32,19,0.0,train,1,0.0007942072608003
S11925,6,12,2025-10-09,22,21,0.0,train,1,0.0008271419974351
S11932,6,6,2025-10-09,16,18,0.0,train,1,0.0007610826818993
S11944,6,20,2025-10-09,46,29,0.0,train,1,0.0007962587099978
S12141,6,20,2025-10-09,37,31,0.0,train,1,0.0008297613406602
S12153,6,7,2025-10-09,61,19,0.0,train,1,0.0007993345231308
S12156,6,13,2025-10-09,32,12,0.0,train,1,0.0008319639799995
S12159,6,6,2025-10-09,24,20,0.0,train,1,0.0006770156476286
S12160,6,12,2025-10-09,59,26,0.0,train,1,0.0008037192070366
S12162,6,10,2025-10-09,34,27,0.0107038825803464,train,1,0.0008404580169413
S12167,6,18,2025-10-09,23,20,0.0026111443852515,train,1,0.0008837295620451
S12176,6,17,2025-10-09,21,16,0.0,train,1,0.0008163666049446
S12186,6,7,2025-10-09,61,23,0.0,train,1,0.0007896377113179
S12187,6,13,2025-10-09,43,26,0.0,train,1,0.0008237588814201
S12399,6,12,2025-10-09,43,27,0.0040048993537365,train,1,0.0008285071246367
S12414,6,11,2025-10-09,38,22,0.0,train,1,0.0008159018390703
S12415,6,18,2025-10-09,28,24,0.0,train,1,0.0008675546362987
S12533,6,20,2025-10-09,58,15,0.0,train,1,0.0008359687086305
S12721,6,12,2025-10-09,48,28,0.0,train,1,0.0007673340823525
S12723,6,12,2025-10-09,30,22,0.0,train,1,0.0008443677160782
S12724,6,6,2025-10-09,37,12,0.0,train,1,0.0006140141067153
S12725,6,11,2025-10-09,46,28,0.0,train,1,0.0008310271518592
S12727,6,10,2025-10-09,29,22,0.0,train,1,0.0008577288701849
S12887,6,17,2025-10-09,63,26,0.0,train,1,0.0008229291026496
S13224,6,7,2025-10-09,49,16,0.0,train,1,0.0008343084835156
S13280,6,11,2025-10-09,21,18,0.0,train,1,0.0008384122234742
S13282,6,11,2025-10-09,54,28,0.0,train,1,0.0007941628648962
S13353,6,19,2025-10-09,60,20,0.0,train,1,0.0008130241882941
S13372,6,10,2025-10-09,48,11,0.0,train,1,0.0004669373095804
S13447,6,21,2025-10-09,44,11,0.0,train,1,0.00070475457986
S13462,6,7,2025-10-09,14,18,0.0111782103617736,train,1,0.0007832620931238
S13494,6,21,2025-10-09,29,23,0.0103729676705695,train,1,0.0008389826009064
S13496,6,20,2025-10-09,61,17,0.0064405602380285,train,1,0.0007764882314281
S13516,6,21,2025-10-09,46,24,0.0064117449751012,train,1,0.0008592420774348
S13529,6,12,2025-10-09,22,30,0.0053014605683869,train,1,0.0007690578884117
S13530,6,12,2025-10-09,23,13,0.0,train,1,0.0007729736378325
S13646,6,19,2025-10-09,53,13,0.0018795428588716,train,1,0.0005503628381821
S13968,6,6,2025-10-09,53,24,0.0063899817429093,train,1,0.0008304208116828
S13980,6,7,2025-10-09,34,14,0.005232143468111,train,1,0.0008529311053661
S13982,6,12,2025-10-09,39,31,0.0051628853984874,train,1,0.0008400736654223
S13983,6,7,2025-10-09,29,14,0.0169527992716147,train,1,0.0008379290880669
S13984,6,12,2025-10-09,47,14,0.0039148654609616,train,1,0.0006661873292529
S14016,6,6,2025-10-09,53,26,0.0018746298831845,train,1,0.0008392194717397
S14018,6,6,2025-10-09,20,20,0.0055242477797414,train,1,0.0008173571770336
S14019,6,6,2025-10-09,38,13,0.0,train,1,0.0008392381179111
S14020,6,10,2025-10-09,57,20,0.0018810580857111,train,1,0.0008514863814765
S14025,6,6,2025-10-09,30,21,0.0,train,1,0.0008138110830737
S14027,6,10,2025-10-09,63,24,0.0,train,1,0.0008446442222669
S14029,6,20,2025-10-09,31,28,0.0018348691594305,train,1,0.0007377603770311
S14032,6,17,2025-10-09,29,13,0.001879628158872,train,1,0.0008461657363155
S14038,6,20,2025-10-09,29,29,0.0037826462540766,train,1,0.0007862642185451
S14040,6,13,2025-10-09,38,20,0.0,train,1,0.0008420655847023
S14316,6,6,2025-10-09,57,19,0.0,train,1,0.0008536332252858
S14317,6,10,2025-10-09,26,28,0.0,train,1,0.0008442508577649
S14318,6,18,2025-10-09,38,22,0.0,train,1,0.0008653615177903
S14322,6,13,2025-10-09,20,17,0.0,train,1,0.0008468522083606
S14493,6,19,2025-10-09,45,28,0.0,train,1,0.000851615974246
S14632,6,7,2025-10-09,37,32,0.0,train,1,0.0006757000686909
S14781,6,22,2025-10-09,49,13,0.0,train,1,0.0005758263089151
S14960,6,12,2025-10-09,33,28,0.0,train,1,0.0007981933126269
S14963,6,17,2025-10-09,30,26,0.0,train,1,0.0008390219756252
S15116,6,22,2025-10-09,19,22,0.0,train,1,0.0003164491312967
S15119,6,22,2025-10-09,44,29,0.0,train,1,0.0007131758367029
S15125,6,19,2025-10-09,39,24,0.0,train,1,0.0008554417538011
S15127,6,19,2025-10-09,51,25,0.0,train,1,0.0008467467812097
S15132,6,19,2025-10-09,55,21,0.0040896766522252,train,1,0.0008468108410266
S15133,6,19,2025-10-09,17,24,0.0041871495789682,train,1,0.0008542724117835
S15138,6,21,2025-10-09,37,23,0.0,train,1,0.0008215596158933
S15294,6,17,2025-10-09,51,31,0.0,train,1,0.0008144244711645
S15400,6,12,2025-10-09,36,18,0.0,train,1,0.0008360827200672
S15405,6,12,2025-10-09,43,13,0.0,train,1,0.0006425281698015
S15406,6,22,2025-10-09,32,14,0.0,train,1,0.00073342054013
S15409,6,21,2025-10-09,50,17,0.0,train,1,0.0008670544861952
S15632,6,17,2025-10-09,54,14,0.0066297826645189,train,1,0.0007948399450619
S15634,6,17,2025-10-09,45,25,0.0,train,1,0.0008416952663749
S15648,6,10,2025-10-09,29,18,0.0016550943270559,train,1,0.0008666077670782
S15650,6,11,2025-10-09,26,20,0.0117083644636498,train,1,0.0008640951969888
S15652,6,18,2025-10-09,30,16,0.0099093800157513,train,1,0.000887504009228
S15653,6,18,2025-10-09,50,23,0.0067169423721483,train,1,0.0007193344509383
S15654,6,18,2025-10-09,51,26,0.0082782835803493,train,1,0.0008449040036336
S15927,6,21,2025-10-09,15,20,0.0037857148297951,train,1,0.0007685550163118
S15928,6,19,2025-10-09,20,27,0.0,train,1,0.0008427713916049
S15929,6,19,2025-10-09,56,16,0.0,train,1,0.0008343330684158
S16139,6,21,2025-10-09,31,30,0.0,train,1,0.0006310659539771
S16146,6,21,2025-10-09,51,14,0.0,train,1,0.0008507639294586
S16203,6,7,2025-10-09,52,22,0.0,train,1,0.000810662547102
S16205,6,12,2025-10-09,28,15,0.0,train,1,0.0007962816586528
S16207,6,6,2025-10-09,41,12,0.0,train,1,0.0006244937014599
S16208,6,18,2025-10-09,36,30,0.0,train,1,0.0008642154841916
S16209,6,11,2025-10-09,29,24,0.0,train,1,0.0008610856473101
S16516,6,18,2025-10-09,61,21,0.0,train,1,0.0007812694465931
S16816,6,21,2025-10-09,26,29,0.0,train,1,0.0008173409116904
S16818,6,19,2025-10-09,49,16,0.0,train,1,0.000506135867151
S17217,6,20,2025-10-09,17,22,0.0026129564787651,train,1,0.0006560260903287
S17218,6,20,2025-10-09,21,22,0.0,train,1,0.0008184212998134
S17224,6,22,2025-10-09,41,31,0.0,train,1,0.0008151589351903
S17230,6,21,2025-10-09,27,16,0.0,train,1,0.0007714229152275
S17399,6,22,2025-10-09,28,19,0.0456163741673067,train,1,0.0008001725418116
S17404,6,20,2025-10-09,54,14,0.0169727038255624,train,1,0.000846864825364
S17406,6,22,2025-10-09,53,20,0.0011135869936624,train,1,0.0007788590878571
S17409,6,22,2025-10-09,19,23,0.0262464312815538,train,1,0.0005944597548156
S17414,6,20,2025-10-09,56,22,0.0060611480814494,train,1,0.0007933304897707
S17416,6,19,2025-10-09,47,25,0.0079100954781947,train,1,0.0008465304443415
S17417,6,21,2025-10-09,28,15,0.0191594717287126,train,1,0.0007976309355695
S17418,6,21,2025-10-09,42,16,0.0125445836561219,train,1,0.0007568987743042
S17722,6,22,2025-10-09,49,31,0.0091023307094689,train,1,0.0008264279369475
S17723,6,19,2025-10-09,22,29,0.0070265474839799,train,1,0.000844074240002
S17967,6,7,2025-10-09,33,29,0.0,train,1,0.0007759822277446
S17973,6,11,2025-10-09,37,24,0.0039641709139926,train,1,0.0008295917903596
S17979,6,10,2025-10-09,51,27,0.0,train,1,0.0008560960586696
S17980,6,11,2025-10-09,25,21,0.0,train,1,0.0008820373407712
S17982,6,10,2025-10-09,17,23,0.0,train,1,0.0008682463555209
S17983,6,10,2025-10-09,26,25,0.0,train,1,0.0008566405306291
S18021,6,20,2025-10-09,24,17,0.0,train,1,0.000693975097624
S18065,6,19,2025-10-09,35,11,0.0,train,1,0.000493693208623
S18689,6,19,2025-10-09,47,26,0.01113381184082,train,1,0.0008307808353421
S18695,6,21,2025-10-09,38,30,0.0088936011255684,train,1,0.0008197126743656
S18707,6,20,2025-10-09,33,20,0.0021662003016117,train,1,0.0008198639365913
S18712,6,22,2025-10-09,21,21,0.0,train,1,0.0006015752951274
S18714,6,20,2025-10-09,38,15,0.0044428949438604,train,1,0.0007571153961112
S18715,6,22,2025-10-09,46,24,0.0125703446095478,train,1,0.0006396482609778
S18735,6,13,2025-10-09,37,11,0.0,train,1,0.000601397535971
S18825,6,6,2025-10-09,37,26,0.0098720147252587,train,1,0.0008503052314919
S18826,6,10,2025-10-09,38,28,0.0074840380677026,train,1,0.0008530403254544
S18830,6,6,2025-10-09,53,14,0.0042678894985873,train,1,0.0007325946091111
S18838,6,10,2025-10-09,37,18,0.0020573448660552,train,1,0.0008601062783799
S18840,6,10,2025-10-09,61,17,0.0104193527422604,train,1,0.0008332663537573
S18843,6,11,2025-10-09,23,19,0.0086528082454124,train,1,0.0008671879477753
S18844,6,10,2025-10-09,35,15,0.0075143959324201,train,1,0.0008483610934152
S18845,6,20,2025-10-09,53,27,0.0010551546534018,train,1,0.0008189796145276
S18851,6,13,2025-10-09,37,14,0.0113892274199764,train,1,0.0008623475274389
S18853,6,17,2025-10-09,17,24,0.011593778761775,train,1,0.0008549564433795
S19143,6,20,2025-10-09,51,28,0.0087278423439085,train,1,0.0008371535295964
S19162,6,12,2025-10-09,48,30,0.0,train,1,0.000731664198453
S19163,6,12,2025-10-09,46,26,0.0,train,1,0.0008347392322594
S19165,6,12,2025-10-09,17,26,0.0017396113351254,train,1,0.0008437420661215
S19167,6,6,2025-10-09,47,14,0.0,train,1,0.0008056840802412
S19169,6,18,2025-10-09,22,28,0.0,train,1,0.0008607351034545
S19170,6,18,2025-10-09,59,16,0.0029307528555675,train,1,0.0008541031930211
S19180,6,13,2025-10-09,36,24,0.0,train,1,0.0008552038757501
S19181,6,17,2025-10-09,25,27,0.0,train,1,0.0008913396451177
S19343,6,12,2025-10-09,51,25,0.0,train,1,0.0008089978797805
S19344,6,7,2025-10-09,40,27,0.0052445523136178,train,1,0.0007801416500988
S19350,6,17,2025-10-09,38,31,0.0,train,1,0.0007985733511597
S19359,6,11,2025-10-09,36,25,0.0034214158603621,train,1,0.000813701814304
S19368,6,18,2025-10-09,22,23,0.0,train,1,0.0008669255903096
S19374,6,6,2025-10-09,50,17,0.0051632072139458,train,1,0.0008488726760378
S19630,6,11,2025-10-09,38,32,0.0,train,1,0.0008433683526393
S19737,6,21,2025-10-09,63,26,0.0,train,1,0.0007983334787047
S19755,6,22,2025-10-09,57,20,0.0,train,1,0.0008058383918054
S19863,6,13,2025-10-09,44,30,0.0,train,1,0.000793161010033
S19864,6,12,2025-10-09,46,24,0.0019654367857001,train,1,0.000832904347912
S19875,6,12,2025-10-09,25,28,0.0019667667857807,train,1,0.0007959781446436
S19877,6,13,2025-10-09,43,31,0.0,train,1,0.0008414927621291
S19878,6,12,2025-10-09,57,15,0.0078214752215035,train,1,0.0007799757660533
S19956,6,13,2025-10-09,33,15,0.0019236500582513,train,1,0.0008380622135789
S19960,6,20,2025-10-09,56,26,0.0038752436647173,train,1,0.0008277085123671
S19968,6,18,2025-10-09,42,14,0.0,train,1,0.0007983340762718
S19970,6,6,2025-10-09,47,21,0.0,train,1,0.0008537285988448
S19972,6,6,2025-10-09,28,18,0.0,train,1,0.0008346440841902
S20190,6,20,2025-10-09,17,20,0.0,train,1,0.0007753087213232
S20446,6,17,2025-10-09,25,14,0.0,train,1,0.0006724009021388
S20465,6,11,2025-10-09,58,19,0.0,train,1,0.0008612663709298
S20466,6,18,2025-10-09,17,25,0.0030974416503069,train,1,0.00087992213511
S20469,6,10,2025-10-09,25,29,0.0,train,1,0.0008341065426901
S20472,6,6,2025-10-09,28,19,0.0,train,1,0.0008364753033644
S20563,6,19,2025-10-09,38,19,0.0123440691963315,train,1,0.0008311868381486
S20566,6,20,2025-10-09,43,22,0.0062840597301773,train,1,0.0007766628933708
S20650,6,7,2025-10-09,50,14,0.0,train,1,0.0007343028455759
S20651,6,12,2025-10-09,25,27,0.0,train,1,0.0008023896092086
S20957,6,18,2025-10-09,45,30,0.0,train,1,0.0008453586181688
S20959,6,6,2025-10-09,59,16,0.0,train,1,0.0008593381579448
S21023,6,20,2025-10-09,13,20,0.0,train,1,0.0008106919312315
S21025,6,20,2025-10-09,50,16,0.0,train,1,0.0008439891094201
S21033,6,19,2025-10-09,31,18,0.0,train,1,0.0008194787867482
S21034,6,21,2025-10-09,40,15,0.0,train,1,0.0008151158399464
S21036,6,19,2025-10-09,39,30,0.0,train,1,0.0008526944260857
S21038,6,19,2025-10-09,50,14,0.0,train,1,0.0008387603889337
S21039,6,19,2025-10-09,30,23,0.0,train,1,0.0008571684185908
S21045,6,21,2025-10-09,32,22,0.0,train,1,0.0008105432540291
S21046,6,21,2025-10-09,59,20,0.0,train,1,0.0008572411879583
S21244,6,7,2025-10-09,46,28,0.0,train,1,0.0008320595813137
S21245,6,12,2025-10-09,29,17,0.0,train,1,0.0007561656927604
S21247,6,12,2025-10-09,63,25,0.0,train,1,0.000804498537927
S21248,6,12,2025-10-09,37,17,0.0,train,1,0.0008407190199883
S21281,6,17,2025-10-09,54,30,0.0,train,1,0.000807724276814
S21537,6,22,2025-10-09,18,24,0.0,train,1,0.0006609593329634
S21538,6,22,2025-10-09,49,28,0.0,train,1,0.0007365955354572
S21539,6,22,2025-10-09,43,22,0.0,train,1,0.0007814593526039
S21809,6,21,2025-10-09,54,30,0.0,train,1,0.0007839774000903
S21810,6,19,2025-10-09,45,11,0.0,train,1,0.0004827325046328
S21816,6,21,2025-10-09,15,17,0.0,train,1,0.0006228079379153
S21827,6,19,2025-10-09,30,18,0.0,train,1,0.0005936965824636
S21828,6,20,2025-10-09,54,16,0.0,train,1,0.000767177777782
S21872,6,6,2025-10-09,58,25,0.0,train,1,0.0008163806870548
S21878,6,18,2025-10-09,39,25,0.0,train,1,0.0008713638271265
S21880,6,10,2025-10-09,50,23,0.0,train,1,0.0008545366536549
S22212,6,20,2025-10-09,19,25,0.0,train,1,0.0008279223133285
S22244,6,17,2025-10-09,47,20,0.0,train,1,0.0007939213347148
S22259,6,21,2025-10-09,22,19,0.0,train,1,0.0008498448700511
S22262,6,21,2025-10-09,43,16,0.0,train,1,0.0008612077363656
S22275,6,12,2025-10-09,50,21,0.0,train,1,0.0008332796756044
S22277,6,12,2025-10-09,46,19,0.0,train,1,0.0007777810704742
S22278,6,13,2025-10-09,22,26,0.0,train,1,0.0008488190903255
S22470,6,20,2025-10-09,38,11,0.0,train,1,0.0005836145583183
S22656,6,20,2025-10-09,43,28,0.0078653676940704,train,1,0.0008212018993787
S22676,6,18,2025-10-09,32,31,0.00792663476874,train,1,0.0008504651544352
S22680,6,18,2025-10-09,29,13,0.0062754308045367,train,1,0.0008152388831034
S22692,6,17,2025-10-09,35,23,0.0015792366916738,train,1,0.0008028901534786
S22700,6,7,2025-10-09,33,23,0.0081247384390039,train,1,0.0008216391825848
S22701,6,12,2025-10-09,56,18,0.0,train,1,0.0007706246496149
S23242,6,18,2025-10-09,40,27,0.0064939307226947,train,1,0.0008566942806446
S23245,6,11,2025-10-09,62,18,0.0,train,1,0.0008748047419117
S23252,6,17,2025-10-09,36,22,0.0,train,1,0.000792547192175
S23254,6,7,2025-10-09,40,22,0.0,train,1,0.0007442518772349
S23322,6,22,2025-10-09,31,22,0.0,train,1,0.0007715965560967
S23325,6,19,2025-10-09,27,23,0.0,train,1,0.0008613841090074
S23606,6,22,2025-10-09,48,23,0.0,train,1,0.0008733614446547
S23611,6,20,2025-10-09,49,20,0.0,train,1,0.0008547338338132
S24120,6,7,2025-10-09,40,18,0.0,train,1,0.0007413277705428
S24123,6,6,2025-10-09,57,24,0.0,train,1,0.0008274283181174
S24125,6,6,2025-10-09,27,14,0.006704302489495,train,1,0.0007359804636321
S24126,6,10,2025-10-09,27,15,0.0,train,1,0.0008620277800518
S24127,6,18,2025-10-09,35,16,0.010068065796937,train,1,0.0008871262132134
S24134,6,17,2025-10-09,41,25,0.0,train,1,0.0008369282624284
S24138,6,7,2025-10-09,24,21,0.0,train,1,0.0006308798092096
S24176,6,7,2025-10-09,31,31,0.0,train,1,0.0007227480725622
S24178,6,11,2025-10-09,38,11,0.0,train,1,0.0006860851391123
S24321,6,12,2025-10-09,38,25,0.0,train,1,0.0008328950743893
S24346,6,10,2025-10-09,29,20,0.0,train,1,0.0008651685333615
S24349,6,11,2025-10-09,43,27,0.0,train,1,0.0008025210760283
S24353,6,18,2025-10-09,55,21,0.0,train,1,0.0008028403945554
S24357,6,17,2025-10-09,14,21,0.0,train,1,0.0007971285898435
S24363,6,12,2025-10-09,20,24,0.0139591057184586,train,1,0.0007981830991336
S24781,6,7,2025-10-09,51,26,0.0,train,1,0.0008317585717628
S24784,6,17,2025-10-09,63,22,0.0,train,1,0.0008318030579155
S24785,6,7,2025-10-09,44,22,0.0020605563087434,train,1,0.0008097801767326
S24787,6,17,2025-10-09,41,22,0.0,train,1,0.0008116439944818
S24795,6,18,2025-10-09,39,20,0.0,train,1,0.0008344872086581
S24796,6,11,2025-10-09,43,23,0.0021008492165142,train,1,0.0007809208874382
S24797,6,10,2025-10-09,45,12,0.0041474212136005,train,1,0.0005748473669264
S24868,6,6,2025-10-09,47,22,0.0,train,1,0.0008403329673065
S24870,6,10,2025-10-09,42,25,0.0,train,1,0.0008671702083872
S24879,6,12,2025-10-09,30,26,0.0,train,1,0.0008141729216248
S24880,6,12,2025-10-09,32,12,0.0020676027041081,train,1,0.0008114905974493
S24881,6,12,2025-10-09,58,19,0.0041879434416974,train,1,0.0008333194582963
S24882,6,7,2025-10-09,33,20,0.0020354921017172,train,1,0.0006440715199891
S24889,6,17,2025-10-09,36,32,0.002097789933985,train,1,0.0007760350086697
S25052,6,19,2025-10-09,36,11,0.0,train,1,0.0004123492184994
S25087,6,11,2025-10-09,52,31,0.0,train,1,0.0007877260777576
S25203,6,10,2025-10-09,27,30,0.0,train,1,0.0008220276904794
S25204,6,11,2025-10-09,34,20,0.0,train,1,0.0008264373118114
S25206,6,11,2025-10-09,36,13,0.0,train,1,0.0007977442692923
S25212,6,13,2025-10-09,41,14,0.0,train,1,0.0008398568840938
S25213,6,13,2025-10-09,43,18,0.0,train,1,0.0009012639438027
S25248,6,21,2025-10-09,21,27,0.0,train,1,0.0008763239876984
S25249,6,19,2025-10-09,29,19,0.0,train,1,0.0007155742843676
S25250,6,19,2025-10-09,25,15,0.0,train,1,0.0008227427601961
S25252,6,19,2025-10-09,47,18,0.0,train,1,0.0008389246775485
S25254,6,22,2025-10-09,61,17,0.0,train,1,0.0005375498058159
S25273,6,10,2025-10-09,49,12,0.0,train,1,0.0005773062359221
S25355,6,6,2025-10-09,39,21,0.0,train,1,0.0007102789442791
S25358,6,6,2025-10-09,56,27,0.0,train,1,0.0008295669914474
S25363,6,10,2025-10-09,33,20,0.0,train,1,0.0008722852906034
S25369,6,13,2025-10-09,52,22,0.0,train,1,0.0008249298368017
S25370,6,13,2025-10-09,40,21,0.0,train,1,0.0008423752012628
S25374,6,17,2025-10-09,43,20,0.0,train,1,0.0008104852694199
S25378,6,7,2025-10-09,48,22,0.0,train,1,0.0007928915086915
S25768,6,13,2025-10-09,55,26,0.0,train,1,0.0008476490584663
S25770,6,12,2025-10-09,52,18,0.0,train,1,0.0008291423183071
S26042,6,20,2025-10-09,25,14,0.0,train,1,0.0007450101757759
S26130,6,10,2025-10-09,18,24,0.0,train,1,0.0008745098195693
S26132,6,6,2025-10-09,55,21,0.0,train,1,0.0008266042555911
S26133,6,6,2025-10-09,32,24,0.0,train,1,0.0008515570119365
S26181,6,13,2025-10-09,52,28,0.0,train,1,0.000834662901476
S26186,6,21,2025-10-09,50,12,0.0,train,1,0.000671339453379
S26369,6,21,2025-10-09,61,25,0.0,train,1,0.0008595072800565
S26497,6,7,2025-10-09,31,18,0.0,train,1,0.0008315138371989
S26498,6,7,2025-10-09,44,18,0.0,train,1,0.0007957683236248
S26499,6,20,2025-10-09,30,27,0.0,train,1,0.0008078025999428
S26588,6,19,2025-10-09,62,16,0.0,train,1,0.000810121883129
S26646,6,17,2025-10-09,52,26,0.0110147454271445,train,1,0.0008367700293313
S26658,6,11,2025-10-09,46,22,0.0024295396828888,train,1,0.0008242835980053
S26659,6,18,2025-10-09,43,20,0.002427706135209,train,1,0.0008626776708044
S26662,6,11,2025-10-09,30,20,0.0,train,1,0.0008643372640584
S26663,6,18,2025-10-09,47,21,0.0076002018564678,train,1,0.0008456275889665
S27060,6,20,2025-10-09,33,31,0.0048461446579055,train,1,0.0008105605292481
S27064,6,7,2025-10-09,14,23,0.0024871327163042,train,1,0.0008047905108323
S27253,6,17,2025-10-09,58,28,0.0,train,1,0.0008232064468498
S27471,6,6,2025-10-09,41,32,0.0,train,1,0.0008278163781737
S27484,6,11,2025-10-09,41,18,0.0,train,1,0.0008698931381244
S27488,6,17,2025-10-09,35,19,0.0,train,1,0.0008479217419313
S27769,6,20,2025-10-09,34,27,0.0,train,1,0.0008295165482251
S27781,6,13,2025-10-09,27,30,0.0046768107350215,train,1,0.0008485792707097
S27786,6,12,2025-10-09,59,23,0.0,train,1,0.000822050928543
S27789,6,7,2025-10-09,34,19,0.0,train,1,0.0007913121774532
S27791,6,18,2025-10-09,21,27,0.0,train,1,0.0008818303526086
S27792,6,6,2025-10-09,24,26,0.0,train,1,0.0008474594239142
S27796,6,11,2025-10-09,51,15,0.0,train,1,0.0008969985120375
S27797,6,11,2025-10-09,27,19,0.0023171783574608,train,1,0.0008682805537745
S27808,6,17,2025-10-09,29,14,0.0,train,1,0.0008381191814798
S27813,6,17,2025-10-09,50,18,0.0,train,1,0.000824579963797
S27814,6,17,2025-10-09,27,25,0.0023260276408837,train,1,0.0007455924910776
S27935,6,21,2025-10-09,45,29,0.0023361301088157,train,1,0.0008768865666054
S27958,6,21,2025-10-09,50,13,0.0,train,1,0.0008355177508425
S28120,6,17,2025-10-09,46,27,0.0,train,1,0.0008582401249246
S28128,6,18,2025-10-09,29,25,0.0,train,1,0.0008773388850577
S28132,6,18,2025-10-09,50,28,0.0,train,1,0.0008617289607234
S28134,6,18,2025-10-09,48,15,0.0,train,1,0.0008540650167353
S28307,6,12,2025-10-09,47,22,0.0,train,1,0.0007252572376087
S28587,6,17,2025-10-09,25,24,0.0,train,1,0.0008813594700363
S28588,6,13,2025-10-09,48,24,0.0,train,1,0.0008622821074278
S28631,6,19,2025-10-09,24,15,0.0074427938181382,train,1,0.0008436017118955
S28637,6,20,2025-10-09,36,17,0.002541776942452,train,1,0.0008138464913347
S28644,6,22,2025-10-09,40,29,0.0036130476820518,train,1,0.0005950604747363
S28645,6,22,2025-10-09,41,28,0.0,train,1,0.0007976752177124
S28646,6,22,2025-10-09,30,25,0.0162779213842657,train,1,0.0007962802860694
S28664,6,21,2025-10-09,48,21,0.0049023234251162,train,1,0.0007790274857707
S28665,6,21,2025-10-09,49,18,0.0162809977749387,train,1,0.0007364752266396
S28676,6,10,2025-10-09,55,13,0.0037636973593535,train,1,0.0008762600459735
S28678,6,10,2025-10-09,19,28,0.0113302177134389,train,1,0.0008084735032511
S28778,6,12,2025-10-09,54,30,0.0,train,1,0.0008030254249784
S28850,6,21,2025-10-09,25,30,0.0,train,1,0.0008344795131672
S28909,6,19,2025-10-09,31,13,0.0,train,1,0.0007976273204003
S28921,6,21,2025-10-09,43,14,0.0032727512182273,train,1,0.0007840071758248
S29054,6,18,2025-10-09,37,13,0.0,train,1,0.000838169272047
S29056,6,13,2025-10-09,38,13,0.0,train,1,0.000899273599072
S29139,6,6,2025-10-09,53,23,0.0056884774566897,train,1,0.0008490067073179
S29161,6,7,2025-10-09,19,18,0.0035471875869846,train,1,0.000721024152807
S29162,6,20,2025-10-09,26,28,0.0,train,1,0.0008311653251952
S29163,6,13,2025-10-09,13,23,0.0126272950056703,train,1,0.0007350505419032
S29164,6,12,2025-10-09,39,14,0.0167597630798654,train,1,0.0005621048809985
S29365,6,21,2025-10-09,30,31,0.0,train,1,0.0008033832871475
S29400,6,13,2025-10-09,44,29,0.0,train,1,0.0008495666422409
S29404,6,10,2025-10-09,29,29,0.0,train,1,0.0008539063171178
S29653,6,19,2025-10-09,22,26,0.0,train,1,0.0008598716586143
S29671,6,21,2025-10-09,23,28,0.0,train,1,0.0008220239982486
S29778,6,17,2025-10-09,33,24,0.0,train,1,0.0008335386903146
S29790,6,11,2025-10-09,54,26,0.0,train,1,0.0008469516438605
S29791,6,18,2025-10-09,41,12,0.0,train,1,0.000839187658345
S29794,6,6,2025-10-09,50,29,0.0,train,1,0.0008360213975485
S30086,6,12,2025-10-09,17,23,0.0,train,1,0.0008091861211602
S30087,6,12,2025-10-09,52,30,0.0,train,1,0.0008148306990968
S30319,6,7,2025-10-09,23,24,0.0,train,1,0.0008189360515204
S30321,6,13,2025-10-09,20,22,0.0,train,1,0.0007402812688561
S30382,6,10,2025-10-09,46,25,0.0024801884344371,train,1,0.0008561178706851
S30386,6,11,2025-10-09,58,22,0.0,train,1,0.0008539535739528
S30387,6,10,2025-10-09,44,31,0.0049301887260372,train,1,0.0008356974916276
S30442,6,6,2025-10-09,44,31,0.0081708927700477,train,1,0.0008402356673362
S30445,6,6,2025-10-09,16,20,0.0008892658278581,train,1,0.0006659587187529
S30446,6,6,2025-10-09,20,26,0.0158047924857358,train,1,0.0008122303400481
S30450,6,10,2025-10-09,37,29,0.0,train,1,0.0008489470523917
S30451,6,18,2025-10-09,51,29,0.0136227132018001,train,1,0.0008486229884897
S30452,6,11,2025-10-09,46,16,0.0185697899035641,train,1,0.0008317677893253
S30454,6,18,2025-10-09,59,25,0.0091277909093079,train,1,0.0008646708269259
S30455,6,11,2025-10-09,50,30,0.0085857669750287,train,1,0.0008181869723261
S30456,6,11,2025-10-09,43,14,0.0333031795490334,train,1,0.0006087652283114
S30459,6,11,2025-10-09,26,22,0.0317944343746668,train,1,0.000861138519123
S30460,6,11,2025-10-09,39,27,0.0027245417068678,train,1,0.0008264266710206
S30472,6,17,2025-10-09,49,22,0.0112549406942491,train,1,0.0007311589088179
S30473,6,17,2025-10-09,45,16,0.0088391855144068,train,1,0.0008355616773419
S30479,6,17,2025-10-09,39,19,0.0008198681942279,train,1,0.0007668218203223
S30480,6,7,2025-10-09,24,17,0.0146992559034501,train,1,0.0008295599464811
S30482,6,13,2025-10-09,24,22,0.0165917289098093,train,1,0.0007863683804207
S30485,6,7,2025-10-09,39,26,0.0142602044260812,train,1,0.000803835263838
S30564,6,19,2025-10-09,42,22,0.0130328180518952,train,1,0.0007483053893627
S30565,6,19,2025-10-09,13,23,0.0264612855619279,train,1,0.0008162412092466
S30568,6,19,2025-10-09,51,22,0.0095948135004835,train,1,0.000830287108465
S30576,6,19,2025-10-09,38,17,0.0,train,1,0.0008647281072297
S30578,6,21,2025-10-09,47,30,0.0190344359701051,train,1,0.0008391325047907
S30579,6,21,2025-10-09,13,23,0.0079975540679711,train,1,0.0008095794181056
S30580,6,22,2025-10-09,28,17,0.0,train,1,0.0008250203391998
S30589,6,22,2025-10-09,35,15,0.0078319929821981,train,1,0.0006738520476373
S30598,6,22,2025-10-09,49,30,0.0,train,1,0.0007601978258379
S30599,6,22,2025-10-09,30,27,0.0154885710147956,train,1,0.0008198227081229
S30603,6,20,2025-10-09,41,16,0.0025039927852763,train,1,0.0008065385278712
S30637,6,21,2025-10-09,34,25,0.0161062813303246,train,1,0.0008583351321027
S30638,6,21,2025-10-09,47,15,0.0152626939223804,train,1,0.0008185165557218
S30644,6,21,2025-10-09,63,23,0.0026956663231545,train,1,0.0008422463484325
S30650,6,21,2025-10-09,42,17,0.0,train,1,0.000850423253554
S30658,6,12,2025-10-09,59,15,0.0026415936729313,train,1,0.0008393791920211
S30890,6,11,2025-10-09,25,17,0.0,train,1,0.0009058296828292
S31137,6,7,2025-10-09,15,22,0.0,train,1,0.0008061268535923
S31144,6,18,2025-10-09,26,23,0.0,train,1,0.0008736761665077
S31145,6,18,2025-10-09,46,31,0.0,train,1,0.0008583556217517
S31146,6,6,2025-10-09,39,14,0.0,train,1,0.000474054508829
S31292,6,22,2025-10-09,35,16,0.0,train,1,0.0007116454546967
S31374,6,20,2025-10-09,25,15,0.0,train,1,0.0006911787711724
S31412,6,22,2025-10-09,37,17,0.0031564874709041,train,1,0.000692086400806
S31417,6,22,2025-10-09,36,29,0.0112356647579923,train,1,0.0002729081016252
S31426,6,21,2025-10-09,38,14,0.0,train,1,0.0008356350209761
S31427,6,21,2025-10-09,24,18,0.0,train,1,0.0008068170700615
S31428,6,21,2025-10-09,21,22,0.0031761551906491,train,1,0.000847519019983
S31597,6,22,2025-10-09,16,17,0.0015694076038903,train,1,0.0006237899836402
S31731,6,12,2025-10-09,58,21,0.0,train,1,0.0007147122923446
S31732,6,12,2025-10-09,28,24,0.0,train,1,0.0008512667214248
S31736,6,7,2025-10-09,35,25,0.0,train,1,0.0007818254839277
S31898,6,20,2025-10-09,30,15,0.0021854030903446,train,1,0.0007443655572838
S31905,6,19,2025-10-09,46,17,0.0043504901960784,train,1,0.0005830105123362
S31907,6,19,2025-10-09,20,16,0.0,train,1,0.0007306506723575
S31909,6,19,2025-10-09,55,15,0.0,train,1,0.0008405463486486
S31910,6,19,2025-10-09,30,17,0.0,train,1,0.0007538400701154
S31911,6,19,2025-10-09,13,21,0.0,train,1,0.0008130197166105
S31917,6,21,2025-10-09,13,22,0.0,train,1,0.0008342986013202
S32060,6,18,2025-10-09,38,31,0.0,train,1,0.0008442396585882
S32066,6,11,2025-10-09,20,21,0.002232042610906,train,1,0.0008608079620974
S32086,6,18,2025-10-09,49,12,0.0022059769992498,train,1,0.0008547609373248
S32096,6,11,2025-10-09,42,32,0.0043888116210786,train,1,0.000821465932891
S32206,6,22,2025-10-09,29,12,0.0,train,1,0.000467644536893
S32246,6,21,2025-10-09,35,24,0.0,train,1,0.0008479977813591
S32319,6,13,2025-10-09,56,28,0.0,train,1,0.0008321241021048
S32320,6,17,2025-10-09,52,13,0.0027036142481014,train,1,0.000811494409078
S32322,6,13,2025-10-09,49,17,0.0,train,1,0.0008864508673088
S32324,6,7,2025-10-09,49,29,0.0,train,1,0.0007832163089783
S32330,6,7,2025-10-09,21,28,0.0,train,1,0.0007226628524541
S32333,6,12,2025-10-09,55,16,0.0,train,1,0.0007754124941883
S32336,6,10,2025-10-09,47,27,0.0081360704580427,train,1,0.0008362483692422
S32339,6,18,2025-10-09,32,30,0.0,train,1,0.0008415785884632
S32342,6,10,2025-10-09,34,13,0.0,train,1,0.0008479321313958
S32344,6,13,2025-10-09,31,16,0.0,train,1,0.0008996441185689
S32435,6,7,2025-10-09,41,11,0.0,train,1,0.0008017047685747
S32437,6,12,2025-10-09,19,28,0.0082158266245681,train,1,0.00082427016939
S32632,6,10,2025-10-09,41,32,0.0,train,1,0.0008387318223023
S32705,6,21,2025-10-09,28,27,0.0,train,1,0.0008890004130672
S32713,6,22,2025-10-09,38,25,0.0,train,1,0.0008026425651408
S32934,6,7,2025-10-09,35,22,0.0,train,1,0.0008091703139207
S32936,6,17,2025-10-09,52,23,0.0,train,1,0.0006944310998024
S32943,6,6,2025-10-09,55,22,0.0,train,1,0.0006884662466714
S32944,6,10,2025-10-09,61,20,0.0,train,1,0.0008656614969181
S32945,6,11,2025-10-09,48,25,0.0,train,1,0.0008507958770908
S33135,6,13,2025-10-09,28,31,0.0054908026293984,train,1,0.0008040782549298
S33138,6,13,2025-10-09,55,13,0.0017909522676987,train,1,0.0008606915567985
S33258,6,21,2025-10-09,35,17,0.0017712108738805,train,1,0.0008222990372169
S33260,6,19,2025-10-09,37,29,0.0,train,1,0.0008327272867604
S33261,6,19,2025-10-09,46,20,0.0054213844710604,train,1,0.0007905606624973
S33265,6,19,2025-10-09,43,30,0.0053794282869172,train,1,0.0008588465020489
S33436,6,10,2025-10-09,54,25,0.005373902512867,train,1,0.0008456829562452
S33445,6,12,2025-10-09,37,23,0.0018280258056922,train,1,0.0007954807990463
S33450,6,17,2025-10-09,38,27,0.0,train,1,0.0008382630637185
S33451,6,17,2025-10-09,59,21,0.0018217740487003,train,1,0.0008566893008884
S33452,6,12,2025-10-09,45,17,0.0018265545007846,train,1,0.0007266835021976
S33491,6,17,2025-10-09,29,27,0.0052961924958173,train,1,0.0008136021500002
S33492,6,13,2025-10-09,32,22,0.0072697486305227,train,1,0.0008967989959107
S33497,6,13,2025-10-09,40,29,0.0052932593484072,train,1,0.0007168465705543
S33503,6,18,2025-10-09,37,19,0.0035511541250906,train,1,0.0008732946170899
S33504,6,10,2025-10-09,63,23,0.0018063596945543,train,1,0.0008486569536165
S33505,6,18,2025-10-09,55,16,0.0017927740743947,train,1,0.0008682080561579
S33511,6,6,2025-10-09,34,28,0.0017923861456124,train,1,0.0008326374989472
S33559,6,19,2025-10-09,53,29,0.0,train,1,0.0008527444503866
S33699,6,12,2025-10-09,47,23,0.0,train,1,0.000844617458616
S33732,6,12,2025-10-09,25,16,0.0,train,1,0.0008159889232142
S33978,6,12,2025-10-09,29,13,0.0113604265956109,train,1,0.0007841047220556
S34006,6,13,2025-10-09,61,21,0.0144405381061684,train,1,0.0008538277298475
S34010,6,11,2025-10-09,34,30,0.0,train,1,0.0008176504865001
S34542,6,17,2025-10-09,21,24,0.0,train,1,0.0008381253974311
S34660,6,22,2025-10-09,29,21,0.0,train,1,0.0008752048365154
S34661,6,22,2025-10-09,32,17,0.0,train,1,0.0007519787524099
S34662,6,22,2025-10-09,45,28,0.0,train,1,0.0004523344180455
S34785,6,22,2025-10-09,45,30,0.0,train,1,0.0004891249992744
S34786,6,22,2025-10-09,28,20,0.0,train,1,0.0008825975583411
S34802,6,13,2025-10-09,16,17,0.0,train,1,0.0008325310748242
S35008,6,19,2025-10-09,30,31,0.0,train,1,0.0008439723862371
S35130,6,6,2025-10-09,36,23,0.0182783242093148,train,1,0.0007846686782658
S35131,6,6,2025-10-09,51,21,0.0134055850310594,train,1,0.0008286557545075
S35139,6,18,2025-10-09,33,28,0.0156162610209327,train,1,0.0008639856371706
S35140,6,18,2025-10-09,51,16,0.0008690801564694,train,1,0.0008494456642502
S35141,6,11,2025-10-09,48,13,0.0291184093966337,train,1,0.0008314929973127
S35142,6,11,2025-10-09,51,14,0.0227747337274232,train,1,0.0008061033425643
S35143,6,10,2025-10-09,47,24,0.0383111637343594,train,1,0.0008727600226781
S35144,6,11,2025-10-09,18,20,0.0211655719388956,train,1,0.0008600138473818
S35145,6,10,2025-10-09,38,13,0.0083645011657999,train,1,0.000717879240157
S35158,6,17,2025-10-09,37,14,0.0187884310297853,train,1,0.0008147787384101
S35160,6,13,2025-10-09,23,15,0.0168880866931111,train,1,0.0008737116498462
S35165,6,17,2025-10-09,22,21,0.0161936559235037,train,1,0.0008362762931784
S35166,6,17,2025-10-09,29,20,0.0077028341579532,train,1,0.0008599015497538
S35167,6,13,2025-10-09,40,24,0.0184851909708474,train,1,0.0008585238170983
S35170,6,7,2025-10-09,41,21,0.0032452098873775,train,1,0.0007951054657923
S35172,6,17,2025-10-09,45,22,0.0023777060160267,train,1,0.0008204161449701
S35276,6,7,2025-10-09,60,15,0.0299989522403833,train,1,0.0007316387332814
S35278,6,19,2025-10-09,36,32,0.0174045725148831,train,1,0.0007474369741907
S35282,6,18,2025-10-09,59,28,0.0142661802543748,train,1,0.0008151298281796
S35542,6,6,2025-10-09,36,15,0.0,train,1,0.0007854185173552
S35659,6,18,2025-10-09,53,18,0.001997933726488,train,1,0.0008708203539928
S35661,6,11,2025-10-09,55,20,0.0,train,1,0.0008849953427563
S35662,6,10,2025-10-09,55,24,0.0,train,1,0.0008448889661884
S35663,6,11,2025-10-09,33,17,0.0,train,1,0.0008433616666938
S35668,6,10,2025-10-09,23,15,0.0039513122013658,train,1,0.0006347241612655
S35678,6,7,2025-10-09,45,20,0.0,train,1,0.0008297849505284
S35679,6,7,2025-10-09,44,23,0.0120049759055061,train,1,0.0007146389218761
S35830,6,7,2025-10-09,59,28,0.0,train,1,0.0008116020425503
S35833,6,6,2025-10-09,31,32,0.0059808180603858,train,1,0.0008272381371167
S36006,6,22,2025-10-09,26,13,0.0,train,1,0.0006497048839561
S36113,6,13,2025-10-09,42,13,0.0,train,1,0.0008311983648912
S36303,6,12,2025-10-09,44,30,0.0,train,1,0.0008281358746453
S36308,6,11,2025-10-09,36,26,0.0,train,1,0.0008409010992388
S36314,6,13,2025-10-09,45,12,0.0,train,1,0.0007362556371939
S36316,6,17,2025-10-09,30,18,0.0,train,1,0.0008379264235433
S36450,6,22,2025-10-09,44,23,0.0036694944662251,train,1,0.0007653643406341
S36786,6,10,2025-10-09,43,21,0.0,train,1,0.0008545531536799
S36789,6,18,2025-10-09,46,23,0.0,train,1,0.0008584739662062
S36798,6,17,2025-10-09,42,29,0.0,train,1,0.0008424912542282
S36930,6,12,2025-10-09,56,28,0.0,train,1,0.0008075422951104
S36932,6,12,2025-10-09,18,22,0.0,train,1,0.0007577153445976
S36977,6,17,2025-10-09,24,13,0.0,train,1,0.0008354408956217
S36979,6,10,2025-10-09,59,28,0.0,train,1,0.0008057330443306
S37204,6,22,2025-10-09,48,12,0.0,train,1,0.0005593267838867
S37206,6,19,2025-10-09,44,11,0.0,train,1,0.0003727301792681
S37216,6,12,2025-10-09,40,15,0.0,train,1,0.0005785355106656
S37262,6,10,2025-10-09,32,11,0.0,train,1,0.0004637388511214
S37542,6,19,2025-10-09,22,18,0.0,train,1,0.0008227940882105
S37544,6,22,2025-10-09,35,22,0.0,train,1,0.0008318146730623
S37549,6,19,2025-10-09,48,18,0.0,train,1,0.0008228685740429
S37553,6,19,2025-10-09,33,14,0.0,train,1,0.0004389789400533
S37556,6,21,2025-10-09,38,19,0.0,train,1,0.0008443674301569
S37559,6,21,2025-10-09,38,23,0.0056180092804539,train,1,0.0008040604049399
S37642,6,18,2025-10-09,58,27,0.0,train,1,0.0008389861860101
S37643,6,18,2025-10-09,58,28,0.0,train,1,0.0008290061088903
S37644,6,6,2025-10-09,20,15,0.0,train,1,0.0007089797050346
S37646,6,18,2025-10-09,44,24,0.0,train,1,0.0008462757826673
S37652,6,13,2025-10-09,15,21,0.0,train,1,0.000768898381791
S37657,6,7,2025-10-09,47,25,0.0,train,1,0.0007949528291029
S37920,6,12,2025-10-09,34,26,0.0,train,1,0.0008061434331016
S37922,6,12,2025-10-09,57,20,0.0,train,1,0.0008452952176964
S37924,6,12,2025-10-09,35,14,0.012217606135844,train,1,0.0007944335842289
S37925,6,7,2025-10-09,49,30,0.0028291039083757,train,1,0.0006684784623779
S38157,6,21,2025-10-09,47,23,0.0027173393038253,train,1,0.0007919305576089
S38159,6,21,2025-10-09,36,27,0.0069370584080776,train,1,0.0008234648473291
S38160,6,20,2025-10-09,25,18,0.0081109751121991,train,1,0.0006620442350388
S38165,6,20,2025-10-09,33,18,0.0054502785454226,train,1,0.0008049301826464
S38168,6,22,2025-10-09,45,20,0.0041921824653744,train,1,0.0008443869124068
S38170,6,20,2025-10-09,19,16,0.0067685351636977,train,1,0.0006029437745928
S38273,6,11,2025-10-09,54,29,0.0069327039498278,train,1,0.0007857595323844
S38275,6,10,2025-10-09,62,18,0.0108163104302856,train,1,0.0008409693919101
S38276,6,18,2025-10-09,63,19,0.0153233830845771,train,1,0.0008375771704775
S38279,6,18,2025-10-09,25,26,0.0083257948872583,train,1,0.0008769225770852
S38280,6,11,2025-10-09,32,31,0.001420008114332,train,1,0.0008425481127739
S38282,6,6,2025-10-09,15,23,0.0013658048630347,train,1,0.000840275587348
S38284,6,6,2025-10-09,33,29,0.0,train,1,0.0008391544766488
S38707,6,12,2025-10-09,43,14,0.0,train,1,0.0006174365274773
S38710,6,6,2025-10-09,28,29,0.0,train,1,0.0008186757365242
S38772,6,13,2025-10-09,57,17,0.0,train,1,0.0008693857070861
S38781,6,11,2025-10-09,50,16,0.0,train,1,0.0008740495738417
S38782,6,10,2025-10-09,22,25,0.0,train,1,0.0008518039287787
S38835,6,19,2025-10-09,21,19,0.0,train,1,0.0008653561435746
S38839,6,20,2025-10-09,45,12,0.0,train,1,0.0007240535612609
S39303,6,21,2025-10-09,19,25,0.0,train,1,0.0008000295412143
S39456,6,22,2025-10-09,27,26,0.0,train,1,0.0006004926421929
S39457,6,20,2025-10-09,55,23,0.0,train,1,0.0008010136594266
S39788,6,22,2025-10-09,45,17,0.0,train,1,0.0008045294678075
S39888,6,7,2025-10-09,42,32,0.0,train,1,0.0008162850506003
S39971,6,19,2025-10-09,55,25,0.0039127696425759,train,1,0.0008553422257014
S40273,6,21,2025-10-09,23,14,0.0083127605055228,train,1,0.0004941999810081
S40277,6,19,2025-10-09,58,23,0.0016608353634288,train,1,0.0008410109874254
S40325,6,21,2025-10-09,31,21,0.0038758783114584,train,1,0.0007974376130994
S40333,6,19,2025-10-09,21,24,0.0019561538158775,train,1,0.0008375404526894
S40372,6,6,2025-10-09,45,32,0.0019483090480726,train,1,0.0008193087021545
S40377,6,6,2025-10-09,49,12,0.0057607158587755,train,1,0.0005888319192292
S40664,6,13,2025-10-09,38,32,0.0,train,1,0.0008375539229103
S40787,6,7,2025-10-09,51,15,0.0,train,1,0.0008207488076055
S40788,6,7,2025-10-09,61,20,0.0,train,1,0.0007467812905214
S40790,6,12,2025-10-09,54,21,0.0,train,1,0.000781673420705
S40793,6,6,2025-10-09,17,25,0.0,train,1,0.0008554072620459
S40794,6,18,2025-10-09,31,21,0.0042161877857803,train,1,0.0008523401686708
S40795,6,18,2025-10-09,31,20,0.0,train,1,0.0008590894532099
S40804,6,13,2025-10-09,51,15,0.0,train,1,0.0008881945515967
S40805,6,13,2025-10-09,45,17,0.0042353201842406,train,1,0.000843826097885
S40806,6,17,2025-10-09,20,20,0.0,train,1,0.0008738626069828
S40960,6,20,2025-10-09,21,20,0.0021190957387841,train,1,0.0007937059988747
S40964,6,21,2025-10-09,50,28,0.0064190323663885,train,1,0.0008162456235163
S41173,6,22,2025-10-09,52,23,0.0,train,1,0.0007974896923225
S41174,6,19,2025-10-09,38,22,0.0,train,1,0.0007956117245576
S41175,6,19,2025-10-09,48,15,0.0,train,1,0.0005077903180409
S41270,6,13,2025-10-09,31,18,0.0,train,1,0.0008580084826053
S41273,6,17,2025-10-09,17,18,0.0,train,1,0.0008702923738086
S41753,6,20,2025-10-09,47,23,0.0,train,1,0.0007083319577885
S41757,6,22,2025-10-09,48,15,0.0,train,1,0.0005177009708237
S41758,6,22,2025-10-09,23,16,0.0112395632626846,train,1,0.0004714793096275
S41759,6,22,2025-10-09,38,27,0.0045239395594392,train,1,0.0008577163734642
S41767,6,19,2025-10-09,31,17,0.0045994243778746,train,1,0.0008106660060347
S41772,6,21,2025-10-09,50,25,0.0,train,1,0.0008545270793205
S41777,6,21,2025-10-09,26,17,0.0,train,1,0.0008603732460992
S42237,6,22,2025-10-09,45,13,0.0135005188328163,train,1,0.0003693306693651
S42657,6,12,2025-10-09,41,12,0.0024602255289237,train,1,0.000611675660658
S42708,6,20,2025-10-09,42,32,0.0,train,1,0.0008342229495668
S42714,6,10,2025-10-09,57,14,0.0,train,1,0.0008936574312266
S42715,6,11,2025-10-09,34,11,0.0025206802286363,train,1,0.0006979318927844
S42899,6,13,2025-10-09,26,26,0.0,train,1,0.0008637480586886
S42900,6,13,2025-10-09,60,27,0.0,train,1,0.0008391818705867
S42903,6,11,2025-10-09,47,20,0.0,train,1,0.000829305654445
S43064,6,13,2025-10-09,38,19,0.0120650834784825,train,1,0.0008578883512423
S43069,6,20,2025-10-09,32,26,0.0068903914788099,train,1,0.0008398325290215
S43070,6,13,2025-10-09,63,19,0.0158292116306954,train,1,0.0008403287409176
S43073,6,12,2025-10-09,16,20,0.0090688465959892,train,1,0.0007138333071171
S43079,6,10,2025-10-09,42,14,0.0086261759022482,train,1,0.0005689032456361
S43081,6,18,2025-10-09,17,26,0.0149129173394545,train,1,0.0008248980099376
S43082,6,11,2025-10-09,31,19,0.0077056055567183,train,1,0.0008673951825181
S43083,6,18,2025-10-09,55,26,0.0107696550637275,train,1,0.000804158293549
S43090,6,6,2025-10-09,16,19,0.0080491043954264,train,1,0.0004876918697781
S43094,6,18,2025-10-09,17,22,0.0028734136964125,train,1,0.0008430542794144
S43095,6,18,2025-10-09,25,17,0.0142923460563559,train,1,0.0008423661319566
S43099,6,10,2025-10-09,34,24,0.0075062064017972,train,1,0.0008198858988976
S43102,6,6,2025-10-09,55,16,0.0108408338736895,train,1,0.0007240192837541
S43231,6,12,2025-10-09,60,18,0.0137212677678388,train,1,0.0008099902509692
S43247,6,19,2025-10-09,37,20,0.013096918704237,train,1,0.0007340320707635
S43249,6,21,2025-10-09,51,25,0.0119009847645843,train,1,0.0008475698254765
S43250,6,19,2025-10-09,43,24,0.01061650286531,train,1,0.0007106590194919
S43253,6,19,2025-10-09,15,25,0.0146554062820679,train,1,0.0008271087322344
S43254,6,22,2025-10-09,28,14,0.0109839329592326,train,1,0.0005611604105058
S43256,6,22,2025-10-09,32,20,0.0097092309976479,train,1,0.0006663950962095
S43258,6,20,2025-10-09,23,24,0.0145582152858331,train,1,0.0008133912961667
S43260,6,22,2025-10-09,36,20,0.0131019155036967,train,1,0.0007623906289267
S43263,6,22,2025-10-09,49,26,0.000940400909748,train,1,0.0005668966134294
S43264,6,22,2025-10-09,20,28,0.0077877867290316,train,1,0.000799604002275
S43278,6,22,2025-10-09,61,19,0.0,train,1,0.0008304925084368
S43599,6,6,2025-10-09,28,31,0.0037845473201673,train,1,0.0008232493559903
S43623,6,21,2025-10-09,32,18,0.0104970699599855,train,1,0.0008571259440039
S43626,6,19,2025-10-09,47,30,0.0165580954172741,train,1,0.0008359694688468
S00022,6,19,2025-10-09,40,14,0.0,train,2,0.0005072839342488
S00087,6,13,2025-10-09,33,29,0.0071833265884257,train,2,0.0008313436951896
S00099,6,7,2025-10-09,32,16,0.002429023161249,train,2,0.0007271179970347
S00101,6,12,2025-10-09,37,19,0.0047811447811447,train,2,0.0008139353365433
S00106,6,18,2025-10-09,39,23,0.0,train,2,0.0008330404627875
S00108,6,10,2025-10-09,53,18,0.0,train,2,0.0008747520102293
S00111,6,10,2025-10-09,56,15,0.0,train,2,0.000866748502623
S00113,6,11,2025-10-09,50,20,0.0,train,2,0.0008510531663854
S00121,6,17,2025-10-09,51,27,0.0,train,2,0.0008249367406192
S00124,6,17,2025-10-09,32,19,0.0,train,2,0.0008118627342382
S00356,6,22,2025-10-09,36,28,0.0,train,2,0.0007989118338975
S00363,6,19,2025-10-09,30,30,0.0,train,2,0.0008452880374142
S00605,6,22,2025-10-09,51,21,0.0,train,2,0.0007379561146328
S00883,6,18,2025-10-09,28,12,0.0,train,2,0.0008779374524428
S00886,6,7,2025-10-09,37,11,0.0,train,2,0.0003025775031525
S00937,6,22,2025-10-09,54,19,0.0,train,2,0.0007935191998836
S00942,6,21,2025-10-09,48,19,0.0,train,2,0.0008247131842164
S01153,6,20,2025-10-09,49,25,0.0,train,2,0.0008425908657601
S01162,6,17,2025-10-09,37,18,0.0,train,2,0.0008463965562314
S01165,6,10,2025-10-09,56,16,0.0,train,2,0.0008740897261538
S01460,6,20,2025-10-09,34,19,0.0,train,2,0.0008564501698563
S01468,6,21,2025-10-09,40,12,0.0,train,2,0.0007465111451811
S01469,6,21,2025-10-09,31,22,0.0,train,2,0.0008721703360508
S01478,6,11,2025-10-09,46,32,0.0014308746473196,train,2,0.0008353038911003
S01535,6,20,2025-10-09,52,23,0.0,train,2,0.000831006541345
S01543,6,21,2025-10-09,39,31,0.0073840978920406,train,2,0.0008407410076319
S01557,6,21,2025-10-09,39,13,0.020208885171244,train,2,0.0008422276511636
S01947,6,20,2025-10-09,46,31,0.0,train,2,0.0008483149890936
S01948,6,12,2025-10-09,34,23,0.0,train,2,0.0006710807118147
S01950,6,12,2025-10-09,20,28,0.0,train,2,0.0008291043487145
S02028,6,10,2025-10-09,57,22,0.0,train,2,0.0008318999207807
S02032,6,18,2025-10-09,38,26,0.0,train,2,0.0008725992505252
S02033,6,10,2025-10-09,42,17,0.0098931066743635,train,2,0.0008709041763251
S02034,6,10,2025-10-09,15,25,0.0,train,2,0.0008321460793675
S02035,6,10,2025-10-09,52,16,0.0,train,2,0.0006083921075853
S02042,6,13,2025-10-09,26,18,0.0,train,2,0.0008746888775649
S02044,6,20,2025-10-09,49,30,0.0,train,2,0.0008237637830644
S02363,6,19,2025-10-09,50,26,0.0,train,2,0.0008765940947139
S02413,6,11,2025-10-09,13,21,0.0,train,2,0.0008718346238484
S02480,6,21,2025-10-09,38,29,0.0,train,2,0.0008162984446127
S02481,6,22,2025-10-09,14,21,0.0,train,2,0.0005410972943645
S02485,6,22,2025-10-09,37,19,0.0,train,2,0.0008041587893424
S02512,6,6,2025-10-09,60,15,0.0,train,2,0.0008118632386706
S02650,6,7,2025-10-09,46,19,0.0,train,2,0.0008378500694829
S02788,6,13,2025-10-09,53,27,0.0,train,2,0.0008463172836292
S02789,6,12,2025-10-09,30,23,0.0,train,2,0.0008497332960533
S02819,6,12,2025-10-09,42,17,0.0,train,2,0.0008215688208833
S02820,6,11,2025-10-09,37,20,0.0,train,2,0.0007699364397132
S02822,6,11,2025-10-09,57,26,0.0,train,2,0.0008396897871461
S02964,6,19,2025-10-09,37,31,0.0,train,2,0.0008487841817091
S02972,6,12,2025-10-09,54,13,0.0,train,2,0.0007349925679369
S03126,6,22,2025-10-09,51,12,0.0,train,2,0.0005278398516464
S03155,6,6,2025-10-09,19,28,0.0060017630933835,train,2,0.0008533208725078
S03184,6,10,2025-10-09,14,21,0.0,train,2,0.0008257725822154
S03652,6,18,2025-10-09,36,29,0.0,train,2,0.0008075283595163
S03727,6,7,2025-10-09,40,29,0.0,train,2,0.0006425670557217
S03730,6,7,2025-10-09,59,25,0.0,train,2,0.000752639498429
S03731,6,12,2025-10-09,41,16,0.0,train,2,0.0008048269038062
S03732,6,12,2025-10-09,45,16,0.0,train,2,0.0006221858639953
S03824,6,19,2025-10-09,63,17,0.0,train,2,0.0007530370518551
S03996,6,12,2025-10-09,25,25,0.0,train,2,0.0007125372046284
S04014,6,10,2025-10-09,19,15,0.0,train,2,0.0005628950895355
S04070,6,11,2025-10-09,38,12,0.0,train,2,0.0005212912772057
S04072,6,6,2025-10-09,43,13,0.0,train,2,0.0006609732067346
S04320,6,12,2025-10-09,33,16,0.0,train,2,0.000613790075794
S04324,6,18,2025-10-09,50,20,0.0,train,2,0.0008472612254419
S04331,6,12,2025-10-09,34,27,0.0,train,2,0.0008037271286522
S04333,6,13,2025-10-09,46,18,0.0,train,2,0.0008136031425163
S04413,6,7,2025-10-09,20,20,0.0,train,2,0.0008154811100138
S04424,6,11,2025-10-09,33,25,0.0,train,2,0.0008622330962295
S04425,6,10,2025-10-09,56,21,0.0,train,2,0.0008834997663351
S04428,6,6,2025-10-09,49,15,0.0,train,2,0.0008351819891428
S04430,6,6,2025-10-09,38,16,0.0,train,2,0.0005894138416028
S04462,6,11,2025-10-09,22,29,0.0,train,2,0.0008368479943662
S04547,6,19,2025-10-09,27,21,0.0,train,2,0.0008321793804554
S04548,6,19,2025-10-09,15,19,0.0,train,2,0.0007124096007455
S04695,6,6,2025-10-09,17,22,0.0,train,2,0.0008108906311511
S04697,6,11,2025-10-09,50,17,0.0,train,2,0.0008197206651769
S04699,6,17,2025-10-09,37,25,0.0,train,2,0.0008328927027431
S04703,6,20,2025-10-09,45,25,0.0,train,2,0.0008421496642478
S04775,6,17,2025-10-09,43,26,0.0,train,2,0.0008248618641591
S04776,6,17,2025-10-09,43,27,0.0,train,2,0.0008493234265944
S04777,6,17,2025-10-09,38,17,0.0,train,2,0.0008583168123397
S04789,6,11,2025-10-09,26,29,0.0,train,2,0.0008828883040026
S04794,6,10,2025-10-09,54,28,0.0,train,2,0.0008366084414101
S04795,6,10,2025-10-09,53,19,0.0,train,2,0.0008554303120887
S04916,6,20,2025-10-09,28,14,0.0,train,2,0.000682074651774
S04917,6,22,2025-10-09,44,12,0.0,train,2,0.0005985413256664
S04919,6,20,2025-10-09,21,21,0.0,train,2,0.0007928317454405
S04923,6,21,2025-10-09,54,18,0.0,train,2,0.0008219785044314
S04926,6,19,2025-10-09,26,21,0.0,train,2,0.0008643842611479
S05169,6,10,2025-10-09,57,26,0.0,train,2,0.000856142491391
S05353,6,20,2025-10-09,33,21,0.0052198206146154,train,2,0.0008238729846353
S05358,6,19,2025-10-09,36,15,0.0,train,2,0.000737884602403
S05359,6,19,2025-10-09,25,27,0.0052266274056157,train,2,0.0008542128555157
S05360,6,19,2025-10-09,33,27,0.0017323350621828,train,2,0.0008412709674209
S05362,6,19,2025-10-09,41,19,0.0,train,2,0.0008094047744248
S05872,6,7,2025-10-09,59,22,0.0,train,2,0.0008353270217091
S06227,6,19,2025-10-09,28,20,0.0134988320929979,train,2,0.0008307084985323
S06236,6,21,2025-10-09,23,23,0.0109013768511032,train,2,0.0008501490498655
S06428,6,13,2025-10-09,31,24,0.006075497530683,train,2,0.0008752678084008
S06430,6,13,2025-10-09,30,17,0.003109884677717,train,2,0.000849277392902
S06431,6,17,2025-10-09,60,17,0.0091889843121666,train,2,0.000819520403141
S06441,6,18,2025-10-09,32,12,0.0046086795252225,train,2,0.0008474780338507
S06447,6,11,2025-10-09,30,13,0.0046353292296213,train,2,0.0007972068436164
S06450,6,6,2025-10-09,18,16,0.0015473899858648,train,2,0.0005896746940252
S06453,6,10,2025-10-09,30,26,0.001502986315869,train,2,0.0008318784697923
S06455,6,10,2025-10-09,39,26,0.0061626212839827,train,2,0.0008421701067927
S06526,6,7,2025-10-09,44,13,0.0,train,2,0.0007143503438176
S06670,6,6,2025-10-09,35,13,0.0,train,2,0.0007067974238206
S06674,6,10,2025-10-09,56,23,0.0,train,2,0.0008311221454988
S06682,6,17,2025-10-09,43,31,0.0046147989266181,train,2,0.0008255371455417
S06689,6,13,2025-10-09,35,23,0.0,train,2,0.0008503580036737
S06691,6,7,2025-10-09,30,24,0.0,train,2,0.0008461224945052
S07061,6,17,2025-10-09,32,30,0.0,train,2,0.0008198346785447
S07258,6,12,2025-10-09,40,13,0.0,train,2,0.0004953735870649
S07260,6,7,2025-10-09,35,17,0.0100161225312374,train,2,0.0008400379884319
S07266,6,13,2025-10-09,43,22,0.0146465092977337,train,2,0.0008311135646997
S07271,6,13,2025-10-09,40,31,0.0,train,2,0.0008129892073589
S07490,6,20,2025-10-09,47,26,0.0085983183972872,train,2,0.0008494576728905
S07492,6,17,2025-10-09,34,17,0.0044579588468507,train,2,0.0008215218119049
S07495,6,17,2025-10-09,49,13,0.0042713740589226,train,2,0.0008341471195598
S07497,6,13,2025-10-09,47,22,0.0028702275969207,train,2,0.0007838454714088
S07500,6,17,2025-10-09,35,29,0.0057978622570249,train,2,0.0008036331939939
S07505,6,11,2025-10-09,38,17,0.0,train,2,0.0008525232485334
S07510,6,10,2025-10-09,38,24,0.0073764044110007,train,2,0.0008456708513184
S07513,6,6,2025-10-09,21,17,0.004414599266306,train,2,0.000790755015545
S07514,6,6,2025-10-09,33,19,0.0043825228164543,train,2,0.0008209813057548
S07516,6,6,2025-10-09,36,24,0.0043005728328401,train,2,0.0008405127210104
S07517,6,10,2025-10-09,58,28,0.0014857997010463,train,2,0.0008271410890408
S07621,6,12,2025-10-09,62,27,0.0082649953748453,train,2,0.0008472054412709
S07712,6,13,2025-10-09,30,15,0.0133747763021569,train,2,0.0008086422867487
S07717,6,12,2025-10-09,26,17,0.0123878364905284,train,2,0.0006511401168781
S07719,6,7,2025-10-09,52,16,0.029637237038264,train,2,0.0007633496683795
S08102,6,13,2025-10-09,45,27,0.0,train,2,0.0008811085764406
S08105,6,11,2025-10-09,28,23,0.0,train,2,0.0008525891822473
S08106,6,10,2025-10-09,46,17,0.0,train,2,0.0008859766998942
S08168,6,13,2025-10-09,56,19,0.0137156419030798,train,2,0.0008265253063478
S08173,6,17,2025-10-09,27,29,0.0011828179626496,train,2,0.0008100952164646
S08174,6,17,2025-10-09,48,16,0.0124854123703099,train,2,0.0008347033978666
S08175,6,17,2025-10-09,30,15,0.0044779918414052,train,2,0.0008005082642989
S08187,6,18,2025-10-09,52,13,0.0046753918698039,train,2,0.0007828649437915
S08188,6,11,2025-10-09,23,26,0.0155598262193066,train,2,0.0008339233677426
S08189,6,10,2025-10-09,58,17,0.0134087858573731,train,2,0.0008424207721725
S08192,6,11,2025-10-09,16,23,0.0194444444444444,train,2,0.0008590180684176
S08195,6,18,2025-10-09,20,21,0.0148710264713938,train,2,0.0008718626750489
S08200,6,6,2025-10-09,50,14,0.0011289117245546,train,2,0.0007605963171463
S08203,6,6,2025-10-09,60,21,0.0113537197710066,train,2,0.0008260282607527
S08300,6,21,2025-10-09,56,22,0.001175933352735,train,2,0.00084873902622
S08309,6,20,2025-10-09,22,19,0.013135164616024,train,2,0.0006821217712255
S08311,6,22,2025-10-09,38,13,0.0081008331354112,train,2,0.0003747072539287
S08314,6,22,2025-10-09,40,30,0.0081781852374236,train,2,0.0007318142272864
S08330,6,19,2025-10-09,42,27,0.0103487048502179,train,2,0.0008305263790014
S08346,6,12,2025-10-09,35,11,0.007812307022094,train,2,0.0006317196718861
S08644,6,21,2025-10-09,31,29,0.0022326592678944,train,2,0.0008407746380711
S08654,6,22,2025-10-09,33,24,0.0093863463599578,train,2,0.0008263782122554
S08662,6,19,2025-10-09,28,25,0.0127917152176252,train,2,0.0008132671000818
S08887,6,21,2025-10-09,15,19,0.0,train,2,0.0007821448522583
S09143,6,7,2025-10-09,24,20,0.0,train,2,0.0007743991370795
S09381,6,19,2025-10-09,36,12,0.0,train,2,0.0007955787099317
S09760,6,19,2025-10-09,58,26,0.0080787392615349,train,2,0.0008452313680824
S09763,6,21,2025-10-09,45,17,0.0115706968803352,train,2,0.0008504216623854
S10034,6,17,2025-10-09,53,18,0.0166006341180158,train,2,0.0008157642070051
S10035,6,13,2025-10-09,49,20,0.0013012446916023,train,2,0.0008516181599467
S10042,6,18,2025-10-09,26,20,0.0052966722617429,train,2,0.0008705240182452
S10043,6,18,2025-10-09,59,17,0.0053501264868938,train,2,0.0008657547353231
S10046,6,18,2025-10-09,43,31,0.0051797136566746,train,2,0.0008401780990112
S10056,6,6,2025-10-09,44,21,0.0025552436478802,train,2,0.0008295150564445
S10085,6,11,2025-10-09,55,21,0.0120724834823163,train,2,0.000870114498075
S10217,6,6,2025-10-09,51,13,0.0,train,2,0.000662595189836
S10218,6,6,2025-10-09,56,17,0.0,train,2,0.0008482441189568
S10219,6,18,2025-10-09,37,14,0.0,train,2,0.0008210214369625
S10259,6,20,2025-10-09,17,21,0.0,train,2,0.0007698612628224
S10260,6,22,2025-10-09,52,26,0.0,train,2,0.0005887909387086
S10265,6,21,2025-10-09,58,15,0.0,train,2,0.0007905501373546
S10437,6,10,2025-10-09,26,23,0.0,train,2,0.0008109256149872
S10495,6,12,2025-10-09,56,23,0.0,train,2,0.0007844098218361
S10699,6,12,2025-10-09,30,29,0.0,train,2,0.0007581799166993
S10702,6,12,2025-10-09,34,17,0.0,train,2,0.0008476732754139
S10828,6,20,2025-10-09,44,13,0.0222721141479459,train,2,0.0005981226899734
S10908,6,7,2025-10-09,30,25,0.0137630520125755,train,2,0.0008351534622165
S10910,6,7,2025-10-09,58,21,0.0174620323767863,train,2,0.0008031655816301
S10913,6,13,2025-10-09,14,20,0.0123672218852548,train,2,0.0007997421273545
S10923,6,13,2025-10-09,58,21,0.0131384738750567,train,2,0.000804451383138
S10925,6,13,2025-10-09,30,13,0.0087975501389552,train,2,0.000859937050346
S10939,6,11,2025-10-09,49,18,0.0182477999835512,train,2,0.0008321270435671
S10940,6,11,2025-10-09,42,31,0.0241928614021637,train,2,0.0008355988444084
S10942,6,10,2025-10-09,48,20,0.0239268713930662,train,2,0.0008585128782541
S10943,6,11,2025-10-09,20,25,0.0110461627364256,train,2,0.0008605768984305
S10951,6,10,2025-10-09,56,29,0.0,train,2,0.0008170775943408
S10955,6,6,2025-10-09,25,28,0.0133076284574396,train,2,0.0008500351825334
S11268,6,22,2025-10-09,49,18,0.0170098959555659,train,2,0.0007192969287803
S11270,6,20,2025-10-09,29,17,0.0022216957304998,train,2,0.0008164991422219
S11274,6,22,2025-10-09,43,16,0.0159250465415092,train,2,0.000812302466981
S11275,6,20,2025-10-09,26,19,0.0015722449728495,train,2,0.0007715008757546
S11285,6,19,2025-10-09,50,24,0.0219432061775309,train,2,0.0008204677908249
S11299,6,21,2025-10-09,57,23,0.0021523350886917,train,2,0.0007860054860317
S11513,6,18,2025-10-09,45,32,0.0234549439140142,train,2,0.0008574069949834
S11613,6,6,2025-10-09,35,11,0.0,train,2,0.0004854531383914
S11799,6,22,2025-10-09,32,18,0.0,train,2,0.0007108457620256
S11802,6,22,2025-10-09,23,25,0.0,train,2,0.0007915313944064
S11923,6,12,2025-10-09,33,19,0.0,train,2,0.0007000705626654
S11925,6,12,2025-10-09,23,21,0.0,train,2,0.0008240517649378
S11932,6,6,2025-10-09,15,18,0.0,train,2,0.0007296610832199
S11944,6,20,2025-10-09,47,29,0.0,train,2,0.0008133921433986
S12141,6,20,2025-10-09,38,31,0.0,train,2,0.0008608462071037
S12153,6,7,2025-10-09,62,19,0.0,train,2,0.0007904844435845
S12156,6,13,2025-10-09,32,13,0.0,train,2,0.0008614928813165
S12159,6,6,2025-10-09,23,20,0.0,train,2,0.0008100884959467
S12160,6,12,2025-10-09,58,26,0.0,train,2,0.0006692925123174
S12162,6,10,2025-10-09,35,27,0.0107038825803464,train,2,0.0008345369469455
S12167,6,18,2025-10-09,22,20,0.0026111443852515,train,2,0.0008770706874207
S12176,6,17,2025-10-09,20,16,0.0,train,2,0.0008216850898851
S12186,6,7,2025-10-09,62,23,0.0,train,2,0.0007828114052935
S12187,6,13,2025-10-09,42,26,0.0,train,2,0.0007622586854481
S12399,6,12,2025-10-09,44,27,0.0040048993537365,train,2,0.0007100404442958
S12414,6,11,2025-10-09,37,22,0.0,train,2,0.0008441171076042
S12415,6,18,2025-10-09,27,24,0.0,train,2,0.0008414638044343
S12533,6,20,2025-10-09,59,16,0.0,train,2,0.0007668779946456
S12721,6,12,2025-10-09,47,28,0.0,train,2,0.0007753838210999
S12723,6,12,2025-10-09,29,22,0.0,train,2,0.0007807332972508
S12724,6,6,2025-10-09,36,12,0.0,train,2,0.0006306223621387
S12725,6,11,2025-10-09,45,28,0.0,train,2,0.0008311003181186
S12727,6,10,2025-10-09,28,22,0.0,train,2,0.0008649329707271
S12887,6,17,2025-10-09,62,27,0.0,train,2,0.0008094365704762
S13224,6,7,2025-10-09,48,16,0.0,train,2,0.0008209173417312
S13280,6,11,2025-10-09,20,18,0.0,train,2,0.0008917924738405
S13282,6,11,2025-10-09,53,28,0.0,train,2,0.0008133167496742
S13353,6,19,2025-10-09,58,20,0.0,train,2,0.0008278972844983
S13372,6,10,2025-10-09,52,12,0.0,train,2,0.0004043360471993
S13447,6,21,2025-10-09,45,11,0.0,train,2,0.000612957726381
S13462,6,7,2025-10-09,13,24,0.0111782103617736,train,2,0.0008078297760307
S13494,6,21,2025-10-09,32,23,0.0103729676705695,train,2,0.0008459407734273
S13496,6,20,2025-10-09,62,17,0.0064405602380285,train,2,0.0007948574384314
S13516,6,21,2025-10-09,44,24,0.0064117449751012,train,2,0.0008342886572182
S13529,6,12,2025-10-09,23,30,0.0053014605683869,train,2,0.0008037331076777
S13530,6,12,2025-10-09,24,13,0.0,train,2,0.000785993523261
S13646,6,19,2025-10-09,55,13,0.0018795428588716,train,2,0.0006201452006114
S13968,6,6,2025-10-09,52,24,0.0063899817429093,train,2,0.0008418203516743
S13980,6,7,2025-10-09,33,14,0.005232143468111,train,2,0.0008440210211676
S13982,6,12,2025-10-09,40,31,0.0051628853984874,train,2,0.0008362701906542
S13983,6,7,2025-10-09,28,14,0.0169527992716147,train,2,0.000817137918724
S13984,6,12,2025-10-09,46,14,0.0039148654609616,train,2,0.0006170354271702
S14016,6,6,2025-10-09,52,26,0.0018746298831845,train,2,0.0008462431429064
S14018,6,6,2025-10-09,19,20,0.0055242477797414,train,2,0.0008026633426254
S14019,6,6,2025-10-09,39,13,0.0,train,2,0.0006588089356841
S14020,6,10,2025-10-09,56,20,0.0018810580857111,train,2,0.0008597455255904
S14025,6,6,2025-10-09,31,21,0.0,train,2,0.0008502882224464
S14027,6,10,2025-10-09,62,24,0.0,train,2,0.000852606775246
S14029,6,20,2025-10-09,29,28,0.0018348691594305,train,2,0.0008263799125521
S14032,6,17,2025-10-09,30,13,0.001879628158872,train,2,0.0008646143286285
S14038,6,20,2025-10-09,30,29,0.0037826462540766,train,2,0.0007831493286728
S14040,6,13,2025-10-09,37,20,0.0,train,2,0.0008462292417411
S14316,6,6,2025-10-09,58,19,0.0,train,2,0.0008264156822192
S14317,6,10,2025-10-09,25,28,0.0,train,2,0.0008520800629735
S14318,6,18,2025-10-09,37,22,0.0,train,2,0.000858422414596
S14322,6,13,2025-10-09,21,17,0.0,train,2,0.0008251564190157
S14493,6,19,2025-10-09,44,28,0.0,train,2,0.0008509965399
S14632,6,7,2025-10-09,36,32,0.0,train,2,0.0006337592241937
S14781,6,22,2025-10-09,50,13,0.0,train,2,0.000703302691896
S14960,6,12,2025-10-09,32,28,0.0,train,2,0.0007057515584854
S14963,6,17,2025-10-09,29,26,0.0,train,2,0.0008213877795937
S15116,6,22,2025-10-09,18,22,0.0,train,2,0.0004906029504596
S15119,6,22,2025-10-09,45,29,0.0,train,2,0.0006124617306923
S15125,6,19,2025-10-09,38,24,0.0,train,2,0.0008671202350552
S15127,6,19,2025-10-09,52,25,0.0,train,2,0.0007866807897613
S15132,6,19,2025-10-09,56,21,0.0040896766522252,train,2,0.000845734135115
S15133,6,19,2025-10-09,16,24,0.0041871495789682,train,2,0.0008435168516953
S15138,6,21,2025-10-09,39,23,0.0,train,2,0.0008444125534428
S15294,6,17,2025-10-09,48,32,0.0,train,2,0.0008001370918074
S15400,6,12,2025-10-09,35,18,0.0,train,2,0.0008471568501577
S15405,6,12,2025-10-09,44,13,0.0,train,2,0.000618559240432
S15406,6,22,2025-10-09,31,14,0.0,train,2,0.0005604225714514
S15409,6,21,2025-10-09,52,17,0.0,train,2,0.0008574086816294
S15632,6,17,2025-10-09,52,14,0.0066297826645189,train,2,0.0008134944313786
S15634,6,17,2025-10-09,46,25,0.0,train,2,0.0007434856808349
S15648,6,10,2025-10-09,28,18,0.0016550943270559,train,2,0.0008755578895453
S15650,6,11,2025-10-09,25,20,0.0117083644636498,train,2,0.0008611695971192
S15652,6,18,2025-10-09,29,16,0.0099093800157513,train,2,0.0008290808981647
S15653,6,18,2025-10-09,51,23,0.0067169423721483,train,2,0.0008285343107576
S15654,6,18,2025-10-09,50,26,0.0082782835803493,train,2,0.0008637565690681
S15927,6,21,2025-10-09,13,21,0.0037857148297951,train,2,0.0008433717225068
S15928,6,19,2025-10-09,21,27,0.0,train,2,0.0008378272955543
S15929,6,19,2025-10-09,54,16,0.0,train,2,0.0008328051833981
S16139,6,21,2025-10-09,29,30,0.0,train,2,0.0008406738747809
S16146,6,21,2025-10-09,49,14,0.0,train,2,0.0007544685731904
S16203,6,7,2025-10-09,51,22,0.0,train,2,0.0007976034905528
S16205,6,12,2025-10-09,29,15,0.0,train,2,0.0007176320595138
S16207,6,6,2025-10-09,40,12,0.0,train,2,0.0005776755464012
S16208,6,18,2025-10-09,35,30,0.0,train,2,0.0008732208145311
S16209,6,11,2025-10-09,28,24,0.0,train,2,0.0008582446917262
S16516,6,18,2025-10-09,62,21,0.0,train,2,0.0008149014061362
S16816,6,21,2025-10-09,27,29,0.0,train,2,0.000843946239436
S16818,6,19,2025-10-09,47,16,0.0,train,2,0.0006874263974876
S17217,6,20,2025-10-09,16,22,0.0026129564787651,train,2,0.0006441106070502
S17218,6,20,2025-10-09,20,22,0.0,train,2,0.000819322839555
S17224,6,22,2025-10-09,42,31,0.0,train,2,0.0007529021022824
S17230,6,21,2025-10-09,25,16,0.0,train,2,0.0008453796878433
S17399,6,22,2025-10-09,29,19,0.0456163741673067,train,2,0.0007971338738937
S17404,6,20,2025-10-09,53,14,0.0169727038255624,train,2,0.0007658487196506
S17406,6,22,2025-10-09,52,20,0.0011135869936624,train,2,0.00070354630987
S17409,6,22,2025-10-09,20,23,0.0262464312815538,train,2,0.0008066670802517
S17414,6,20,2025-10-09,55,22,0.0060611480814494,train,2,0.0008206470215316
S17416,6,19,2025-10-09,48,25,0.0079100954781947,train,2,0.0008298175008828
S17417,6,21,2025-10-09,30,15,0.0191594717287126,train,2,0.0008248396330748
S17418,6,21,2025-10-09,40,16,0.0125445836561219,train,2,0.0007887884671325
S17722,6,22,2025-10-09,41,32,0.0091023307094689,train,2,0.0006712216752098
S17723,6,19,2025-10-09,23,30,0.0070265474839799,train,2,0.0008515500978648
S17967,6,7,2025-10-09,34,29,0.0,train,2,0.0007804181466571
S17973,6,11,2025-10-09,36,24,0.0039641709139926,train,2,0.0008498875582097
S17979,6,10,2025-10-09,52,27,0.0,train,2,0.0008584332897624
S17980,6,11,2025-10-09,26,21,0.0,train,2,0.0008778794898761
S17982,6,10,2025-10-09,18,23,0.0,train,2,0.000857806573953
S17983,6,10,2025-10-09,27,25,0.0,train,2,0.0008689937036082
S18021,6,20,2025-10-09,25,17,0.0,train,2,0.0008263988749567
S18065,6,19,2025-10-09,38,11,0.0,train,2,0.0004394116731468
S18689,6,19,2025-10-09,46,26,0.01113381184082,train,2,0.0008537106617403
S18695,6,21,2025-10-09,36,30,0.0088936011255684,train,2,0.0007426558816002
S18707,6,20,2025-10-09,32,20,0.0021662003016117,train,2,0.0007670612457121
S18712,6,22,2025-10-09,22,21,0.0,train,2,0.0005884913611396
S18714,6,20,2025-10-09,39,15,0.0044428949438604,train,2,0.0007613940647514
S18715,6,22,2025-10-09,45,24,0.0125703446095478,train,2,0.0008329423592595
S18735,6,13,2025-10-09,38,11,0.0,train,2,0.0006765929632026
S18825,6,6,2025-10-09,36,26,0.0098720147252587,train,2,0.0008203781584075
S18826,6,10,2025-10-09,37,28,0.0074840380677026,train,2,0.0008479609861153
S18830,6,6,2025-10-09,51,15,0.0042678894985873,train,2,0.0007152060152526
S18838,6,10,2025-10-09,36,18,0.0020573448660552,train,2,0.0008683955370922
S18840,6,10,2025-10-09,62,17,0.0104193527422604,train,2,0.0008440191382538
S18843,6,11,2025-10-09,24,19,0.0086528082454124,train,2,0.0008610284888378
S18844,6,10,2025-10-09,36,15,0.0075143959324201,train,2,0.0008428458441815
S18845,6,20,2025-10-09,54,27,0.0010551546534018,train,2,0.0008299100652215
S18851,6,13,2025-10-09,36,14,0.0113892274199764,train,2,0.0008544762990614
S18853,6,17,2025-10-09,16,24,0.011593778761775,train,2,0.0007694452584898
S19143,6,20,2025-10-09,50,28,0.0087278423439085,train,2,0.000849275438103
S19162,6,12,2025-10-09,47,30,0.0,train,2,0.0007686989686385
S19163,6,12,2025-10-09,45,26,0.0,train,2,0.0008183485165257
S19165,6,12,2025-10-09,18,27,0.0017396113351254,train,2,0.0008513762175604
S19167,6,6,2025-10-09,46,14,0.0,train,2,0.0007868628812009
S19169,6,18,2025-10-09,21,28,0.0,train,2,0.0008673033187392
S19170,6,18,2025-10-09,58,16,0.0029307528555675,train,2,0.0008505154862881
S19180,6,13,2025-10-09,35,24,0.0,train,2,0.0008523064576454
S19181,6,17,2025-10-09,26,27,0.0,train,2,0.0008855924508494
S19343,6,12,2025-10-09,52,25,0.0,train,2,0.0008140598576976
S19344,6,7,2025-10-09,41,27,0.0052445523136178,train,2,0.0007700592753359
S19350,6,17,2025-10-09,39,31,0.0,train,2,0.0007893584487911
S19359,6,11,2025-10-09,37,25,0.0034214158603621,train,2,0.0008393819757008
S19368,6,18,2025-10-09,23,23,0.0,train,2,0.0008969251772342
S19374,6,6,2025-10-09,51,17,0.0051632072139458,train,2,0.000791127415389
S19630,6,11,2025-10-09,37,32,0.0,train,2,0.0008520764088415
S19737,6,21,2025-10-09,61,28,0.0,train,2,0.0007661986378558
S19755,6,22,2025-10-09,56,20,0.0,train,2,0.0007714318663165
S19863,6,13,2025-10-09,43,30,0.0,train,2,0.0006793868673704
S19864,6,12,2025-10-09,45,24,0.0019654367857001,train,2,0.0008211533689728
S19875,6,12,2025-10-09,24,28,0.0019667667857807,train,2,0.0007759129876164
S19877,6,13,2025-10-09,44,31,0.0,train,2,0.0008151754651628
S19878,6,12,2025-10-09,58,15,0.0078214752215035,train,2,0.0007541079342798
S19956,6,13,2025-10-09,34,15,0.0019236500582513,train,2,0.0008249415215814
S19960,6,20,2025-10-09,55,26,0.0038752436647173,train,2,0.0008313998014222
S19968,6,18,2025-10-09,41,14,0.0,train,2,0.0007968048170452
S19970,6,6,2025-10-09,48,21,0.0,train,2,0.0008453736194094
S19972,6,6,2025-10-09,27,18,0.0,train,2,0.0008635939958126
S20190,6,20,2025-10-09,16,20,0.0,train,2,0.0007614603683332
S20446,6,17,2025-10-09,24,14,0.0,train,2,0.0007454255568875
S20465,6,11,2025-10-09,59,19,0.0,train,2,0.0008697625870055
S20466,6,18,2025-10-09,18,25,0.0030974416503069,train,2,0.0008510178371775
S20469,6,10,2025-10-09,26,29,0.0,train,2,0.000835537190268
S20472,6,6,2025-10-09,29,19,0.0,train,2,0.0008305704733261
S20563,6,19,2025-10-09,40,19,0.0123440691963315,train,2,0.0008326105847967
S20566,6,20,2025-10-09,42,22,0.0062840597301773,train,2,0.0007862641954896
S20650,6,7,2025-10-09,49,14,0.0,train,2,0.0007431997529065
S20651,6,12,2025-10-09,26,27,0.0,train,2,0.0008272802876781
S20957,6,18,2025-10-09,43,30,0.0,train,2,0.0008528126378807
S20959,6,6,2025-10-09,58,16,0.0,train,2,0.0008132850145441
S21023,6,20,2025-10-09,13,21,0.0,train,2,0.0007853679896866
S21025,6,20,2025-10-09,49,16,0.0,train,2,0.0008078231171146
S21033,6,19,2025-10-09,29,18,0.0,train,2,0.0007204932460866
S21034,6,21,2025-10-09,42,15,0.0,train,2,0.0007199824755098
S21036,6,19,2025-10-09,38,30,0.0,train,2,0.0008208767624876
S21038,6,19,2025-10-09,48,14,0.0,train,2,0.0007649512112185
S21039,6,19,2025-10-09,31,23,0.0,train,2,0.0008581036765328
S21045,6,21,2025-10-09,30,22,0.0,train,2,0.0008497278915413
S21046,6,21,2025-10-09,57,20,0.0,train,2,0.0008573498266116
S21244,6,7,2025-10-09,45,28,0.0,train,2,0.0008251521147554
S21245,6,12,2025-10-09,30,17,0.0,train,2,0.000723862489209
S21247,6,12,2025-10-09,62,26,0.0,train,2,0.0007582981334761
S21248,6,12,2025-10-09,38,17,0.0,train,2,0.0008335145513977
S21281,6,17,2025-10-09,53,30,0.0,train,2,0.0008108987110949
S21537,6,22,2025-10-09,17,24,0.0,train,2,0.0005674832795193
S21538,6,22,2025-10-09,48,28,0.0,train,2,0.0006744311281195
S21539,6,22,2025-10-09,42,22,0.0,train,2,0.0007630983382187
S21809,6,21,2025-10-09,52,31,0.0,train,2,0.0007768420653688
S21810,6,19,2025-10-09,47,11,0.0,train,2,0.0004851743258137
S21816,6,21,2025-10-09,17,27,0.0,train,2,0.000852469304526
S21827,6,19,2025-10-09,28,18,0.0,train,2,0.0007355967731148
S21828,6,20,2025-10-09,53,16,0.0,train,2,0.0007870134065561
S21872,6,6,2025-10-09,59,25,0.0,train,2,0.0008319545238782
S21878,6,18,2025-10-09,40,25,0.0,train,2,0.0008837171870115
S21880,6,10,2025-10-09,51,23,0.0,train,2,0.0008544546921556
S22212,6,20,2025-10-09,20,25,0.0,train,2,0.0008088292383516
S22244,6,17,2025-10-09,46,20,0.0,train,2,0.0007985317956415
S22259,6,21,2025-10-09,24,19,0.0,train,2,0.0007490800532385
S22262,6,21,2025-10-09,41,16,0.0,train,2,0.0008286875011732
S22275,6,12,2025-10-09,51,21,0.0,train,2,0.0008491602555564
S22277,6,12,2025-10-09,47,19,0.0,train,2,0.0007907150633735
S22278,6,13,2025-10-09,21,26,0.0,train,2,0.0008649739168976
S22470,6,20,2025-10-09,39,11,0.0,train,2,0.0005146810721896
S22656,6,20,2025-10-09,42,28,0.0078653676940704,train,2,0.000819714735467
S22676,6,18,2025-10-09,35,31,0.00792663476874,train,2,0.0008393669943715
S22680,6,18,2025-10-09,30,13,0.0062754308045367,train,2,0.0008098664957034
S22692,6,17,2025-10-09,36,23,0.0015792366916738,train,2,0.0008051080436512
S22700,6,7,2025-10-09,34,23,0.0081247384390039,train,2,0.0008356223307582
S22701,6,12,2025-10-09,55,18,0.0,train,2,0.0007247405769834
S23242,6,18,2025-10-09,41,27,0.0064939307226947,train,2,0.0008417998154205
S23245,6,11,2025-10-09,61,18,0.0,train,2,0.0008244081888905
S23252,6,17,2025-10-09,35,22,0.0,train,2,0.0008379546346276
S23254,6,7,2025-10-09,38,22,0.0,train,2,0.0007834031562788
S23322,6,22,2025-10-09,30,22,0.0,train,2,0.000840231006648
S23325,6,19,2025-10-09,29,23,0.0,train,2,0.0008316098189914
S23606,6,22,2025-10-09,49,23,0.0,train,2,0.0005044030693204
S23611,6,20,2025-10-09,48,20,0.0,train,2,0.0008517712490552
S24120,6,7,2025-10-09,39,18,0.0,train,2,0.0007626215444378
S24123,6,6,2025-10-09,56,24,0.0,train,2,0.0008599120031049
S24125,6,6,2025-10-09,26,14,0.006704302489495,train,2,0.0007671850010582
S24126,6,10,2025-10-09,28,15,0.0,train,2,0.0008537376242385
S24127,6,18,2025-10-09,33,16,0.010068065796937,train,2,0.0008909174359587
S24134,6,17,2025-10-09,42,25,0.0,train,2,0.0008174074817167
S24138,6,7,2025-10-09,25,21,0.0,train,2,0.0007871206528606
S24176,6,7,2025-10-09,34,32,0.0,train,2,0.0008246299431541
S24178,6,11,2025-10-09,39,11,0.0,train,2,0.0007608032609292
S24321,6,12,2025-10-09,39,25,0.0,train,2,0.0008332952533403
S24346,6,10,2025-10-09,28,20,0.0,train,2,0.000852245309761
S24349,6,11,2025-10-09,44,27,0.0,train,2,0.000813843571033
S24353,6,18,2025-10-09,56,21,0.0,train,2,0.0008423701687766
S24357,6,17,2025-10-09,15,21,0.0,train,2,0.0008177097632588
S24363,6,12,2025-10-09,19,24,0.0139591057184586,train,2,0.0008313076215044
S24781,6,7,2025-10-09,50,26,0.0,train,2,0.0008375879820971
S24784,6,17,2025-10-09,62,22,0.0,train,2,0.0008277171450052
S24785,6,7,2025-10-09,43,22,0.0020605563087434,train,2,0.00075749479947
S24787,6,17,2025-10-09,40,22,0.0,train,2,0.0007582254974741
S24795,6,18,2025-10-09,38,20,0.0,train,2,0.0008536134751603
S24796,6,11,2025-10-09,44,23,0.0021008492165142,train,2,0.0008128303946812
S24797,6,10,2025-10-09,44,12,0.0041474212136005,train,2,0.0006267326687814
S24868,6,6,2025-10-09,46,22,0.0,train,2,0.0008529823892334
S24870,6,10,2025-10-09,43,25,0.0,train,2,0.0008660302325866
S24879,6,12,2025-10-09,29,26,0.0,train,2,0.0008142677154595
S24880,6,12,2025-10-09,32,13,0.0020676027041081,train,2,0.0007893781389421
S24881,6,12,2025-10-09,59,19,0.0041879434416974,train,2,0.0008424549731959
S24882,6,7,2025-10-09,32,20,0.0020354921017172,train,2,0.000814558842729
S24889,6,17,2025-10-09,37,32,0.002097789933985,train,2,0.0007643356631443
S25052,6,19,2025-10-09,39,11,0.0,train,2,0.0003724766549279
S25087,6,11,2025-10-09,51,31,0.0,train,2,0.0007886620427681
S25203,6,10,2025-10-09,32,31,0.0,train,2,0.0008256595790363
S25204,6,11,2025-10-09,33,20,0.0,train,2,0.0008328182606064
S25206,6,11,2025-10-09,37,13,0.0,train,2,0.0007694083806304
S25212,6,13,2025-10-09,40,14,0.0,train,2,0.0008139831125104
S25213,6,13,2025-10-09,42,18,0.0,train,2,0.0008853369961465
S25248,6,21,2025-10-09,22,27,0.0,train,2,0.0008700371131704
S25249,6,19,2025-10-09,32,19,0.0,train,2,0.0007247417045049
S25250,6,19,2025-10-09,27,15,0.0,train,2,0.0008280308388966
S25252,6,19,2025-10-09,45,18,0.0,train,2,0.0008238422902506
S25254,6,22,2025-10-09,62,17,0.0,train,2,0.000525396237373
S25273,6,10,2025-10-09,48,12,0.0,train,2,0.0006563814230874
S25355,6,6,2025-10-09,40,21,0.0,train,2,0.0007164650477741
S25358,6,6,2025-10-09,58,27,0.0,train,2,0.0008474293594618
S25363,6,10,2025-10-09,32,20,0.0,train,2,0.0008555907221226
S25369,6,13,2025-10-09,51,22,0.0,train,2,0.0008302005170673
S25370,6,13,2025-10-09,41,21,0.0,train,2,0.0008137807837896
S25374,6,17,2025-10-09,42,20,0.0,train,2,0.0008297108290898
S25378,6,7,2025-10-09,47,22,0.0,train,2,0.0007801385595956
S25768,6,13,2025-10-09,54,26,0.0,train,2,0.0008465030117994
S25770,6,12,2025-10-09,51,18,0.0,train,2,0.0008127951703389
S26042,6,20,2025-10-09,24,14,0.0,train,2,0.0007230127051696
S26130,6,10,2025-10-09,17,24,0.0,train,2,0.0008709890966664
S26132,6,6,2025-10-09,56,21,0.0,train,2,0.0008268389815074
S26133,6,6,2025-10-09,31,24,0.0,train,2,0.0008610290753809
S26181,6,13,2025-10-09,51,28,0.0,train,2,0.0008499050559252
S26186,6,21,2025-10-09,53,13,0.0,train,2,0.0007457392539953
S26369,6,21,2025-10-09,62,25,0.0,train,2,0.000807341281059
S26497,6,7,2025-10-09,30,18,0.0,train,2,0.000827996570111
S26498,6,7,2025-10-09,43,18,0.0,train,2,0.0008262092216221
S26499,6,20,2025-10-09,31,27,0.0,train,2,0.0008585102007171
S26588,6,19,2025-10-09,63,26,0.0,train,2,0.000820165886344
S26646,6,17,2025-10-09,51,26,0.0110147454271445,train,2,0.0008565608783303
S26658,6,11,2025-10-09,45,22,0.0024295396828888,train,2,0.0008530207607444
S26659,6,18,2025-10-09,42,20,0.002427706135209,train,2,0.0008689950519218
S26662,6,11,2025-10-09,29,20,0.0,train,2,0.0008617908309413
S26663,6,18,2025-10-09,48,21,0.0076002018564678,train,2,0.0008443330832966
S27060,6,20,2025-10-09,34,31,0.0048461446579055,train,2,0.0008036481053872
S27064,6,7,2025-10-09,17,23,0.0024871327163042,train,2,0.0007079289363429
S27253,6,17,2025-10-09,57,28,0.0,train,2,0.0008226580169627
S27471,6,6,2025-10-09,40,32,0.0,train,2,0.0008300867013154
S27484,6,11,2025-10-09,40,18,0.0,train,2,0.000833387905146
S27488,6,17,2025-10-09,36,19,0.0,train,2,0.0008543460246217
S27769,6,20,2025-10-09,35,27,0.0,train,2,0.0008270727774144
S27781,6,13,2025-10-09,32,31,0.0046768107350215,train,2,0.0007826375080117
S27786,6,12,2025-10-09,60,23,0.0,train,2,0.0006992277109928
S27789,6,7,2025-10-09,36,19,0.0,train,2,0.0008040247315047
S27791,6,18,2025-10-09,22,27,0.0,train,2,0.00087172758923
S27792,6,6,2025-10-09,23,26,0.0,train,2,0.0008465014088776
S27796,6,11,2025-10-09,52,15,0.0,train,2,0.0008957432798521
S27797,6,11,2025-10-09,28,19,0.0023171783574608,train,2,0.0008572239050251
S27808,6,17,2025-10-09,28,14,0.0,train,2,0.0008129139102499
S27813,6,17,2025-10-09,49,18,0.0,train,2,0.0008102803355856
S27814,6,17,2025-10-09,28,25,0.0023260276408837,train,2,0.000785994476582
S27935,6,21,2025-10-09,47,29,0.0023361301088157,train,2,0.000785592637183
S27958,6,21,2025-10-09,52,13,0.0,train,2,0.0008421233291411
S28120,6,17,2025-10-09,47,27,0.0,train,2,0.0008460386325508
S28128,6,18,2025-10-09,30,25,0.0,train,2,0.0008829842886257
S28132,6,18,2025-10-09,49,28,0.0,train,2,0.0008567583970583
S28134,6,18,2025-10-09,49,15,0.0,train,2,0.0008382185625423
S28307,6,12,2025-10-09,46,22,0.0,train,2,0.0008103043326921
S28587,6,17,2025-10-09,24,24,0.0,train,2,0.0008704051310181
S28588,6,13,2025-10-09,47,24,0.0,train,2,0.0008624687878487
S28631,6,19,2025-10-09,26,15,0.0074427938181382,train,2,0.0007124387942261
S28637,6,20,2025-10-09,37,17,0.002541776942452,train,2,0.0007964567686829
S28644,6,22,2025-10-09,41,29,0.0036130476820518,train,2,0.0008483867627913
S28645,6,22,2025-10-09,40,28,0.0,train,2,0.0008006174162245
S28646,6,22,2025-10-09,31,25,0.0162779213842657,train,2,0.000787786437452
S28664,6,21,2025-10-09,50,21,0.0049023234251162,train,2,0.0007750722429332
S28665,6,21,2025-10-09,47,18,0.0162809977749387,train,2,0.000819605333675
S28676,6,10,2025-10-09,56,13,0.0037636973593535,train,2,0.0005280713674131
S28678,6,10,2025-10-09,20,29,0.0113302177134389,train,2,0.0008140473270055
S28778,6,12,2025-10-09,56,30,0.0,train,2,0.0008418206310477
S28850,6,21,2025-10-09,29,31,0.0,train,2,0.0008088113134345
S28909,6,19,2025-10-09,33,13,0.0,train,2,0.0007119401975719
S28921,6,21,2025-10-09,41,14,0.0032727512182273,train,2,0.0007500382034603
S29054,6,18,2025-10-09,38,13,0.0,train,2,0.000834866019619
S29056,6,13,2025-10-09,39,13,0.0,train,2,0.0008268764528036
S29139,6,6,2025-10-09,54,23,0.0056884774566897,train,2,0.0008533320268773
S29161,6,7,2025-10-09,18,18,0.0035471875869846,train,2,0.0008169638618438
S29162,6,20,2025-10-09,25,28,0.0,train,2,0.0008210021425102
S29163,6,13,2025-10-09,14,23,0.0126272950056703,train,2,0.0007939594498555
S29164,6,12,2025-10-09,38,14,0.0167597630798654,train,2,0.0005381203440767
S29365,6,21,2025-10-09,31,31,0.0,train,2,0.0008071345247231
S29400,6,13,2025-10-09,45,29,0.0,train,2,0.0008141067611938
S29404,6,10,2025-10-09,30,29,0.0,train,2,0.000848279492734
S29653,6,19,2025-10-09,21,26,0.0,train,2,0.0008754843688718
S29671,6,21,2025-10-09,21,28,0.0,train,2,0.0008386429265432
S29778,6,17,2025-10-09,32,24,0.0,train,2,0.0008274537364324
S29790,6,11,2025-10-09,53,26,0.0,train,2,0.0008356820193714
S29791,6,18,2025-10-09,40,12,0.0,train,2,0.0005883079462353
S29794,6,6,2025-10-09,51,29,0.0,train,2,0.0008454873150673
S30086,6,12,2025-10-09,18,23,0.0,train,2,0.0008547543986297
S30087,6,12,2025-10-09,51,30,0.0,train,2,0.0008077266296051
S30319,6,7,2025-10-09,22,24,0.0,train,2,0.0007783143124166
S30321,6,13,2025-10-09,19,22,0.0,train,2,0.0008638696254913
S30382,6,10,2025-10-09,47,25,0.0024801884344371,train,2,0.0008585210045965
S30386,6,11,2025-10-09,57,22,0.0,train,2,0.0008569942396494
S30387,6,10,2025-10-09,45,31,0.0049301887260372,train,2,0.000823695357072
S30442,6,6,2025-10-09,45,31,0.0081708927700477,train,2,0.0008479837639934
S30445,6,6,2025-10-09,15,20,0.0008892658278581,train,2,0.0007329612016528
S30446,6,6,2025-10-09,19,26,0.0158047924857358,train,2,0.0007708810942744
S30450,6,10,2025-10-09,38,29,0.0,train,2,0.0008418850292928
S30451,6,18,2025-10-09,52,29,0.0136227132018001,train,2,0.0008381908472618
S30452,6,11,2025-10-09,45,16,0.0185697899035641,train,2,0.0008478438877729
S30454,6,18,2025-10-09,60,25,0.0091277909093079,train,2,0.0008264764476109
S30455,6,11,2025-10-09,49,30,0.0085857669750287,train,2,0.0008199169659915
S30456,6,11,2025-10-09,42,14,0.0333031795490334,train,2,0.0007161839207882
S30459,6,11,2025-10-09,25,22,0.0317944343746668,train,2,0.0008954739587759
S30460,6,11,2025-10-09,40,27,0.0027245417068678,train,2,0.0008269886275131
S30472,6,17,2025-10-09,48,22,0.0112549406942491,train,2,0.0007430542020653
S30473,6,17,2025-10-09,44,16,0.0088391855144068,train,2,0.0008321761512269
S30479,6,17,2025-10-09,40,19,0.0008198681942279,train,2,0.0007902929418956
S30480,6,7,2025-10-09,25,17,0.0146992559034501,train,2,0.0008357535481457
S30482,6,13,2025-10-09,23,22,0.0165917289098093,train,2,0.0007875474171607
S30485,6,7,2025-10-09,38,26,0.0142602044260812,train,2,0.0008097695300301
S30564,6,19,2025-10-09,41,22,0.0130328180518952,train,2,0.0007453758998482
S30565,6,19,2025-10-09,15,23,0.0264612855619279,train,2,0.0008219656311891
S30568,6,19,2025-10-09,49,22,0.0095948135004835,train,2,0.0008477428892178
S30576,6,19,2025-10-09,40,17,0.0,train,2,0.0006784007141618
S30578,6,21,2025-10-09,45,30,0.0190344359701051,train,2,0.0008462779108026
S30579,6,21,2025-10-09,15,23,0.0079975540679711,train,2,0.0008118136943768
S30580,6,22,2025-10-09,29,17,0.0,train,2,0.0008274174733694
S30589,6,22,2025-10-09,36,15,0.0078319929821981,train,2,0.0007463207763125
S30598,6,22,2025-10-09,48,30,0.0,train,2,0.0003912615779013
S30599,6,22,2025-10-09,31,27,0.0154885710147956,train,2,0.0007204892119213
S30603,6,20,2025-10-09,40,16,0.0025039927852763,train,2,0.0008219649030011
S30637,6,21,2025-10-09,36,25,0.0161062813303246,train,2,0.0008466367826609
S30638,6,21,2025-10-09,49,15,0.0152626939223804,train,2,0.000768157952577
S30644,6,21,2025-10-09,65,23,0.0026956663231545,train,2,0.0008306710345781
S30650,6,21,2025-10-09,44,17,0.0,train,2,0.0007956614565199
S30658,6,12,2025-10-09,60,15,0.0026415936729313,train,2,0.0008280731264817
S30890,6,11,2025-10-09,26,17,0.0,train,2,0.0008855532390772
S31137,6,7,2025-10-09,14,22,0.0,train,2,0.0007941682716726
S31144,6,18,2025-10-09,27,23,0.0,train,2,0.000859323939535
S31145,6,18,2025-10-09,47,31,0.0,train,2,0.0008430315047235
S31146,6,6,2025-10-09,38,14,0.0,train,2,0.0005579609444552
S31292,6,22,2025-10-09,34,16,0.0,train,2,0.0007343586177543
S31374,6,20,2025-10-09,26,15,0.0,train,2,0.0006774769546511
S31412,6,22,2025-10-09,38,17,0.0031564874709041,train,2,0.0007876603929114
S31417,6,22,2025-10-09,37,29,0.0112356647579923,train,2,0.000408931643187
S31426,6,21,2025-10-09,36,14,0.0,train,2,0.0008477408587811
S31427,6,21,2025-10-09,22,18,0.0,train,2,0.0008357629834117
S31428,6,21,2025-10-09,19,22,0.0031761551906491,train,2,0.000830607575415
S31597,6,22,2025-10-09,14,18,0.0015694076038903,train,2,0.0006684861382409
S31731,6,12,2025-10-09,59,21,0.0,train,2,0.0008306990038391
S31732,6,12,2025-10-09,27,24,0.0,train,2,0.0008589947474311
S31736,6,7,2025-10-09,37,25,0.0,train,2,0.0007066502827684
S31898,6,20,2025-10-09,31,15,0.0021854030903446,train,2,0.0007043032115074
S31905,6,19,2025-10-09,48,17,0.0043504901960784,train,2,0.0007038823344259
S31907,6,19,2025-10-09,18,16,0.0,train,2,0.0004720357675696
S31909,6,19,2025-10-09,57,15,0.0,train,2,0.0008306677903798
S31910,6,19,2025-10-09,32,17,0.0,train,2,0.0006273798346895
S31911,6,19,2025-10-09,15,21,0.0,train,2,0.0008315754078006
S31917,6,21,2025-10-09,14,23,0.0,train,2,0.0008475216897604
S32060,6,18,2025-10-09,39,31,0.0,train,2,0.0008487748928033
S32066,6,11,2025-10-09,21,21,0.002232042610906,train,2,0.0008637490998053
S32086,6,18,2025-10-09,48,12,0.0022059769992498,train,2,0.000843343819814
S32096,6,11,2025-10-09,41,32,0.0043888116210786,train,2,0.0008254868945455
S32206,6,22,2025-10-09,28,12,0.0,train,2,0.0006221064364288
S32246,6,21,2025-10-09,33,24,0.0,train,2,0.0008364023943781
S32319,6,13,2025-10-09,55,28,0.0,train,2,0.0008027325582679
S32320,6,17,2025-10-09,53,14,0.0027036142481014,train,2,0.0007236745613583
S32322,6,13,2025-10-09,50,17,0.0,train,2,0.0008849749756854
S32324,6,7,2025-10-09,51,29,0.0,train,2,0.0008151562463848
S32330,6,7,2025-10-09,20,28,0.0,train,2,0.0006929294513627
S32333,6,12,2025-10-09,49,16,0.0,train,2,0.0007153505849423
S32336,6,10,2025-10-09,48,27,0.0081360704580427,train,2,0.0008287187786787
S32339,6,18,2025-10-09,31,30,0.0,train,2,0.0008306320583639
S32342,6,10,2025-10-09,35,13,0.0,train,2,0.0008442940357023
S32344,6,13,2025-10-09,30,16,0.0,train,2,0.0008955423726935
S32435,6,7,2025-10-09,42,11,0.0,train,2,0.0004504108209294
S32437,6,12,2025-10-09,20,29,0.0082158266245681,train,2,0.0008169262237856
S32632,6,10,2025-10-09,40,32,0.0,train,2,0.0008223880605164
S32705,6,21,2025-10-09,30,27,0.0,train,2,0.0006734788021578
S32713,6,22,2025-10-09,39,25,0.0,train,2,0.0007830557403827
S32934,6,7,2025-10-09,34,22,0.0,train,2,0.0008116903101383
S32936,6,17,2025-10-09,54,23,0.0,train,2,0.0008374794684213
S32943,6,6,2025-10-09,54,22,0.0,train,2,0.0007435003632735
S32944,6,10,2025-10-09,60,20,0.0,train,2,0.0008432943037757
S32945,6,11,2025-10-09,50,25,0.0,train,2,0.0008448850256786
S33135,6,13,2025-10-09,31,31,0.0054908026293984,train,2,0.0008055303085451
S33138,6,13,2025-10-09,56,13,0.0017909522676987,train,2,0.0008580838936423
S33258,6,21,2025-10-09,37,17,0.0017712108738805,train,2,0.0008231289705362
S33260,6,19,2025-10-09,38,29,0.0,train,2,0.0008391892403235
S33261,6,19,2025-10-09,45,20,0.0054213844710604,train,2,0.0008094894862829
S33265,6,19,2025-10-09,42,30,0.0053794282869172,train,2,0.0008433890799664
S33436,6,10,2025-10-09,55,25,0.005373902512867,train,2,0.0008361676382579
S33445,6,12,2025-10-09,43,23,0.0018280258056922,train,2,0.000713829355748
S33450,6,17,2025-10-09,39,27,0.0,train,2,0.0008364763159974
S33451,6,17,2025-10-09,60,21,0.0018217740487003,train,2,0.0008283279688349
S33452,6,12,2025-10-09,46,17,0.0018265545007846,train,2,0.0007169837453103
S33491,6,17,2025-10-09,31,27,0.0052961924958173,train,2,0.0008420258581789
S33492,6,13,2025-10-09,31,22,0.0072697486305227,train,2,0.0008928900091049
S33497,6,13,2025-10-09,41,29,0.0052932593484072,train,2,0.000763586308082
S33503,6,18,2025-10-09,38,19,0.0035511541250906,train,2,0.0008421127150222
S33504,6,10,2025-10-09,64,23,0.0018063596945543,train,2,0.0008506045400764
S33505,6,18,2025-10-09,54,16,0.0017927740743947,train,2,0.0008588446378125
S33511,6,6,2025-10-09,33,28,0.0017923861456124,train,2,0.0008202940189331
S33559,6,19,2025-10-09,55,29,0.0,train,2,0.0008569418669773
S33699,6,12,2025-10-09,48,23,0.0,train,2,0.0008350166238455
S33732,6,12,2025-10-09,24,16,0.0,train,2,0.0007753778042566
S33978,6,12,2025-10-09,30,13,0.0113604265956109,train,2,0.0008267975768237
S34006,6,13,2025-10-09,62,21,0.0144405381061684,train,2,0.0008433239209157
S34010,6,11,2025-10-09,33,30,0.0,train,2,0.0008526724807248
S34542,6,17,2025-10-09,20,24,0.0,train,2,0.0008526988581442
S34660,6,22,2025-10-09,30,21,0.0,train,2,0.0008475398439302
S34661,6,22,2025-10-09,33,17,0.0,train,2,0.0007474996843997
S34662,6,22,2025-10-09,44,28,0.0,train,2,0.0003650576247336
S34785,6,22,2025-10-09,44,30,0.0,train,2,0.000682239345089
S34786,6,22,2025-10-09,27,20,0.0,train,2,0.0008807330768904
S34802,6,13,2025-10-09,14,18,0.0,train,2,0.0008298928723132
S35008,6,19,2025-10-09,31,31,0.0,train,2,0.0008378809746898
S35130,6,6,2025-10-09,37,23,0.0182783242093148,train,2,0.0008187544125866
S35131,6,6,2025-10-09,52,21,0.0134055850310594,train,2,0.0008305781965369
S35139,6,18,2025-10-09,32,28,0.0156162610209327,train,2,0.000882813326358
S35140,6,18,2025-10-09,50,16,0.0008690801564694,train,2,0.0008656435548675
S35141,6,11,2025-10-09,49,13,0.0291184093966337,train,2,0.0008289395644621
S35142,6,11,2025-10-09,50,14,0.0227747337274232,train,2,0.0007620958067354
S35143,6,10,2025-10-09,46,24,0.0383111637343594,train,2,0.0008526253174894
S35144,6,11,2025-10-09,17,20,0.0211655719388956,train,2,0.000868033266267
S35145,6,10,2025-10-09,39,13,0.0083645011657999,train,2,0.0007127272675642
S35158,6,17,2025-10-09,36,14,0.0187884310297853,train,2,0.0008244665840341
S35160,6,13,2025-10-09,21,15,0.0168880866931111,train,2,0.0008499548657885
S35165,6,17,2025-10-09,23,21,0.0161936559235037,train,2,0.00082002960921
S35166,6,17,2025-10-09,28,20,0.0077028341579532,train,2,0.0008702180286618
S35167,6,13,2025-10-09,39,24,0.0184851909708474,train,2,0.0008727893069144
S35170,6,7,2025-10-09,42,21,0.0032452098873775,train,2,0.0008145062420018
S35172,6,17,2025-10-09,44,22,0.0023777060160267,train,2,0.0008283883062484
S35276,6,7,2025-10-09,61,15,0.0299989522403833,train,2,0.0007182794453613
S35278,6,19,2025-10-09,35,32,0.0174045725148831,train,2,0.0007674835368509
S35282,6,18,2025-10-09,60,28,0.0142661802543748,train,2,0.0008143863450849
S35542,6,6,2025-10-09,37,15,0.0,train,2,0.0008099739272059
S35659,6,18,2025-10-09,52,18,0.001997933726488,train,2,0.0008442618203438
S35661,6,11,2025-10-09,54,20,0.0,train,2,0.0008758536668236
S35662,6,10,2025-10-09,54,24,0.0,train,2,0.0008430109616308
S35663,6,11,2025-10-09,34,17,0.0,train,2,0.0008408000938304
S35668,6,10,2025-10-09,24,15,0.0039513122013658,train,2,0.0008563219934032
S35678,6,7,2025-10-09,44,20,0.0,train,2,0.0008151769925995
S35679,6,7,2025-10-09,45,23,0.0120049759055061,train,2,0.0007642664363886
S35830,6,7,2025-10-09,58,29,0.0,train,2,0.0008158038601411
S35833,6,6,2025-10-09,33,32,0.0059808180603858,train,2,0.0008330343251684
S36006,6,22,2025-10-09,22,14,0.0,train,2,0.0006683387263623
S36113,6,13,2025-10-09,43,13,0.0,train,2,0.0008497221513136
S36303,6,12,2025-10-09,43,30,0.0,train,2,0.0008064684311885
S36308,6,11,2025-10-09,35,26,0.0,train,2,0.0008395791146279
S36314,6,13,2025-10-09,44,12,0.0,train,2,0.0007153389673332
S36316,6,17,2025-10-09,29,18,0.0,train,2,0.0008622251568013
S36450,6,22,2025-10-09,45,23,0.0036694944662251,train,2,0.0006620198232229
S36786,6,10,2025-10-09,44,21,0.0,train,2,0.0008448771940199
S36789,6,18,2025-10-09,47,23,0.0,train,2,0.0008422016579371
S36798,6,17,2025-10-09,43,29,0.0,train,2,0.0008181462022678
S36930,6,12,2025-10-09,55,28,0.0,train,2,0.0007319506026424
S36932,6,12,2025-10-09,17,22,0.0,train,2,0.0008192586082099
S36977,6,17,2025-10-09,25,13,0.0,train,2,0.0008290267870984
S36979,6,10,2025-10-09,58,29,0.0,train,2,0.0007822491454886
S37204,6,22,2025-10-09,53,13,0.0,train,2,0.0005972444445905
S37206,6,19,2025-10-09,46,11,0.0,train,2,0.0004852807501559
S37216,6,12,2025-10-09,41,15,0.0,train,2,0.0005883390148962
S37262,6,10,2025-10-09,33,11,0.0,train,2,0.0005112794180371
S37542,6,19,2025-10-09,20,18,0.0,train,2,0.0008254342801332
S37544,6,22,2025-10-09,34,22,0.0,train,2,0.0008322269055114
S37549,6,19,2025-10-09,46,18,0.0,train,2,0.0008275943514343
S37553,6,19,2025-10-09,31,14,0.0,train,2,0.0006953666622314
S37556,6,21,2025-10-09,40,19,0.0,train,2,0.0007745805499544
S37559,6,21,2025-10-09,40,23,0.0056180092804539,train,2,0.0008184793488664
S37642,6,18,2025-10-09,59,27,0.0,train,2,0.000754215197949
S37643,6,18,2025-10-09,57,28,0.0,train,2,0.0008384820742009
S37644,6,6,2025-10-09,21,15,0.0,train,2,0.0007163878514845
S37646,6,18,2025-10-09,43,24,0.0,train,2,0.0008401890056692
S37652,6,13,2025-10-09,16,21,0.0,train,2,0.0008061173632177
S37657,6,7,2025-10-09,49,25,0.0,train,2,0.0008407144122164
S37920,6,12,2025-10-09,33,26,0.0,train,2,0.0007574990688886
S37922,6,12,2025-10-09,56,20,0.0,train,2,0.0007796149372444
S37924,6,12,2025-10-09,34,14,0.012217606135844,train,2,0.0008058433638125
S37925,6,7,2025-10-09,48,30,0.0028291039083757,train,2,0.0007466774146522
S38157,6,21,2025-10-09,49,23,0.0027173393038253,train,2,0.0008680706683792
S38159,6,21,2025-10-09,38,27,0.0069370584080776,train,2,0.0008047710828089
S38160,6,20,2025-10-09,24,18,0.0081109751121991,train,2,0.0007858237368366
S38165,6,20,2025-10-09,32,18,0.0054502785454226,train,2,0.0008556527822044
S38168,6,22,2025-10-09,44,20,0.0041921824653744,train,2,0.0007821783176216
S38170,6,20,2025-10-09,18,16,0.0067685351636977,train,2,0.0005470575681669
S38273,6,11,2025-10-09,56,29,0.0069327039498278,train,2,0.0008005110384761
S38275,6,10,2025-10-09,61,18,0.0108163104302856,train,2,0.000861865382834
S38276,6,18,2025-10-09,64,19,0.0153233830845771,train,2,0.0008252274246026
S38279,6,18,2025-10-09,24,26,0.0083257948872583,train,2,0.000859867078162
S38280,6,11,2025-10-09,33,31,0.001420008114332,train,2,0.0008395188554907
S38282,6,6,2025-10-09,16,23,0.0013658048630347,train,2,0.0008285378830384
S38284,6,6,2025-10-09,34,29,0.0,train,2,0.0008515412711508
S38707,6,12,2025-10-09,42,14,0.0,train,2,0.0007465002783984
S38710,6,6,2025-10-09,29,29,0.0,train,2,0.0008398975073198
S38772,6,13,2025-10-09,58,17,0.0,train,2,0.0008703467521036
S38781,6,11,2025-10-09,49,16,0.0,train,2,0.0008627591294908
S38782,6,10,2025-10-09,23,25,0.0,train,2,0.0008583598877602
S38835,6,19,2025-10-09,23,19,0.0,train,2,0.0008572077616637
S38839,6,20,2025-10-09,43,12,0.0,train,2,0.0006700833210966
S39303,6,21,2025-10-09,21,25,0.0,train,2,0.0008483403603755
S39456,6,22,2025-10-09,26,26,0.0,train,2,0.0008187039967844
S39457,6,20,2025-10-09,56,23,0.0,train,2,0.0008253405544081
S39788,6,22,2025-10-09,46,17,0.0,train,2,0.0007991672632757
S39888,6,7,2025-10-09,41,32,0.0,train,2,0.0008177685615839
S39971,6,19,2025-10-09,56,25,0.0039127696425759,train,2,0.0008658516829904
S40273,6,21,2025-10-09,22,15,0.0083127605055228,train,2,0.0007677520328184
S40277,6,19,2025-10-09,60,23,0.0016608353634288,train,2,0.0007478287593964
S40325,6,21,2025-10-09,33,21,0.0038758783114584,train,2,0.000797120143819
S40333,6,19,2025-10-09,20,24,0.0019561538158775,train,2,0.0008537368930061
S40372,6,6,2025-10-09,44,32,0.0019483090480726,train,2,0.0008257935532892
S40377,6,6,2025-10-09,48,12,0.0057607158587755,train,2,0.0003917217519546
S40664,6,13,2025-10-09,36,32,0.0,train,2,0.0008152634904989
S40787,6,7,2025-10-09,52,15,0.0,train,2,0.0008233382083854
S40788,6,7,2025-10-09,60,20,0.0,train,2,0.0007160910185689
S40790,6,12,2025-10-09,55,21,0.0,train,2,0.00076847962966
S40793,6,6,2025-10-09,18,25,0.0,train,2,0.0008149854107451
S40794,6,18,2025-10-09,32,21,0.0042161877857803,train,2,0.0008746513786482
S40795,6,18,2025-10-09,30,20,0.0,train,2,0.0008856393043805
S40804,6,13,2025-10-09,52,15,0.0,train,2,0.0008939640680944
S40805,6,13,2025-10-09,46,17,0.0042353201842406,train,2,0.0008567405224378
S40806,6,17,2025-10-09,18,20,0.0,train,2,0.0008526292216072
S40960,6,20,2025-10-09,20,20,0.0021190957387841,train,2,0.0007434597448398
S40964,6,21,2025-10-09,49,28,0.0064190323663885,train,2,0.0008034450174129
S41173,6,22,2025-10-09,53,23,0.0,train,2,0.0007461181492746
S41174,6,19,2025-10-09,37,22,0.0,train,2,0.0007983042976542
S41175,6,19,2025-10-09,50,15,0.0,train,2,0.0005606572197995
S41270,6,13,2025-10-09,30,18,0.0,train,2,0.0008842659964946
S41273,6,17,2025-10-09,16,18,0.0,train,2,0.0008551961586513
S41753,6,20,2025-10-09,48,23,0.0,train,2,0.0007218385542459
S41757,6,22,2025-10-09,49,15,0.0,train,2,0.0006393979910592
S41758,6,22,2025-10-09,22,16,0.0112395632626846,train,2,0.0004285668385863
S41759,6,22,2025-10-09,39,27,0.0045239395594392,train,2,0.0007170677090117
S41767,6,19,2025-10-09,33,17,0.0045994243778746,train,2,0.0008313670988583
S41772,6,21,2025-10-09,52,25,0.0,train,2,0.0008439992446045
S41777,6,21,2025-10-09,28,17,0.0,train,2,0.0008360054830473
S42237,6,22,2025-10-09,46,13,0.0135005188328163,train,2,0.0003213319900078
S42657,6,12,2025-10-09,40,12,0.0024602255289237,train,2,0.0006783693824749
S42708,6,20,2025-10-09,41,32,0.0,train,2,0.0008290167014014
S42714,6,10,2025-10-09,59,15,0.0,train,2,0.0008466896060306
S42715,6,11,2025-10-09,35,11,0.0025206802286363,train,2,0.0006981757411128
S42899,6,13,2025-10-09,25,26,0.0,train,2,0.0008041435111323
S42900,6,13,2025-10-09,61,27,0.0,train,2,0.0008309035842859
S42903,6,11,2025-10-09,46,20,0.0,train,2,0.0008354397870212
S43064,6,13,2025-10-09,39,19,0.0120650834784825,train,2,0.0007052585488149
S43069,6,20,2025-10-09,31,26,0.0068903914788099,train,2,0.0008316934522486
S43070,6,13,2025-10-09,64,19,0.0158292116306954,train,2,0.0008350116751558
S43073,6,12,2025-10-09,15,20,0.0090688465959892,train,2,0.0007759888016117
S43079,6,10,2025-10-09,41,14,0.0086261759022482,train,2,0.0005817110734977
S43081,6,18,2025-10-09,18,27,0.0149129173394545,train,2,0.0008425413344537
S43082,6,11,2025-10-09,32,19,0.0077056055567183,train,2,0.0008185256999891
S43083,6,18,2025-10-09,54,26,0.0107696550637275,train,2,0.000848629413746
S43090,6,6,2025-10-09,17,19,0.0080491043954264,train,2,0.0007273247634115
S43094,6,18,2025-10-09,16,22,0.0028734136964125,train,2,0.0008927619466319
S43095,6,18,2025-10-09,26,17,0.0142923460563559,train,2,0.0008398189651764
S43099,6,10,2025-10-09,33,24,0.0075062064017972,train,2,0.0008400503018246
S43102,6,6,2025-10-09,54,16,0.0108408338736895,train,2,0.0008283160300725
S43231,6,12,2025-10-09,59,18,0.0137212677678388,train,2,0.0008210929451876
S43247,6,19,2025-10-09,35,20,0.013096918704237,train,2,0.000716047059118
S43249,6,21,2025-10-09,53,25,0.0119009847645843,train,2,0.0008318673241553
S43250,6,19,2025-10-09,42,24,0.01061650286531,train,2,0.0008044183797583
S43253,6,19,2025-10-09,16,25,0.0146554062820679,train,2,0.0008230032381025
S43254,6,22,2025-10-09,27,14,0.0109839329592326,train,2,0.0004601742009736
S43256,6,22,2025-10-09,31,20,0.0097092309976479,train,2,0.0007273537749697
S43258,6,20,2025-10-09,22,24,0.0145582152858331,train,2,0.0007730344656406
S43260,6,22,2025-10-09,35,20,0.0131019155036967,train,2,0.0008103984021337
S43263,6,22,2025-10-09,48,26,0.000940400909748,train,2,0.0005964475385393
S43264,6,22,2025-10-09,25,29,0.0077877867290316,train,2,0.0005430869146737
S43278,6,22,2025-10-09,62,19,0.0,train,2,0.0008159178938428
S43599,6,6,2025-10-09,29,31,0.0037845473201673,train,2,0.0008175803824594
S43623,6,21,2025-10-09,30,18,0.0104970699599855,train,2,0.0008772205570085
S43626,6,19,2025-10-09,46,30,0.0165580954172741,train,2,0.0008418361717418
S00022,6,19,2025-10-09,46,14,0.0,train,3,0.0006122242226532
S00087,6,13,2025-10-09,30,29,0.0071833265884257,train,3,0.0008649930220081
S00099,6,7,2025-10-09,35,16,0.002429023161249,train,3,0.000713677318329
S00101,6,12,2025-10-09,34,19,0.0047811447811447,train,3,0.0008133797731567
S00106,6,18,2025-10-09,36,23,0.0,train,3,0.0008547482400712
S00108,6,10,2025-10-09,56,18,0.0,train,3,0.0008495647951105
S00111,6,10,2025-10-09,53,15,0.0,train,3,0.0008642293967058
S00113,6,11,2025-10-09,53,20,0.0,train,3,0.0008678737844794
S00121,6,17,2025-10-09,48,27,0.0,train,3,0.0008295089573361
S00124,6,17,2025-10-09,29,19,0.0,train,3,0.0008563911702835
S00356,6,22,2025-10-09,39,28,0.0,train,3,0.0007528257676135
S00363,6,19,2025-10-09,33,30,0.0,train,3,0.0008362775881725
S00605,6,22,2025-10-09,48,21,0.0,train,3,0.0007947177659881
S00883,6,18,2025-10-09,31,12,0.0,train,3,0.0008621518760567
S00886,6,7,2025-10-09,32,11,0.0,train,3,0.0008041523340877
S00937,6,22,2025-10-09,50,19,0.0,train,3,0.0008656835667627
S00942,6,21,2025-10-09,42,19,0.0,train,3,0.0008235209387363
S01153,6,20,2025-10-09,46,25,0.0,train,3,0.0008372993920418
S01162,6,17,2025-10-09,40,18,0.0,train,3,0.0008204835121272
S01165,6,10,2025-10-09,61,16,0.0,train,3,0.0008480723618797
S01460,6,20,2025-10-09,31,19,0.0,train,3,0.0008531107334036
S01468,6,21,2025-10-09,43,12,0.0,train,3,0.0006136143200774
S01469,6,21,2025-10-09,37,22,0.0,train,3,0.0008361508090917
S01478,6,11,2025-10-09,48,31,0.0014308746473196,train,3,0.0008523086281941
S01535,6,20,2025-10-09,49,23,0.0,train,3,0.0008421143382683
S01543,6,21,2025-10-09,33,31,0.0073840978920406,train,3,0.0007915726471899
S01557,6,21,2025-10-09,36,13,0.020208885171244,train,3,0.0008250143245745
S01947,6,20,2025-10-09,43,31,0.0,train,3,0.0008469412160079
S01948,6,12,2025-10-09,31,23,0.0,train,3,0.0008655012162799
S01950,6,12,2025-10-09,23,28,0.0,train,3,0.0007478606250022
S02028,6,10,2025-10-09,60,22,0.0,train,3,0.0008530141517364
S02032,6,18,2025-10-09,41,26,0.0,train,3,0.0008276572505706
S02033,6,10,2025-10-09,37,17,0.0098931066743635,train,3,0.0008528154669425
S02034,6,10,2025-10-09,16,24,0.0,train,3,0.0008424021646917
S02035,6,10,2025-10-09,55,16,0.0,train,3,0.0008493759079666
S02042,6,13,2025-10-09,29,18,0.0,train,3,0.0008679904100978
S02044,6,20,2025-10-09,52,30,0.0,train,3,0.000791354741614
S02363,6,19,2025-10-09,53,26,0.0,train,3,0.0008022742225659
S02413,6,11,2025-10-09,16,20,0.0,train,3,0.0008649143386658
S02480,6,21,2025-10-09,32,29,0.0,train,3,0.0008527792386091
S02481,6,22,2025-10-09,14,20,0.0,train,3,0.0004631037256917
S02485,6,22,2025-10-09,34,19,0.0,train,3,0.0008291557853131
S02512,6,6,2025-10-09,58,14,0.0,train,3,0.0007659608678816
S02650,6,7,2025-10-09,42,19,0.0,train,3,0.0008204767900112
S02788,6,13,2025-10-09,50,27,0.0,train,3,0.0008518982885589
S02789,6,12,2025-10-09,27,23,0.0,train,3,0.0008288287219176
S02819,6,12,2025-10-09,39,17,0.0,train,3,0.0007801263092963
S02820,6,11,2025-10-09,41,20,0.0,train,3,0.0008157247683146
S02822,6,11,2025-10-09,60,26,0.0,train,3,0.000827757066389
S02964,6,19,2025-10-09,33,31,0.0,train,3,0.0008519925845664
S02972,6,12,2025-10-09,50,12,0.0,train,3,0.0006365938299482
S03126,6,22,2025-10-09,40,11,0.0,train,3,0.0004935279041181
S03155,6,6,2025-10-09,16,26,0.0060017630933835,train,3,0.0008677179227877
S03184,6,10,2025-10-09,15,18,0.0,train,3,0.0005883492612304
S03652,6,18,2025-10-09,32,29,0.0,train,3,0.0008526299895728
S03727,6,7,2025-10-09,36,29,0.0,train,3,0.0006681032992737
S03730,6,7,2025-10-09,55,25,0.0,train,3,0.0007570085280662
S03731,6,12,2025-10-09,44,16,0.0,train,3,0.0005171599018441
S03732,6,12,2025-10-09,48,16,0.0,train,3,0.0007962812047441
S03824,6,19,2025-10-09,58,14,0.0,train,3,0.0007872166069016
S03996,6,12,2025-10-09,22,25,0.0,train,3,0.0008196563324382
S04014,6,10,2025-10-09,21,14,0.0,train,3,0.0005562811675448
S04070,6,11,2025-10-09,42,12,0.0,train,3,0.0005071605678728
S04072,6,6,2025-10-09,40,13,0.0,train,3,0.0007944948399771
S04320,6,12,2025-10-09,36,16,0.0,train,3,0.0007978765060856
S04324,6,18,2025-10-09,53,20,0.0,train,3,0.0008624329102843
S04331,6,12,2025-10-09,31,27,0.0,train,3,0.0008280775377896
S04333,6,13,2025-10-09,50,18,0.0,train,3,0.0008670894896543
S04413,6,7,2025-10-09,23,20,0.0,train,3,0.0006984785802381
S04424,6,11,2025-10-09,30,25,0.0,train,3,0.0008702466312533
S04425,6,10,2025-10-09,53,21,0.0,train,3,0.0008676609408481
S04428,6,6,2025-10-09,46,15,0.0,train,3,0.0007892844024327
S04430,6,6,2025-10-09,41,16,0.0,train,3,0.0005621739431311
S04462,6,11,2025-10-09,19,28,0.0,train,3,0.0008239543932913
S04547,6,19,2025-10-09,21,21,0.0,train,3,0.0008590906411713
S04548,6,19,2025-10-09,19,18,0.0,train,3,0.0007367288468914
S04695,6,6,2025-10-09,20,22,0.0,train,3,0.0007973968824014
S04697,6,11,2025-10-09,47,17,0.0,train,3,0.0008083805098253
S04699,6,17,2025-10-09,33,25,0.0,train,3,0.0008529419277319
S04703,6,20,2025-10-09,42,25,0.0,train,3,0.0008315634652511
S04775,6,17,2025-10-09,46,26,0.0,train,3,0.0006353140623986
S04776,6,17,2025-10-09,40,27,0.0,train,3,0.0008393397892916
S04777,6,17,2025-10-09,35,17,0.0,train,3,0.0008425311555149
S04789,6,11,2025-10-09,23,29,0.0,train,3,0.0008180191902764
S04794,6,10,2025-10-09,57,28,0.0,train,3,0.0008312497319455
S04795,6,10,2025-10-09,50,19,0.0,train,3,0.0008603790801624
S04916,6,20,2025-10-09,36,14,0.0,train,3,0.0007076386328339
S04917,6,22,2025-10-09,47,12,0.0,train,3,0.0006507808034817
S04919,6,20,2025-10-09,18,21,0.0,train,3,0.0007449197009754
S04923,6,21,2025-10-09,60,18,0.0,train,3,0.0008106612007866
S04926,6,19,2025-10-09,20,21,0.0,train,3,0.0008485786098853
S05169,6,10,2025-10-09,60,26,0.0,train,3,0.0008569636882731
S05353,6,20,2025-10-09,30,21,0.0052198206146154,train,3,0.0008430334573891
S05358,6,19,2025-10-09,29,15,0.0,train,3,0.0008206347313308
S05359,6,19,2025-10-09,22,27,0.0052266274056157,train,3,0.0008512633672826
S05360,6,19,2025-10-09,30,27,0.0017323350621828,train,3,0.0008294491361861
S05362,6,19,2025-10-09,35,19,0.0,train,3,0.000823488900418
S05872,6,7,2025-10-09,62,22,0.0,train,3,0.0008430671397932
S06227,6,19,2025-10-09,34,20,0.0134988320929979,train,3,0.0007282131452075
S06236,6,21,2025-10-09,17,23,0.0109013768511032,train,3,0.0008462408168973
S06428,6,13,2025-10-09,34,24,0.006075497530683,train,3,0.0008701955574237
S06430,6,13,2025-10-09,26,17,0.003109884677717,train,3,0.0008472220349918
S06431,6,17,2025-10-09,55,17,0.0091889843121666,train,3,0.0008432829868834
S06441,6,18,2025-10-09,35,12,0.0046086795252225,train,3,0.0008157631568857
S06447,6,11,2025-10-09,27,13,0.0046353292296213,train,3,0.0005565815422672
S06450,6,6,2025-10-09,21,16,0.0015473899858648,train,3,0.000466407006873
S06453,6,10,2025-10-09,33,26,0.001502986315869,train,3,0.0008560477470567
S06455,6,10,2025-10-09,42,26,0.0061626212839827,train,3,0.0008433035447827
S06526,6,7,2025-10-09,40,13,0.0,train,3,0.0007654064752172
S06670,6,6,2025-10-09,32,13,0.0,train,3,0.000575675474187
S06674,6,10,2025-10-09,53,23,0.0,train,3,0.0008451730734042
S06682,6,17,2025-10-09,40,31,0.0046147989266181,train,3,0.0008124810204021
S06689,6,13,2025-10-09,32,23,0.0,train,3,0.0008565642436778
S06691,6,7,2025-10-09,33,24,0.0,train,3,0.0008556910165268
S07061,6,17,2025-10-09,35,30,0.0,train,3,0.0008318434034237
S07258,6,12,2025-10-09,37,13,0.0,train,3,0.00069160819382
S07260,6,7,2025-10-09,31,17,0.0100161225312374,train,3,0.0008364503046403
S07266,6,13,2025-10-09,46,22,0.0146465092977337,train,3,0.0008685856767272
S07271,6,13,2025-10-09,37,31,0.0,train,3,0.000792036486463
S07490,6,20,2025-10-09,50,26,0.0085983183972872,train,3,0.0008264966984756
S07492,6,17,2025-10-09,31,17,0.0044579588468507,train,3,0.0008333631160344
S07495,6,17,2025-10-09,42,13,0.0042713740589226,train,3,0.0008273085970386
S07497,6,13,2025-10-09,50,22,0.0028702275969207,train,3,0.000793969984422
S07500,6,17,2025-10-09,32,29,0.0057978622570249,train,3,0.000807975002172
S07505,6,11,2025-10-09,35,17,0.0,train,3,0.0008524515538952
S07510,6,10,2025-10-09,41,24,0.0073764044110007,train,3,0.0008627480225181
S07513,6,6,2025-10-09,17,17,0.004414599266306,train,3,0.0006660667436338
S07514,6,6,2025-10-09,30,19,0.0043825228164543,train,3,0.0008484591586415
S07516,6,6,2025-10-09,39,24,0.0043005728328401,train,3,0.0008277175350541
S07517,6,10,2025-10-09,58,27,0.0014857997010463,train,3,0.0008330862656518
S07621,6,12,2025-10-09,61,15,0.0082649953748453,train,3,0.0008071844857894
S07712,6,13,2025-10-09,27,15,0.0133747763021569,train,3,0.0007796636154156
S07717,6,12,2025-10-09,23,17,0.0123878364905284,train,3,0.0008640502043108
S07719,6,7,2025-10-09,55,16,0.029637237038264,train,3,0.0007773887297003
S08102,6,13,2025-10-09,41,27,0.0,train,3,0.000882927238346
S08105,6,11,2025-10-09,25,23,0.0,train,3,0.00087444837666
S08106,6,10,2025-10-09,43,17,0.0,train,3,0.0008373021531272
S08168,6,13,2025-10-09,53,19,0.0137156419030798,train,3,0.0008401990938041
S08173,6,17,2025-10-09,24,29,0.0011828179626496,train,3,0.000798527943783
S08174,6,17,2025-10-09,51,16,0.0124854123703099,train,3,0.0008295555337082
S08175,6,17,2025-10-09,27,15,0.0044779918414052,train,3,0.0008402290290168
S08187,6,18,2025-10-09,48,13,0.0046753918698039,train,3,0.0007678249485871
S08188,6,11,2025-10-09,26,26,0.0155598262193066,train,3,0.0008549407719294
S08189,6,10,2025-10-09,55,17,0.0134087858573731,train,3,0.0008304243832861
S08192,6,11,2025-10-09,13,23,0.0194444444444444,train,3,0.0008114401374364
S08195,6,18,2025-10-09,17,21,0.0148710264713938,train,3,0.000884806911041
S08200,6,6,2025-10-09,56,14,0.0011289117245546,train,3,0.0007237682743494
S08203,6,6,2025-10-09,57,21,0.0113537197710066,train,3,0.0008424455026382
S08300,6,21,2025-10-09,62,22,0.001175933352735,train,3,0.0008218722506833
S08309,6,20,2025-10-09,19,19,0.013135164616024,train,3,0.0007570195252761
S08311,6,22,2025-10-09,35,13,0.0081008331354112,train,3,0.0005289801407443
S08314,6,22,2025-10-09,43,30,0.0081781852374236,train,3,0.0006841040449486
S08330,6,19,2025-10-09,38,27,0.0103487048502179,train,3,0.0008314589029586
S08346,6,12,2025-10-09,35,32,0.007812307022094,train,3,0.0008255510123764
S08644,6,21,2025-10-09,28,29,0.0022326592678944,train,3,0.0008158511076159
S08654,6,22,2025-10-09,36,24,0.0093863463599578,train,3,0.000750533172598
S08662,6,19,2025-10-09,25,25,0.0127917152176252,train,3,0.0008179955022932
S08887,6,21,2025-10-09,20,18,0.0,train,3,0.0008700844474966
S09143,6,7,2025-10-09,27,20,0.0,train,3,0.0008400547199339
S09381,6,19,2025-10-09,42,12,0.0,train,3,0.0006022775916753
S09760,6,19,2025-10-09,61,26,0.0080787392615349,train,3,0.0007897780975357
S09763,6,21,2025-10-09,39,17,0.0115706968803352,train,3,0.0008232312210754
S10034,6,17,2025-10-09,56,18,0.0166006341180158,train,3,0.0008464430321524
S10035,6,13,2025-10-09,52,20,0.0013012446916023,train,3,0.0008966979889915
S10042,6,18,2025-10-09,29,20,0.0052966722617429,train,3,0.0008634981112756
S10043,6,18,2025-10-09,56,17,0.0053501264868938,train,3,0.0008275365083275
S10046,6,18,2025-10-09,40,31,0.0051797136566746,train,3,0.0008548313615404
S10056,6,6,2025-10-09,41,21,0.0025552436478802,train,3,0.0006593065101292
S10085,6,11,2025-10-09,52,21,0.0120724834823163,train,3,0.0008711584920123
S10217,6,6,2025-10-09,48,13,0.0,train,3,0.000779598849701
S10218,6,6,2025-10-09,52,17,0.0,train,3,0.0008316984239578
S10219,6,18,2025-10-09,40,14,0.0,train,3,0.0008113691440247
S10259,6,20,2025-10-09,14,21,0.0,train,3,0.0006914718907807
S10260,6,22,2025-10-09,55,26,0.0,train,3,0.0004271571771991
S10265,6,21,2025-10-09,52,15,0.0,train,3,0.0007073905058522
S10437,6,10,2025-10-09,23,23,0.0,train,3,0.0007722818209906
S10495,6,12,2025-10-09,53,23,0.0,train,3,0.0008052593605696
S10699,6,12,2025-10-09,27,29,0.0,train,3,0.0008449190327374
S10702,6,12,2025-10-09,31,17,0.0,train,3,0.0008349063260402
S10828,6,20,2025-10-09,41,13,0.0222721141479459,train,3,0.0007036011500012
S10908,6,7,2025-10-09,26,25,0.0137630520125755,train,3,0.0007292929022191
S10910,6,7,2025-10-09,54,21,0.0174620323767863,train,3,0.0008448477794339
S10913,6,13,2025-10-09,17,20,0.0123672218852548,train,3,0.0008401005703678
S10923,6,13,2025-10-09,55,21,0.0131384738750567,train,3,0.0008290821660036
S10925,6,13,2025-10-09,27,13,0.0087975501389552,train,3,0.0008302767665122
S10939,6,11,2025-10-09,52,18,0.0182477999835512,train,3,0.0008455795983559
S10940,6,11,2025-10-09,39,31,0.0241928614021637,train,3,0.0008277619741432
S10942,6,10,2025-10-09,51,20,0.0239268713930662,train,3,0.0008439692192839
S10943,6,11,2025-10-09,14,24,0.0110461627364256,train,3,0.0008299479927739
S10951,6,10,2025-10-09,53,29,0.0,train,3,0.0008308297598051
S10955,6,6,2025-10-09,28,28,0.0133076284574396,train,3,0.0008099669405014
S11268,6,22,2025-10-09,52,18,0.0170098959555659,train,3,0.0006889866131533
S11270,6,20,2025-10-09,26,17,0.0022216957304998,train,3,0.0007462131038512
S11274,6,22,2025-10-09,46,16,0.0159250465415092,train,3,0.0007464971336067
S11275,6,20,2025-10-09,23,19,0.0015722449728495,train,3,0.0006803787574005
S11285,6,19,2025-10-09,53,24,0.0219432061775309,train,3,0.0008325436536831
S11299,6,21,2025-10-09,50,23,0.0021523350886917,train,3,0.0008442518927437
S11513,6,18,2025-10-09,48,31,0.0234549439140142,train,3,0.0008602887215665
S11613,6,6,2025-10-09,39,32,0.0,train,3,0.0008341696746633
S11799,6,22,2025-10-09,36,18,0.0,train,3,0.0007921831939132
S11802,6,22,2025-10-09,20,25,0.0,train,3,0.0004379178000347
S11923,6,12,2025-10-09,30,19,0.0,train,3,0.0008435825261404
S11925,6,12,2025-10-09,20,21,0.0,train,3,0.0008050266779968
S11932,6,6,2025-10-09,18,18,0.0,train,3,0.0006318638103918
S11944,6,20,2025-10-09,43,29,0.0,train,3,0.0008198871973192
S12141,6,20,2025-10-09,35,31,0.0,train,3,0.000850960323664
S12153,6,7,2025-10-09,58,19,0.0,train,3,0.000826912999948
S12156,6,13,2025-10-09,34,12,0.0,train,3,0.0008241703958908
S12159,6,6,2025-10-09,26,20,0.0,train,3,0.0008465771426183
S12160,6,12,2025-10-09,61,26,0.0,train,3,0.0007537283796015
S12162,6,10,2025-10-09,32,27,0.0107038825803464,train,3,0.0008515817844786
S12167,6,18,2025-10-09,25,20,0.0026111443852515,train,3,0.0008830173018738
S12176,6,17,2025-10-09,23,16,0.0,train,3,0.0008119527816136
S12186,6,7,2025-10-09,58,23,0.0,train,3,0.0008264128409269
S12187,6,13,2025-10-09,45,26,0.0,train,3,0.0007956125787091
S12399,6,12,2025-10-09,41,27,0.0040048993537365,train,3,0.0007808079715893
S12414,6,11,2025-10-09,40,22,0.0,train,3,0.0007344932871907
S12415,6,18,2025-10-09,30,24,0.0,train,3,0.0008260864643056
S12533,6,20,2025-10-09,56,15,0.0,train,3,0.0008424064580051
S12721,6,12,2025-10-09,50,28,0.0,train,3,0.0007568227636593
S12723,6,12,2025-10-09,32,22,0.0,train,3,0.0007461148889048
S12724,6,6,2025-10-09,39,12,0.0,train,3,0.0006503269873369
S12725,6,11,2025-10-09,48,28,0.0,train,3,0.0008534619352325
S12727,6,10,2025-10-09,31,22,0.0,train,3,0.0008532301182639
S12887,6,17,2025-10-09,57,14,0.0,train,3,0.0008373722557116
S13224,6,7,2025-10-09,51,16,0.0,train,3,0.0008461639926245
S13280,6,11,2025-10-09,23,18,0.0,train,3,0.0008558706220309
S13282,6,11,2025-10-09,58,28,0.0,train,3,0.0007963914103295
S13353,6,19,2025-10-09,64,20,0.0,train,3,0.0008332108630211
S13372,6,10,2025-10-09,46,11,0.0,train,3,0.000409931348084
S13447,6,21,2025-10-09,41,11,0.0,train,3,0.0007335059559756
S13462,6,7,2025-10-09,15,17,0.0111782103617736,train,3,0.0007248605555146
S13494,6,21,2025-10-09,25,23,0.0103729676705695,train,3,0.0008417190111144
S13496,6,20,2025-10-09,59,17,0.0064405602380285,train,3,0.0008049573824713
S13516,6,21,2025-10-09,50,24,0.0064117449751012,train,3,0.0008278648019735
S13529,6,12,2025-10-09,21,29,0.0053014605683869,train,3,0.0008354356815943
S13530,6,12,2025-10-09,26,12,0.0,train,3,0.0007722565821491
S13646,6,19,2025-10-09,52,12,0.0018795428588716,train,3,0.0003538479399131
S13968,6,6,2025-10-09,55,24,0.0063899817429093,train,3,0.0008493550325952
S13980,6,7,2025-10-09,36,14,0.005232143468111,train,3,0.0008394483677087
S13982,6,12,2025-10-09,37,31,0.0051628853984874,train,3,0.0007911124822818
S13983,6,7,2025-10-09,32,14,0.0169527992716147,train,3,0.0008396548214281
S13984,6,12,2025-10-09,49,14,0.0039148654609616,train,3,0.0007682448133459
S14016,6,6,2025-10-09,55,26,0.0018746298831845,train,3,0.0008431537382067
S14018,6,6,2025-10-09,22,20,0.0055242477797414,train,3,0.0008035020664251
S14019,6,6,2025-10-09,36,13,0.0,train,3,0.0008031393561472
S14020,6,10,2025-10-09,59,20,0.0018810580857111,train,3,0.0008487704129015
S14025,6,6,2025-10-09,28,21,0.0,train,3,0.0008487386095477
S14027,6,10,2025-10-09,65,23,0.0,train,3,0.0008257318061235
S14029,6,20,2025-10-09,33,28,0.0018348691594305,train,3,0.000799261098802
S14032,6,17,2025-10-09,27,13,0.001879628158872,train,3,0.0008434567450887
S14038,6,20,2025-10-09,27,29,0.0037826462540766,train,3,0.0008236315709382
S14040,6,13,2025-10-09,40,20,0.0,train,3,0.000861401004745
S14316,6,6,2025-10-09,55,19,0.0,train,3,0.0008402786639536
S14317,6,10,2025-10-09,28,28,0.0,train,3,0.0008416417723513
S14318,6,18,2025-10-09,40,22,0.0,train,3,0.0008449732231504
S14322,6,13,2025-10-09,17,17,0.0,train,3,0.0008268195713821
S14493,6,19,2025-10-09,47,28,0.0,train,3,0.0008446217793038
S14632,6,7,2025-10-09,39,32,0.0,train,3,0.0006635989241381
S14781,6,22,2025-10-09,47,13,0.0,train,3,0.0007417122280061
S14960,6,12,2025-10-09,36,28,0.0,train,3,0.0006072372059707
S14963,6,17,2025-10-09,32,26,0.0,train,3,0.0008239469612576
S15116,6,22,2025-10-09,21,22,0.0,train,3,0.0007175578472191
S15119,6,22,2025-10-09,42,29,0.0,train,3,0.0006855842435167
S15125,6,19,2025-10-09,41,24,0.0,train,3,0.0008336634755579
S15127,6,19,2025-10-09,49,25,0.0,train,3,0.0008540941135894
S15132,6,19,2025-10-09,53,21,0.0040896766522252,train,3,0.0008319619701279
S15133,6,19,2025-10-09,19,24,0.0041871495789682,train,3,0.000833945171878
S15138,6,21,2025-10-09,33,23,0.0,train,3,0.0008125039310309
S15294,6,17,2025-10-09,49,31,0.0,train,3,0.0007920462300993
S15400,6,12,2025-10-09,38,18,0.0,train,3,0.0008300611966323
S15405,6,12,2025-10-09,41,13,0.0,train,3,0.0008404699705724
S15406,6,22,2025-10-09,34,14,0.0,train,3,0.0006511378337492
S15409,6,21,2025-10-09,46,17,0.0,train,3,0.0008502239863845
S15632,6,17,2025-10-09,56,14,0.0066297826645189,train,3,0.0007786307102376
S15634,6,17,2025-10-09,43,25,0.0,train,3,0.0008211341695309
S15648,6,10,2025-10-09,31,18,0.0016550943270559,train,3,0.0008549949089335
S15650,6,11,2025-10-09,28,20,0.0117083644636498,train,3,0.0008730528793737
S15652,6,18,2025-10-09,32,16,0.0099093800157513,train,3,0.0008343802312765
S15653,6,18,2025-10-09,48,23,0.0067169423721483,train,3,0.0008448922930532
S15654,6,18,2025-10-09,53,26,0.0082782835803493,train,3,0.0008055254804669
S15927,6,21,2025-10-09,19,20,0.0037857148297951,train,3,0.0008519591988808
S15928,6,19,2025-10-09,18,27,0.0,train,3,0.0008282228507318
S15929,6,19,2025-10-09,60,16,0.0,train,3,0.0008465057935915
S16139,6,21,2025-10-09,35,30,0.0,train,3,0.0008370921299352
S16146,6,21,2025-10-09,53,14,0.0,train,3,0.0008291595705717
S16203,6,7,2025-10-09,54,22,0.0,train,3,0.0008029028966738
S16205,6,12,2025-10-09,26,15,0.0,train,3,0.0007172316754115
S16207,6,6,2025-10-09,43,12,0.0,train,3,0.0006581609939325
S16208,6,18,2025-10-09,38,30,0.0,train,3,0.0008290904103805
S16209,6,11,2025-10-09,31,24,0.0,train,3,0.0008609060000436
S16516,6,18,2025-10-09,59,21,0.0,train,3,0.0008542485718424
S16816,6,21,2025-10-09,24,29,0.0,train,3,0.0007251659014547
S16818,6,19,2025-10-09,53,16,0.0,train,3,0.0008072904128797
S17217,6,20,2025-10-09,19,22,0.0026129564787651,train,3,0.0007621629150769
S17218,6,20,2025-10-09,23,22,0.0,train,3,0.0008098528713521
S17224,6,22,2025-10-09,39,31,0.0,train,3,0.0005831858206646
S17230,6,21,2025-10-09,31,16,0.0,train,3,0.0007727259256655
S17399,6,22,2025-10-09,26,19,0.0456163741673067,train,3,0.0008174060223723
S17404,6,20,2025-10-09,56,14,0.0169727038255624,train,3,0.0008328303863858
S17406,6,22,2025-10-09,55,20,0.0011135869936624,train,3,0.0005693191027703
S17409,6,22,2025-10-09,17,23,0.0262464312815538,train,3,0.0007811236070244
S17414,6,20,2025-10-09,59,22,0.0060611480814494,train,3,0.0007971580542494
S17416,6,19,2025-10-09,45,25,0.0079100954781947,train,3,0.0008522700705877
S17417,6,21,2025-10-09,24,15,0.0191594717287126,train,3,0.0008105672854818
S17418,6,21,2025-10-09,46,16,0.0125445836561219,train,3,0.0007687225864188
S17722,6,22,2025-10-09,47,31,0.0091023307094689,train,3,0.0006211549322374
S17723,6,19,2025-10-09,19,28,0.0070265474839799,train,3,0.0008637850932286
S17967,6,7,2025-10-09,31,29,0.0,train,3,0.0008111958461124
S17973,6,11,2025-10-09,39,24,0.0039641709139926,train,3,0.0007922609793643
S17979,6,10,2025-10-09,49,27,0.0,train,3,0.0008638702033115
S17980,6,11,2025-10-09,23,21,0.0,train,3,0.0008981395295001
S17982,6,10,2025-10-09,15,23,0.0,train,3,0.0008522267503544
S17983,6,10,2025-10-09,24,25,0.0,train,3,0.0008699603206493
S18021,6,20,2025-10-09,21,17,0.0,train,3,0.0006554009984388
S18065,6,19,2025-10-09,35,32,0.0,train,3,0.0008428074317455
S18689,6,19,2025-10-09,49,26,0.01113381184082,train,3,0.000844692421794
S18695,6,21,2025-10-09,43,30,0.0088936011255684,train,3,0.0008501605699445
S18707,6,20,2025-10-09,35,20,0.0021662003016117,train,3,0.0008002830537139
S18712,6,22,2025-10-09,19,21,0.0,train,3,0.000701143238365
S18714,6,20,2025-10-09,36,15,0.0044428949438604,train,3,0.0007578350611227
S18715,6,22,2025-10-09,48,24,0.0125703446095478,train,3,0.0008614301229365
S18735,6,13,2025-10-09,31,11,0.0,train,3,0.0006096064619348
S18825,6,6,2025-10-09,39,26,0.0098720147252587,train,3,0.0008587728328829
S18826,6,10,2025-10-09,40,28,0.0074840380677026,train,3,0.0008376756609262
S18830,6,6,2025-10-09,52,13,0.0042678894985873,train,3,0.000480354319169
S18838,6,10,2025-10-09,39,18,0.0020573448660552,train,3,0.0008309956585631
S18840,6,10,2025-10-09,59,17,0.0104193527422604,train,3,0.0008599683611039
S18843,6,11,2025-10-09,21,19,0.0086528082454124,train,3,0.0008753905202453
S18844,6,10,2025-10-09,33,15,0.0075143959324201,train,3,0.0008241332799151
S18845,6,20,2025-10-09,49,27,0.0010551546534018,train,3,0.0008075409632695
S18851,6,13,2025-10-09,39,14,0.0113892274199764,train,3,0.0008485931574904
S18853,6,17,2025-10-09,19,24,0.011593778761775,train,3,0.0008493052161173
S19143,6,20,2025-10-09,53,28,0.0087278423439085,train,3,0.0008468189900707
S19162,6,12,2025-10-09,50,30,0.0,train,3,0.0007842367400402
S19163,6,12,2025-10-09,48,26,0.0,train,3,0.0007437544776392
S19165,6,12,2025-10-09,19,26,0.0017396113351254,train,3,0.0008658544302189
S19167,6,6,2025-10-09,49,14,0.0,train,3,0.0008311284012371
S19169,6,18,2025-10-09,27,28,0.0,train,3,0.0008262778075167
S19170,6,18,2025-10-09,61,16,0.0029307528555675,train,3,0.0008575717009973
S19180,6,13,2025-10-09,38,24,0.0,train,3,0.000808767268361
S19181,6,17,2025-10-09,23,27,0.0,train,3,0.0009076963392216
S19343,6,12,2025-10-09,49,25,0.0,train,3,0.0008068247909782
S19344,6,7,2025-10-09,37,27,0.0052445523136178,train,3,0.0007412420289184
S19350,6,17,2025-10-09,35,31,0.0,train,3,0.0007831929220255
S19359,6,11,2025-10-09,34,25,0.0034214158603621,train,3,0.0008312869995035
S19368,6,18,2025-10-09,20,23,0.0,train,3,0.0008822144629074
S19374,6,6,2025-10-09,48,17,0.0051632072139458,train,3,0.0008362200010946
S19630,6,11,2025-10-09,40,32,0.0,train,3,0.0008330403911595
S19737,6,21,2025-10-09,62,16,0.0,train,3,0.0007868359143107
S19755,6,22,2025-10-09,59,20,0.0,train,3,0.0007823251849284
S19863,6,13,2025-10-09,46,30,0.0,train,3,0.0008422883808525
S19864,6,12,2025-10-09,48,24,0.0019654367857001,train,3,0.0008495303931964
S19875,6,12,2025-10-09,27,28,0.0019667667857807,train,3,0.0008185889349167
S19877,6,13,2025-10-09,41,31,0.0,train,3,0.0008286090746969
S19878,6,12,2025-10-09,55,15,0.0078214752215035,train,3,0.0008151617183243
S19956,6,13,2025-10-09,31,15,0.0019236500582513,train,3,0.0008528912804932
S19960,6,20,2025-10-09,58,26,0.0038752436647173,train,3,0.0008096348592019
S19968,6,18,2025-10-09,44,14,0.0,train,3,0.0008219530791525
S19970,6,6,2025-10-09,45,21,0.0,train,3,0.0008581538571316
S19972,6,6,2025-10-09,30,18,0.0,train,3,0.0007659583664142
S20190,6,20,2025-10-09,19,20,0.0,train,3,0.0007925035643971
S20446,6,17,2025-10-09,27,14,0.0,train,3,0.0008102477515786
S20465,6,11,2025-10-09,56,19,0.0,train,3,0.000880426210585
S20466,6,18,2025-10-09,14,24,0.0030974416503069,train,3,0.000854861482273
S20469,6,10,2025-10-09,23,29,0.0,train,3,0.0008068772261086
S20472,6,6,2025-10-09,26,19,0.0,train,3,0.0008579002203559
S20563,6,19,2025-10-09,34,19,0.0123440691963315,train,3,0.0008441333403864
S20566,6,20,2025-10-09,45,22,0.0062840597301773,train,3,0.0008332331970947
S20650,6,7,2025-10-09,52,14,0.0,train,3,0.0007137504990267
S20651,6,12,2025-10-09,23,27,0.0,train,3,0.0007786702532184
S20957,6,18,2025-10-09,47,30,0.0,train,3,0.0008456237849883
S20959,6,6,2025-10-09,61,16,0.0,train,3,0.0008615726417551
S21023,6,20,2025-10-09,15,20,0.0,train,3,0.0005843458113584
S21025,6,20,2025-10-09,52,16,0.0,train,3,0.0008326827258019
S21033,6,19,2025-10-09,36,18,0.0,train,3,0.0008304995479216
S21034,6,21,2025-10-09,36,15,0.0,train,3,0.0008239154878988
S21036,6,19,2025-10-09,41,30,0.0,train,3,0.0008502249117838
S21038,6,19,2025-10-09,54,14,0.0,train,3,0.0007573194060644
S21039,6,19,2025-10-09,26,23,0.0,train,3,0.0008518493362721
S21045,6,21,2025-10-09,36,22,0.0,train,3,0.0007902917603027
S21046,6,21,2025-10-09,63,20,0.0,train,3,0.0008630235452062
S21244,6,7,2025-10-09,48,28,0.0,train,3,0.0007678896232241
S21245,6,12,2025-10-09,27,17,0.0,train,3,0.0007222059666692
S21247,6,12,2025-10-09,61,25,0.0,train,3,0.0007811673896217
S21248,6,12,2025-10-09,35,17,0.0,train,3,0.0008220477928258
S21281,6,17,2025-10-09,56,30,0.0,train,3,0.0007923222767072
S21537,6,22,2025-10-09,20,24,0.0,train,3,0.0006855027203957
S21538,6,22,2025-10-09,51,28,0.0,train,3,0.0005269624170497
S21539,6,22,2025-10-09,45,22,0.0,train,3,0.0007523234363061
S21809,6,21,2025-10-09,59,28,0.0,train,3,0.0008341779538802
S21810,6,19,2025-10-09,41,11,0.0,train,3,0.0004619746139139
S21816,6,21,2025-10-09,22,14,0.0,train,3,0.0006183914891067
S21827,6,19,2025-10-09,34,18,0.0,train,3,0.000831949978557
S21828,6,20,2025-10-09,56,16,0.0,train,3,0.0007960462186297
S21872,6,6,2025-10-09,56,25,0.0,train,3,0.0008591660330278
S21878,6,18,2025-10-09,36,25,0.0,train,3,0.0008695808180825
S21880,6,10,2025-10-09,48,23,0.0,train,3,0.0008562120916587
S22212,6,20,2025-10-09,16,25,0.0,train,3,0.0007870022750192
S22244,6,17,2025-10-09,49,20,0.0,train,3,0.000737867956706
S22259,6,21,2025-10-09,16,19,0.0,train,3,0.0007707547905278
S22262,6,21,2025-10-09,47,16,0.0,train,3,0.0007835367776989
S22275,6,12,2025-10-09,48,21,0.0,train,3,0.0008382316751663
S22277,6,12,2025-10-09,40,19,0.0,train,3,0.0007324884882446
S22278,6,13,2025-10-09,24,26,0.0,train,3,0.0008703028359963
S22470,6,20,2025-10-09,36,11,0.0,train,3,0.0005113509433633
S22656,6,20,2025-10-09,45,28,0.0078653676940704,train,3,0.0008157363232001
S22676,6,18,2025-10-09,30,30,0.00792663476874,train,3,0.0008184640678583
S22680,6,18,2025-10-09,27,13,0.0062754308045367,train,3,0.0007960987521396
S22692,6,17,2025-10-09,33,23,0.0015792366916738,train,3,0.0008140881525382
S22700,6,7,2025-10-09,30,23,0.0081247384390039,train,3,0.0008137502302203
S22701,6,12,2025-10-09,58,18,0.0,train,3,0.0007979927845975
S23242,6,18,2025-10-09,38,27,0.0064939307226947,train,3,0.000837452594598
S23245,6,11,2025-10-09,64,18,0.0,train,3,0.0008580531388659
S23252,6,17,2025-10-09,38,22,0.0,train,3,0.0008209473970434
S23254,6,7,2025-10-09,42,22,0.0,train,3,0.0007935835223485
S23322,6,22,2025-10-09,33,22,0.0,train,3,0.0008484156683032
S23325,6,19,2025-10-09,23,23,0.0,train,3,0.0008485050264065
S23606,6,22,2025-10-09,46,23,0.0,train,3,0.0008668563961464
S23611,6,20,2025-10-09,51,20,0.0,train,3,0.000867096077901
S24120,6,7,2025-10-09,42,18,0.0,train,3,0.000772948528439
S24123,6,6,2025-10-09,59,24,0.0,train,3,0.0008580443937768
S24125,6,6,2025-10-09,29,14,0.006704302489495,train,3,0.0005374414422177
S24126,6,10,2025-10-09,25,15,0.0,train,3,0.0008594793539155
S24127,6,18,2025-10-09,37,16,0.010068065796937,train,3,0.0008687653297709
S24134,6,17,2025-10-09,38,25,0.0,train,3,0.0008491629035891
S24138,6,7,2025-10-09,21,21,0.0,train,3,0.0007231016501806
S24176,6,7,2025-10-09,29,31,0.0,train,3,0.0007700977589594
S24178,6,11,2025-10-09,36,11,0.0,train,3,0.0007201339257365
S24321,6,12,2025-10-09,36,25,0.0,train,3,0.0008052606422607
S24346,6,10,2025-10-09,31,20,0.0,train,3,0.0008363278209529
S24349,6,11,2025-10-09,41,27,0.0,train,3,0.0008266143706688
S24353,6,18,2025-10-09,53,21,0.0,train,3,0.0008635847820898
S24357,6,17,2025-10-09,13,20,0.0,train,3,0.0007917115027603
S24363,6,12,2025-10-09,22,24,0.0139591057184586,train,3,0.000836877630619
S24781,6,7,2025-10-09,53,26,0.0,train,3,0.0008737115157083
S24784,6,17,2025-10-09,65,22,0.0,train,3,0.0008288795741178
S24785,6,7,2025-10-09,46,22,0.0020605563087434,train,3,0.000800740559885
S24787,6,17,2025-10-09,43,22,0.0,train,3,0.0007879899015658
S24795,6,18,2025-10-09,41,20,0.0,train,3,0.0008705941928345
S24796,6,11,2025-10-09,41,23,0.0021008492165142,train,3,0.0008302553833101
S24797,6,10,2025-10-09,47,12,0.0041474212136005,train,3,0.0005438653654756
S24868,6,6,2025-10-09,49,22,0.0,train,3,0.0008191978429143
S24870,6,10,2025-10-09,40,25,0.0,train,3,0.000854926970661
S24879,6,12,2025-10-09,32,26,0.0,train,3,0.0008432240691337
S24880,6,12,2025-10-09,35,12,0.0020676027041081,train,3,0.0007267893816558
S24881,6,12,2025-10-09,56,19,0.0041879434416974,train,3,0.0007645415263859
S24882,6,7,2025-10-09,35,20,0.0020354921017172,train,3,0.0007982652288936
S24889,6,17,2025-10-09,31,31,0.002097789933985,train,3,0.0007518862769609
S25052,6,19,2025-10-09,32,11,0.0,train,3,0.0006557449146752
S25087,6,11,2025-10-09,55,30,0.0,train,3,0.0007782317086666
S25203,6,10,2025-10-09,29,30,0.0,train,3,0.0008317359135486
S25204,6,11,2025-10-09,36,20,0.0,train,3,0.0008314861355525
S25206,6,11,2025-10-09,34,13,0.0,train,3,0.0008327607641082
S25212,6,13,2025-10-09,43,14,0.0,train,3,0.0008219463433816
S25213,6,13,2025-10-09,45,18,0.0,train,3,0.000898318974437
S25248,6,21,2025-10-09,19,27,0.0,train,3,0.0008514668430875
S25249,6,19,2025-10-09,25,19,0.0,train,3,0.0008415629523558
S25250,6,19,2025-10-09,21,15,0.0,train,3,0.0004016654824649
S25252,6,19,2025-10-09,51,18,0.0,train,3,0.0008383064322975
S25254,6,22,2025-10-09,59,17,0.0,train,3,0.0006195744651566
S25273,6,10,2025-10-09,51,12,0.0,train,3,0.0005608871687513
S25355,6,6,2025-10-09,36,21,0.0,train,3,0.0007854152613556
S25358,6,6,2025-10-09,54,27,0.0,train,3,0.0008557229494117
S25363,6,10,2025-10-09,35,20,0.0,train,3,0.0008593987570803
S25369,6,13,2025-10-09,55,22,0.0,train,3,0.0007849067190544
S25370,6,13,2025-10-09,38,21,0.0,train,3,0.0007310298794513
S25374,6,17,2025-10-09,45,20,0.0,train,3,0.0008333372523599
S25378,6,7,2025-10-09,50,22,0.0,train,3,0.0007777421699132
S25768,6,13,2025-10-09,57,26,0.0,train,3,0.0007972923185231
S25770,6,12,2025-10-09,54,18,0.0,train,3,0.0007706059016959
S26042,6,20,2025-10-09,27,14,0.0,train,3,0.0007534128733525
S26130,6,10,2025-10-09,20,24,0.0,train,3,0.0008891473655398
S26132,6,6,2025-10-09,53,21,0.0,train,3,0.0008346131090764
S26133,6,6,2025-10-09,35,24,0.0,train,3,0.0008179865906038
S26181,6,13,2025-10-09,54,28,0.0,train,3,0.0008098528003595
S26186,6,21,2025-10-09,52,12,0.0,train,3,0.0005293452396573
S26369,6,21,2025-10-09,59,25,0.0,train,3,0.0008335767907972
S26497,6,7,2025-10-09,34,18,0.0,train,3,0.0008452365021398
S26498,6,7,2025-10-09,46,18,0.0,train,3,0.0008417677995847
S26499,6,20,2025-10-09,28,27,0.0,train,3,0.0008255828856945
S26588,6,19,2025-10-09,57,14,0.0,train,3,0.0007894297423213
S26646,6,17,2025-10-09,54,26,0.0110147454271445,train,3,0.000847856075253
S26658,6,11,2025-10-09,48,22,0.0024295396828888,train,3,0.0008149498186041
S26659,6,18,2025-10-09,45,20,0.002427706135209,train,3,0.0008578442681421
S26662,6,11,2025-10-09,32,20,0.0,train,3,0.0008680612958094
S26663,6,18,2025-10-09,45,21,0.0076002018564678,train,3,0.0008592759365475
S27060,6,20,2025-10-09,27,30,0.0048461446579055,train,3,0.0007801510451373
S27064,6,7,2025-10-09,13,22,0.0024871327163042,train,3,0.0008050742361524
S27253,6,17,2025-10-09,60,27,0.0,train,3,0.0008140256831529
S27471,6,6,2025-10-09,43,32,0.0,train,3,0.0008190498110253
S27484,6,11,2025-10-09,43,18,0.0,train,3,0.0008845005297594
S27488,6,17,2025-10-09,33,19,0.0,train,3,0.0008363949375604
S27769,6,20,2025-10-09,32,27,0.0,train,3,0.0006284280429334
S27781,6,13,2025-10-09,29,30,0.0046768107350215,train,3,0.0008344596487623
S27786,6,12,2025-10-09,57,23,0.0,train,3,0.0007783407242464
S27789,6,7,2025-10-09,32,19,0.0,train,3,0.0008183195553483
S27791,6,18,2025-10-09,19,27,0.0,train,3,0.0008751819735621
S27792,6,6,2025-10-09,26,26,0.0,train,3,0.0008752818739348
S27796,6,11,2025-10-09,49,15,0.0,train,3,0.0008746330131121
S27797,6,11,2025-10-09,25,19,0.0023171783574608,train,3,0.0008845392499295
S27808,6,17,2025-10-09,31,14,0.0,train,3,0.0008492180557627
S27813,6,17,2025-10-09,52,18,0.0,train,3,0.0008295705409665
S27814,6,17,2025-10-09,25,25,0.0023260276408837,train,3,0.000838258714178
S27935,6,21,2025-10-09,40,29,0.0023361301088157,train,3,0.0008433880334126
S27958,6,21,2025-10-09,48,13,0.0,train,3,0.0008489176270858
S28120,6,17,2025-10-09,44,27,0.0,train,3,0.0008432362690209
S28128,6,18,2025-10-09,27,25,0.0,train,3,0.0008815464260077
S28132,6,18,2025-10-09,52,28,0.0,train,3,0.0008534336746289
S28134,6,18,2025-10-09,46,15,0.0,train,3,0.0008411240299353
S28307,6,12,2025-10-09,49,22,0.0,train,3,0.0007937308990265
S28587,6,17,2025-10-09,27,24,0.0,train,3,0.0008622072861214
S28588,6,13,2025-10-09,50,24,0.0,train,3,0.0008464065083982
S28631,6,19,2025-10-09,20,15,0.0074427938181382,train,3,0.00058128907188
S28637,6,20,2025-10-09,34,17,0.002541776942452,train,3,0.000834819454602
S28644,6,22,2025-10-09,38,29,0.0036130476820518,train,3,0.0004337375708391
S28645,6,22,2025-10-09,43,28,0.0,train,3,0.0007244202952237
S28646,6,22,2025-10-09,28,25,0.0162779213842657,train,3,0.000822621418431
S28664,6,21,2025-10-09,44,21,0.0049023234251162,train,3,0.0007933489226436
S28665,6,21,2025-10-09,53,18,0.0162809977749387,train,3,0.0008255335031047
S28676,6,10,2025-10-09,53,13,0.0037636973593535,train,3,0.0008624099688856
S28678,6,10,2025-10-09,17,27,0.0113302177134389,train,3,0.0008153673485627
S28778,6,12,2025-10-09,60,28,0.0,train,3,0.0008263545592695
S28850,6,21,2025-10-09,21,29,0.0,train,3,0.0008374049785301
S28909,6,19,2025-10-09,27,13,0.0,train,3,0.0007776517778421
S28921,6,21,2025-10-09,47,14,0.0032727512182273,train,3,0.0007892019286929
S29054,6,18,2025-10-09,35,13,0.0,train,3,0.0008458881270212
S29056,6,13,2025-10-09,36,13,0.0,train,3,0.0008963917334234
S29139,6,6,2025-10-09,51,23,0.0056884774566897,train,3,0.0008388948298638
S29161,6,7,2025-10-09,21,18,0.0035471875869846,train,3,0.0008283774571779
S29162,6,20,2025-10-09,28,28,0.0,train,3,0.0008184466480725
S29163,6,13,2025-10-09,14,22,0.0126272950056703,train,3,0.0007797705456254
S29164,6,12,2025-10-09,41,14,0.0167597630798654,train,3,0.0004966682441601
S29365,6,21,2025-10-09,22,29,0.0,train,3,0.000776678259434
S29400,6,13,2025-10-09,42,29,0.0,train,3,0.0007678029033949
S29404,6,10,2025-10-09,27,29,0.0,train,3,0.0008369653769402
S29653,6,19,2025-10-09,24,26,0.0,train,3,0.0008704720866967
S29671,6,21,2025-10-09,27,28,0.0,train,3,0.0008127256683439
S29778,6,17,2025-10-09,36,24,0.0,train,3,0.0008324069347673
S29790,6,11,2025-10-09,56,26,0.0,train,3,0.0008383674170616
S29791,6,18,2025-10-09,43,12,0.0,train,3,0.0008367457601672
S29794,6,6,2025-10-09,48,29,0.0,train,3,0.0008459472683083
S30086,6,12,2025-10-09,15,23,0.0,train,3,0.0008057928989748
S30087,6,12,2025-10-09,54,29,0.0,train,3,0.0006948480371645
S30319,6,7,2025-10-09,25,24,0.0,train,3,0.000785384765903
S30321,6,13,2025-10-09,22,22,0.0,train,3,0.0008410586546682
S30382,6,10,2025-10-09,44,25,0.0024801884344371,train,3,0.0008623474612366
S30386,6,11,2025-10-09,60,22,0.0,train,3,0.0008587227614822
S30387,6,10,2025-10-09,42,31,0.0049301887260372,train,3,0.0008454789665522
S30442,6,6,2025-10-09,42,31,0.0081708927700477,train,3,0.0008429640375307
S30445,6,6,2025-10-09,18,20,0.0008892658278581,train,3,0.0005074025376339
S30446,6,6,2025-10-09,22,26,0.0158047924857358,train,3,0.0008626129565475
S30450,6,10,2025-10-09,35,29,0.0,train,3,0.0008487227169013
S30451,6,18,2025-10-09,49,29,0.0136227132018001,train,3,0.0007752961185198
S30452,6,11,2025-10-09,48,16,0.0185697899035641,train,3,0.0008163408642661
S30454,6,18,2025-10-09,57,25,0.0091277909093079,train,3,0.0008629759012422
S30455,6,11,2025-10-09,52,30,0.0085857669750287,train,3,0.0008333481364802
S30456,6,11,2025-10-09,45,14,0.0333031795490334,train,3,0.000649812805168
S30459,6,11,2025-10-09,28,22,0.0317944343746668,train,3,0.0008803227079502
S30460,6,11,2025-10-09,37,27,0.0027245417068678,train,3,0.0008338499776756
S30472,6,17,2025-10-09,52,22,0.0112549406942491,train,3,0.0008218968919578
S30473,6,17,2025-10-09,47,16,0.0088391855144068,train,3,0.0008431614843162
S30479,6,17,2025-10-09,37,19,0.0008198681942279,train,3,0.0008187444927686
S30480,6,7,2025-10-09,22,17,0.0146992559034501,train,3,0.0008597024869838
S30482,6,13,2025-10-09,26,22,0.0165917289098093,train,3,0.0008285429995935
S30485,6,7,2025-10-09,41,26,0.0142602044260812,train,3,0.0007645102007238
S30564,6,19,2025-10-09,44,22,0.0130328180518952,train,3,0.0007976311236385
S30565,6,19,2025-10-09,18,22,0.0264612855619279,train,3,0.0008170836872794
S30568,6,19,2025-10-09,55,22,0.0095948135004835,train,3,0.0008300601989866
S30576,6,19,2025-10-09,34,17,0.0,train,3,0.0008037842395061
S30578,6,21,2025-10-09,51,30,0.0190344359701051,train,3,0.0008511223673268
S30579,6,21,2025-10-09,16,22,0.0079975540679711,train,3,0.0008552610470966
S30580,6,22,2025-10-09,26,17,0.0,train,3,0.000583153478142
S30589,6,22,2025-10-09,33,15,0.0078319929821981,train,3,0.0006985786853924
S30598,6,22,2025-10-09,51,30,0.0,train,3,0.0007543131195772
S30599,6,22,2025-10-09,28,27,0.0154885710147956,train,3,0.0007456319389726
S30603,6,20,2025-10-09,43,16,0.0025039927852763,train,3,0.0008087976104402
S30637,6,21,2025-10-09,30,25,0.0161062813303246,train,3,0.000851843745071
S30638,6,21,2025-10-09,43,15,0.0152626939223804,train,3,0.0008056628561744
S30644,6,21,2025-10-09,59,23,0.0026956663231545,train,3,0.0008287551823093
S30650,6,21,2025-10-09,38,17,0.0,train,3,0.0008295136945911
S30658,6,12,2025-10-09,58,14,0.0026415936729313,train,3,0.0007776407358137
S30890,6,11,2025-10-09,23,17,0.0,train,3,0.0009084599677045
S31137,6,7,2025-10-09,17,22,0.0,train,3,0.0006781228411481
S31144,6,18,2025-10-09,24,23,0.0,train,3,0.0008797973974098
S31145,6,18,2025-10-09,44,31,0.0,train,3,0.0008233866451018
S31146,6,6,2025-10-09,41,14,0.0,train,3,0.0005506880331757
S31292,6,22,2025-10-09,37,16,0.0,train,3,0.000729597132401
S31374,6,20,2025-10-09,20,15,0.0,train,3,0.0006269505044167
S31412,6,22,2025-10-09,34,17,0.0031564874709041,train,3,0.0007744996648488
S31417,6,22,2025-10-09,34,29,0.0112356647579923,train,3,0.0005096440217053
S31426,6,21,2025-10-09,42,14,0.0,train,3,0.000844441682612
S31427,6,21,2025-10-09,28,18,0.0,train,3,0.000780216601763
S31428,6,21,2025-10-09,25,22,0.0031761551906491,train,3,0.0007891563200599
S31597,6,22,2025-10-09,19,15,0.0015694076038903,train,3,0.0004830433040426
S31731,6,12,2025-10-09,56,21,0.0,train,3,0.0008160352142811
S31732,6,12,2025-10-09,30,24,0.0,train,3,0.000797378910019
S31736,6,7,2025-10-09,33,25,0.0,train,3,0.0007987727596845
S31898,6,20,2025-10-09,27,15,0.0021854030903446,train,3,0.0006975303446947
S31905,6,19,2025-10-09,42,17,0.0043504901960784,train,3,0.0006060126912138
S31907,6,19,2025-10-09,24,16,0.0,train,3,0.0007687906865192
S31909,6,19,2025-10-09,51,15,0.0,train,3,0.0008318464119696
S31910,6,19,2025-10-09,26,17,0.0,train,3,0.0007010887189005
S31911,6,19,2025-10-09,16,20,0.0,train,3,0.0008188303299113
S31917,6,21,2025-10-09,17,22,0.0,train,3,0.0008597359435195
S32060,6,18,2025-10-09,36,31,0.0,train,3,0.0008466894454932
S32066,6,11,2025-10-09,18,21,0.002232042610906,train,3,0.0008688563142701
S32086,6,18,2025-10-09,51,12,0.0022059769992498,train,3,0.0008357893273272
S32096,6,11,2025-10-09,45,32,0.0043888116210786,train,3,0.0008555882732667
S32206,6,22,2025-10-09,31,12,0.0,train,3,0.0004515138553521
S32246,6,21,2025-10-09,40,24,0.0,train,3,0.0008537701523505
S32319,6,13,2025-10-09,58,28,0.0,train,3,0.0007198656572018
S32320,6,17,2025-10-09,50,13,0.0027036142481014,train,3,0.0008347047104081
S32322,6,13,2025-10-09,47,17,0.0,train,3,0.0008869122609219
S32324,6,7,2025-10-09,46,29,0.0,train,3,0.0007322296583542
S32330,6,7,2025-10-09,23,28,0.0,train,3,0.0007097933127709
S32333,6,12,2025-10-09,57,16,0.0,train,3,0.0007708135844244
S32336,6,10,2025-10-09,45,27,0.0081360704580427,train,3,0.0008539184799621
S32339,6,18,2025-10-09,34,30,0.0,train,3,0.0008304735328219
S32342,6,10,2025-10-09,32,13,0.0,train,3,0.0007035804996168
S32344,6,13,2025-10-09,33,16,0.0,train,3,0.0008836766390211
S32435,6,7,2025-10-09,38,11,0.0,train,3,0.000800511437634
S32437,6,12,2025-10-09,16,26,0.0082158266245681,train,3,0.0008202164153148
S32632,6,10,2025-10-09,43,32,0.0,train,3,0.0008397931491398
S32705,6,21,2025-10-09,24,27,0.0,train,3,0.0008427112755562
S32713,6,22,2025-10-09,36,25,0.0,train,3,0.000815782237773
S32934,6,7,2025-10-09,37,22,0.0,train,3,0.0006789562448546
S32936,6,17,2025-10-09,50,23,0.0,train,3,0.0008598543514546
S32943,6,6,2025-10-09,57,22,0.0,train,3,0.0008486901138061
S32944,6,10,2025-10-09,63,20,0.0,train,3,0.000868830354977
S32945,6,11,2025-10-09,46,25,0.0,train,3,0.0008214873152097
S33135,6,13,2025-10-09,26,30,0.0054908026293984,train,3,0.0007748337953301
S33138,6,13,2025-10-09,48,12,0.0017909522676987,train,3,0.00081846522687
S33258,6,21,2025-10-09,31,17,0.0017712108738805,train,3,0.000778027718095
S33260,6,19,2025-10-09,35,29,0.0,train,3,0.0008392353995211
S33261,6,19,2025-10-09,48,20,0.0054213844710604,train,3,0.0007891604945346
S33265,6,19,2025-10-09,45,30,0.0053794282869172,train,3,0.0008510958805138
S33436,6,10,2025-10-09,52,25,0.005373902512867,train,3,0.0008548896348374
S33445,6,12,2025-10-09,35,23,0.0018280258056922,train,3,0.000703766387475
S33450,6,17,2025-10-09,36,27,0.0,train,3,0.0008298181770019
S33451,6,17,2025-10-09,57,21,0.0018217740487003,train,3,0.0008527883109259
S33452,6,12,2025-10-09,43,17,0.0018265545007846,train,3,0.0005559777200338
S33491,6,17,2025-10-09,27,27,0.0052961924958173,train,3,0.0008410911083935
S33492,6,13,2025-10-09,34,22,0.0072697486305227,train,3,0.0008719813857356
S33497,6,13,2025-10-09,38,29,0.0052932593484072,train,3,0.0008123177916642
S33503,6,18,2025-10-09,35,19,0.0035511541250906,train,3,0.0008682544979321
S33504,6,10,2025-10-09,61,23,0.0018063596945543,train,3,0.0008543806362084
S33505,6,18,2025-10-09,57,16,0.0017927740743947,train,3,0.0008647424698172
S33511,6,6,2025-10-09,36,28,0.0017923861456124,train,3,0.000825328396583
S33559,6,19,2025-10-09,51,29,0.0,train,3,0.0008549946376505
S33699,6,12,2025-10-09,45,23,0.0,train,3,0.000809601323415
S33732,6,12,2025-10-09,28,16,0.0,train,3,0.000829420023663
S33978,6,12,2025-10-09,27,13,0.0113604265956109,train,3,0.0007366585751027
S34006,6,13,2025-10-09,59,21,0.0144405381061684,train,3,0.0008491906197037
S34010,6,11,2025-10-09,36,30,0.0,train,3,0.0008079884177047
S34542,6,17,2025-10-09,23,24,0.0,train,3,0.0008850234655365
S34660,6,22,2025-10-09,27,21,0.0,train,3,0.0008509962905386
S34661,6,22,2025-10-09,30,17,0.0,train,3,0.0008002975709782
S34662,6,22,2025-10-09,47,28,0.0,train,3,0.0005975710051259
S34785,6,22,2025-10-09,47,30,0.0,train,3,0.0005122028088052
S34786,6,22,2025-10-09,30,20,0.0,train,3,0.0008686327567669
S34802,6,13,2025-10-09,17,16,0.0,train,3,0.0008428293919311
S35008,6,19,2025-10-09,28,31,0.0,train,3,0.000847933455736
S35130,6,6,2025-10-09,33,23,0.0182783242093148,train,3,0.0008528861694965
S35131,6,6,2025-10-09,49,21,0.0134055850310594,train,3,0.0007908222128593
S35139,6,18,2025-10-09,35,28,0.0156162610209327,train,3,0.0008779654767962
S35140,6,18,2025-10-09,53,16,0.0008690801564694,train,3,0.000887595158059
S35141,6,11,2025-10-09,46,13,0.0291184093966337,train,3,0.0006736006978767
S35142,6,11,2025-10-09,55,14,0.0227747337274232,train,3,0.0008032724294744
S35143,6,10,2025-10-09,49,24,0.0383111637343594,train,3,0.0008246786952087
S35144,6,11,2025-10-09,20,20,0.0211655719388956,train,3,0.0008641242944805
S35145,6,10,2025-10-09,36,13,0.0083645011657999,train,3,0.0007109521232073
S35158,6,17,2025-10-09,39,14,0.0187884310297853,train,3,0.0008319823333685
S35160,6,13,2025-10-09,23,14,0.0168880866931111,train,3,0.000851269130905
S35165,6,17,2025-10-09,20,21,0.0161936559235037,train,3,0.0008706091295273
S35166,6,17,2025-10-09,33,20,0.0077028341579532,train,3,0.0008552468764765
S35167,6,13,2025-10-09,42,24,0.0184851909708474,train,3,0.0008548205812944
S35170,6,7,2025-10-09,38,21,0.0032452098873775,train,3,0.0007813944347702
S35172,6,17,2025-10-09,47,22,0.0023777060160267,train,3,0.0008436782238421
S35276,6,7,2025-10-09,58,14,0.0299989522403833,train,3,0.0006865223950024
S35278,6,19,2025-10-09,38,32,0.0174045725148831,train,3,0.0007289125337362
S35282,6,18,2025-10-09,63,17,0.0142661802543748,train,3,0.0008103404075847
S35542,6,6,2025-10-09,34,15,0.0,train,3,0.0006864801994728
S35659,6,18,2025-10-09,55,18,0.001997933726488,train,3,0.0008719245845162
S35661,6,11,2025-10-09,57,20,0.0,train,3,0.0008578871948638
S35662,6,10,2025-10-09,57,24,0.0,train,3,0.0008174332876388
S35663,6,11,2025-10-09,31,17,0.0,train,3,0.0008878067885131
S35668,6,10,2025-10-09,20,15,0.0039513122013658,train,3,0.0005333953999023
S35678,6,7,2025-10-09,47,20,0.0,train,3,0.0007751354162528
S35679,6,7,2025-10-09,41,23,0.0120049759055061,train,3,0.0007541163458265
S35830,6,7,2025-10-09,61,28,0.0,train,3,0.0008110326629897
S35833,6,6,2025-10-09,30,31,0.0059808180603858,train,3,0.000820158504874
S36006,6,22,2025-10-09,27,12,0.0,train,3,0.0005567269108714
S36113,6,13,2025-10-09,40,13,0.0,train,3,0.0008131518479554
S36303,6,12,2025-10-09,46,30,0.0,train,3,0.000729558859456
S36308,6,11,2025-10-09,38,26,0.0,train,3,0.0008483852121114
S36314,6,13,2025-10-09,47,12,0.0,train,3,0.000764607742339
S36316,6,17,2025-10-09,32,18,0.0,train,3,0.000849667477243
S36450,6,22,2025-10-09,42,23,0.0036694944662251,train,3,0.0007866885868408
S36786,6,10,2025-10-09,41,21,0.0,train,3,0.000819620192522
S36789,6,18,2025-10-09,44,23,0.0,train,3,0.0008367317094449
S36798,6,17,2025-10-09,40,29,0.0,train,3,0.0008252194107235
S36930,6,12,2025-10-09,61,27,0.0,train,3,0.0007649715956976
S36932,6,12,2025-10-09,20,22,0.0,train,3,0.0008398300846337
S36977,6,17,2025-10-09,27,12,0.0,train,3,0.0008214819675299
S36979,6,10,2025-10-09,61,28,0.0,train,3,0.0007186328952345
S37204,6,22,2025-10-09,50,12,0.0,train,3,0.0005830761766439
S37206,6,19,2025-10-09,40,11,0.0,train,3,0.0004993642575753
S37216,6,12,2025-10-09,38,15,0.0,train,3,0.000698589921042
S37262,6,10,2025-10-09,31,32,0.0,train,3,0.0008081531046308
S37542,6,19,2025-10-09,26,18,0.0,train,3,0.0008008896629233
S37544,6,22,2025-10-09,37,22,0.0,train,3,0.0006010998352688
S37549,6,19,2025-10-09,52,18,0.0,train,3,0.0008593942324235
S37553,6,19,2025-10-09,37,14,0.0,train,3,0.0006382935567235
S37556,6,21,2025-10-09,34,19,0.0,train,3,0.0008452302065018
S37559,6,21,2025-10-09,34,23,0.0056180092804539,train,3,0.0008195118373202
S37642,6,18,2025-10-09,55,27,0.0,train,3,0.0008270957830499
S37643,6,18,2025-10-09,60,27,0.0,train,3,0.00079702166687
S37644,6,6,2025-10-09,25,14,0.0,train,3,0.000820858620351
S37646,6,18,2025-10-09,46,24,0.0,train,3,0.0008321758331145
S37652,6,13,2025-10-09,13,21,0.0,train,3,0.0008247513083307
S37657,6,7,2025-10-09,45,25,0.0,train,3,0.0008322482467181
S37920,6,12,2025-10-09,36,26,0.0,train,3,0.0008061862076444
S37922,6,12,2025-10-09,59,20,0.0,train,3,0.0007922135406608
S37924,6,12,2025-10-09,37,14,0.012217606135844,train,3,0.0007947664070697
S37925,6,7,2025-10-09,51,30,0.0028291039083757,train,3,0.000770959333572
S38157,6,21,2025-10-09,43,23,0.0027173393038253,train,3,0.0008005086058528
S38159,6,21,2025-10-09,32,27,0.0069370584080776,train,3,0.0008362636193726
S38160,6,20,2025-10-09,27,18,0.0081109751121991,train,3,0.0007294262687959
S38165,6,20,2025-10-09,35,18,0.0054502785454226,train,3,0.0008139726807978
S38168,6,22,2025-10-09,47,20,0.0041921824653744,train,3,0.0008348768924015
S38170,6,20,2025-10-09,22,16,0.0067685351636977,train,3,0.0007219265459834
S38273,6,11,2025-10-09,52,29,0.0069327039498278,train,3,0.0008174256163188
S38275,6,10,2025-10-09,64,18,0.0108163104302856,train,3,0.0008215544858225
S38276,6,18,2025-10-09,60,19,0.0153233830845771,train,3,0.0008411261121737
S38279,6,18,2025-10-09,27,26,0.0083257948872583,train,3,0.000850452580559
S38280,6,11,2025-10-09,28,30,0.001420008114332,train,3,0.0008537717738622
S38282,6,6,2025-10-09,13,23,0.0013658048630347,train,3,0.0008097554671856
S38284,6,6,2025-10-09,30,29,0.0,train,3,0.0008422471327935
S38707,6,12,2025-10-09,45,14,0.0,train,3,0.0006828738524384
S38710,6,6,2025-10-09,26,29,0.0,train,3,0.0008626945706558
S38772,6,13,2025-10-09,55,17,0.0,train,3,0.0008682545432326
S38781,6,11,2025-10-09,52,16,0.0,train,3,0.0008708005755745
S38782,6,10,2025-10-09,20,25,0.0,train,3,0.0008644354132082
S38835,6,19,2025-10-09,17,19,0.0,train,3,0.0007053869178059
S38839,6,20,2025-10-09,47,12,0.0,train,3,0.0006897335801301
S39303,6,21,2025-10-09,15,25,0.0,train,3,0.0008313675448425
S39456,6,22,2025-10-09,29,26,0.0,train,3,0.0007793121776669
S39457,6,20,2025-10-09,53,23,0.0,train,3,0.0008172589518446
S39788,6,22,2025-10-09,43,17,0.0,train,3,0.0008149646288792
S39888,6,7,2025-10-09,44,32,0.0,train,3,0.0008051960288533
S39971,6,19,2025-10-09,53,25,0.0039127696425759,train,3,0.0007144865287835
S40273,6,21,2025-10-09,27,14,0.0083127605055228,train,3,0.0008428894079615
S40277,6,19,2025-10-09,54,23,0.0016608353634288,train,3,0.0008493329040851
S40325,6,21,2025-10-09,27,21,0.0038758783114584,train,3,0.0008158028861355
S40333,6,19,2025-10-09,23,24,0.0019561538158775,train,3,0.0008516020913551
S40372,6,6,2025-10-09,50,31,0.0019483090480726,train,3,0.0008298284514957
S40377,6,6,2025-10-09,51,12,0.0057607158587755,train,3,0.0005668190725292
S40664,6,13,2025-10-09,40,32,0.0,train,3,0.0008415319043866
S40787,6,7,2025-10-09,48,15,0.0,train,3,0.0008315973247358
S40788,6,7,2025-10-09,63,20,0.0,train,3,0.0007413167929613
S40790,6,12,2025-10-09,52,21,0.0,train,3,0.0007750866657164
S40793,6,6,2025-10-09,14,24,0.0,train,3,0.000821954526407
S40794,6,18,2025-10-09,29,21,0.0042161877857803,train,3,0.000884430026569
S40795,6,18,2025-10-09,33,20,0.0,train,3,0.0008829127673401
S40804,6,13,2025-10-09,49,15,0.0,train,3,0.0008887194310878
S40805,6,13,2025-10-09,43,17,0.0042353201842406,train,3,0.000843206447677
S40806,6,17,2025-10-09,22,20,0.0,train,3,0.000876171409558
S40960,6,20,2025-10-09,23,20,0.0021190957387841,train,3,0.0007938652819211
S40964,6,21,2025-10-09,52,28,0.0064190323663885,train,3,0.0008356428690791
S41173,6,22,2025-10-09,50,23,0.0,train,3,0.0008039538037317
S41174,6,19,2025-10-09,40,22,0.0,train,3,0.0008173244235405
S41175,6,19,2025-10-09,42,15,0.0,train,3,0.0004940898389797
S41270,6,13,2025-10-09,33,18,0.0,train,3,0.0008731237151274
S41273,6,17,2025-10-09,19,18,0.0,train,3,0.0008141185523731
S41753,6,20,2025-10-09,45,23,0.0,train,3,0.0007446747760736
S41757,6,22,2025-10-09,46,15,0.0,train,3,0.0007902687461644
S41758,6,22,2025-10-09,25,16,0.0112395632626846,train,3,0.0006326249599598
S41759,6,22,2025-10-09,36,27,0.0045239395594392,train,3,0.0006912202854755
S41767,6,19,2025-10-09,27,17,0.0045994243778746,train,3,0.0008048395558219
S41772,6,21,2025-10-09,46,25,0.0,train,3,0.0008458849382569
S41777,6,21,2025-10-09,22,17,0.0,train,3,0.0008427848446881
S42237,6,22,2025-10-09,43,13,0.0135005188328163,train,3,0.0003538085919353
S42657,6,12,2025-10-09,43,12,0.0024602255289237,train,3,0.0006556277867285
S42708,6,20,2025-10-09,44,32,0.0,train,3,0.0008257400469512
S42714,6,10,2025-10-09,59,14,0.0,train,3,0.000754875959511
S42715,6,11,2025-10-09,40,32,0.0025206802286363,train,3,0.0008171076568319
S42899,6,13,2025-10-09,28,26,0.0,train,3,0.0008574851270364
S42900,6,13,2025-10-09,58,27,0.0,train,3,0.0008691622755265
S42903,6,11,2025-10-09,49,20,0.0,train,3,0.0008470955781455
S43064,6,13,2025-10-09,36,19,0.0120650834784825,train,3,0.0008710150119181
S43069,6,20,2025-10-09,34,26,0.0068903914788099,train,3,0.0008540655333206
S43070,6,13,2025-10-09,61,19,0.0158292116306954,train,3,0.0008428953285137
S43073,6,12,2025-10-09,18,20,0.0090688465959892,train,3,0.0008484234528694
S43079,6,10,2025-10-09,44,14,0.0086261759022482,train,3,0.0004983319297832
S43081,6,18,2025-10-09,19,26,0.0149129173394545,train,3,0.0007921610542574
S43082,6,11,2025-10-09,29,19,0.0077056055567183,train,3,0.0008592729254671
S43083,6,18,2025-10-09,57,26,0.0107696550637275,train,3,0.0008660041579071
S43090,6,6,2025-10-09,14,19,0.0080491043954264,train,3,0.0008056418615439
S43094,6,18,2025-10-09,19,22,0.0028734136964125,train,3,0.0008799718677808
S43095,6,18,2025-10-09,23,17,0.0142923460563559,train,3,0.0008472977188529
S43099,6,10,2025-10-09,37,24,0.0075062064017972,train,3,0.0008370555132088
S43102,6,6,2025-10-09,57,16,0.0108408338736895,train,3,0.0008167045359741
S43231,6,12,2025-10-09,63,18,0.0137212677678388,train,3,0.0008575372779413
S43247,6,19,2025-10-09,43,20,0.013096918704237,train,3,0.0007819457458591
S43249,6,21,2025-10-09,47,25,0.0119009847645843,train,3,0.0007419376995575
S43250,6,19,2025-10-09,45,24,0.01061650286531,train,3,0.0007573415682201
S43253,6,19,2025-10-09,15,24,0.0146554062820679,train,3,0.0008300486524693
S43254,6,22,2025-10-09,30,14,0.0109839329592326,train,3,0.0005938098405677
S43256,6,22,2025-10-09,34,20,0.0097092309976479,train,3,0.000730966690077
S43258,6,20,2025-10-09,25,24,0.0145582152858331,train,3,0.0008064928408874
S43260,6,22,2025-10-09,38,20,0.0131019155036967,train,3,0.0007923749623254
S43263,6,22,2025-10-09,51,26,0.000940400909748,train,3,0.0005873408436209
S43264,6,22,2025-10-09,22,28,0.0077877867290316,train,3,0.0007878361128448
S43278,6,22,2025-10-09,59,19,0.0,train,3,0.0008449806618499
S43599,6,6,2025-10-09,24,30,0.0037845473201673,train,3,0.0008230025038095
S43623,6,21,2025-10-09,36,18,0.0104970699599855,train,3,0.0008192643227993
S43626,6,19,2025-10-09,49,30,0.0165580954172741,train,3,0.0008168794435774
S00022,6,19,2025-10-09,44,14,0.0,train,4,0.0005818968458109
S00087,6,13,2025-10-09,31,29,0.0071833265884257,train,4,0.0008559121633836
S00099,6,7,2025-10-09,34,16,0.002429023161249,train,4,0.0008001493887064
S00101,6,12,2025-10-09,35,19,0.0047811447811447,train,4,0.0008141881899679
S00106,6,18,2025-10-09,37,23,0.0,train,4,0.0008529011805385
S00108,6,10,2025-10-09,55,18,0.0,train,4,0.0008727269445619
S00111,6,10,2025-10-09,54,15,0.0,train,4,0.0008601635816821
S00113,6,11,2025-10-09,52,20,0.0,train,4,0.0008513477173704
S00121,6,17,2025-10-09,49,27,0.0,train,4,0.0008246317561227
S00124,6,17,2025-10-09,30,19,0.0,train,4,0.000814894698776
S00356,6,22,2025-10-09,38,28,0.0,train,4,0.000772496659914
S00363,6,19,2025-10-09,32,30,0.0,train,4,0.000822803326386
S00605,6,22,2025-10-09,49,21,0.0,train,4,0.0007948138444961
S00883,6,18,2025-10-09,30,12,0.0,train,4,0.0008683736194886
S00886,6,7,2025-10-09,34,11,0.0,train,4,0.0007921540635653
S00937,6,22,2025-10-09,51,19,0.0,train,4,0.0007685246091619
S00942,6,21,2025-10-09,44,19,0.0,train,4,0.0008564045099531
S01153,6,20,2025-10-09,47,25,0.0,train,4,0.0008225272524469
S01162,6,17,2025-10-09,39,18,0.0,train,4,0.0008447853412876
S01165,6,10,2025-10-09,58,16,0.0,train,4,0.000870624082864
S01460,6,20,2025-10-09,32,19,0.0,train,4,0.0007802165631405
S01468,6,21,2025-10-09,42,12,0.0,train,4,0.0007550903048897
S01469,6,21,2025-10-09,35,22,0.0,train,4,0.0008479301162982
S01478,6,11,2025-10-09,49,31,0.0014308746473196,train,4,0.0008215240316653
S01535,6,20,2025-10-09,50,23,0.0,train,4,0.000850460392689
S01543,6,21,2025-10-09,35,31,0.0073840978920406,train,4,0.0008015890950295
S01557,6,21,2025-10-09,37,13,0.020208885171244,train,4,0.0008527593017001
S01947,6,20,2025-10-09,44,31,0.0,train,4,0.0008265213172716
S01948,6,12,2025-10-09,32,23,0.0,train,4,0.0007785326975153
S01950,6,12,2025-10-09,22,28,0.0,train,4,0.0008122120588511
S02028,6,10,2025-10-09,59,22,0.0,train,4,0.0008134839327419
S02032,6,18,2025-10-09,40,26,0.0,train,4,0.0008420075580189
S02033,6,10,2025-10-09,38,17,0.0098931066743635,train,4,0.0008499549577233
S02034,6,10,2025-10-09,15,24,0.0,train,4,0.0008550908211161
S02035,6,10,2025-10-09,54,16,0.0,train,4,0.0008550519426513
S02042,6,13,2025-10-09,28,18,0.0,train,4,0.0008580756694729
S02044,6,20,2025-10-09,51,30,0.0,train,4,0.0007838603668954
S02363,6,19,2025-10-09,52,26,0.0,train,4,0.0008405489887759
S02413,6,11,2025-10-09,15,20,0.0,train,4,0.0008779147657774
S02480,6,21,2025-10-09,34,29,0.0,train,4,0.000817971777723
S02481,6,22,2025-10-09,13,20,0.0,train,4,0.000691067574546
S02485,6,22,2025-10-09,35,19,0.0,train,4,0.0008436548001284
S02512,6,6,2025-10-09,57,14,0.0,train,4,0.0007337646387501
S02650,6,7,2025-10-09,44,19,0.0,train,4,0.0008269899759946
S02788,6,13,2025-10-09,51,27,0.0,train,4,0.0008431229490726
S02789,6,12,2025-10-09,28,23,0.0,train,4,0.0007901141975832
S02819,6,12,2025-10-09,40,17,0.0,train,4,0.0006359626144126
S02820,6,11,2025-10-09,40,20,0.0,train,4,0.0008149529531822
S02822,6,11,2025-10-09,59,26,0.0,train,4,0.0008375136359256
S02964,6,19,2025-10-09,34,31,0.0,train,4,0.0008369881792962
S02972,6,12,2025-10-09,49,12,0.0,train,4,0.0005908014148053
S03126,6,22,2025-10-09,43,11,0.0,train,4,0.0005698180294634
S03155,6,6,2025-10-09,15,26,0.0060017630933835,train,4,0.0008608091926392
S03184,6,10,2025-10-09,13,20,0.0,train,4,0.0007161287676565
S03652,6,18,2025-10-09,34,29,0.0,train,4,0.0008394641266026
S03727,6,7,2025-10-09,37,29,0.0,train,4,0.0006710372328126
S03730,6,7,2025-10-09,57,25,0.0,train,4,0.0007870106629474
S03731,6,12,2025-10-09,43,16,0.0,train,4,0.0005524971584389
S03732,6,12,2025-10-09,47,16,0.0,train,4,0.0008022651630454
S03824,6,19,2025-10-09,59,15,0.0,train,4,0.0007863288464319
S03996,6,12,2025-10-09,23,25,0.0,train,4,0.000844787268266
S04014,6,10,2025-10-09,20,14,0.0,train,4,0.0005749145902569
S04070,6,11,2025-10-09,41,12,0.0,train,4,0.0005216938040303
S04072,6,6,2025-10-09,41,13,0.0,train,4,0.0006297805660097
S04320,6,12,2025-10-09,35,16,0.0,train,4,0.0008034050962483
S04324,6,18,2025-10-09,52,20,0.0,train,4,0.0008395950313395
S04331,6,12,2025-10-09,32,27,0.0,train,4,0.0007414127204737
S04333,6,13,2025-10-09,49,18,0.0,train,4,0.000877001180861
S04413,6,7,2025-10-09,22,20,0.0,train,4,0.0008068607302416
S04424,6,11,2025-10-09,31,25,0.0,train,4,0.000867414958455
S04425,6,10,2025-10-09,54,21,0.0,train,4,0.0008718690178906
S04428,6,6,2025-10-09,47,15,0.0,train,4,0.0007765836193556
S04430,6,6,2025-10-09,40,16,0.0,train,4,0.0008446883276982
S04462,6,11,2025-10-09,20,29,0.0,train,4,0.0008403809926229
S04547,6,19,2025-10-09,23,21,0.0,train,4,0.0008629011888596
S04548,6,19,2025-10-09,17,18,0.0,train,4,0.000659151643114
S04695,6,6,2025-10-09,19,22,0.0,train,4,0.0007723328476807
S04697,6,11,2025-10-09,48,17,0.0,train,4,0.0008111122739688
S04699,6,17,2025-10-09,35,25,0.0,train,4,0.0008255343188114
S04703,6,20,2025-10-09,43,25,0.0,train,4,0.0007680793685268
S04775,6,17,2025-10-09,45,26,0.0,train,4,0.0008214893840811
S04776,6,17,2025-10-09,41,27,0.0,train,4,0.0008384892661085
S04777,6,17,2025-10-09,36,17,0.0,train,4,0.0008565055821538
S04789,6,11,2025-10-09,24,29,0.0,train,4,0.0008477499766695
S04794,6,10,2025-10-09,56,28,0.0,train,4,0.0008252859372621
S04795,6,10,2025-10-09,51,19,0.0,train,4,0.0008737404358153
S04916,6,20,2025-10-09,31,14,0.0,train,4,0.000689262568921
S04917,6,22,2025-10-09,46,12,0.0,train,4,0.0006488665817579
S04919,6,20,2025-10-09,19,21,0.0,train,4,0.000711546876787
S04923,6,21,2025-10-09,58,18,0.0,train,4,0.0008675088012257
S04926,6,19,2025-10-09,22,21,0.0,train,4,0.0008418190804298
S05169,6,10,2025-10-09,59,26,0.0,train,4,0.0008547746298345
S05353,6,20,2025-10-09,31,21,0.0052198206146154,train,4,0.0008512884620779
S05358,6,19,2025-10-09,31,15,0.0,train,4,0.0008172069360459
S05359,6,19,2025-10-09,23,27,0.0052266274056157,train,4,0.0008620583019419
S05360,6,19,2025-10-09,31,27,0.0017323350621828,train,4,0.0008442171043367
S05362,6,19,2025-10-09,37,19,0.0,train,4,0.0007220950061625
S05872,6,7,2025-10-09,61,22,0.0,train,4,0.0006817749361035
S06227,6,19,2025-10-09,32,20,0.0134988320929979,train,4,0.0008393312025235
S06236,6,21,2025-10-09,19,23,0.0109013768511032,train,4,0.0008535137435964
S06428,6,13,2025-10-09,33,24,0.006075497530683,train,4,0.0008842465321324
S06430,6,13,2025-10-09,27,17,0.003109884677717,train,4,0.000832112556863
S06431,6,17,2025-10-09,56,17,0.0091889843121666,train,4,0.0008436789074352
S06441,6,18,2025-10-09,34,12,0.0046086795252225,train,4,0.0008464520310639
S06447,6,11,2025-10-09,28,13,0.0046353292296213,train,4,0.0005665408524441
S06450,6,6,2025-10-09,20,16,0.0015473899858648,train,4,0.0004805258401717
S06453,6,10,2025-10-09,32,26,0.001502986315869,train,4,0.0008542865767743
S06455,6,10,2025-10-09,41,26,0.0061626212839827,train,4,0.0008322791819007
S06526,6,7,2025-10-09,41,13,0.0,train,4,0.0006954276218174
S06670,6,6,2025-10-09,33,13,0.0,train,4,0.0004930687871402
S06674,6,10,2025-10-09,54,23,0.0,train,4,0.0008481082103288
S06682,6,17,2025-10-09,41,31,0.0046147989266181,train,4,0.0008330205191473
S06689,6,13,2025-10-09,33,23,0.0,train,4,0.0008586913797631
S06691,6,7,2025-10-09,32,24,0.0,train,4,0.0008487051482724
S07061,6,17,2025-10-09,34,30,0.0,train,4,0.0008477935039765
S07258,6,12,2025-10-09,38,13,0.0,train,4,0.0005299677296989
S07260,6,7,2025-10-09,33,17,0.0100161225312374,train,4,0.000839628411687
S07266,6,13,2025-10-09,45,22,0.0146465092977337,train,4,0.0008491547442511
S07271,6,13,2025-10-09,38,31,0.0,train,4,0.0006897177741192
S07490,6,20,2025-10-09,49,26,0.0085983183972872,train,4,0.0008325234633516
S07492,6,17,2025-10-09,32,17,0.0044579588468507,train,4,0.0008524555060401
S07495,6,17,2025-10-09,43,13,0.0042713740589226,train,4,0.000785474300912
S07497,6,13,2025-10-09,49,22,0.0028702275969207,train,4,0.0008190753594238
S07500,6,17,2025-10-09,33,29,0.0057978622570249,train,4,0.0008101384389341
S07505,6,11,2025-10-09,36,17,0.0,train,4,0.000853911891735
S07510,6,10,2025-10-09,40,24,0.0073764044110007,train,4,0.0008380489991768
S07513,6,6,2025-10-09,18,17,0.004414599266306,train,4,0.0007056169673422
S07514,6,6,2025-10-09,31,19,0.0043825228164543,train,4,0.0008344746442121
S07516,6,6,2025-10-09,38,24,0.0043005728328401,train,4,0.0008285886246267
S07517,6,10,2025-10-09,59,27,0.0014857997010463,train,4,0.0008364262042365
S07621,6,12,2025-10-09,63,17,0.0082649953748453,train,4,0.000843286177487
S07712,6,13,2025-10-09,28,15,0.0133747763021569,train,4,0.0008132132568823
S07717,6,12,2025-10-09,24,17,0.0123878364905284,train,4,0.0007794217328915
S07719,6,7,2025-10-09,54,16,0.029637237038264,train,4,0.0007835065902264
S08102,6,13,2025-10-09,43,27,0.0,train,4,0.000861582517671
S08105,6,11,2025-10-09,26,23,0.0,train,4,0.0008809890985628
S08106,6,10,2025-10-09,44,17,0.0,train,4,0.0008622355270065
S08168,6,13,2025-10-09,54,19,0.0137156419030798,train,4,0.0008220722516923
S08173,6,17,2025-10-09,25,29,0.0011828179626496,train,4,0.0007991090929241
S08174,6,17,2025-10-09,50,16,0.0124854123703099,train,4,0.00085240837284
S08175,6,17,2025-10-09,28,15,0.0044779918414052,train,4,0.000865510676364
S08187,6,18,2025-10-09,49,13,0.0046753918698039,train,4,0.0008019922220858
S08188,6,11,2025-10-09,25,26,0.0155598262193066,train,4,0.0008466099348832
S08189,6,10,2025-10-09,56,17,0.0134087858573731,train,4,0.0008411719812146
S08192,6,11,2025-10-09,14,23,0.0194444444444444,train,4,0.0008512698824208
S08195,6,18,2025-10-09,18,21,0.0148710264713938,train,4,0.0007853537411257
S08200,6,6,2025-10-09,55,14,0.0011289117245546,train,4,0.0006834874102968
S08203,6,6,2025-10-09,58,21,0.0113537197710066,train,4,0.0008501685116512
S08300,6,21,2025-10-09,60,22,0.001175933352735,train,4,0.0007924856758975
S08309,6,20,2025-10-09,20,19,0.013135164616024,train,4,0.000669812636587
S08311,6,22,2025-10-09,36,13,0.0081008331354112,train,4,0.0003412483848036
S08314,6,22,2025-10-09,42,30,0.0081781852374236,train,4,0.0007044290822591
S08330,6,19,2025-10-09,39,27,0.0103487048502179,train,4,0.0008422508320327
S08346,6,12,2025-10-09,33,11,0.007812307022094,train,4,0.0006207368966808
S08644,6,21,2025-10-09,29,29,0.0022326592678944,train,4,0.000829701291709
S08654,6,22,2025-10-09,35,24,0.0093863463599578,train,4,0.0007950827172772
S08662,6,19,2025-10-09,26,25,0.0127917152176252,train,4,0.0008498314229746
S08887,6,21,2025-10-09,18,18,0.0,train,4,0.000859495822393
S09143,6,7,2025-10-09,26,20,0.0,train,4,0.0008173205022606
S09381,6,19,2025-10-09,40,12,0.0,train,4,0.0005996024495611
S09760,6,19,2025-10-09,60,26,0.0080787392615349,train,4,0.0007725198355753
S09763,6,21,2025-10-09,41,17,0.0115706968803352,train,4,0.0008626457308138
S10034,6,17,2025-10-09,55,18,0.0166006341180158,train,4,0.0008556386927274
S10035,6,13,2025-10-09,51,20,0.0013012446916023,train,4,0.0008507341935396
S10042,6,18,2025-10-09,28,20,0.0052966722617429,train,4,0.0008763826308611
S10043,6,18,2025-10-09,57,17,0.0053501264868938,train,4,0.0007992940477003
S10046,6,18,2025-10-09,41,31,0.0051797136566746,train,4,0.0008541058500746
S10056,6,6,2025-10-09,42,21,0.0025552436478802,train,4,0.0007925565682954
S10085,6,11,2025-10-09,53,21,0.0120724834823163,train,4,0.0008665307226966
S10217,6,6,2025-10-09,49,13,0.0,train,4,0.000814902391829
S10218,6,6,2025-10-09,53,17,0.0,train,4,0.0008257018414926
S10219,6,18,2025-10-09,39,14,0.0,train,4,0.0004543692299974
S10259,6,20,2025-10-09,15,21,0.0,train,4,0.0007439191980648
S10260,6,22,2025-10-09,54,26,0.0,train,4,0.0007695392308394
S10265,6,21,2025-10-09,54,15,0.0,train,4,0.0008216081824872
S10437,6,10,2025-10-09,24,23,0.0,train,4,0.0008357550054132
S10495,6,12,2025-10-09,54,23,0.0,train,4,0.0007380300056998
S10699,6,12,2025-10-09,28,29,0.0,train,4,0.0008288052015355
S10702,6,12,2025-10-09,32,17,0.0,train,4,0.0006826604805687
S10828,6,20,2025-10-09,42,13,0.0222721141479459,train,4,0.0007105279441977
S10908,6,7,2025-10-09,27,25,0.0137630520125755,train,4,0.0008102994773048
S10910,6,7,2025-10-09,56,21,0.0174620323767863,train,4,0.0007907110389547
S10913,6,13,2025-10-09,16,20,0.0123672218852548,train,4,0.0007883245969144
S10923,6,13,2025-10-09,56,21,0.0131384738750567,train,4,0.0008444808872014
S10925,6,13,2025-10-09,28,13,0.0087975501389552,train,4,0.0008353115684633
S10939,6,11,2025-10-09,51,18,0.0182477999835512,train,4,0.0008542392107317
S10940,6,11,2025-10-09,40,31,0.0241928614021637,train,4,0.0008458848789114
S10942,6,10,2025-10-09,50,20,0.0239268713930662,train,4,0.0008455687982518
S10943,6,11,2025-10-09,17,25,0.0110461627364256,train,4,0.0008595672902369
S10951,6,10,2025-10-09,54,29,0.0,train,4,0.000837310424323
S10955,6,6,2025-10-09,27,28,0.0133076284574396,train,4,0.0008022525458881
S11268,6,22,2025-10-09,51,18,0.0170098959555659,train,4,0.0007359639747814
S11270,6,20,2025-10-09,27,17,0.0022216957304998,train,4,0.0006295872436961
S11274,6,22,2025-10-09,45,16,0.0159250465415092,train,4,0.0006886110269519
S11275,6,20,2025-10-09,24,19,0.0015722449728495,train,4,0.0007403525388804
S11285,6,19,2025-10-09,52,24,0.0219432061775309,train,4,0.0007928311565373
S11299,6,21,2025-10-09,53,23,0.0021523350886917,train,4,0.0008426768054437
S11513,6,18,2025-10-09,50,31,0.0234549439140142,train,4,0.0008211701544289
S11613,6,6,2025-10-09,33,11,0.0,train,4,0.0005300816251369
S11799,6,22,2025-10-09,35,18,0.0,train,4,0.0008200578681244
S11802,6,22,2025-10-09,21,25,0.0,train,4,0.0003738986786969
S11923,6,12,2025-10-09,31,19,0.0,train,4,0.0008500316973692
S11925,6,12,2025-10-09,21,21,0.0,train,4,0.0007952729006663
S11932,6,6,2025-10-09,17,18,0.0,train,4,0.0006668585547629
S11944,6,20,2025-10-09,45,29,0.0,train,4,0.0007813334303933
S12141,6,20,2025-10-09,36,31,0.0,train,4,0.0008417804326768
S12153,6,7,2025-10-09,60,19,0.0,train,4,0.0007771929642239
S12156,6,13,2025-10-09,33,12,0.0,train,4,0.0008428600181682
S12159,6,6,2025-10-09,25,20,0.0,train,4,0.000826787934247
S12160,6,12,2025-10-09,60,26,0.0,train,4,0.0007771725800634
S12162,6,10,2025-10-09,33,27,0.0107038825803464,train,4,0.000858391964821
S12167,6,18,2025-10-09,24,20,0.0026111443852515,train,4,0.0008554314291812
S12176,6,17,2025-10-09,22,16,0.0,train,4,0.0008023977196064
S12186,6,7,2025-10-09,60,23,0.0,train,4,0.0007922902691073
S12187,6,13,2025-10-09,44,26,0.0,train,4,0.0007700457544185
S12399,6,12,2025-10-09,42,27,0.0040048993537365,train,4,0.0007978481897694
S12414,6,11,2025-10-09,39,22,0.0,train,4,0.0008479538546071
S12415,6,18,2025-10-09,29,24,0.0,train,4,0.0008595393083712
S12533,6,20,2025-10-09,57,15,0.0,train,4,0.0008431919824615
S12721,6,12,2025-10-09,49,28,0.0,train,4,0.0007452039759476
S12723,6,12,2025-10-09,31,22,0.0,train,4,0.0007697385145348
S12724,6,6,2025-10-09,38,12,0.0,train,4,0.0006273107038985
S12725,6,11,2025-10-09,47,28,0.0,train,4,0.0008496994453869
S12727,6,10,2025-10-09,30,22,0.0,train,4,0.0008154913611703
S12887,6,17,2025-10-09,63,17,0.0,train,4,0.0008288752463393
S13224,6,7,2025-10-09,50,16,0.0,train,4,0.0008373149876114
S13280,6,11,2025-10-09,22,18,0.0,train,4,0.0008880081927512
S13282,6,11,2025-10-09,55,28,0.0,train,4,0.0007896818394714
S13353,6,19,2025-10-09,62,20,0.0,train,4,0.0008018494041228
S13372,6,10,2025-10-09,47,11,0.0,train,4,0.0004066764000442
S13447,6,21,2025-10-09,42,11,0.0,train,4,0.0007103319427603
S13462,6,7,2025-10-09,16,17,0.0111782103617736,train,4,0.0008201097952155
S13494,6,21,2025-10-09,27,23,0.0103729676705695,train,4,0.0008275037708571
S13496,6,20,2025-10-09,60,17,0.0064405602380285,train,4,0.0008015085880844
S13516,6,21,2025-10-09,48,24,0.0064117449751012,train,4,0.0008533692592149
S13529,6,12,2025-10-09,22,29,0.0053014605683869,train,4,0.0007838733478299
S13530,6,12,2025-10-09,22,13,0.0,train,4,0.000770120013306
S13646,6,19,2025-10-09,49,12,0.0018795428588716,train,4,0.0005752037028577
S13968,6,6,2025-10-09,54,24,0.0063899817429093,train,4,0.0008463133234587
S13980,6,7,2025-10-09,35,14,0.005232143468111,train,4,0.0008429473836639
S13982,6,12,2025-10-09,38,31,0.0051628853984874,train,4,0.0008450734686401
S13983,6,7,2025-10-09,31,14,0.0169527992716147,train,4,0.0008066282742173
S13984,6,12,2025-10-09,48,14,0.0039148654609616,train,4,0.0008298007108033
S14016,6,6,2025-10-09,54,26,0.0018746298831845,train,4,0.0008605351157451
S14018,6,6,2025-10-09,21,20,0.0055242477797414,train,4,0.0008332500231077
S14019,6,6,2025-10-09,37,13,0.0,train,4,0.0008268728687133
S14020,6,10,2025-10-09,58,20,0.0018810580857111,train,4,0.0008561492131653
S14025,6,6,2025-10-09,29,21,0.0,train,4,0.0007898937200213
S14027,6,10,2025-10-09,64,24,0.0,train,4,0.0008499828204015
S14029,6,20,2025-10-09,32,28,0.0018348691594305,train,4,0.0008276144391278
S14032,6,17,2025-10-09,28,13,0.001879628158872,train,4,0.0008121841384845
S14038,6,20,2025-10-09,28,29,0.0037826462540766,train,4,0.0007993778180704
S14040,6,13,2025-10-09,39,20,0.0,train,4,0.0008558486557876
S14316,6,6,2025-10-09,56,19,0.0,train,4,0.0008431345360415
S14317,6,10,2025-10-09,27,28,0.0,train,4,0.0008357380163197
S14318,6,18,2025-10-09,39,22,0.0,train,4,0.0008589474754539
S14322,6,13,2025-10-09,19,17,0.0,train,4,0.0008410792610255
S14493,6,19,2025-10-09,46,28,0.0,train,4,0.0008479937637983
S14632,6,7,2025-10-09,38,32,0.0,train,4,0.0006728182006488
S14781,6,22,2025-10-09,48,13,0.0,train,4,0.000746532896184
S14960,6,12,2025-10-09,35,28,0.0,train,4,0.000716469402952
S14963,6,17,2025-10-09,31,26,0.0,train,4,0.0008405910179815
S15116,6,22,2025-10-09,20,22,0.0,train,4,0.000719839195787
S15119,6,22,2025-10-09,43,29,0.0,train,4,0.0007289310362611
S15125,6,19,2025-10-09,40,24,0.0,train,4,0.000849522800757
S15127,6,19,2025-10-09,50,25,0.0,train,4,0.0008053505559689
S15132,6,19,2025-10-09,54,21,0.0040896766522252,train,4,0.0007765592594501
S15133,6,19,2025-10-09,18,24,0.0041871495789682,train,4,0.0008674781874578
S15138,6,21,2025-10-09,35,23,0.0,train,4,0.0008027045507822
S15294,6,17,2025-10-09,50,31,0.0,train,4,0.000818883040677
S15400,6,12,2025-10-09,37,18,0.0,train,4,0.0007739790894792
S15405,6,12,2025-10-09,42,13,0.0,train,4,0.0008005709612135
S15406,6,22,2025-10-09,33,14,0.0,train,4,0.0006326496018775
S15409,6,21,2025-10-09,48,17,0.0,train,4,0.0008526162775413
S15632,6,17,2025-10-09,55,14,0.0066297826645189,train,4,0.0007818716663413
S15634,6,17,2025-10-09,44,25,0.0,train,4,0.0008453554308951
S15648,6,10,2025-10-09,30,18,0.0016550943270559,train,4,0.0008700814327983
S15650,6,11,2025-10-09,27,20,0.0117083644636498,train,4,0.0008344697112952
S15652,6,18,2025-10-09,31,16,0.0099093800157513,train,4,0.000880966161807
S15653,6,18,2025-10-09,49,23,0.0067169423721483,train,4,0.0007960986497564
S15654,6,18,2025-10-09,52,26,0.0082782835803493,train,4,0.0008656420525153
S15927,6,21,2025-10-09,17,20,0.0037857148297951,train,4,0.0008305663257781
S15928,6,19,2025-10-09,19,27,0.0,train,4,0.0008385095633486
S15929,6,19,2025-10-09,58,16,0.0,train,4,0.0008657751283731
S16139,6,21,2025-10-09,33,30,0.0,train,4,0.0008435830731478
S16146,6,21,2025-10-09,52,14,0.0,train,4,0.0008200475379474
S16203,6,7,2025-10-09,53,22,0.0,train,4,0.0007852409364506
S16205,6,12,2025-10-09,27,15,0.0,train,4,0.0006244580612633
S16207,6,6,2025-10-09,42,12,0.0,train,4,0.000637415238898
S16208,6,18,2025-10-09,37,30,0.0,train,4,0.000872182839486
S16209,6,11,2025-10-09,30,24,0.0,train,4,0.0008610871423769
S16516,6,18,2025-10-09,60,21,0.0,train,4,0.0007723782464537
S16816,6,21,2025-10-09,25,29,0.0,train,4,0.0008096933895501
S16818,6,19,2025-10-09,51,16,0.0,train,4,0.0007967063059752
S17217,6,20,2025-10-09,18,22,0.0026129564787651,train,4,0.0006798954340276
S17218,6,20,2025-10-09,22,22,0.0,train,4,0.0006680265018737
S17224,6,22,2025-10-09,40,31,0.0,train,4,0.0007092834051437
S17230,6,21,2025-10-09,29,16,0.0,train,4,0.0007844194689151
S17399,6,22,2025-10-09,27,19,0.0456163741673067,train,4,0.0007817643229131
S17404,6,20,2025-10-09,55,14,0.0169727038255624,train,4,0.0008380215409798
S17406,6,22,2025-10-09,54,20,0.0011135869936624,train,4,0.0006359408628006
S17409,6,22,2025-10-09,18,23,0.0262464312815538,train,4,0.0004494215884458
S17414,6,20,2025-10-09,57,22,0.0060611480814494,train,4,0.0008196834443967
S17416,6,19,2025-10-09,46,25,0.0079100954781947,train,4,0.0008463173329432
S17417,6,21,2025-10-09,26,15,0.0191594717287126,train,4,0.0008208911571933
S17418,6,21,2025-10-09,44,16,0.0125445836561219,train,4,0.000785653989907
S17722,6,22,2025-10-09,48,31,0.0091023307094689,train,4,0.0006871577911815
S17723,6,19,2025-10-09,21,29,0.0070265474839799,train,4,0.0008215905435442
S17967,6,7,2025-10-09,32,29,0.0,train,4,0.0008207090411858
S17973,6,11,2025-10-09,38,24,0.0039641709139926,train,4,0.0008279525698113
S17979,6,10,2025-10-09,50,27,0.0,train,4,0.0008576596637098
S17980,6,11,2025-10-09,24,21,0.0,train,4,0.000880751769648
S17982,6,10,2025-10-09,16,23,0.0,train,4,0.0008546410643009
S17983,6,10,2025-10-09,25,25,0.0,train,4,0.0008478958186899
S18021,6,20,2025-10-09,22,17,0.0,train,4,0.000670729297012
S18065,6,19,2025-10-09,33,11,0.0,train,4,0.0007682551255833
S18689,6,19,2025-10-09,48,26,0.01113381184082,train,4,0.0008478586085047
S18695,6,21,2025-10-09,41,30,0.0088936011255684,train,4,0.0008287152267389
S18707,6,20,2025-10-09,34,20,0.0021662003016117,train,4,0.0007743729462542
S18712,6,22,2025-10-09,20,21,0.0,train,4,0.0004995926165582
S18714,6,20,2025-10-09,37,15,0.0044428949438604,train,4,0.0006974638691591
S18715,6,22,2025-10-09,47,24,0.0125703446095478,train,4,0.0007806271613535
S18735,6,13,2025-10-09,35,11,0.0,train,4,0.0006849103110099
S18825,6,6,2025-10-09,38,26,0.0098720147252587,train,4,0.0008258104760092
S18826,6,10,2025-10-09,39,28,0.0074840380677026,train,4,0.0008445312374658
S18830,6,6,2025-10-09,52,14,0.0042678894985873,train,4,0.0006822417649863
S18838,6,10,2025-10-09,38,18,0.0020573448660552,train,4,0.0008496753964014
S18840,6,10,2025-10-09,60,17,0.0104193527422604,train,4,0.0008345359668723
S18843,6,11,2025-10-09,22,19,0.0086528082454124,train,4,0.0008740072096967
S18844,6,10,2025-10-09,34,15,0.0075143959324201,train,4,0.000838782800497
S18845,6,20,2025-10-09,50,27,0.0010551546534018,train,4,0.0008325554908215
S18851,6,13,2025-10-09,38,14,0.0113892274199764,train,4,0.0008751082668665
S18853,6,17,2025-10-09,18,24,0.011593778761775,train,4,0.0008509992763027
S19143,6,20,2025-10-09,52,28,0.0087278423439085,train,4,0.0008101802225588
S19162,6,12,2025-10-09,49,30,0.0,train,4,0.0007213999781828
S19163,6,12,2025-10-09,47,26,0.0,train,4,0.0008249543951775
S19165,6,12,2025-10-09,18,26,0.0017396113351254,train,4,0.000851337000803
S19167,6,6,2025-10-09,48,14,0.0,train,4,0.0008318945986966
S19169,6,18,2025-10-09,26,28,0.0,train,4,0.0008557836404341
S19170,6,18,2025-10-09,60,16,0.0029307528555675,train,4,0.0008476575214274
S19180,6,13,2025-10-09,37,24,0.0,train,4,0.000851335891431
S19181,6,17,2025-10-09,24,27,0.0,train,4,0.0008891337683563
S19343,6,12,2025-10-09,50,25,0.0,train,4,0.0008002275590118
S19344,6,7,2025-10-09,39,27,0.0052445523136178,train,4,0.0007041606362714
S19350,6,17,2025-10-09,36,31,0.0,train,4,0.0007930561880704
S19359,6,11,2025-10-09,35,25,0.0034214158603621,train,4,0.0008394683732696
S19368,6,18,2025-10-09,21,23,0.0,train,4,0.0008962415251974
S19374,6,6,2025-10-09,49,17,0.0051632072139458,train,4,0.0008086436486504
S19630,6,11,2025-10-09,39,32,0.0,train,4,0.0008481440745782
S19737,6,21,2025-10-09,64,17,0.0,train,4,0.00077419365429
S19755,6,22,2025-10-09,58,20,0.0,train,4,0.0007362350666789
S19863,6,13,2025-10-09,45,30,0.0,train,4,0.0007974826352622
S19864,6,12,2025-10-09,47,24,0.0019654367857001,train,4,0.0008258778521437
S19875,6,12,2025-10-09,26,28,0.0019667667857807,train,4,0.000729935798459
S19877,6,13,2025-10-09,42,31,0.0,train,4,0.0008378555465689
S19878,6,12,2025-10-09,56,15,0.0078214752215035,train,4,0.0007785140759398
S19956,6,13,2025-10-09,32,15,0.0019236500582513,train,4,0.0008414537323761
S19960,6,20,2025-10-09,57,26,0.0038752436647173,train,4,0.000823759307216
S19968,6,18,2025-10-09,43,14,0.0,train,4,0.0008605773919531
S19970,6,6,2025-10-09,46,21,0.0,train,4,0.000857330325558
S19972,6,6,2025-10-09,29,18,0.0,train,4,0.000829882719643
S20190,6,20,2025-10-09,18,20,0.0,train,4,0.000803498394145
S20446,6,17,2025-10-09,26,14,0.0,train,4,0.0008011717927822
S20465,6,11,2025-10-09,57,19,0.0,train,4,0.0008677265068078
S20466,6,18,2025-10-09,16,25,0.0030974416503069,train,4,0.0008640638088306
S20469,6,10,2025-10-09,24,29,0.0,train,4,0.000860880579031
S20472,6,6,2025-10-09,27,19,0.0,train,4,0.0008610021426655
S20563,6,19,2025-10-09,36,19,0.0123440691963315,train,4,0.0008496093614372
S20566,6,20,2025-10-09,44,22,0.0062840597301773,train,4,0.000828410384651
S20650,6,7,2025-10-09,51,14,0.0,train,4,0.0007709736810425
S20651,6,12,2025-10-09,24,27,0.0,train,4,0.0007515346157471
S20957,6,18,2025-10-09,46,30,0.0,train,4,0.0008382306555239
S20959,6,6,2025-10-09,60,16,0.0,train,4,0.0008599034706913
S21023,6,20,2025-10-09,14,20,0.0,train,4,0.0007099641504435
S21025,6,20,2025-10-09,51,16,0.0,train,4,0.0008450034448755
S21033,6,19,2025-10-09,33,18,0.0,train,4,0.0008027072512896
S21034,6,21,2025-10-09,38,15,0.0,train,4,0.0008288782289444
S21036,6,19,2025-10-09,40,30,0.0,train,4,0.0008512474096858
S21038,6,19,2025-10-09,52,14,0.0,train,4,0.000594897176619
S21039,6,19,2025-10-09,28,23,0.0,train,4,0.0008563794912589
S21045,6,21,2025-10-09,34,22,0.0,train,4,0.0008080157727633
S21046,6,21,2025-10-09,61,20,0.0,train,4,0.000845635993128
S21244,6,7,2025-10-09,47,28,0.0,train,4,0.0007637078648644
S21245,6,12,2025-10-09,28,17,0.0,train,4,0.0007066467298203
S21247,6,12,2025-10-09,62,25,0.0,train,4,0.0008157364506764
S21248,6,12,2025-10-09,36,17,0.0,train,4,0.0008379555781596
S21281,6,17,2025-10-09,55,30,0.0,train,4,0.0007917437404754
S21537,6,22,2025-10-09,19,24,0.0,train,4,0.0006168171147863
S21538,6,22,2025-10-09,50,28,0.0,train,4,0.0008384462299548
S21539,6,22,2025-10-09,44,22,0.0,train,4,0.0007675638244146
S21809,6,21,2025-10-09,57,29,0.0,train,4,0.0008674090293607
S21810,6,19,2025-10-09,43,11,0.0,train,4,0.0005387757750304
S21816,6,21,2025-10-09,20,14,0.0,train,4,0.0005732087102693
S21827,6,19,2025-10-09,32,18,0.0,train,4,0.0008471547787191
S21828,6,20,2025-10-09,55,16,0.0,train,4,0.0007946188342812
S21872,6,6,2025-10-09,57,25,0.0,train,4,0.00085685281341
S21878,6,18,2025-10-09,37,25,0.0,train,4,0.0008736610567098
S21880,6,10,2025-10-09,49,23,0.0,train,4,0.0008728149098049
S22212,6,20,2025-10-09,18,25,0.0,train,4,0.000784628885035
S22244,6,17,2025-10-09,48,20,0.0,train,4,0.000792027566727
S22259,6,21,2025-10-09,20,19,0.0,train,4,0.0008543913334549
S22262,6,21,2025-10-09,45,16,0.0,train,4,0.0008388878397642
S22275,6,12,2025-10-09,49,21,0.0,train,4,0.0007794448293635
S22277,6,12,2025-10-09,45,19,0.0,train,4,0.0005232136528343
S22278,6,13,2025-10-09,23,26,0.0,train,4,0.0008846984318708
S22470,6,20,2025-10-09,37,11,0.0,train,4,0.0005222439635211
S22656,6,20,2025-10-09,44,28,0.0078653676940704,train,4,0.0008241757071287
S22676,6,18,2025-10-09,29,30,0.00792663476874,train,4,0.0008211168311774
S22680,6,18,2025-10-09,28,13,0.0062754308045367,train,4,0.00081933543845
S22692,6,17,2025-10-09,34,23,0.0015792366916738,train,4,0.0008048677558528
S22700,6,7,2025-10-09,32,23,0.0081247384390039,train,4,0.0007417672586417
S22701,6,12,2025-10-09,57,18,0.0,train,4,0.0008015950678145
S23242,6,18,2025-10-09,39,27,0.0064939307226947,train,4,0.0008472563523653
S23245,6,11,2025-10-09,63,18,0.0,train,4,0.0008543940236698
S23252,6,17,2025-10-09,37,22,0.0,train,4,0.0008162244118159
S23254,6,7,2025-10-09,41,22,0.0,train,4,0.0008236054433962
S23322,6,22,2025-10-09,32,22,0.0,train,4,0.0008424817192954
S23325,6,19,2025-10-09,25,23,0.0,train,4,0.0008759724246473
S23606,6,22,2025-10-09,47,23,0.0,train,4,0.0007759755601991
S23611,6,20,2025-10-09,50,20,0.0,train,4,0.0008393008898476
S24120,6,7,2025-10-09,41,18,0.0,train,4,0.0007631559675613
S24123,6,6,2025-10-09,58,24,0.0,train,4,0.0008386058720565
S24125,6,6,2025-10-09,28,14,0.006704302489495,train,4,0.0007780552454728
S24126,6,10,2025-10-09,26,15,0.0,train,4,0.0008420394227418
S24127,6,18,2025-10-09,36,16,0.010068065796937,train,4,0.000879941558514
S24134,6,17,2025-10-09,39,25,0.0,train,4,0.0008308434532169
S24138,6,7,2025-10-09,22,21,0.0,train,4,0.0007934139319661
S24176,6,7,2025-10-09,30,31,0.0,train,4,0.000770424840003
S24178,6,11,2025-10-09,37,11,0.0,train,4,0.000682381421716
S24321,6,12,2025-10-09,37,25,0.0,train,4,0.0008307428832495
S24346,6,10,2025-10-09,30,20,0.0,train,4,0.0008274907654544
S24349,6,11,2025-10-09,42,27,0.0,train,4,0.0008209633403535
S24353,6,18,2025-10-09,54,21,0.0,train,4,0.0008634373963542
S24357,6,17,2025-10-09,13,21,0.0,train,4,0.0007897760515477
S24363,6,12,2025-10-09,21,24,0.0139591057184586,train,4,0.0008487505811646
S24781,6,7,2025-10-09,52,26,0.0,train,4,0.0008343229386471
S24784,6,17,2025-10-09,64,22,0.0,train,4,0.0008348618391422
S24785,6,7,2025-10-09,45,22,0.0020605563087434,train,4,0.0007605179122919
S24787,6,17,2025-10-09,42,22,0.0,train,4,0.0008237577617617
S24795,6,18,2025-10-09,40,20,0.0,train,4,0.0008572544727199
S24796,6,11,2025-10-09,42,23,0.0021008492165142,train,4,0.0007739392323464
S24797,6,10,2025-10-09,46,12,0.0041474212136005,train,4,0.0005634444391261
S24868,6,6,2025-10-09,48,22,0.0,train,4,0.0008001156740461
S24870,6,10,2025-10-09,41,25,0.0,train,4,0.0008342813452113
S24879,6,12,2025-10-09,31,26,0.0,train,4,0.0007727224659993
S24880,6,12,2025-10-09,34,12,0.0020676027041081,train,4,0.0008114732036478
S24881,6,12,2025-10-09,57,19,0.0041879434416974,train,4,0.0007729470423106
S24882,6,7,2025-10-09,34,20,0.0020354921017172,train,4,0.0008200990987819
S24889,6,17,2025-10-09,33,32,0.002097789933985,train,4,0.0007646586098102
S25052,6,19,2025-10-09,34,11,0.0,train,4,0.0003545718473337
S25087,6,11,2025-10-09,53,30,0.0,train,4,0.0007846924414858
S25203,6,10,2025-10-09,28,30,0.0,train,4,0.0008187917840805
S25204,6,11,2025-10-09,35,20,0.0,train,4,0.0008517256029273
S25206,6,11,2025-10-09,35,13,0.0,train,4,0.0007977625468573
S25212,6,13,2025-10-09,42,14,0.0,train,4,0.000827535006219
S25213,6,13,2025-10-09,44,18,0.0,train,4,0.0008844737231045
S25248,6,21,2025-10-09,20,27,0.0,train,4,0.0008568663150728
S25249,6,19,2025-10-09,27,19,0.0,train,4,0.0007084386592889
S25250,6,19,2025-10-09,23,15,0.0,train,4,0.0008159693627291
S25252,6,19,2025-10-09,49,18,0.0,train,4,0.0008607594652042
S25254,6,22,2025-10-09,60,17,0.0,train,4,0.0006523997137675
S25273,6,10,2025-10-09,50,12,0.0,train,4,0.0005694069135098
S25355,6,6,2025-10-09,38,21,0.0,train,4,0.0006966104473491
S25358,6,6,2025-10-09,55,27,0.0,train,4,0.0008567319734998
S25363,6,10,2025-10-09,34,20,0.0,train,4,0.0008624075314527
S25369,6,13,2025-10-09,54,22,0.0,train,4,0.0008234220491465
S25370,6,13,2025-10-09,39,21,0.0,train,4,0.0007633115093782
S25374,6,17,2025-10-09,44,20,0.0,train,4,0.0008387018394011
S25378,6,7,2025-10-09,49,22,0.0,train,4,0.0007353043923337
S25768,6,13,2025-10-09,56,26,0.0,train,4,0.0008538246053652
S25770,6,12,2025-10-09,53,18,0.0,train,4,0.0008214609974184
S26042,6,20,2025-10-09,26,14,0.0,train,4,0.0007500724288114
S26130,6,10,2025-10-09,19,24,0.0,train,4,0.0008737712042571
S26132,6,6,2025-10-09,54,21,0.0,train,4,0.0007678419706915
S26133,6,6,2025-10-09,33,24,0.0,train,4,0.0008352351470178
S26181,6,13,2025-10-09,53,28,0.0,train,4,0.0008240067723341
S26186,6,21,2025-10-09,51,12,0.0,train,4,0.0004883890849751
S26369,6,21,2025-10-09,60,25,0.0,train,4,0.0008374061126959
S26497,6,7,2025-10-09,32,18,0.0,train,4,0.0008377996643157
S26498,6,7,2025-10-09,45,18,0.0,train,4,0.0008413197023067
S26499,6,20,2025-10-09,29,27,0.0,train,4,0.0008172060241941
S26588,6,19,2025-10-09,60,15,0.0,train,4,0.0007582634132641
S26646,6,17,2025-10-09,53,26,0.0110147454271445,train,4,0.000850651964269
S26658,6,11,2025-10-09,47,22,0.0024295396828888,train,4,0.000813890417077
S26659,6,18,2025-10-09,44,20,0.002427706135209,train,4,0.0008477280197491
S26662,6,11,2025-10-09,31,20,0.0,train,4,0.0008546835676491
S26663,6,18,2025-10-09,46,21,0.0076002018564678,train,4,0.0008671689007155
S27060,6,20,2025-10-09,32,31,0.0048461446579055,train,4,0.0007747996337834
S27064,6,7,2025-10-09,13,23,0.0024871327163042,train,4,0.0008049792455046
S27253,6,17,2025-10-09,61,27,0.0,train,4,0.0008031458166565
S27471,6,6,2025-10-09,42,32,0.0,train,4,0.0008267581944795
S27484,6,11,2025-10-09,42,18,0.0,train,4,0.0008667205543802
S27488,6,17,2025-10-09,34,19,0.0,train,4,0.0008392874974418
S27769,6,20,2025-10-09,33,27,0.0,train,4,0.0008225978949957
S27781,6,13,2025-10-09,28,30,0.0046768107350215,train,4,0.000812714670267
S27786,6,12,2025-10-09,58,23,0.0,train,4,0.0007775653904366
S27789,6,7,2025-10-09,33,19,0.0,train,4,0.0008256611714553
S27791,6,18,2025-10-09,20,27,0.0,train,4,0.0008790349633353
S27792,6,6,2025-10-09,25,26,0.0,train,4,0.0008420205866404
S27796,6,11,2025-10-09,50,15,0.0,train,4,0.0008184882489471
S27797,6,11,2025-10-09,26,19,0.0023171783574608,train,4,0.0008598619801377
S27808,6,17,2025-10-09,30,14,0.0,train,4,0.0008481259615157
S27813,6,17,2025-10-09,51,18,0.0,train,4,0.0008168380984033
S27814,6,17,2025-10-09,26,25,0.0023260276408837,train,4,0.000828555123544
S27935,6,21,2025-10-09,43,29,0.0023361301088157,train,4,0.0007932302885695
S27958,6,21,2025-10-09,49,13,0.0,train,4,0.0008511735946312
S28120,6,17,2025-10-09,45,27,0.0,train,4,0.0008523387209333
S28128,6,18,2025-10-09,28,25,0.0,train,4,0.000879915083267
S28132,6,18,2025-10-09,51,28,0.0,train,4,0.000827605936789
S28134,6,18,2025-10-09,47,15,0.0,train,4,0.0008102952070884
S28307,6,12,2025-10-09,48,22,0.0,train,4,0.0007029085875494
S28587,6,17,2025-10-09,26,24,0.0,train,4,0.0008753364963698
S28588,6,13,2025-10-09,49,24,0.0,train,4,0.0008486789617847
S28631,6,19,2025-10-09,22,15,0.0074427938181382,train,4,0.0008189922461709
S28637,6,20,2025-10-09,35,17,0.002541776942452,train,4,0.0008490321109902
S28644,6,22,2025-10-09,39,29,0.0036130476820518,train,4,0.0004963269361925
S28645,6,22,2025-10-09,42,28,0.0,train,4,0.0006483189749834
S28646,6,22,2025-10-09,29,25,0.0162779213842657,train,4,0.0008196867384228
S28664,6,21,2025-10-09,46,21,0.0049023234251162,train,4,0.0008138563768931
S28665,6,21,2025-10-09,51,18,0.0162809977749387,train,4,0.0008318434778869
S28676,6,10,2025-10-09,54,13,0.0037636973593535,train,4,0.0008469975956052
S28678,6,10,2025-10-09,18,28,0.0113302177134389,train,4,0.000824168366533
S28778,6,12,2025-10-09,58,29,0.0,train,4,0.0008372895325351
S28850,6,21,2025-10-09,24,30,0.0,train,4,0.0008188284159326
S28909,6,19,2025-10-09,29,13,0.0,train,4,0.0008134268071335
S28921,6,21,2025-10-09,45,14,0.0032727512182273,train,4,0.000789050284806
S29054,6,18,2025-10-09,36,13,0.0,train,4,0.0008419032748864
S29056,6,13,2025-10-09,37,13,0.0,train,4,0.0008948853798078
S29139,6,6,2025-10-09,52,23,0.0056884774566897,train,4,0.0008242676314138
S29161,6,7,2025-10-09,20,18,0.0035471875869846,train,4,0.0008043924712759
S29162,6,20,2025-10-09,27,28,0.0,train,4,0.0008350242450877
S29163,6,13,2025-10-09,13,22,0.0126272950056703,train,4,0.0007369585746259
S29164,6,12,2025-10-09,40,14,0.0167597630798654,train,4,0.0006904979847062
S29365,6,21,2025-10-09,26,30,0.0,train,4,0.0008250985609396
S29400,6,13,2025-10-09,43,29,0.0,train,4,0.0008511925624414
S29404,6,10,2025-10-09,28,29,0.0,train,4,0.0008396456392789
S29653,6,19,2025-10-09,23,26,0.0,train,4,0.0008624443691255
S29671,6,21,2025-10-09,25,28,0.0,train,4,0.0008447652327682
S29778,6,17,2025-10-09,35,24,0.0,train,4,0.0008362811743145
S29790,6,11,2025-10-09,55,26,0.0,train,4,0.0008202825200159
S29791,6,18,2025-10-09,42,12,0.0,train,4,0.0008273637563316
S29794,6,6,2025-10-09,49,29,0.0,train,4,0.0008520120366447
S30086,6,12,2025-10-09,16,23,0.0,train,4,0.0008607928214547
S30087,6,12,2025-10-09,55,29,0.0,train,4,0.0006625488717105
S30319,6,7,2025-10-09,24,24,0.0,train,4,0.00078623914091
S30321,6,13,2025-10-09,21,22,0.0,train,4,0.000845485582529
S30382,6,10,2025-10-09,45,25,0.0024801884344371,train,4,0.0008326814963692
S30386,6,11,2025-10-09,59,22,0.0,train,4,0.0008831967753607
S30387,6,10,2025-10-09,43,31,0.0049301887260372,train,4,0.0008324237211122
S30442,6,6,2025-10-09,43,31,0.0081708927700477,train,4,0.0008453739449255
S30445,6,6,2025-10-09,17,20,0.0008892658278581,train,4,0.0005982458206128
S30446,6,6,2025-10-09,21,26,0.0158047924857358,train,4,0.0008593612245928
S30450,6,10,2025-10-09,36,29,0.0,train,4,0.0008413170749972
S30451,6,18,2025-10-09,50,29,0.0136227132018001,train,4,0.0008358006901773
S30452,6,11,2025-10-09,47,16,0.0185697899035641,train,4,0.0008242002324028
S30454,6,18,2025-10-09,58,25,0.0091277909093079,train,4,0.0008439579618342
S30455,6,11,2025-10-09,51,30,0.0085857669750287,train,4,0.0008700540150904
S30456,6,11,2025-10-09,44,14,0.0333031795490334,train,4,0.0007673009266235
S30459,6,11,2025-10-09,27,22,0.0317944343746668,train,4,0.0008540091372011
S30460,6,11,2025-10-09,38,27,0.0027245417068678,train,4,0.0008707064849673
S30472,6,17,2025-10-09,50,22,0.0112549406942491,train,4,0.0008058083792055
S30473,6,17,2025-10-09,46,16,0.0088391855144068,train,4,0.0008314521028039
S30479,6,17,2025-10-09,38,19,0.0008198681942279,train,4,0.0007684992359378
S30480,6,7,2025-10-09,23,17,0.0146992559034501,train,4,0.0008378800708985
S30482,6,13,2025-10-09,25,22,0.0165917289098093,train,4,0.0008238448275085
S30485,6,7,2025-10-09,40,26,0.0142602044260812,train,4,0.0008069025538578
S30564,6,19,2025-10-09,43,22,0.0130328180518952,train,4,0.0007772839639065
S30565,6,19,2025-10-09,16,22,0.0264612855619279,train,4,0.0008491283969904
S30568,6,19,2025-10-09,53,22,0.0095948135004835,train,4,0.0008605207558559
S30576,6,19,2025-10-09,36,17,0.0,train,4,0.0008356602184109
S30578,6,21,2025-10-09,49,30,0.0190344359701051,train,4,0.0007919626617528
S30579,6,21,2025-10-09,14,22,0.0079975540679711,train,4,0.0008114774566974
S30580,6,22,2025-10-09,27,17,0.0,train,4,0.0007349786367408
S30589,6,22,2025-10-09,34,15,0.0078319929821981,train,4,0.0007380991519652
S30598,6,22,2025-10-09,50,30,0.0,train,4,0.0005500553325182
S30599,6,22,2025-10-09,29,27,0.0154885710147956,train,4,0.0006471780450224
S30603,6,20,2025-10-09,42,16,0.0025039927852763,train,4,0.0008011817730231
S30637,6,21,2025-10-09,32,25,0.0161062813303246,train,4,0.0008653982700271
S30638,6,21,2025-10-09,45,15,0.0152626939223804,train,4,0.0007850460347086
S30644,6,21,2025-10-09,61,23,0.0026956663231545,train,4,0.0008295587406175
S30650,6,21,2025-10-09,40,17,0.0,train,4,0.0008398104328034
S30658,6,12,2025-10-09,57,14,0.0026415936729313,train,4,0.0008172093787748
S30890,6,11,2025-10-09,24,17,0.0,train,4,0.0009054256873483
S31137,6,7,2025-10-09,16,22,0.0,train,4,0.0007657756050693
S31144,6,18,2025-10-09,25,23,0.0,train,4,0.0008640524173548
S31145,6,18,2025-10-09,45,31,0.0,train,4,0.000855527303636
S31146,6,6,2025-10-09,40,14,0.0,train,4,0.0004511920706888
S31292,6,22,2025-10-09,36,16,0.0,train,4,0.0007149479926349
S31374,6,20,2025-10-09,24,15,0.0,train,4,0.0007048819765892
S31412,6,22,2025-10-09,36,17,0.0031564874709041,train,4,0.0007797812425062
S31417,6,22,2025-10-09,35,29,0.0112356647579923,train,4,0.000536520781994
S31426,6,21,2025-10-09,40,14,0.0,train,4,0.0007887522793355
S31427,6,21,2025-10-09,26,18,0.0,train,4,0.0007802137155644
S31428,6,21,2025-10-09,23,22,0.0031761551906491,train,4,0.0008185752828525
S31597,6,22,2025-10-09,17,16,0.0015694076038903,train,4,0.0006565765694132
S31731,6,12,2025-10-09,57,21,0.0,train,4,0.0007529328024988
S31732,6,12,2025-10-09,29,24,0.0,train,4,0.0008512960236965
S31736,6,7,2025-10-09,34,25,0.0,train,4,0.0008177584828799
S31898,6,20,2025-10-09,29,15,0.0021854030903446,train,4,0.0007532377782583
S31905,6,19,2025-10-09,44,17,0.0043504901960784,train,4,0.0006504760552398
S31907,6,19,2025-10-09,22,16,0.0,train,4,0.0008528485238495
S31909,6,19,2025-10-09,53,15,0.0,train,4,0.0008076083040809
S31910,6,19,2025-10-09,28,17,0.0,train,4,0.0006814156144942
S31911,6,19,2025-10-09,14,20,0.0,train,4,0.0008286120812385
S31917,6,21,2025-10-09,15,22,0.0,train,4,0.0008558039484787
S32060,6,18,2025-10-09,37,31,0.0,train,4,0.0008306786116436
S32066,6,11,2025-10-09,19,21,0.002232042610906,train,4,0.0008590791266053
S32086,6,18,2025-10-09,50,12,0.0022059769992498,train,4,0.0008520806396059
S32096,6,11,2025-10-09,43,32,0.0043888116210786,train,4,0.0008242603201053
S32206,6,22,2025-10-09,30,12,0.0,train,4,0.0005149179747321
S32246,6,21,2025-10-09,37,24,0.0,train,4,0.0008406007786743
S32319,6,13,2025-10-09,57,28,0.0,train,4,0.0008031721957822
S32320,6,17,2025-10-09,51,13,0.0027036142481014,train,4,0.0008313362763291
S32322,6,13,2025-10-09,48,17,0.0,train,4,0.0008794685498039
S32324,6,7,2025-10-09,48,29,0.0,train,4,0.0006790533718241
S32330,6,7,2025-10-09,22,28,0.0,train,4,0.0006969120395339
S32333,6,12,2025-10-09,56,16,0.0,train,4,0.0008101474988097
S32336,6,10,2025-10-09,46,27,0.0081360704580427,train,4,0.0008354057571077
S32339,6,18,2025-10-09,33,30,0.0,train,4,0.0008733247110947
S32342,6,10,2025-10-09,33,13,0.0,train,4,0.0008412722179816
S32344,6,13,2025-10-09,32,16,0.0,train,4,0.0008896971545123
S32435,6,7,2025-10-09,40,11,0.0,train,4,0.0004173707194141
S32437,6,12,2025-10-09,17,27,0.0082158266245681,train,4,0.0008308878582473
S32632,6,10,2025-10-09,42,32,0.0,train,4,0.0008226969207489
S32705,6,21,2025-10-09,26,27,0.0,train,4,0.0008458161984975
S32713,6,22,2025-10-09,37,25,0.0,train,4,0.000787501009053
S32934,6,7,2025-10-09,36,22,0.0,train,4,0.0007943739925625
S32936,6,17,2025-10-09,51,23,0.0,train,4,0.0008522801046515
S32943,6,6,2025-10-09,56,22,0.0,train,4,0.0008544266589224
S32944,6,10,2025-10-09,62,20,0.0,train,4,0.0008654943670112
S32945,6,11,2025-10-09,47,25,0.0,train,4,0.0008169160147744
S33135,6,13,2025-10-09,25,30,0.0054908026293984,train,4,0.000803863717446
S33138,6,13,2025-10-09,53,13,0.0017909522676987,train,4,0.0006723948528644
S33258,6,21,2025-10-09,33,17,0.0017712108738805,train,4,0.0008311443218819
S33260,6,19,2025-10-09,36,29,0.0,train,4,0.0008356393171092
S33261,6,19,2025-10-09,47,20,0.0054213844710604,train,4,0.000802713707674
S33265,6,19,2025-10-09,44,30,0.0053794282869172,train,4,0.0008605740081918
S33436,6,10,2025-10-09,53,25,0.005373902512867,train,4,0.0008371083441695
S33445,6,12,2025-10-09,36,23,0.0018280258056922,train,4,0.0006659998487756
S33450,6,17,2025-10-09,37,27,0.0,train,4,0.0008518568829322
S33451,6,17,2025-10-09,58,21,0.0018217740487003,train,4,0.0008564005609657
S33452,6,12,2025-10-09,44,17,0.0018265545007846,train,4,0.000659642998813
S33491,6,17,2025-10-09,28,27,0.0052961924958173,train,4,0.000837647906262
S33492,6,13,2025-10-09,33,22,0.0072697486305227,train,4,0.000873446781592
S33497,6,13,2025-10-09,39,29,0.0052932593484072,train,4,0.0007258628832422
S33503,6,18,2025-10-09,36,19,0.0035511541250906,train,4,0.0008766867745826
S33504,6,10,2025-10-09,62,23,0.0018063596945543,train,4,0.0008624262288618
S33505,6,18,2025-10-09,56,16,0.0017927740743947,train,4,0.0008841543791098
S33511,6,6,2025-10-09,35,28,0.0017923861456124,train,4,0.0008372968346394
S33559,6,19,2025-10-09,52,29,0.0,train,4,0.0008415090669468
S33699,6,12,2025-10-09,46,23,0.0,train,4,0.0008408776922541
S33732,6,12,2025-10-09,26,16,0.0,train,4,0.000750088661399
S33978,6,12,2025-10-09,28,13,0.0113604265956109,train,4,0.0007054552478245
S34006,6,13,2025-10-09,60,21,0.0144405381061684,train,4,0.0008635269222009
S34010,6,11,2025-10-09,35,30,0.0,train,4,0.0008262221054763
S34542,6,17,2025-10-09,22,24,0.0,train,4,0.0008272351451142
S34660,6,22,2025-10-09,28,21,0.0,train,4,0.0008629241219329
S34661,6,22,2025-10-09,31,17,0.0,train,4,0.0007957057233558
S34662,6,22,2025-10-09,46,28,0.0,train,4,0.0003281742971411
S34785,6,22,2025-10-09,46,30,0.0,train,4,0.0005724288991023
S34786,6,22,2025-10-09,29,20,0.0,train,4,0.0008579756744303
S34802,6,13,2025-10-09,15,17,0.0,train,4,0.000816519924528
S35008,6,19,2025-10-09,29,31,0.0,train,4,0.0008249828437853
S35130,6,6,2025-10-09,34,23,0.0182783242093148,train,4,0.0008308269712928
S35131,6,6,2025-10-09,50,21,0.0134055850310594,train,4,0.0007862688304396
S35139,6,18,2025-10-09,34,28,0.0156162610209327,train,4,0.0008717956799117
S35140,6,18,2025-10-09,52,16,0.0008690801564694,train,4,0.0008667074970533
S35141,6,11,2025-10-09,47,13,0.0291184093966337,train,4,0.0008248778561033
S35142,6,11,2025-10-09,54,14,0.0227747337274232,train,4,0.0007540883740299
S35143,6,10,2025-10-09,48,24,0.0383111637343594,train,4,0.0008255440361725
S35144,6,11,2025-10-09,19,20,0.0211655719388956,train,4,0.0008403554711069
S35145,6,10,2025-10-09,37,13,0.0083645011657999,train,4,0.0005927884154267
S35158,6,17,2025-10-09,38,14,0.0187884310297853,train,4,0.0008459448984785
S35160,6,13,2025-10-09,22,15,0.0168880866931111,train,4,0.0008623235324244
S35165,6,17,2025-10-09,21,21,0.0161936559235037,train,4,0.0008524058142329
S35166,6,17,2025-10-09,32,20,0.0077028341579532,train,4,0.0008580648731466
S35167,6,13,2025-10-09,41,24,0.0184851909708474,train,4,0.0008701131330959
S35170,6,7,2025-10-09,40,21,0.0032452098873775,train,4,0.0007698575328458
S35172,6,17,2025-10-09,46,22,0.0023777060160267,train,4,0.0008496457003784
S35276,6,7,2025-10-09,59,15,0.0299989522403833,train,4,0.000697636562997
S35278,6,19,2025-10-09,37,32,0.0174045725148831,train,4,0.0007481256304102
S35282,6,18,2025-10-09,63,26,0.0142661802543748,train,4,0.000772370971015
S35542,6,6,2025-10-09,35,15,0.0,train,4,0.0008291891665644
S35659,6,18,2025-10-09,54,18,0.001997933726488,train,4,0.0008704971585131
S35661,6,11,2025-10-09,56,20,0.0,train,4,0.0008628664805615
S35662,6,10,2025-10-09,56,24,0.0,train,4,0.0008447895262638
S35663,6,11,2025-10-09,32,17,0.0,train,4,0.0008517909912551
S35668,6,10,2025-10-09,22,15,0.0039513122013658,train,4,0.0007905910424716
S35678,6,7,2025-10-09,46,20,0.0,train,4,0.0007757569838783
S35679,6,7,2025-10-09,42,23,0.0120049759055061,train,4,0.0007870251886463
S35830,6,7,2025-10-09,60,28,0.0,train,4,0.0008252879028082
S35833,6,6,2025-10-09,31,31,0.0059808180603858,train,4,0.0008535558355396
S36006,6,22,2025-10-09,25,13,0.0,train,4,0.0006547103796076
S36113,6,13,2025-10-09,41,13,0.0,train,4,0.0008473366546708
S36303,6,12,2025-10-09,45,30,0.0,train,4,0.0007686110953293
S36308,6,11,2025-10-09,37,26,0.0,train,4,0.0008507822104001
S36314,6,13,2025-10-09,46,12,0.0,train,4,0.0007703812305595
S36316,6,17,2025-10-09,31,18,0.0,train,4,0.0008636235066208
S36450,6,22,2025-10-09,43,23,0.0036694944662251,train,4,0.0008008804801813
S36786,6,10,2025-10-09,42,21,0.0,train,4,0.00081398911068
S36789,6,18,2025-10-09,45,23,0.0,train,4,0.0008465734453478
S36798,6,17,2025-10-09,41,29,0.0,train,4,0.0008184488183084
S36930,6,12,2025-10-09,57,28,0.0,train,4,0.0008042764397573
S36932,6,12,2025-10-09,19,22,0.0,train,4,0.0008291447364023
S36977,6,17,2025-10-09,23,13,0.0,train,4,0.000825682928017
S36979,6,10,2025-10-09,60,28,0.0,train,4,0.0007701120035781
S37204,6,22,2025-10-09,49,12,0.0,train,4,0.0006041340885563
S37206,6,19,2025-10-09,42,11,0.0,train,4,0.0005264961966329
S37216,6,12,2025-10-09,39,15,0.0,train,4,0.0005063088736961
S37262,6,10,2025-10-09,31,11,0.0,train,4,0.0004826145835893
S37542,6,19,2025-10-09,24,18,0.0,train,4,0.0008172567193553
S37544,6,22,2025-10-09,36,22,0.0,train,4,0.0008073495024059
S37549,6,19,2025-10-09,50,18,0.0,train,4,0.0008558552885789
S37553,6,19,2025-10-09,35,14,0.0,train,4,0.0006614112855475
S37556,6,21,2025-10-09,36,19,0.0,train,4,0.0008292038526368
S37559,6,21,2025-10-09,36,23,0.0056180092804539,train,4,0.0007586132852027
S37642,6,18,2025-10-09,56,27,0.0,train,4,0.0008494951064639
S37643,6,18,2025-10-09,61,27,0.0,train,4,0.0007895496992938
S37644,6,6,2025-10-09,23,14,0.0,train,4,0.00069549965671
S37646,6,18,2025-10-09,45,24,0.0,train,4,0.0008411962177438
S37652,6,13,2025-10-09,14,21,0.0,train,4,0.0007775824021955
S37657,6,7,2025-10-09,46,25,0.0,train,4,0.000847976659993
S37920,6,12,2025-10-09,35,26,0.0,train,4,0.0007809036781131
S37922,6,12,2025-10-09,58,20,0.0,train,4,0.0008104392882976
S37924,6,12,2025-10-09,36,14,0.012217606135844,train,4,0.000621584069756
S37925,6,7,2025-10-09,50,30,0.0028291039083757,train,4,0.0006569866233767
S38157,6,21,2025-10-09,45,23,0.0027173393038253,train,4,0.0008273463275733
S38159,6,21,2025-10-09,34,27,0.0069370584080776,train,4,0.0007562710295493
S38160,6,20,2025-10-09,26,18,0.0081109751121991,train,4,0.0008289371443689
S38165,6,20,2025-10-09,34,18,0.0054502785454226,train,4,0.0007915600434512
S38168,6,22,2025-10-09,46,20,0.0041921824653744,train,4,0.0008411224087467
S38170,6,20,2025-10-09,20,16,0.0067685351636977,train,4,0.0005934648159161
S38273,6,11,2025-10-09,53,29,0.0069327039498278,train,4,0.0007888745966197
S38275,6,10,2025-10-09,63,18,0.0108163104302856,train,4,0.0008377339982836
S38276,6,18,2025-10-09,62,19,0.0153233830845771,train,4,0.0008509166924667
S38279,6,18,2025-10-09,26,26,0.0083257948872583,train,4,0.0008762643234294
S38280,6,11,2025-10-09,27,30,0.001420008114332,train,4,0.0008466927421942
S38282,6,6,2025-10-09,14,23,0.0013658048630347,train,4,0.0007808323584145
S38284,6,6,2025-10-09,31,29,0.0,train,4,0.0008429314303104
S38707,6,12,2025-10-09,44,14,0.0,train,4,0.0007504122688188
S38710,6,6,2025-10-09,27,29,0.0,train,4,0.0008376842112483
S38772,6,13,2025-10-09,56,17,0.0,train,4,0.000859256506842
S38781,6,11,2025-10-09,51,16,0.0,train,4,0.0008893965902638
S38782,6,10,2025-10-09,21,25,0.0,train,4,0.0008578209607107
S38835,6,19,2025-10-09,19,19,0.0,train,4,0.0008555338967597
S38839,6,20,2025-10-09,46,12,0.0,train,4,0.00060746868842
S39303,6,21,2025-10-09,17,25,0.0,train,4,0.0008543894177069
S39456,6,22,2025-10-09,28,26,0.0,train,4,0.0005973429478371
S39457,6,20,2025-10-09,54,23,0.0,train,4,0.0008188750093214
S39788,6,22,2025-10-09,44,17,0.0,train,4,0.0008094301301089
S39888,6,7,2025-10-09,43,32,0.0,train,4,0.0008360895679135
S39971,6,19,2025-10-09,54,25,0.0039127696425759,train,4,0.0007207924133681
S40273,6,21,2025-10-09,25,14,0.0083127605055228,train,4,0.0007707208180155
S40277,6,19,2025-10-09,56,23,0.0016608353634288,train,4,0.000788349192199
S40325,6,21,2025-10-09,29,21,0.0038758783114584,train,4,0.0008461208266436
S40333,6,19,2025-10-09,22,24,0.0019561538158775,train,4,0.0008427035823273
S40372,6,6,2025-10-09,51,31,0.0019483090480726,train,4,0.0008271388222089
S40377,6,6,2025-10-09,50,12,0.0057607158587755,train,4,0.000507871361148
S40664,6,13,2025-10-09,39,32,0.0,train,4,0.0008170837965927
S40787,6,7,2025-10-09,49,15,0.0,train,4,0.0008159028952414
S40788,6,7,2025-10-09,62,20,0.0,train,4,0.0007461563743565
S40790,6,12,2025-10-09,53,21,0.0,train,4,0.0008426403045337
S40793,6,6,2025-10-09,15,25,0.0,train,4,0.0008678210649371
S40794,6,18,2025-10-09,30,21,0.0042161877857803,train,4,0.0008698626112685
S40795,6,18,2025-10-09,32,20,0.0,train,4,0.0008173496434233
S40804,6,13,2025-10-09,50,15,0.0,train,4,0.0008998326915036
S40805,6,13,2025-10-09,44,17,0.0042353201842406,train,4,0.0008114647981223
S40806,6,17,2025-10-09,21,20,0.0,train,4,0.0008703125804609
S40960,6,20,2025-10-09,22,20,0.0021190957387841,train,4,0.0007581100035668
S40964,6,21,2025-10-09,51,28,0.0064190323663885,train,4,0.0008283324387206
S41173,6,22,2025-10-09,51,23,0.0,train,4,0.0007066460029223
S41174,6,19,2025-10-09,39,22,0.0,train,4,0.0008291272434133
S41175,6,19,2025-10-09,46,15,0.0,train,4,0.0005865144380353
S41270,6,13,2025-10-09,32,18,0.0,train,4,0.0008627672851112
S41273,6,17,2025-10-09,18,18,0.0,train,4,0.0007292891678474
S41753,6,20,2025-10-09,46,23,0.0,train,4,0.0007507740890764
S41757,6,22,2025-10-09,47,15,0.0,train,4,0.0007144441078016
S41758,6,22,2025-10-09,24,16,0.0112395632626846,train,4,0.0005426199892218
S41759,6,22,2025-10-09,37,27,0.0045239395594392,train,4,0.0008503946028207
S41767,6,19,2025-10-09,29,17,0.0045994243778746,train,4,0.0006720918592944
S41772,6,21,2025-10-09,48,25,0.0,train,4,0.0008374828408393
S41777,6,21,2025-10-09,24,17,0.0,train,4,0.0008313104896358
S42237,6,22,2025-10-09,44,13,0.0135005188328163,train,4,0.0004125169388328
S42657,6,12,2025-10-09,42,12,0.0024602255289237,train,4,0.0006581895275255
S42708,6,20,2025-10-09,43,32,0.0,train,4,0.0008222566611925
S42714,6,10,2025-10-09,58,14,0.0,train,4,0.0008303343560719
S42715,6,11,2025-10-09,33,11,0.0025206802286363,train,4,0.0006875788384283
S42899,6,13,2025-10-09,27,26,0.0,train,4,0.0008397861910695
S42900,6,13,2025-10-09,59,27,0.0,train,4,0.0008419366022981
S42903,6,11,2025-10-09,48,20,0.0,train,4,0.0008264365342686
S43064,6,13,2025-10-09,37,19,0.0120650834784825,train,4,0.0008638735035313
S43069,6,20,2025-10-09,33,26,0.0068903914788099,train,4,0.0008307502091289
S43070,6,13,2025-10-09,62,19,0.0158292116306954,train,4,0.0008485795219477
S43073,6,12,2025-10-09,17,20,0.0090688465959892,train,4,0.0006803205814159
S43079,6,10,2025-10-09,43,14,0.0086261759022482,train,4,0.0005338319666443
S43081,6,18,2025-10-09,18,26,0.0149129173394545,train,4,0.0008551167281457
S43082,6,11,2025-10-09,30,19,0.0077056055567183,train,4,0.0008534088962569
S43083,6,18,2025-10-09,56,26,0.0107696550637275,train,4,0.0008552371279097
S43090,6,6,2025-10-09,15,19,0.0080491043954264,train,4,0.0005874652317779
S43094,6,18,2025-10-09,18,22,0.0028734136964125,train,4,0.0008826430274591
S43095,6,18,2025-10-09,24,17,0.0142923460563559,train,4,0.0008406470915342
S43099,6,10,2025-10-09,35,24,0.0075062064017972,train,4,0.0008142899344277
S43102,6,6,2025-10-09,56,16,0.0108408338736895,train,4,0.0008262639499585
S43231,6,12,2025-10-09,61,18,0.0137212677678388,train,4,0.0008306421958374
S43247,6,19,2025-10-09,41,20,0.013096918704237,train,4,0.0007649483319285
S43249,6,21,2025-10-09,49,25,0.0119009847645843,train,4,0.0008669299712112
S43250,6,19,2025-10-09,44,24,0.01061650286531,train,4,0.0008027888473166
S43253,6,19,2025-10-09,14,24,0.0146554062820679,train,4,0.0008170710148664
S43254,6,22,2025-10-09,29,14,0.0109839329592326,train,4,0.000489147249268
S43256,6,22,2025-10-09,33,20,0.0097092309976479,train,4,0.000769731882994
S43258,6,20,2025-10-09,24,24,0.0145582152858331,train,4,0.0008257314784195
S43260,6,22,2025-10-09,37,20,0.0131019155036967,train,4,0.0007636720345857
S43263,6,22,2025-10-09,50,26,0.000940400909748,train,4,0.0007856741616217
S43264,6,22,2025-10-09,21,28,0.0077877867290316,train,4,0.0008038122102825
S43278,6,22,2025-10-09,60,19,0.0,train,4,0.0008107718041459
S43599,6,6,2025-10-09,27,31,0.0037845473201673,train,4,0.0008219468782474
S43623,6,21,2025-10-09,34,18,0.0104970699599855,train,4,0.000882592729231
S43626,6,19,2025-10-09,48,30,0.0165580954172741,train,4,0.0008295527151744
