ufs_serial,run_id,wafer_no,date,die_x,die_y,health,split,position,pred
S00620,81,13,2025-12-12,26,22,0.0,test,1,0.0008952950754021
S00623,81,6,2025-12-12,26,23,0.0,test,1,0.0008906322745586
S00625,81,3,2025-12-12,55,21,0.0,test,1,0.0008334880023528
S00627,81,23,2025-12-12,41,12,0.0,test,1,0.0008981384530956
S00631,81,24,2025-12-12,45,24,0.0,test,1,0.0008707646233543
S00948,81,2,2025-12-12,14,23,0.0,test,1,0.0008895372015719
S00967,81,19,2025-12-12,31,28,0.0,test,1,0.0008566588584654
S01566,81,10,2025-12-12,33,21,0.0043657765284609,test,1,0.0008671736142028
S01576,81,5,2025-12-12,30,26,0.0071406199264961,test,1,0.0008393863143816
S01577,81,6,2025-12-12,18,20,0.0,test,1,0.0008804660629273
S01578,81,3,2025-12-12,47,27,0.0057999428174651,test,1,0.0008648678726532
S01585,81,3,2025-12-12,41,30,0.0086589891457741,test,1,0.0008541071413848
S01595,81,17,2025-12-12,26,20,0.0,test,1,0.0008505886420391
S01598,81,18,2025-12-12,43,17,0.0043918172579861,test,1,0.0008291257344985
S01607,81,25,2025-12-12,62,22,0.0073871929558581,test,1,0.0008684341786029
S01612,81,24,2025-12-12,60,21,0.0074401420363534,test,1,0.0008784742305482
S01617,81,19,2025-12-12,21,23,0.0202655668853996,test,1,0.0008742609837862
S01618,81,19,2025-12-12,62,21,0.0014463904264669,test,1,0.0008463617221942
S01621,81,12,2025-12-12,35,27,0.0014691319706173,test,1,0.0008525731113678
S01727,81,11,2025-12-12,46,31,0.0074464961014521,test,1,0.0008436123624351
S01728,81,8,2025-12-12,60,28,0.0073384362781577,test,1,0.00088215097656
S01729,81,2,2025-12-12,37,32,0.0101314555631272,test,1,0.0008949117576289
S01731,81,9,2025-12-12,21,29,0.0087196806877494,test,1,0.0008655734164697
S02310,81,4,2025-12-12,18,19,0.0,test,1,0.0008721673664695
S02312,81,13,2025-12-12,40,30,0.009139781650555,test,1,0.0008867010319177
S02316,81,10,2025-12-12,63,24,0.005954163721532,test,1,0.000825448174513
S02322,81,11,2025-12-12,57,20,0.0,test,1,0.000827454472321
S02323,81,12,2025-12-12,40,21,0.0159011564990731,test,1,0.0008384613808524
S02636,81,17,2025-12-12,56,30,0.0,test,1,0.0008287400241246
S03242,81,9,2025-12-12,43,30,0.0,test,1,0.0008582069968127
S03247,81,25,2025-12-12,46,24,0.0,test,1,0.0008827419400938
S03266,81,2,2025-12-12,56,29,0.0,test,1,0.0008511135786441
S03463,81,8,2025-12-12,47,25,0.0029044964175929,test,1,0.000848551082756
S03471,81,13,2025-12-12,20,15,0.0058089928351858,test,1,0.0008614464824242
S03518,81,25,2025-12-12,62,25,0.0,test,1,0.0008524341298703
S03862,81,13,2025-12-12,53,26,0.0,test,1,0.0008691647645592
S03864,81,13,2025-12-12,50,14,0.0,test,1,0.0007947957225886
S03988,81,9,2025-12-12,50,12,0.0,test,1,0.0007183133208766
S03989,81,16,2025-12-12,63,26,0.0,test,1,0.0008786013685855
S03991,81,7,2025-12-12,50,31,0.0,test,1,0.000851149579197
S04268,81,7,2025-12-12,45,13,0.0,test,1,0.0007207316695504
S04270,81,12,2025-12-12,50,28,0.0,test,1,0.0008255241247933
S04307,81,8,2025-12-12,32,29,0.0,test,1,0.0008879524477032
S04308,81,6,2025-12-12,59,17,0.0,test,1,0.0008728487623699
S04312,81,11,2025-12-12,57,18,0.0,test,1,0.0008509892793697
S04314,81,12,2025-12-12,28,23,0.0,test,1,0.0008680970279392
S04391,81,6,2025-12-12,35,17,0.0,test,1,0.0008771516628598
S04394,81,5,2025-12-12,33,22,0.0,test,1,0.0008809585911555
S04941,81,12,2025-12-12,20,23,0.0,test,1,0.0008550704664043
S04944,81,11,2025-12-12,62,17,0.0,test,1,0.0008519260045594
S04945,81,15,2025-12-12,28,26,0.0,test,1,0.0008663436214803
S04952,81,19,2025-12-12,32,26,0.0,test,1,0.0008539640556164
S04953,81,18,2025-12-12,59,17,0.0,test,1,0.0006958162890288
S04956,81,14,2025-12-12,29,26,0.0,test,1,0.000868694120643
S04962,81,2,2025-12-12,42,15,0.0,test,1,0.0008921570662952
S04965,81,2,2025-12-12,47,26,0.0,test,1,0.0008951660285445
S04966,81,4,2025-12-12,24,28,0.0,test,1,0.0008528681401799
S04970,81,1,2025-12-12,48,16,0.0,test,1,0.0008683632971716
S04982,81,20,2025-12-12,36,29,0.0,test,1,0.0008662326260764
S04986,81,23,2025-12-12,44,21,0.0,test,1,0.0008797760734393
S05390,81,12,2025-12-12,22,20,0.0034283191578889,test,1,0.0008404808031857
S05392,81,4,2025-12-12,46,17,0.005249316110225,test,1,0.0008408861561582
S05395,81,25,2025-12-12,33,23,0.0017327336749991,test,1,0.0008405290185023
S05398,81,14,2025-12-12,40,23,0.0,test,1,0.0008767360051651
S05401,81,1,2025-12-12,32,25,0.0016985007398901,test,1,0.0008945715850097
S05403,81,3,2025-12-12,43,16,0.0017174115118404,test,1,0.0008680523542236
S05404,81,2,2025-12-12,40,24,0.0,test,1,0.00091668471803
S05406,81,3,2025-12-12,52,23,0.0,test,1,0.0008691831332084
S05409,81,25,2025-12-12,38,21,0.0034769590250522,test,1,0.0008565002869775
S05412,81,15,2025-12-12,50,14,0.0,test,1,0.0008437769835045
S05418,81,23,2025-12-12,48,17,0.0017141773156052,test,1,0.0008623307629928
S05419,81,16,2025-12-12,20,18,0.0068415600684156,test,1,0.0008613166160953
S05421,81,24,2025-12-12,53,16,0.0,test,1,0.0007558150059354
S05424,81,22,2025-12-12,30,20,0.0,test,1,0.0008411319020369
S05427,81,22,2025-12-12,30,14,0.0051057097655688,test,1,0.0008560550691057
S05430,81,8,2025-12-12,39,28,0.0033995458152069,test,1,0.0008736176735649
S05431,81,23,2025-12-12,25,28,0.0,test,1,0.0008657893588391
S05433,81,10,2025-12-12,41,27,0.0,test,1,0.0008615268841258
S05438,81,22,2025-12-12,36,31,0.0,test,1,0.000840449514676
S05441,81,22,2025-12-12,45,22,0.0052298173246906,test,1,0.000819641360259
S06008,81,10,2025-12-12,52,13,0.0,test,1,0.0008386206186165
S06010,81,4,2025-12-12,33,30,0.0,test,1,0.000849382277076
S06246,81,13,2025-12-12,56,18,0.0031188716838455,test,1,0.0008709289865777
S06250,81,7,2025-12-12,31,30,0.0075790154294724,test,1,0.0008734696347414
S06542,81,9,2025-12-12,47,17,0.0060806822109458,test,1,0.0008622903918487
S06548,81,16,2025-12-12,34,17,0.0045164983960523,test,1,0.0008825289760013
S06551,81,15,2025-12-12,18,17,0.0,test,1,0.0008700122558671
S06556,81,1,2025-12-12,42,15,0.0015198776758409,test,1,0.0008703252353399
S06558,81,4,2025-12-12,56,26,0.0075270185131336,test,1,0.0008497625703311
S07046,81,16,2025-12-12,51,31,0.0,test,1,0.0008745817148938
S07984,81,20,2025-12-12,38,30,0.0071202418303462,test,1,0.0008771032064812
S07986,81,20,2025-12-12,55,20,0.003590806956195,test,1,0.0008469523825227
S07993,81,23,2025-12-12,47,15,0.0079896013466807,test,1,0.0008897817362662
S08010,81,16,2025-12-12,20,20,0.0104263546918596,test,1,0.0008672700020752
S08015,81,3,2025-12-12,56,27,0.0056486002382186,test,1,0.0008650153736138
S08018,81,4,2025-12-12,47,16,0.0035284261941273,test,1,0.0008552716049877
S08580,81,14,2025-12-12,46,21,0.0093105160124015,test,1,0.0008767458393327
S08581,81,8,2025-12-12,45,14,0.0092260640951565,test,1,0.0008935511517255
S08582,81,8,2025-12-12,36,19,0.0119391655075826,test,1,0.0008957077311711
S08586,81,6,2025-12-12,37,22,0.0080452513591826,test,1,0.0008670743338135
S08590,81,14,2025-12-12,48,20,0.0107003681615604,test,1,0.0008442598607727
S08740,81,15,2025-12-12,55,23,0.0,test,1,0.0008405373589595
S08875,81,5,2025-12-12,43,14,0.0,test,1,0.0008290600360774
S08876,81,4,2025-12-12,56,14,0.0,test,1,0.0008429371442118
S08926,81,18,2025-12-12,21,29,0.0,test,1,0.0008376567396412
S09353,81,9,2025-12-12,49,22,0.0,test,1,0.0007304078067885
S09356,81,15,2025-12-12,39,15,0.0,test,1,0.00081506197808
S09358,81,6,2025-12-12,31,27,0.0,test,1,0.0008719682252562
S09364,81,16,2025-12-12,37,29,0.0,test,1,0.0008848984673487
S09365,81,24,2025-12-12,59,18,0.0,test,1,0.0008597582397395
S09578,81,10,2025-12-12,39,12,0.0,test,1,0.0008550977428707
S09579,81,6,2025-12-12,44,14,0.0,test,1,0.0007089275843505
S09580,81,24,2025-12-12,28,16,0.0,test,1,0.000862555610956
S09582,81,10,2025-12-12,29,24,0.0,test,1,0.0008803867523674
S09774,81,10,2025-12-12,19,17,0.0105019321336407,test,1,0.0008701591699443
S10205,81,14,2025-12-12,27,14,0.0,test,1,0.0008549012624159
S10207,81,13,2025-12-12,39,29,0.0,test,1,0.000878349388017
S10489,81,22,2025-12-12,19,15,0.0,test,1,0.0008029220876202
S11144,81,6,2025-12-12,16,19,0.0,test,1,0.0007211397355276
S11324,81,14,2025-12-12,31,20,0.0,test,1,0.0008871733291632
S11331,81,19,2025-12-12,45,30,0.0122014796586647,test,1,0.0008372759492838
S11333,81,7,2025-12-12,48,27,0.0022199690008352,test,1,0.0008667592197031
S11339,81,14,2025-12-12,49,24,0.0170896086926621,test,1,0.0008698964903981
S11347,81,5,2025-12-12,50,23,0.0146147358347067,test,1,0.0008661397938364
S11349,81,3,2025-12-12,18,27,0.0074522910921879,test,1,0.000871283156592
S11352,81,18,2025-12-12,45,23,0.0162054265708886,test,1,0.0008526636377177
S11355,81,1,2025-12-12,51,17,0.0016129084601429,test,1,0.0008861992060604
S11361,81,15,2025-12-12,37,18,0.0073710219469583,test,1,0.0008557707039246
S11364,81,23,2025-12-12,24,26,0.0007711990515958,test,1,0.0009003647057288
S11366,81,25,2025-12-12,47,19,0.0170817212325942,test,1,0.0008459388768732
S11378,81,10,2025-12-12,54,24,0.0118234628531835,test,1,0.0007757349223342
S11381,81,23,2025-12-12,16,20,0.0133203078411586,test,1,0.0009033930171211
S11382,81,9,2025-12-12,42,21,0.0078961081878034,test,1,0.0008568727677118
S11383,81,9,2025-12-12,56,19,0.0007696977581197,test,1,0.0007537958881311
S11384,81,8,2025-12-12,56,22,0.0014861395805019,test,1,0.0008727392364391
S11389,81,8,2025-12-12,28,29,0.0153643092646878,test,1,0.0008888530115053
S11391,81,21,2025-12-12,45,16,0.0165382509445891,test,1,0.0005898469239874
S11578,81,15,2025-12-12,30,23,0.0,test,1,0.0008666722283308
S11586,81,15,2025-12-12,42,30,0.0,test,1,0.0008534047011697
S11618,81,10,2025-12-12,16,17,0.0,test,1,0.0008627030655677
S12024,81,8,2025-12-12,23,24,0.0,test,1,0.0008951120349284
S12029,81,25,2025-12-12,23,27,0.0,test,1,0.0008226885237967
S12030,81,23,2025-12-12,46,26,0.0,test,1,0.0008445036350566
S12031,81,25,2025-12-12,47,15,0.0,test,1,0.0008051392712847
S12039,81,16,2025-12-12,32,30,0.0026138222285332,test,1,0.0008869683880961
S12060,81,2,2025-12-12,51,29,0.0,test,1,0.0008773898730824
S12543,81,13,2025-12-12,30,27,0.0,test,1,0.0008938262369427
S12549,81,10,2025-12-12,42,21,0.0,test,1,0.0008593751972806
S12551,81,11,2025-12-12,53,28,0.0,test,1,0.0008540487398382
S12560,81,7,2025-12-12,54,17,0.0,test,1,0.0008695542488024
S12563,81,25,2025-12-12,37,12,0.0,test,1,0.0008358776077201
S12565,81,13,2025-12-12,18,27,0.0,test,1,0.0008807363030645
S12568,81,2,2025-12-12,26,14,0.0,test,1,0.0008899404507315
S12571,81,17,2025-12-12,51,22,0.0080012879336714,test,1,0.0008142521034834
S12573,81,1,2025-12-12,26,24,0.0,test,1,0.0008962220511442
S12576,81,24,2025-12-12,16,25,0.0,test,1,0.000869196098831
S12577,81,22,2025-12-12,32,16,0.0,test,1,0.000855389562859
S12579,81,25,2025-12-12,41,28,0.0,test,1,0.0008278513714484
S12582,81,21,2025-12-12,28,16,0.0,test,1,0.0007315676832885
S12587,81,19,2025-12-12,55,18,0.0,test,1,0.0008520708184849
S13476,81,9,2025-12-12,49,31,0.0,test,1,0.0008312979173032
S13478,81,20,2025-12-12,55,13,0.0,test,1,0.0008765036382542
S13860,81,23,2025-12-12,37,22,0.0052455209899997,test,1,0.0008900698625191
S13862,81,21,2025-12-12,56,19,0.0065348648847654,test,1,0.0006817381898777
S13872,81,19,2025-12-12,20,18,0.006535277348229,test,1,0.0008772644645922
S13874,81,7,2025-12-12,52,19,0.0080207215421733,test,1,0.0008508161705396
S13877,81,8,2025-12-12,23,14,0.0,test,1,0.0008886284521212
S13883,81,8,2025-12-12,31,17,0.0116954935874808,test,1,0.0008939794545619
S13890,81,1,2025-12-12,22,28,0.0080136086230943,test,1,0.0008829381822746
S13892,81,1,2025-12-12,34,22,0.0053523303367821,test,1,0.0008915924347195
S13893,81,15,2025-12-12,19,18,0.0128619194020889,test,1,0.0008737621822656
S13958,81,13,2025-12-12,59,15,0.0127643071960386,test,1,0.0008855189678115
S14113,81,11,2025-12-12,31,22,0.0,test,1,0.0008855652697609
S14116,81,1,2025-12-12,18,20,0.0,test,1,0.0008930707435574
S14140,81,16,2025-12-12,60,15,0.0,test,1,0.0008760598927607
S14563,81,15,2025-12-12,19,22,0.0,test,1,0.0008792681830197
S14568,81,25,2025-12-12,45,25,0.0,test,1,0.0008360367870877
S14787,81,2,2025-12-12,48,14,0.0,test,1,0.0008908540310126
S14788,81,4,2025-12-12,15,24,0.0,test,1,0.0008549725260005
S14795,81,21,2025-12-12,34,19,0.0,test,1,0.0008087012925991
S15157,81,12,2025-12-12,51,25,0.0,test,1,0.0008079220882248
S15163,81,10,2025-12-12,32,14,0.0041019800100692,test,1,0.0008597572945485
S15166,81,14,2025-12-12,37,26,0.0,test,1,0.0008715460220061
S15170,81,5,2025-12-12,22,26,0.0,test,1,0.000877697171541
S15174,81,6,2025-12-12,37,30,0.0020699277399471,test,1,0.0008695642457454
S15177,81,2,2025-12-12,28,13,0.004099949678686,test,1,0.0008968704466918
S15178,81,3,2025-12-12,51,13,0.0041641530933708,test,1,0.0008590587779767
S15181,81,16,2025-12-12,42,20,0.0,test,1,0.0008800968287226
S15384,81,2,2025-12-12,54,30,0.0231761829579444,test,1,0.0008873531664179
S15385,81,14,2025-12-12,47,31,0.0114711720444998,test,1,0.0008385124317323
S15733,81,22,2025-12-12,40,28,0.0,test,1,0.0007999748119943
S15736,81,24,2025-12-12,53,14,0.0,test,1,0.0007552719977951
S15738,81,17,2025-12-12,59,14,0.0,test,1,0.0004594259376064
S15960,81,15,2025-12-12,29,30,0.0037307690864119,test,1,0.0008481755890133
S15962,81,12,2025-12-12,18,19,0.0018447582141849,test,1,0.0008601576658596
S15963,81,12,2025-12-12,34,17,0.0036997335000818,test,1,0.0008608195205818
S15968,81,14,2025-12-12,42,27,0.0,test,1,0.0008657132494542
S15969,81,6,2025-12-12,37,14,0.001889748211013,test,1,0.0008555132044985
S15976,81,4,2025-12-12,25,28,0.0037366594865664,test,1,0.0008637744159307
S15977,81,17,2025-12-12,20,22,0.001889748211013,test,1,0.0008794463238505
S15984,81,24,2025-12-12,40,19,0.0094881369651707,test,1,0.0007461200037359
S15987,81,9,2025-12-12,29,27,0.0037764379148287,test,1,0.0008792398839005
S15990,81,20,2025-12-12,60,25,0.001866750801914,test,1,0.0008442134532651
S16135,81,15,2025-12-12,39,13,0.0,test,1,0.0008327755610588
S16136,81,17,2025-12-12,35,12,0.0,test,1,0.0008501868018813
S16137,81,16,2025-12-12,39,24,0.0,test,1,0.0008896393171358
S16606,81,25,2025-12-12,46,22,0.0,test,1,0.0008468471444569
S17184,81,5,2025-12-12,23,19,0.0,test,1,0.0008805118179604
S17187,81,12,2025-12-12,63,25,0.0,test,1,0.0007958823072016
S17207,81,6,2025-12-12,43,23,0.0,test,1,0.0008828397744006
S17392,81,20,2025-12-12,46,19,0.0,test,1,0.0008847485565868
S17456,81,11,2025-12-12,23,18,0.0743851299448619,test,1,0.0008523617906371
S17457,81,11,2025-12-12,37,23,0.0206977121389462,test,1,0.0008664872804613
S17464,81,18,2025-12-12,54,15,0.024751936734857,test,1,0.0008225105143021
S17467,81,7,2025-12-12,28,16,0.0125409283415896,test,1,0.0008713019690173
S17480,81,2,2025-12-12,44,16,0.0138782511568533,test,1,0.000899965924348
S17481,81,2,2025-12-12,28,20,0.0305508360995056,test,1,0.0009017521337646
S17486,81,4,2025-12-12,43,26,0.017464054458972,test,1,0.0008534839781768
S17487,81,4,2025-12-12,61,19,0.0089016413408701,test,1,0.000856877109182
S17493,81,17,2025-12-12,29,26,0.0210120402573157,test,1,0.0008448264325933
S17495,81,16,2025-12-12,61,27,0.0233007341840992,test,1,0.0008697431577435
S17502,81,15,2025-12-12,61,18,0.0084702655790746,test,1,0.0008087741184007
S17508,81,8,2025-12-12,48,13,0.031962865724943,test,1,0.0008954654840522
S17509,81,10,2025-12-12,27,29,0.0103189371702339,test,1,0.0008735859283767
S17513,81,24,2025-12-12,39,31,0.0122114736605638,test,1,0.0008570670715151
S17521,81,8,2025-12-12,47,13,0.0155773126001496,test,1,0.0008920268414867
S17859,81,8,2025-12-12,59,15,0.0202166358681124,test,1,0.0008804721747425
S17861,81,3,2025-12-12,29,31,0.0190063902772944,test,1,0.0008454324610465
S18035,81,12,2025-12-12,56,23,0.0,test,1,0.0008244249770015
S18209,81,22,2025-12-12,52,23,0.0,test,1,0.0008168041023635
S18211,81,9,2025-12-12,50,30,0.0,test,1,0.0008536109099329
S18215,81,11,2025-12-12,25,27,0.0,test,1,0.0008617294155208
S18219,81,17,2025-12-12,63,18,0.0,test,1,0.0008436134589063
S18220,81,17,2025-12-12,49,23,0.0,test,1,0.0008299400417574
S18286,81,5,2025-12-12,31,25,0.0,test,1,0.0008742086786229
S18287,81,12,2025-12-12,30,20,0.0,test,1,0.0008795056317074
S18550,81,8,2025-12-12,62,23,0.0308110597445843,test,1,0.0008361286118965
S18560,81,19,2025-12-12,39,31,0.0062921348314606,test,1,0.0008411971267312
S18568,81,11,2025-12-12,27,25,0.0030833752101596,test,1,0.0008822282519404
S18572,81,13,2025-12-12,35,23,0.0099222061769227,test,1,0.0008943890605029
S18573,81,12,2025-12-12,25,24,0.0148186009860609,test,1,0.0008606009101039
S18645,81,25,2025-12-12,20,17,0.0178490698372056,test,1,0.0008549235280152
S18647,81,19,2025-12-12,39,17,0.0,test,1,0.0008779719184703
S18660,81,25,2025-12-12,22,22,0.0136432360294614,test,1,0.0008313150086685
S18664,81,23,2025-12-12,50,28,0.0074697206852647,test,1,0.0008740426852456
S18665,81,24,2025-12-12,52,22,0.0,test,1,0.0008776046860149
S18671,81,17,2025-12-12,23,15,0.0044555309769222,test,1,0.0008575863885027
S18681,81,14,2025-12-12,30,18,0.0,test,1,0.0008767942563238
S19653,81,19,2025-12-12,50,28,0.0,test,1,0.0008477658319508
S19659,81,3,2025-12-12,43,23,0.0,test,1,0.0008670505747378
S20033,81,20,2025-12-12,54,26,0.0038109697652841,test,1,0.0008342195044834
S20039,81,20,2025-12-12,25,16,0.0,test,1,0.0008812914470832
S20040,81,8,2025-12-12,47,22,0.0039045161188952,test,1,0.0008877974852929
S20054,81,22,2025-12-12,38,24,0.0019122592361736,test,1,0.0008566368925191
S20058,81,17,2025-12-12,31,20,0.0019656000221476,test,1,0.0008194201151752
S20059,81,17,2025-12-12,21,26,0.0,test,1,0.0008602859463469
S20202,81,18,2025-12-12,57,21,0.0019378258140233,test,1,0.0008178747496473
S20722,81,24,2025-12-12,34,20,0.0,test,1,0.0008586382710977
S20724,81,24,2025-12-12,24,21,0.0,test,1,0.0008865302446437
S21071,81,17,2025-12-12,30,29,0.0,test,1,0.0008529446143316
S21073,81,17,2025-12-12,49,20,0.0,test,1,0.0008070094982594
S21077,81,24,2025-12-12,47,26,0.0,test,1,0.0008788298280026
S21079,81,11,2025-12-12,23,26,0.0,test,1,0.0008872137381247
S21087,81,23,2025-12-12,55,15,0.0,test,1,0.0008457908483
S21292,81,11,2025-12-12,25,13,0.0,test,1,0.00085545914764
S21555,81,7,2025-12-12,26,25,0.0,test,1,0.0008834532430988
S21562,81,3,2025-12-12,28,20,0.0,test,1,0.0008911067975781
S21564,81,18,2025-12-12,24,27,0.0,test,1,0.0008398579265806
S21569,81,20,2025-12-12,47,15,0.0,test,1,0.0008731608367674
S21839,81,13,2025-12-12,44,25,0.0,test,1,0.0008888616464145
S21946,81,16,2025-12-12,35,32,0.0,test,1,0.0008793948954642
S21947,81,6,2025-12-12,29,12,0.0,test,1,0.0007380698467262
S22006,81,25,2025-12-12,42,23,0.0,test,1,0.0008596534842516
S22011,81,8,2025-12-12,57,20,0.0,test,1,0.0008861555589229
S22022,81,25,2025-12-12,43,14,0.0,test,1,0.0008750823929906
S22023,81,17,2025-12-12,47,26,0.0,test,1,0.0007862209597698
S22025,81,18,2025-12-12,29,25,0.0,test,1,0.0008466772871937
S22026,81,18,2025-12-12,28,22,0.0,test,1,0.0008448767356178
S22027,81,3,2025-12-12,37,12,0.0,test,1,0.0008645856813205
S22249,81,23,2025-12-12,49,16,0.0,test,1,0.0008791254112707
S22250,81,9,2025-12-12,25,18,0.0,test,1,0.000877570997759
S22373,81,13,2025-12-12,23,17,0.0,test,1,0.000890133913692
S22702,81,11,2025-12-12,35,32,0.0031837545241984,test,1,0.000837728067792
S22704,81,13,2025-12-12,62,27,0.0048263204404867,test,1,0.0008823080738466
S22706,81,6,2025-12-12,48,12,0.0078703747691937,test,1,0.0006835689678863
S22947,81,15,2025-12-12,42,12,0.0,test,1,0.0005899535851762
S22950,81,4,2025-12-12,23,20,0.0,test,1,0.0008672725437808
S23439,81,13,2025-12-12,51,15,0.0,test,1,0.0008443942030384
S23442,81,8,2025-12-12,37,29,0.0,test,1,0.0008664166215752
S23444,81,14,2025-12-12,58,19,0.0,test,1,0.000867474958903
S23533,81,17,2025-12-12,55,30,0.0,test,1,0.0008293783416315
S23701,81,18,2025-12-12,16,17,0.0,test,1,0.0008326444902519
S23985,81,7,2025-12-12,50,13,0.0,test,1,0.0007385966106528
S23987,81,14,2025-12-12,62,26,0.0,test,1,0.0008452777447338
S24005,81,8,2025-12-12,21,17,0.0,test,1,0.0008987716242559
S24006,81,9,2025-12-12,40,28,0.0,test,1,0.0008599527785029
S24105,81,12,2025-12-12,60,28,0.0,test,1,0.0008330465653253
S24751,81,2,2025-12-12,50,17,0.0,test,1,0.0008926735359274
S25044,81,9,2025-12-12,21,19,0.0,test,1,0.0008842695285712
S25434,81,13,2025-12-12,54,13,0.0,test,1,0.0008744786556245
S25436,81,6,2025-12-12,17,16,0.0,test,1,0.0006439753803347
S25655,81,23,2025-12-12,46,23,0.0,test,1,0.0008745081237604
S25660,81,22,2025-12-12,35,18,0.0030211847664204,test,1,0.0008224014568088
S25676,81,15,2025-12-12,26,18,0.0,test,1,0.0008766053704624
S25829,81,15,2025-12-12,30,21,0.0,test,1,0.0008627964782234
S26048,81,2,2025-12-12,30,21,0.0,test,1,0.0008988642467829
S26053,81,24,2025-12-12,32,31,0.0,test,1,0.0008568919737986
S26093,81,1,2025-12-12,41,20,0.0,test,1,0.0008884355428637
S26252,81,10,2025-12-12,33,23,0.0,test,1,0.0008764927743393
S26371,81,4,2025-12-12,56,24,0.0,test,1,0.0008556822628879
S26612,81,14,2025-12-12,59,22,0.0024687678513771,test,1,0.0007705633992545
S26614,81,14,2025-12-12,39,20,0.0074650404794448,test,1,0.0008644203440464
S26615,81,7,2025-12-12,18,18,0.0144923310200035,test,1,0.00074851408278
S26616,81,3,2025-12-12,44,20,0.0,test,1,0.0008567025004712
S26617,81,19,2025-12-12,53,29,0.0050634329973842,test,1,0.0008423397812613
S26618,81,7,2025-12-12,31,26,0.0050129105139998,test,1,0.0008878453826919
S26620,81,18,2025-12-12,25,16,0.0123588492593393,test,1,0.0008485972803042
S26624,81,13,2025-12-12,43,23,0.0012557640073273,test,1,0.000878986392405
S26849,81,21,2025-12-12,26,21,0.0049654318027414,test,1,0.0008695087753382
S26850,81,20,2025-12-12,29,20,0.0012061555188288,test,1,0.0008982294558174
S26862,81,24,2025-12-12,43,20,0.0075821141436177,test,1,0.0008602972249431
S26867,81,23,2025-12-12,38,22,0.0061884732525967,test,1,0.0008812451220329
S26875,81,25,2025-12-12,37,20,0.0,test,1,0.0008523918863285
S26879,81,1,2025-12-12,19,23,0.0198016350293712,test,1,0.0008937559854382
S26881,81,17,2025-12-12,30,15,0.0,test,1,0.0008643442273385
S26882,81,18,2025-12-12,29,14,0.0059932952270699,test,1,0.0008358555751192
S26883,81,17,2025-12-12,30,17,0.0,test,1,0.000875676171675
S26887,81,14,2025-12-12,41,24,0.0112647325475974,test,1,0.0008813309286679
S26889,81,6,2025-12-12,52,17,0.007362635734708,test,1,0.0007276872407403
S26890,81,3,2025-12-12,44,12,0.0201582340251318,test,1,0.0008456681358467
S26891,81,6,2025-12-12,49,27,0.0049803217167579,test,1,0.0008527176401008
S26893,81,14,2025-12-12,39,18,0.0,test,1,0.0008705126583739
S27317,81,11,2025-12-12,20,15,0.0,test,1,0.0008488421451357
S27587,81,24,2025-12-12,35,13,0.0,test,1,0.0008563108760619
S27598,81,12,2025-12-12,50,30,0.0,test,1,0.0008402563925751
S27599,81,13,2025-12-12,51,26,0.0030599114657406,test,1,0.0008728569038645
S27602,81,12,2025-12-12,26,27,0.0,test,1,0.0008715628809747
S27638,81,20,2025-12-12,56,22,0.0,test,1,0.000838504612883
S27642,81,23,2025-12-12,39,15,0.0,test,1,0.0008910414690736
S27648,81,2,2025-12-12,41,15,0.0,test,1,0.0008976820000942
S28193,81,8,2025-12-12,60,24,0.0023225058763604,test,1,0.0008723325246904
S28195,81,5,2025-12-12,39,20,0.0047066399609831,test,1,0.0008602815627298
S28196,81,12,2025-12-12,49,29,0.0,test,1,0.0008224398356314
S28200,81,18,2025-12-12,50,16,0.0094201044361678,test,1,0.0007842136959557
S28202,81,7,2025-12-12,40,24,0.0069866171839856,test,1,0.000851976786007
S28203,81,6,2025-12-12,21,28,0.0,test,1,0.0008800685979761
S28206,81,13,2025-12-12,46,18,0.0,test,1,0.0008854911919505
S28935,81,14,2025-12-12,42,26,0.0,test,1,0.0008391945705177
S28936,81,14,2025-12-12,35,31,0.0,test,1,0.0008300339126535
S28942,81,22,2025-12-12,63,24,0.0,test,1,0.0008420197664385
S28946,81,9,2025-12-12,55,23,0.0,test,1,0.0007579917966663
S29275,81,9,2025-12-12,23,24,0.0,test,1,0.0008752750557629
S29277,81,22,2025-12-12,47,26,0.0,test,1,0.0008317041515326
S29675,81,4,2025-12-12,52,30,0.0,test,1,0.0008239111713359
S29680,81,1,2025-12-12,23,20,0.0023248525332472,test,1,0.0008961867756127
S29695,81,21,2025-12-12,41,17,0.0023800288285182,test,1,0.0008551352031659
S29864,81,2,2025-12-12,41,27,0.0,test,1,0.0008914389305018
S30175,81,15,2025-12-12,27,24,0.0,test,1,0.0008674552765108
S30176,81,10,2025-12-12,56,16,0.0,test,1,0.0008454185133441
S30178,81,6,2025-12-12,24,27,0.0,test,1,0.0008826482253729
S30180,81,18,2025-12-12,42,16,0.0,test,1,0.0008149820845293
S30181,81,11,2025-12-12,55,24,0.0,test,1,0.0008653190304373
S30851,81,19,2025-12-12,23,28,0.0,test,1,0.00086763814592
S30853,81,10,2025-12-12,24,22,0.0,test,1,0.0008700672077626
S30896,81,10,2025-12-12,18,20,0.0,test,1,0.000868433993361
S31457,81,18,2025-12-12,33,24,0.0,test,1,0.0008539270833634
S31460,81,5,2025-12-12,22,19,0.0,test,1,0.0008777316916477
S31461,81,5,2025-12-12,55,18,0.0,test,1,0.0008610017079878
S31465,81,14,2025-12-12,25,27,0.0032276709464154,test,1,0.0008722560212931
S31482,81,17,2025-12-12,61,26,0.0015980039419574,test,1,0.0008152581308894
S31488,81,25,2025-12-12,14,22,0.0080009015100293,test,1,0.000836323694211
S31492,81,25,2025-12-12,58,23,0.0047896228051577,test,1,0.000780332354991
S31498,81,25,2025-12-12,45,22,0.0,test,1,0.0008512249891722
S31500,81,22,2025-12-12,55,15,0.0110082743999873,test,1,0.000806443745871
S31502,81,24,2025-12-12,48,29,0.0,test,1,0.0008235576133666
S31504,81,9,2025-12-12,45,31,0.0146352955034011,test,1,0.0008511536493838
S31507,81,24,2025-12-12,25,15,0.0079280762371467,test,1,0.0008667398294378
S31513,81,21,2025-12-12,55,19,0.0,test,1,0.0007289262974474
S31515,81,19,2025-12-12,53,16,0.0,test,1,0.0008427497943985
S31519,81,24,2025-12-12,36,13,0.0111043019195536,test,1,0.0007469636228528
S31715,81,18,2025-12-12,49,31,0.0,test,1,0.0008128559163642
S31716,81,13,2025-12-12,24,30,0.0,test,1,0.0008541713376363
S31720,81,8,2025-12-12,60,15,0.0066451845810324,test,1,0.0008797739294627
S31931,81,13,2025-12-12,35,22,0.0,test,1,0.0008958978672532
S31937,81,7,2025-12-12,23,24,0.0,test,1,0.000889836988244
S31940,81,5,2025-12-12,41,24,0.0,test,1,0.0008547858784363
S31941,81,4,2025-12-12,34,31,0.0,test,1,0.0008294640394404
S31946,81,1,2025-12-12,52,21,0.0,test,1,0.0008873226969843
S31949,81,17,2025-12-12,39,31,0.0,test,1,0.0004901606798324
S31957,81,15,2025-12-12,38,20,0.0044760257934363,test,1,0.0007912513002027
S31958,81,23,2025-12-12,42,25,0.0043929430066468,test,1,0.000875380444476
S31959,81,24,2025-12-12,36,22,0.0,test,1,0.0008255471201772
S32267,81,12,2025-12-12,15,21,0.0,test,1,0.0008540913031699
S32273,81,2,2025-12-12,36,16,0.0,test,1,0.0008930239424395
S32279,81,17,2025-12-12,19,20,0.0027155353757219,test,1,0.0008745014921243
S32280,81,1,2025-12-12,13,20,0.0,test,1,0.0008954193370891
S32282,81,17,2025-12-12,38,27,0.0,test,1,0.0008438639632916
S32445,81,17,2025-12-12,16,16,0.0,test,1,0.0008658251708693
S32805,81,21,2025-12-12,63,19,0.0,test,1,0.0008108016236739
S32814,81,15,2025-12-12,44,20,0.0,test,1,0.0008071092393478
S32817,81,17,2025-12-12,29,25,0.0,test,1,0.0008783342426826
S32821,81,4,2025-12-12,59,22,0.0,test,1,0.0008589655381364
S32860,81,17,2025-12-12,33,32,0.0,test,1,0.000835881425582
S33034,81,12,2025-12-12,29,13,0.0,test,1,0.0008434208502678
S33036,81,9,2025-12-12,32,15,0.0,test,1,0.0008778982389537
S33282,81,10,2025-12-12,40,16,0.0036031725317905,test,1,0.0008408351411063
S33285,81,14,2025-12-12,15,19,0.0,test,1,0.0008498437048278
S33293,81,7,2025-12-12,47,26,0.0,test,1,0.0008656744739765
S33296,81,2,2025-12-12,25,15,0.007110462537734,test,1,0.0009006415213895
S33307,81,15,2025-12-12,46,23,0.0035846947239352,test,1,0.0008201044054066
S33317,81,10,2025-12-12,47,29,0.0035495563054618,test,1,0.0007782892651858
S33563,81,13,2025-12-12,37,18,0.0,test,1,0.0008905570385435
S33572,81,19,2025-12-12,33,18,0.0,test,1,0.0008556107472638
S33722,81,23,2025-12-12,38,13,0.0,test,1,0.0008957838889895
S33885,81,18,2025-12-12,42,27,0.0,test,1,0.0008290227808109
S33890,81,9,2025-12-12,54,17,0.0,test,1,0.0007675949384971
S33891,81,9,2025-12-12,42,12,0.0,test,1,0.0007628436885508
S33893,81,22,2025-12-12,21,19,0.0,test,1,0.0008310375384456
S34673,81,12,2025-12-12,58,19,0.0,test,1,0.0008455861012612
S34676,81,18,2025-12-12,57,20,0.0,test,1,0.0007984578103972
S34685,81,25,2025-12-12,22,24,0.0,test,1,0.0008121708320569
S34690,81,22,2025-12-12,55,27,0.0,test,1,0.0007999791051132
S34781,81,15,2025-12-12,27,22,0.0,test,1,0.0008720758245827
S35055,81,5,2025-12-12,23,27,0.0,test,1,0.0008698669359737
S35359,81,24,2025-12-12,42,27,0.0,test,1,0.0008697348805569
S35537,81,7,2025-12-12,40,20,0.0,test,1,0.0008555044298664
S35538,81,4,2025-12-12,45,14,0.0,test,1,0.0008323205117801
S35552,81,11,2025-12-12,33,29,0.0,test,1,0.0008607902675463
S35891,81,15,2025-12-12,29,20,0.0,test,1,0.0008744144702793
S35896,81,3,2025-12-12,19,20,0.004052858406827,test,1,0.0008848932556495
S35900,81,4,2025-12-12,26,29,0.0,test,1,0.0008655870529095
S35907,81,16,2025-12-12,48,30,0.0,test,1,0.0008776265196018
S35917,81,19,2025-12-12,24,20,0.003992256468339,test,1,0.0008625585987129
S35920,81,20,2025-12-12,24,20,0.0059857161782948,test,1,0.0008838847949267
S36458,81,2,2025-12-12,49,19,0.0036279490773183,test,1,0.0008945651569956
S36589,81,5,2025-12-12,14,18,0.0,test,1,0.0008524531059327
S36605,81,8,2025-12-12,47,19,0.0,test,1,0.0008849970805743
S36607,81,21,2025-12-12,38,23,0.0,test,1,0.0008704686587153
S36608,81,22,2025-12-12,47,29,0.0,test,1,0.0008424124875012
S36611,81,1,2025-12-12,41,16,0.0,test,1,0.0008906963262641
S36614,81,4,2025-12-12,41,27,0.0,test,1,0.0008419192968003
S37450,81,21,2025-12-12,39,29,0.0,test,1,0.0008651310657517
S37452,81,25,2025-12-12,22,25,0.0,test,1,0.0008508038362604
S37453,81,21,2025-12-12,53,14,0.0,test,1,0.0007383429920725
S37563,81,14,2025-12-12,36,29,0.0,test,1,0.0008609855142312
S37564,81,10,2025-12-12,45,28,0.0,test,1,0.000852876407665
S37566,81,7,2025-12-12,25,26,0.0,test,1,0.0008881666985399
S37569,81,1,2025-12-12,54,16,0.0,test,1,0.0008730042228987
S37574,81,24,2025-12-12,47,19,0.0,test,1,0.0008536489444149
S37575,81,15,2025-12-12,45,18,0.0,test,1,0.0008659241576664
S37582,81,23,2025-12-12,29,18,0.0,test,1,0.0008721144507582
S37586,81,20,2025-12-12,23,28,0.0,test,1,0.0008787095396749
S37587,81,22,2025-12-12,25,21,0.0,test,1,0.0008634835884026
S37628,81,2,2025-12-12,42,27,0.0,test,1,0.0008848492903479
S38143,81,6,2025-12-12,30,16,0.008454969208261,test,1,0.0008650977484956
S38147,81,14,2025-12-12,26,17,0.0,test,1,0.000875233525729
S38149,81,5,2025-12-12,49,23,0.0121847572037984,test,1,0.0008595951059368
S38357,81,20,2025-12-12,24,22,0.0,test,1,0.0008861288431248
S38361,81,8,2025-12-12,33,16,0.0054893319748065,test,1,0.0008885285131323
S38363,81,12,2025-12-12,43,25,0.0028361994926798,test,1,0.0008496305282082
S38364,81,10,2025-12-12,38,24,0.0055565804110975,test,1,0.0008599608903008
S38371,81,24,2025-12-12,28,24,0.0027859290961425,test,1,0.0008897929866013
S38375,81,23,2025-12-12,51,19,0.0083221701272605,test,1,0.0008767799565237
S38377,81,16,2025-12-12,50,16,0.0165619741073362,test,1,0.0008838316721061
S38378,81,17,2025-12-12,49,24,0.0094580964731277,test,1,0.0008073706614958
S38402,81,11,2025-12-12,55,26,0.0,test,1,0.0008496901086882
S38406,81,2,2025-12-12,63,21,0.0,test,1,0.0008878960721103
S38526,81,15,2025-12-12,46,11,0.0055154198710479,test,1,0.0006094492597621
S38529,81,13,2025-12-12,25,30,0.0069510878382536,test,1,0.0008834960451803
S38531,81,4,2025-12-12,22,29,0.005411025645213,test,1,0.0008429686823117
S38883,81,9,2025-12-12,22,26,0.0,test,1,0.0008798179367394
S39028,81,13,2025-12-12,61,27,0.0,test,1,0.0008745336330889
S39029,81,10,2025-12-12,25,23,0.0,test,1,0.0008661616202016
S39304,81,11,2025-12-12,18,16,0.0,test,1,0.000876180854065
S39900,81,12,2025-12-12,37,11,0.0136555075382012,test,1,0.0008186003323142
S40163,81,6,2025-12-12,44,21,0.0,test,1,0.0008610453438466
S40167,81,14,2025-12-12,56,20,0.006743669329534,test,1,0.0008447952977827
S40171,81,14,2025-12-12,33,16,0.0033518460443832,test,1,0.0008642374326752
S40174,81,5,2025-12-12,36,22,0.0,test,1,0.0008526589909807
S40178,81,19,2025-12-12,32,25,0.0118145265359903,test,1,0.0008717863286165
S40298,81,6,2025-12-12,22,28,0.0033112141562733,test,1,0.0008736720668892
S40304,81,5,2025-12-12,47,28,0.0065302153854239,test,1,0.000830718955699
S40306,81,18,2025-12-12,40,24,0.0016918227432718,test,1,0.000834233690697
S40314,81,15,2025-12-12,24,16,0.0066649903612438,test,1,0.0008679906701941
S40322,81,20,2025-12-12,42,26,0.0049380998748087,test,1,0.0008894660122291
S40658,81,25,2025-12-12,58,14,0.0021707132780391,test,1,0.0006654910326553
S40990,81,7,2025-12-12,57,23,0.0,test,1,0.0008756535431957
S40998,81,5,2025-12-12,44,29,0.0,test,1,0.0007749425773276
S41006,81,3,2025-12-12,48,17,0.0,test,1,0.0008608886665868
S41007,81,16,2025-12-12,44,19,0.0,test,1,0.000840346296893
S41011,81,18,2025-12-12,18,27,0.0042394929668773,test,1,0.000846178351976
S41012,81,25,2025-12-12,24,15,0.0,test,1,0.0008712163277955
S41022,81,10,2025-12-12,39,18,0.0021426107949646,test,1,0.0008672889256343
S41029,81,20,2025-12-12,31,14,0.0,test,1,0.0008718871962592
S41034,81,20,2025-12-12,41,26,0.0021713107377213,test,1,0.00087707859124
S41211,81,22,2025-12-12,37,17,0.0,test,1,0.0008609772170193
S41441,81,23,2025-12-12,37,24,0.002448046734542,test,1,0.0008726753150389
S41442,81,24,2025-12-12,56,19,0.0024555214648148,test,1,0.0007810956337702
S41455,81,22,2025-12-12,49,16,0.0,test,1,0.0008040104409239
S41459,81,4,2025-12-12,37,17,0.0,test,1,0.0008589694079696
S41486,81,15,2025-12-12,52,27,0.0,test,1,0.0008402472646592
S41488,81,11,2025-12-12,50,20,0.0,test,1,0.0008747178390112
S41800,81,12,2025-12-12,51,19,0.0103497464624483,test,1,0.0008418889673343
S41822,81,3,2025-12-12,27,13,0.0069221983899272,test,1,0.0008668371684368
S41829,81,4,2025-12-12,56,23,0.0022656200140404,test,1,0.0008454898147034
S41835,81,22,2025-12-12,34,13,0.0,test,1,0.0008395880091135
S41837,81,23,2025-12-12,44,30,0.0,test,1,0.000846281800069
S41845,81,19,2025-12-12,51,20,0.0,test,1,0.000866474039834
S42055,81,12,2025-12-12,31,26,0.0088990114397955,test,1,0.0008664954348061
S42060,81,21,2025-12-12,31,30,0.0080854640600851,test,1,0.000881982174443
S42062,81,23,2025-12-12,30,17,0.008331992167592,test,1,0.0008943299788903
S42067,81,8,2025-12-12,43,17,0.0008749507070024,test,1,0.0008959182308503
S42069,81,24,2025-12-12,34,30,0.0058110304348334,test,1,0.0008760044449318
S42072,81,24,2025-12-12,44,24,0.008822991615495,test,1,0.0008815773568167
S42077,81,17,2025-12-12,19,21,0.0075740258156936,test,1,0.0008859417003324
S42080,81,2,2025-12-12,20,16,0.0149308285057655,test,1,0.0008980411578195
S42082,81,16,2025-12-12,46,24,0.0081724602887493,test,1,0.0008867611749218
S42087,81,4,2025-12-12,19,18,0.0113899392689354,test,1,0.0008741683724997
S42096,81,14,2025-12-12,13,22,0.0008465294846049,test,1,0.0008606063824627
S42431,81,9,2025-12-12,39,28,0.0,test,1,0.00085718782641
S42432,81,9,2025-12-12,37,26,0.0024934402953999,test,1,0.0008537192975755
S42442,81,25,2025-12-12,53,22,0.0,test,1,0.0008474091058859
S42444,81,1,2025-12-12,18,24,0.0,test,1,0.0008789952419757
S42445,81,1,2025-12-12,39,31,0.0,test,1,0.0008855272803214
S42446,81,18,2025-12-12,45,19,0.0,test,1,0.0008229472401702
S42448,81,16,2025-12-12,28,19,0.0,test,1,0.000895396297916
S42636,81,17,2025-12-12,27,12,0.0,test,1,0.0007920548883272
S42639,81,8,2025-12-12,41,11,0.0,test,1,0.0008886975071526
S42693,81,11,2025-12-12,54,25,0.0,test,1,0.0008483535304494
S42694,81,12,2025-12-12,36,23,0.0,test,1,0.0008548628353118
S43373,81,24,2025-12-12,43,27,0.0160522910648571,test,1,0.0008580203442099
S43378,81,21,2025-12-12,48,24,0.0200216387932919,test,1,0.0008786465992258
S43380,81,22,2025-12-12,39,29,0.0058522570047512,test,1,0.0007971652444551
S43384,81,23,2025-12-12,45,26,0.0,test,1,0.0008874499719434
S43385,81,21,2025-12-12,35,15,0.0100271560403023,test,1,0.0006164489392217
S43389,81,25,2025-12-12,29,22,0.0048132330011524,test,1,0.0008723548152159
S43390,81,22,2025-12-12,18,23,0.0085386875275603,test,1,0.000852123617023
S43417,81,25,2025-12-12,61,25,0.0119985273437264,test,1,0.0008469815038602
S00620,81,13,2025-12-12,24,22,0.0,test,2,0.0008889557546996
S00623,81,6,2025-12-12,28,23,0.0,test,2,0.0008752610627188
S00625,81,3,2025-12-12,57,21,0.0,test,2,0.000864558104419
S00627,81,23,2025-12-12,39,12,0.0,test,2,0.0008541904163712
S00631,81,24,2025-12-12,43,24,0.0,test,2,0.000882572711006
S00948,81,2,2025-12-12,16,23,0.0,test,2,0.0008854135980145
S00967,81,19,2025-12-12,30,28,0.0,test,2,0.0008578162974331
S01566,81,10,2025-12-12,35,21,0.0043657765284609,test,2,0.0008615614279106
S01576,81,5,2025-12-12,28,26,0.0071406199264961,test,2,0.0008686653105675
S01577,81,6,2025-12-12,16,20,0.0,test,2,0.0007571970175123
S01578,81,3,2025-12-12,49,27,0.0057999428174651,test,2,0.0008634459130713
S01585,81,3,2025-12-12,39,30,0.0086589891457741,test,2,0.0008572543160897
S01595,81,17,2025-12-12,25,20,0.0,test,2,0.0008652507595267
S01598,81,18,2025-12-12,45,17,0.0043918172579861,test,2,0.0008386647637515
S01607,81,25,2025-12-12,60,22,0.0073871929558581,test,2,0.0008619149715807
S01612,81,24,2025-12-12,62,21,0.0074401420363534,test,2,0.0008600775878733
S01617,81,19,2025-12-12,22,23,0.0202655668853996,test,2,0.0008781430359305
S01618,81,19,2025-12-12,64,21,0.0014463904264669,test,2,0.0008525089095096
S01621,81,12,2025-12-12,37,27,0.0014691319706173,test,2,0.0008579176611327
S01727,81,11,2025-12-12,48,31,0.0074464961014521,test,2,0.0008415146537524
S01728,81,8,2025-12-12,58,29,0.0073384362781577,test,2,0.0008458673605407
S01729,81,2,2025-12-12,38,32,0.0101314555631272,test,2,0.0008819826506008
S01731,81,9,2025-12-12,23,30,0.0087196806877494,test,2,0.00086801255028
S02310,81,4,2025-12-12,20,19,0.0,test,2,0.0008626175976234
S02312,81,13,2025-12-12,38,30,0.009139781650555,test,2,0.0008885728972859
S02316,81,10,2025-12-12,61,24,0.005954163721532,test,2,0.0008127558779057
S02322,81,11,2025-12-12,56,20,0.0,test,2,0.0006544039448969
S02323,81,12,2025-12-12,42,21,0.0159011564990731,test,2,0.0008129853711271
S02636,81,17,2025-12-12,53,30,0.0,test,2,0.0008374664903394
S03242,81,9,2025-12-12,41,30,0.0,test,2,0.0008511954548026
S03247,81,25,2025-12-12,44,24,0.0,test,2,0.0008539844149806
S03266,81,2,2025-12-12,52,30,0.0,test,2,0.0008792868642534
S03463,81,8,2025-12-12,49,25,0.0029044964175929,test,2,0.0008772151144278
S03471,81,13,2025-12-12,21,15,0.0058089928351858,test,2,0.0008805029736576
S03518,81,25,2025-12-12,64,25,0.0,test,2,0.000834199864192
S03862,81,13,2025-12-12,50,26,0.0,test,2,0.0008878475513646
S03864,81,13,2025-12-12,48,14,0.0,test,2,0.000872994717139
S03988,81,9,2025-12-12,53,13,0.0,test,2,0.0008549931025199
S03989,81,16,2025-12-12,61,28,0.0,test,2,0.0008763027249848
S03991,81,7,2025-12-12,48,31,0.0,test,2,0.0008666811283663
S04268,81,7,2025-12-12,47,13,0.0,test,2,0.0007114790252729
S04270,81,12,2025-12-12,48,28,0.0,test,2,0.0008289611336879
S04307,81,8,2025-12-12,34,29,0.0,test,2,0.0008701365553249
S04308,81,6,2025-12-12,61,17,0.0,test,2,0.0008761604957912
S04312,81,11,2025-12-12,55,18,0.0,test,2,0.0008388798170498
S04314,81,12,2025-12-12,30,23,0.0,test,2,0.0008555685577584
S04391,81,6,2025-12-12,37,17,0.0,test,2,0.000866815775716
S04394,81,5,2025-12-12,31,22,0.0,test,2,0.0008784248463223
S04941,81,12,2025-12-12,22,23,0.0,test,2,0.0008280330970432
S04944,81,11,2025-12-12,63,18,0.0,test,2,0.0008544971473635
S04945,81,15,2025-12-12,26,26,0.0,test,2,0.0008681604777624
S04952,81,19,2025-12-12,29,26,0.0,test,2,0.0008749332443137
S04953,81,18,2025-12-12,61,17,0.0,test,2,0.0008158650829584
S04956,81,14,2025-12-12,28,26,0.0,test,2,0.0008733522652432
S04962,81,2,2025-12-12,44,15,0.0,test,2,0.0008872794951005
S04965,81,2,2025-12-12,45,26,0.0,test,2,0.0008876464815451
S04966,81,4,2025-12-12,22,28,0.0,test,2,0.0008502288649795
S04970,81,1,2025-12-12,47,16,0.0,test,2,0.0008890227644876
S04982,81,20,2025-12-12,40,29,0.0,test,2,0.0008117123044832
S04986,81,23,2025-12-12,45,21,0.0,test,2,0.0008652521230568
S05390,81,12,2025-12-12,20,20,0.0034283191578889,test,2,0.0008261469837343
S05392,81,4,2025-12-12,48,17,0.005249316110225,test,2,0.0008603132648183
S05395,81,25,2025-12-12,35,23,0.0017327336749991,test,2,0.0008484373836573
S05398,81,14,2025-12-12,42,23,0.0,test,2,0.0008636352420156
S05401,81,1,2025-12-12,34,25,0.0016985007398901,test,2,0.0008901931914562
S05403,81,3,2025-12-12,41,16,0.0017174115118404,test,2,0.0008526074113498
S05404,81,2,2025-12-12,38,24,0.0,test,2,0.000904328037994
S05406,81,3,2025-12-12,54,23,0.0,test,2,0.0008724537023403
S05409,81,25,2025-12-12,40,21,0.0034769590250522,test,2,0.0008424052070015
S05412,81,15,2025-12-12,48,14,0.0,test,2,0.0008175996520285
S05418,81,23,2025-12-12,50,17,0.0017141773156052,test,2,0.0008210617700827
S05419,81,16,2025-12-12,17,18,0.0068415600684156,test,2,0.0008907271632015
S05421,81,24,2025-12-12,52,16,0.0,test,2,0.0008418815078982
S05424,81,22,2025-12-12,28,20,0.0,test,2,0.0008493374433115
S05427,81,22,2025-12-12,28,14,0.0051057097655688,test,2,0.0008334780338178
S05430,81,8,2025-12-12,36,28,0.0033995458152069,test,2,0.0008746060560622
S05431,81,23,2025-12-12,23,28,0.0,test,2,0.0008675322574624
S05433,81,10,2025-12-12,44,27,0.0,test,2,0.0008460618876168
S05438,81,22,2025-12-12,37,31,0.0,test,2,0.0008390465028766
S05441,81,22,2025-12-12,43,22,0.0052298173246906,test,2,0.0008187814931935
S06008,81,10,2025-12-12,55,14,0.0,test,2,0.0007931908828361
S06010,81,4,2025-12-12,31,30,0.0,test,2,0.0008505824441638
S06246,81,13,2025-12-12,54,18,0.0031188716838455,test,2,0.000887935146102
S06250,81,7,2025-12-12,29,30,0.0075790154294724,test,2,0.0008791425360032
S06542,81,9,2025-12-12,48,17,0.0060806822109458,test,2,0.0008555671289536
S06548,81,16,2025-12-12,36,17,0.0045164983960523,test,2,0.0008939671061093
S06551,81,15,2025-12-12,20,17,0.0,test,2,0.0008571484595173
S06556,81,1,2025-12-12,44,15,0.0015198776758409,test,2,0.0008791873550434
S06558,81,4,2025-12-12,54,26,0.0075270185131336,test,2,0.0008503977325275
S07046,81,16,2025-12-12,45,32,0.0,test,2,0.000859029574064
S07984,81,20,2025-12-12,36,30,0.0071202418303462,test,2,0.0008754767319231
S07986,81,20,2025-12-12,53,20,0.003590806956195,test,2,0.0008689871438037
S07993,81,23,2025-12-12,49,15,0.0079896013466807,test,2,0.0008908061709278
S08010,81,16,2025-12-12,18,20,0.0104263546918596,test,2,0.0008962141077077
S08015,81,3,2025-12-12,59,27,0.0056486002382186,test,2,0.0008632904208669
S08018,81,4,2025-12-12,46,16,0.0035284261941273,test,2,0.0008412178111597
S08580,81,14,2025-12-12,48,21,0.0093105160124015,test,2,0.0008689570044835
S08581,81,8,2025-12-12,43,14,0.0092260640951565,test,2,0.0008868898618244
S08582,81,8,2025-12-12,38,19,0.0119391655075826,test,2,0.0008557734791403
S08586,81,6,2025-12-12,35,22,0.0080452513591826,test,2,0.0008364452935278
S08590,81,14,2025-12-12,46,20,0.0107003681615604,test,2,0.0008781020693128
S08740,81,15,2025-12-12,58,23,0.0,test,2,0.0008511348736022
S08875,81,5,2025-12-12,39,14,0.0,test,2,0.0008587983169007
S08876,81,4,2025-12-12,53,14,0.0,test,2,0.000817745813455
S08926,81,18,2025-12-12,26,30,0.0,test,2,0.0008283185966375
S09353,81,9,2025-12-12,47,22,0.0,test,2,0.0007975648148125
S09356,81,15,2025-12-12,41,15,0.0,test,2,0.0008301599210871
S09358,81,6,2025-12-12,33,27,0.0,test,2,0.0008649972132464
S09364,81,16,2025-12-12,40,29,0.0,test,2,0.0008867590455095
S09365,81,24,2025-12-12,57,18,0.0,test,2,0.0007693778996698
S09578,81,10,2025-12-12,37,12,0.0,test,2,0.000856871243429
S09579,81,6,2025-12-12,42,14,0.0,test,2,0.0007127468337756
S09580,81,24,2025-12-12,26,16,0.0,test,2,0.0008409290981997
S09582,81,10,2025-12-12,27,24,0.0,test,2,0.0008745341926961
S09774,81,10,2025-12-12,21,17,0.0105019321336407,test,2,0.0008737460503882
S10205,81,14,2025-12-12,21,15,0.0,test,2,0.0008552615363148
S10207,81,13,2025-12-12,42,29,0.0,test,2,0.0008774386551043
S10489,81,22,2025-12-12,14,18,0.0,test,2,0.0008408564564311
S11144,81,6,2025-12-12,18,19,0.0,test,2,0.000871182678871
S11324,81,14,2025-12-12,29,20,0.0,test,2,0.000882888929329
S11331,81,19,2025-12-12,43,30,0.0122014796586647,test,2,0.0008508947593134
S11333,81,7,2025-12-12,50,27,0.0022199690008352,test,2,0.0008699377214504
S11339,81,14,2025-12-12,47,24,0.0170896086926621,test,2,0.000871088271766
S11347,81,5,2025-12-12,52,23,0.0146147358347067,test,2,0.0008023460321454
S11349,81,3,2025-12-12,20,27,0.0074522910921879,test,2,0.0008783575703967
S11352,81,18,2025-12-12,47,23,0.0162054265708886,test,2,0.000845854720725
S11355,81,1,2025-12-12,53,17,0.0016129084601429,test,2,0.0008917774057533
S11361,81,15,2025-12-12,34,18,0.0073710219469583,test,2,0.0008613761741938
S11364,81,23,2025-12-12,23,26,0.0007711990515958,test,2,0.0009033914053773
S11366,81,25,2025-12-12,48,19,0.0170817212325942,test,2,0.0008585468425624
S11378,81,10,2025-12-12,52,24,0.0118234628531835,test,2,0.000861328446293
S11381,81,23,2025-12-12,13,20,0.0133203078411586,test,2,0.0008957111891831
S11382,81,9,2025-12-12,44,21,0.0078961081878034,test,2,0.0007987267908638
S11383,81,9,2025-12-12,58,19,0.0007696977581197,test,2,0.0007789041945993
S11384,81,8,2025-12-12,53,22,0.0014861395805019,test,2,0.0008726860935504
S11389,81,8,2025-12-12,30,29,0.0153643092646878,test,2,0.0008838052966035
S11391,81,21,2025-12-12,43,16,0.0165382509445891,test,2,0.0007989719531511
S11578,81,15,2025-12-12,32,23,0.0,test,2,0.0008665258342273
S11586,81,15,2025-12-12,40,30,0.0,test,2,0.000851088478826
S11618,81,10,2025-12-12,15,26,0.0,test,2,0.0008595347982159
S12024,81,8,2025-12-12,21,24,0.0,test,2,0.0008869009613614
S12029,81,25,2025-12-12,26,27,0.0,test,2,0.0007955269528161
S12030,81,23,2025-12-12,44,26,0.0,test,2,0.0008473752444317
S12031,81,25,2025-12-12,49,15,0.0,test,2,0.0008434435254686
S12039,81,16,2025-12-12,30,30,0.0026138222285332,test,2,0.0008898853430609
S12060,81,2,2025-12-12,52,29,0.0,test,2,0.0008816467084576
S12543,81,13,2025-12-12,32,27,0.0,test,2,0.0008720595524747
S12549,81,10,2025-12-12,44,21,0.0,test,2,0.0008669838206868
S12551,81,11,2025-12-12,51,28,0.0,test,2,0.0007439728692997
S12560,81,7,2025-12-12,56,17,0.0,test,2,0.0008694518780238
S12563,81,25,2025-12-12,36,12,0.0,test,2,0.0008499106541534
S12565,81,13,2025-12-12,21,27,0.0,test,2,0.0008405106628978
S12568,81,2,2025-12-12,24,14,0.0,test,2,0.0008885952952053
S12571,81,17,2025-12-12,49,22,0.0080012879336714,test,2,0.0008421584393654
S12573,81,1,2025-12-12,24,24,0.0,test,2,0.0008949243429957
S12576,81,24,2025-12-12,18,25,0.0,test,2,0.0008786348369769
S12577,81,22,2025-12-12,29,16,0.0,test,2,0.0008136279508261
S12579,81,25,2025-12-12,40,28,0.0,test,2,0.0007796743977884
S12582,81,21,2025-12-12,26,16,0.0,test,2,0.0007372604152638
S12587,81,19,2025-12-12,53,18,0.0,test,2,0.0008585913450215
S13476,81,9,2025-12-12,48,31,0.0,test,2,0.0008456886419945
S13478,81,20,2025-12-12,59,15,0.0,test,2,0.0008812639533471
S13860,81,23,2025-12-12,35,22,0.0052455209899997,test,2,0.0008822347219795
S13862,81,21,2025-12-12,58,19,0.0065348648847654,test,2,0.0006782667360839
S13872,81,19,2025-12-12,19,18,0.006535277348229,test,2,0.000878588835301
S13874,81,7,2025-12-12,54,19,0.0080207215421733,test,2,0.000874434521498
S13877,81,8,2025-12-12,21,15,0.0,test,2,0.000890781714795
S13883,81,8,2025-12-12,34,17,0.0116954935874808,test,2,0.0008937763819689
S13890,81,1,2025-12-12,21,28,0.0080136086230943,test,2,0.000890186765421
S13892,81,1,2025-12-12,32,22,0.0053523303367821,test,2,0.0008985685652158
S13893,81,15,2025-12-12,17,18,0.0128619194020889,test,2,0.0008770952694063
S13958,81,13,2025-12-12,60,15,0.0127643071960386,test,2,0.0008845838939164
S14113,81,11,2025-12-12,29,22,0.0,test,2,0.0008815702322648
S14116,81,1,2025-12-12,17,20,0.0,test,2,0.0008925323793994
S14140,81,16,2025-12-12,62,27,0.0,test,2,0.0008825334662489
S14563,81,15,2025-12-12,17,22,0.0,test,2,0.0008712770450226
S14568,81,25,2025-12-12,47,25,0.0,test,2,0.0008779027089521
S14787,81,2,2025-12-12,46,14,0.0,test,2,0.0008142681201562
S14788,81,4,2025-12-12,15,25,0.0,test,2,0.0008538630086925
S14795,81,21,2025-12-12,37,19,0.0,test,2,0.0008447407820081
S15157,81,12,2025-12-12,53,25,0.0,test,2,0.0007803751925286
S15163,81,10,2025-12-12,30,14,0.0041019800100692,test,2,0.0008603848404132
S15166,81,14,2025-12-12,36,26,0.0,test,2,0.0008669950782644
S15170,81,5,2025-12-12,20,26,0.0,test,2,0.0008738345001067
S15174,81,6,2025-12-12,35,30,0.0020699277399471,test,2,0.0008779267184218
S15177,81,2,2025-12-12,30,13,0.004099949678686,test,2,0.0008876646203458
S15178,81,3,2025-12-12,56,14,0.0041641530933708,test,2,0.0006364361891636
S15181,81,16,2025-12-12,40,20,0.0,test,2,0.0008744689048871
S15384,81,2,2025-12-12,51,31,0.0231761829579444,test,2,0.0008840370174955
S15385,81,14,2025-12-12,45,32,0.0114711720444998,test,2,0.0008454418059893
S15733,81,22,2025-12-12,38,28,0.0,test,2,0.0008178540340985
S15736,81,24,2025-12-12,51,14,0.0,test,2,0.0007643901479615
S15738,81,17,2025-12-12,62,16,0.0,test,2,0.0008398288737386
S15960,81,15,2025-12-12,27,30,0.0037307690864119,test,2,0.0008572057275664
S15962,81,12,2025-12-12,20,19,0.0018447582141849,test,2,0.0008553149749395
S15963,81,12,2025-12-12,36,17,0.0036997335000818,test,2,0.0008611234506085
S15968,81,14,2025-12-12,43,27,0.0,test,2,0.0008644997733043
S15969,81,6,2025-12-12,35,14,0.001889748211013,test,2,0.000725810530896
S15976,81,4,2025-12-12,23,28,0.0037366594865664,test,2,0.0008545019223401
S15977,81,17,2025-12-12,18,22,0.001889748211013,test,2,0.0008711205601375
S15984,81,24,2025-12-12,42,19,0.0094881369651707,test,2,0.0007304939085439
S15987,81,9,2025-12-12,31,27,0.0037764379148287,test,2,0.0008692972121288
S15990,81,20,2025-12-12,61,25,0.001866750801914,test,2,0.0008572826023669
S16135,81,15,2025-12-12,42,13,0.0,test,2,0.0004427838007308
S16136,81,17,2025-12-12,33,12,0.0,test,2,0.0008635403034175
S16137,81,16,2025-12-12,37,24,0.0,test,2,0.000902444184953
S16606,81,25,2025-12-12,44,22,0.0,test,2,0.0008267649549817
S17184,81,5,2025-12-12,26,19,0.0,test,2,0.0008341541883269
S17187,81,12,2025-12-12,62,26,0.0,test,2,0.0008295871209854
S17207,81,6,2025-12-12,45,23,0.0,test,2,0.0008673961399283
S17392,81,20,2025-12-12,49,19,0.0,test,2,0.0008877366656922
S17456,81,11,2025-12-12,21,18,0.0743851299448619,test,2,0.000842643918139
S17457,81,11,2025-12-12,39,23,0.0206977121389462,test,2,0.0008504528344626
S17464,81,18,2025-12-12,56,15,0.024751936734857,test,2,0.0008343555037476
S17467,81,7,2025-12-12,26,16,0.0125409283415896,test,2,0.0008494834500778
S17480,81,2,2025-12-12,42,16,0.0138782511568533,test,2,0.000904280812751
S17481,81,2,2025-12-12,26,20,0.0305508360995056,test,2,0.0008986391915102
S17486,81,4,2025-12-12,41,26,0.017464054458972,test,2,0.0008582250788231
S17487,81,4,2025-12-12,64,19,0.0089016413408701,test,2,0.0008396753604119
S17493,81,17,2025-12-12,27,26,0.0210120402573157,test,2,0.0008699444285009
S17495,81,16,2025-12-12,58,28,0.0233007341840992,test,2,0.0008559452490139
S17502,81,15,2025-12-12,59,18,0.0084702655790746,test,2,0.0008515044540802
S17508,81,8,2025-12-12,50,13,0.031962865724943,test,2,0.0008932027425721
S17509,81,10,2025-12-12,29,29,0.0103189371702339,test,2,0.0008570108000239
S17513,81,24,2025-12-12,41,31,0.0122114736605638,test,2,0.0008658902364748
S17521,81,8,2025-12-12,49,13,0.0155773126001496,test,2,0.0008967124608235
S17859,81,8,2025-12-12,62,16,0.0202166358681124,test,2,0.0008912137483348
S17861,81,3,2025-12-12,35,32,0.0190063902772944,test,2,0.0008402467971987
S18035,81,12,2025-12-12,58,23,0.0,test,2,0.0008477193709057
S18209,81,22,2025-12-12,54,23,0.0,test,2,0.0007626291592781
S18211,81,9,2025-12-12,49,30,0.0,test,2,0.000856115356428
S18215,81,11,2025-12-12,26,27,0.0,test,2,0.0008751114343479
S18219,81,17,2025-12-12,62,18,0.0,test,2,0.0008394582533626
S18220,81,17,2025-12-12,51,23,0.0,test,2,0.0008101288211313
S18286,81,5,2025-12-12,33,25,0.0,test,2,0.0008755719542081
S18287,81,12,2025-12-12,28,20,0.0,test,2,0.0008576384294879
S18550,81,8,2025-12-12,64,23,0.0308110597445843,test,2,0.0008758564983267
S18560,81,19,2025-12-12,40,31,0.0062921348314606,test,2,0.0008545683253525
S18568,81,11,2025-12-12,29,25,0.0030833752101596,test,2,0.000883007426751
S18572,81,13,2025-12-12,37,23,0.0099222061769227,test,2,0.0008814787902052
S18573,81,12,2025-12-12,23,24,0.0148186009860609,test,2,0.000848875400088
S18645,81,25,2025-12-12,22,17,0.0178490698372056,test,2,0.0008833865585951
S18647,81,19,2025-12-12,41,17,0.0,test,2,0.0008666309832405
S18660,81,25,2025-12-12,20,22,0.0136432360294614,test,2,0.0008581349917359
S18664,81,23,2025-12-12,48,28,0.0074697206852647,test,2,0.0008494681065775
S18665,81,24,2025-12-12,50,22,0.0,test,2,0.0008538452187007
S18671,81,17,2025-12-12,24,15,0.0044555309769222,test,2,0.0008763426363561
S18681,81,14,2025-12-12,28,18,0.0,test,2,0.0008815466603481
S19653,81,19,2025-12-12,48,28,0.0,test,2,0.0007862270659589
S19659,81,3,2025-12-12,45,23,0.0,test,2,0.0008445831259058
S20033,81,20,2025-12-12,52,26,0.0038109697652841,test,2,0.0008151090173247
S20039,81,20,2025-12-12,23,16,0.0,test,2,0.0008906563840915
S20040,81,8,2025-12-12,45,22,0.0039045161188952,test,2,0.0008856175799404
S20054,81,22,2025-12-12,35,24,0.0019122592361736,test,2,0.0008603051349001
S20058,81,17,2025-12-12,29,20,0.0019656000221476,test,2,0.0008789435843403
S20059,81,17,2025-12-12,19,26,0.0,test,2,0.0008699177195738
S20202,81,18,2025-12-12,59,21,0.0019378258140233,test,2,0.0008235406189164
S20722,81,24,2025-12-12,32,20,0.0,test,2,0.0008735148518303
S20724,81,24,2025-12-12,26,21,0.0,test,2,0.0008897105049491
S21071,81,17,2025-12-12,32,29,0.0,test,2,0.0008442745467038
S21073,81,17,2025-12-12,47,20,0.0,test,2,0.0008333524679682
S21077,81,24,2025-12-12,46,26,0.0,test,2,0.000855720948776
S21079,81,11,2025-12-12,21,26,0.0,test,2,0.0008848408769031
S21087,81,23,2025-12-12,57,15,0.0,test,2,0.000853291361666
S21292,81,11,2025-12-12,21,14,0.0,test,2,0.000845116738477
S21555,81,7,2025-12-12,28,25,0.0,test,2,0.0008857929895587
S21562,81,3,2025-12-12,26,20,0.0,test,2,0.0008893494466943
S21564,81,18,2025-12-12,25,27,0.0,test,2,0.0008404820644541
S21569,81,20,2025-12-12,48,15,0.0,test,2,0.0008734123340012
S21839,81,13,2025-12-12,46,25,0.0,test,2,0.0008708515475068
S21946,81,16,2025-12-12,37,32,0.0,test,2,0.0007696546454703
S21947,81,6,2025-12-12,26,13,0.0,test,2,0.0007130502407351
S22006,81,25,2025-12-12,44,23,0.0,test,2,0.0008479883232458
S22011,81,8,2025-12-12,55,20,0.0,test,2,0.0008915855578908
S22022,81,25,2025-12-12,41,14,0.0,test,2,0.000853811040011
S22023,81,17,2025-12-12,46,26,0.0,test,2,0.000832967311587
S22025,81,18,2025-12-12,31,25,0.0,test,2,0.0008490444873524
S22026,81,18,2025-12-12,26,22,0.0,test,2,0.0008430538244182
S22027,81,3,2025-12-12,36,12,0.0,test,2,0.0008671898196891
S22249,81,23,2025-12-12,47,16,0.0,test,2,0.0008878664594451
S22250,81,9,2025-12-12,23,18,0.0,test,2,0.0008778379613218
S22373,81,13,2025-12-12,25,17,0.0,test,2,0.0008890553136756
S22702,81,11,2025-12-12,38,32,0.0031837545241984,test,2,0.0008300809502246
S22704,81,13,2025-12-12,59,28,0.0048263204404867,test,2,0.0008792776646601
S22706,81,6,2025-12-12,50,12,0.0078703747691937,test,2,0.0006788514483333
S22947,81,15,2025-12-12,40,12,0.0,test,2,0.0006571863847338
S22950,81,4,2025-12-12,21,20,0.0,test,2,0.0008728703977256
S23439,81,13,2025-12-12,53,15,0.0,test,2,0.0008842361766348
S23442,81,8,2025-12-12,39,29,0.0,test,2,0.0008667345418811
S23444,81,14,2025-12-12,59,19,0.0,test,2,0.0008605959248806
S23533,81,17,2025-12-12,52,31,0.0,test,2,0.0008350143187783
S23701,81,18,2025-12-12,16,26,0.0,test,2,0.0008523575231859
S23985,81,7,2025-12-12,52,13,0.0,test,2,0.0006990661304485
S23987,81,14,2025-12-12,61,26,0.0,test,2,0.0008348906416292
S24005,81,8,2025-12-12,23,17,0.0,test,2,0.0008969898615728
S24006,81,9,2025-12-12,38,28,0.0,test,2,0.0008445472351601
S24105,81,12,2025-12-12,58,29,0.0,test,2,0.0008380895445739
S24751,81,2,2025-12-12,52,17,0.0,test,2,0.0008841815920402
S25044,81,9,2025-12-12,22,19,0.0,test,2,0.0008809724141012
S25434,81,13,2025-12-12,55,13,0.0,test,2,0.0008802073466849
S25436,81,6,2025-12-12,19,28,0.0,test,2,0.0008488972939851
S25655,81,23,2025-12-12,48,23,0.0,test,2,0.0008491538981343
S25660,81,22,2025-12-12,33,18,0.0030211847664204,test,2,0.0008652348481929
S25676,81,15,2025-12-12,24,18,0.0,test,2,0.0008650406666655
S25829,81,15,2025-12-12,32,21,0.0,test,2,0.0008653021675752
S26048,81,2,2025-12-12,32,21,0.0,test,2,0.0009024602560981
S26053,81,24,2025-12-12,34,31,0.0,test,2,0.0008458855114938
S26093,81,1,2025-12-12,39,20,0.0,test,2,0.0008830524987805
S26252,81,10,2025-12-12,35,23,0.0,test,2,0.0008352008277477
S26371,81,4,2025-12-12,54,24,0.0,test,2,0.0008498584577914
S26612,81,14,2025-12-12,57,22,0.0024687678513771,test,2,0.0008592979022788
S26614,81,14,2025-12-12,37,20,0.0074650404794448,test,2,0.0008549102873818
S26615,81,7,2025-12-12,16,18,0.0144923310200035,test,2,0.0008755021280107
S26616,81,3,2025-12-12,42,20,0.0,test,2,0.0008507367754098
S26617,81,19,2025-12-12,55,29,0.0050634329973842,test,2,0.0008406658191796
S26618,81,7,2025-12-12,30,26,0.0050129105139998,test,2,0.0008896453249582
S26620,81,18,2025-12-12,23,16,0.0123588492593393,test,2,0.0008463984093616
S26624,81,13,2025-12-12,45,23,0.0012557640073273,test,2,0.0008932544816822
S26849,81,21,2025-12-12,28,21,0.0049654318027414,test,2,0.000854827513693
S26850,81,20,2025-12-12,27,20,0.0012061555188288,test,2,0.0008980249119939
S26862,81,24,2025-12-12,41,20,0.0075821141436177,test,2,0.0008151736628421
S26867,81,23,2025-12-12,36,22,0.0061884732525967,test,2,0.0008812632716001
S26875,81,25,2025-12-12,35,20,0.0,test,2,0.0008316651590412
S26879,81,1,2025-12-12,21,23,0.0198016350293712,test,2,0.0008788362293513
S26881,81,17,2025-12-12,32,15,0.0,test,2,0.0008422960070125
S26882,81,18,2025-12-12,27,14,0.0059932952270699,test,2,0.0007934010302444
S26883,81,17,2025-12-12,31,17,0.0,test,2,0.0008748981264643
S26887,81,14,2025-12-12,39,24,0.0112647325475974,test,2,0.0008773311179831
S26889,81,6,2025-12-12,54,17,0.007362635734708,test,2,0.000838303931555
S26890,81,3,2025-12-12,42,12,0.0201582340251318,test,2,0.0008616138217103
S26891,81,6,2025-12-12,51,27,0.0049803217167579,test,2,0.0008772417108539
S26893,81,14,2025-12-12,37,18,0.0,test,2,0.0008728819153392
S27317,81,11,2025-12-12,22,15,0.0,test,2,0.0008796010130901
S27587,81,24,2025-12-12,37,13,0.0,test,2,0.0007430168465982
S27598,81,12,2025-12-12,47,30,0.0,test,2,0.00083673819356
S27599,81,13,2025-12-12,49,26,0.0030599114657406,test,2,0.0008911109870199
S27602,81,12,2025-12-12,28,27,0.0,test,2,0.0007704976216524
S27638,81,20,2025-12-12,53,22,0.0,test,2,0.0008650420900947
S27642,81,23,2025-12-12,41,15,0.0,test,2,0.0008904568883769
S27648,81,2,2025-12-12,43,15,0.0,test,2,0.0008666587649902
S28193,81,8,2025-12-12,58,24,0.0023225058763604,test,2,0.000816640659872
S28195,81,5,2025-12-12,37,20,0.0047066399609831,test,2,0.0008511428152244
S28196,81,12,2025-12-12,51,29,0.0,test,2,0.0008255409932126
S28200,81,18,2025-12-12,48,16,0.0094201044361678,test,2,0.0007755535029685
S28202,81,7,2025-12-12,38,24,0.0069866171839856,test,2,0.0008436906981799
S28203,81,6,2025-12-12,23,29,0.0,test,2,0.0008622471487698
S28206,81,13,2025-12-12,44,18,0.0,test,2,0.0008871576897087
S28935,81,14,2025-12-12,41,26,0.0,test,2,0.0008716678060065
S28936,81,14,2025-12-12,36,31,0.0,test,2,0.0008531324873919
S28942,81,22,2025-12-12,60,24,0.0,test,2,0.0007875599033472
S28946,81,9,2025-12-12,57,23,0.0,test,2,0.0008286752144522
S29275,81,9,2025-12-12,22,24,0.0,test,2,0.0008750396994517
S29277,81,22,2025-12-12,45,26,0.0,test,2,0.0007787602824775
S29675,81,4,2025-12-12,47,30,0.0,test,2,0.0008349136501339
S29680,81,1,2025-12-12,21,20,0.0023248525332472,test,2,0.0009029677371471
S29695,81,21,2025-12-12,43,17,0.0023800288285182,test,2,0.0008688122493722
S29864,81,2,2025-12-12,43,27,0.0,test,2,0.0008864959571126
S30175,81,15,2025-12-12,26,24,0.0,test,2,0.0008689629837652
S30176,81,10,2025-12-12,54,16,0.0,test,2,0.0008503088427739
S30178,81,6,2025-12-12,26,27,0.0,test,2,0.0008708297806603
S30180,81,18,2025-12-12,40,16,0.0,test,2,0.0007379349138787
S30181,81,11,2025-12-12,53,24,0.0,test,2,0.0008486564033769
S30851,81,19,2025-12-12,21,28,0.0,test,2,0.0008665153278259
S30853,81,10,2025-12-12,22,22,0.0,test,2,0.0008698022733119
S30896,81,10,2025-12-12,16,20,0.0,test,2,0.0008610287613028
S31457,81,18,2025-12-12,31,24,0.0,test,2,0.0008510830680963
S31460,81,5,2025-12-12,25,19,0.0,test,2,0.0008692694542665
S31461,81,5,2025-12-12,53,18,0.0,test,2,0.0008500003261672
S31465,81,14,2025-12-12,27,27,0.0032276709464154,test,2,0.0008730237698885
S31482,81,17,2025-12-12,59,26,0.0015980039419574,test,2,0.0007840237349761
S31488,81,25,2025-12-12,14,23,0.0080009015100293,test,2,0.0008145952185454
S31492,81,25,2025-12-12,60,23,0.0047896228051577,test,2,0.0008392323538049
S31498,81,25,2025-12-12,43,22,0.0,test,2,0.0008603659537433
S31500,81,22,2025-12-12,57,15,0.0110082743999873,test,2,0.0008256342564883
S31502,81,24,2025-12-12,50,29,0.0,test,2,0.000855792935286
S31504,81,9,2025-12-12,47,31,0.0146352955034011,test,2,0.000851872588387
S31507,81,24,2025-12-12,27,15,0.0079280762371467,test,2,0.0008661074229711
S31513,81,21,2025-12-12,57,19,0.0,test,2,0.0007426146992678
S31515,81,19,2025-12-12,51,16,0.0,test,2,0.0008645871888235
S31519,81,24,2025-12-12,38,13,0.0111043019195536,test,2,0.0007491625153686
S31715,81,18,2025-12-12,47,11,0.0,test,2,0.0008125266405157
S31716,81,13,2025-12-12,26,30,0.0,test,2,0.000892609749984
S31720,81,8,2025-12-12,66,23,0.0066451845810324,test,2,0.0008774621482354
S31931,81,13,2025-12-12,33,22,0.0,test,2,0.0009035856297365
S31937,81,7,2025-12-12,21,24,0.0,test,2,0.0008868145144321
S31940,81,5,2025-12-12,39,24,0.0,test,2,0.0008730777214672
S31941,81,4,2025-12-12,37,31,0.0,test,2,0.0008276615341689
S31946,81,1,2025-12-12,54,21,0.0,test,2,0.0008948333584123
S31949,81,17,2025-12-12,40,31,0.0,test,2,0.0005361797935868
S31957,81,15,2025-12-12,36,20,0.0044760257934363,test,2,0.0008356424927571
S31958,81,23,2025-12-12,44,25,0.0043929430066468,test,2,0.0008398184599073
S31959,81,24,2025-12-12,34,22,0.0,test,2,0.0008862407518404
S32267,81,12,2025-12-12,17,21,0.0,test,2,0.0008594022508315
S32273,81,2,2025-12-12,34,16,0.0,test,2,0.0008947940620685
S32279,81,17,2025-12-12,17,20,0.0027155353757219,test,2,0.0008603356805696
S32280,81,1,2025-12-12,14,21,0.0,test,2,0.000897372983907
S32282,81,17,2025-12-12,40,27,0.0,test,2,0.0008558113079483
S32445,81,17,2025-12-12,16,17,0.0,test,2,0.0008605358760546
S32805,81,21,2025-12-12,65,19,0.0,test,2,0.0008848639799652
S32814,81,15,2025-12-12,43,20,0.0,test,2,0.0008197959090302
S32817,81,17,2025-12-12,31,25,0.0,test,2,0.0008658576883175
S32821,81,4,2025-12-12,57,22,0.0,test,2,0.0008483756531648
S32860,81,17,2025-12-12,34,32,0.0,test,2,0.0008386069152998
S33034,81,12,2025-12-12,31,13,0.0,test,2,0.0008446825897435
S33036,81,9,2025-12-12,34,15,0.0,test,2,0.0008649650355536
S33282,81,10,2025-12-12,38,16,0.0036031725317905,test,2,0.0008331513720783
S33285,81,14,2025-12-12,17,19,0.0,test,2,0.0008722913108422
S33293,81,7,2025-12-12,45,26,0.0,test,2,0.0008745133065314
S33296,81,2,2025-12-12,27,15,0.007110462537734,test,2,0.0009003046478379
S33307,81,15,2025-12-12,48,23,0.0035846947239352,test,2,0.0008445962633211
S33317,81,10,2025-12-12,49,29,0.0035495563054618,test,2,0.0008372941117959
S33563,81,13,2025-12-12,35,18,0.0,test,2,0.0008924297118283
S33572,81,19,2025-12-12,31,18,0.0,test,2,0.0008462926368738
S33722,81,23,2025-12-12,40,13,0.0,test,2,0.0008823417601346
S33885,81,18,2025-12-12,44,27,0.0,test,2,0.0008285663636697
S33890,81,9,2025-12-12,56,17,0.0,test,2,0.0007278785358506
S33891,81,9,2025-12-12,40,12,0.0,test,2,0.0007326633806501
S33893,81,22,2025-12-12,23,19,0.0,test,2,0.0008582060916939
S34673,81,12,2025-12-12,60,19,0.0,test,2,0.0008425497861309
S34676,81,18,2025-12-12,55,20,0.0,test,2,0.0007383172343075
S34685,81,25,2025-12-12,20,24,0.0,test,2,0.0008442664916063
S34690,81,22,2025-12-12,57,27,0.0,test,2,0.000800458289165
S34781,81,15,2025-12-12,25,22,0.0,test,2,0.0008730739523559
S35055,81,5,2025-12-12,24,27,0.0,test,2,0.0008741882393754
S35359,81,24,2025-12-12,44,27,0.0,test,2,0.0008531543445131
S35537,81,7,2025-12-12,38,20,0.0,test,2,0.000854064619443
S35538,81,4,2025-12-12,42,14,0.0,test,2,0.0008590955000142
S35552,81,11,2025-12-12,35,29,0.0,test,2,0.0008616186231233
S35891,81,15,2025-12-12,27,20,0.0,test,2,0.0007720640833542
S35896,81,3,2025-12-12,17,20,0.004052858406827,test,2,0.0008833359285463
S35900,81,4,2025-12-12,28,29,0.0,test,2,0.0008553851030532
S35907,81,16,2025-12-12,46,30,0.0,test,2,0.0007906376458337
S35917,81,19,2025-12-12,22,20,0.003992256468339,test,2,0.00087490841384
S35920,81,20,2025-12-12,23,20,0.0059857161782948,test,2,0.0008878861030908
S36458,81,2,2025-12-12,51,19,0.0036279490773183,test,2,0.000895168219294
S36589,81,5,2025-12-12,14,25,0.0,test,2,0.0008516571980098
S36605,81,8,2025-12-12,49,19,0.0,test,2,0.0008999942892828
S36607,81,21,2025-12-12,40,23,0.0,test,2,0.0008750271327369
S36608,81,22,2025-12-12,49,29,0.0,test,2,0.0007684414415397
S36611,81,1,2025-12-12,39,16,0.0,test,2,0.0008765519123232
S36614,81,4,2025-12-12,43,27,0.0,test,2,0.0008402953020295
S37450,81,21,2025-12-12,41,29,0.0,test,2,0.0008444213691596
S37452,81,25,2025-12-12,24,25,0.0,test,2,0.000807570957892
S37453,81,21,2025-12-12,52,14,0.0,test,2,0.0006334858999774
S37563,81,14,2025-12-12,37,29,0.0,test,2,0.0008528244874394
S37564,81,10,2025-12-12,43,28,0.0,test,2,0.0008458748027631
S37566,81,7,2025-12-12,23,26,0.0,test,2,0.0008923824644966
S37569,81,1,2025-12-12,51,16,0.0,test,2,0.0008844711282667
S37574,81,24,2025-12-12,49,19,0.0,test,2,0.0008641919269587
S37575,81,15,2025-12-12,43,18,0.0,test,2,0.0008457706303859
S37582,81,23,2025-12-12,27,18,0.0,test,2,0.0008896340697024
S37586,81,20,2025-12-12,27,29,0.0,test,2,0.0008847370940893
S37587,81,22,2025-12-12,27,21,0.0,test,2,0.0008666288054372
S37628,81,2,2025-12-12,44,27,0.0,test,2,0.0008905238130218
S38143,81,6,2025-12-12,28,16,0.008454969208261,test,2,0.0008707165492717
S38147,81,14,2025-12-12,28,17,0.0,test,2,0.000870557824935
S38149,81,5,2025-12-12,51,23,0.0121847572037984,test,2,0.0008659904534347
S38357,81,20,2025-12-12,20,22,0.0,test,2,0.0008821757524578
S38361,81,8,2025-12-12,31,16,0.0054893319748065,test,2,0.0008954459358686
S38363,81,12,2025-12-12,45,25,0.0028361994926798,test,2,0.0008491134595086
S38364,81,10,2025-12-12,36,24,0.0055565804110975,test,2,0.0008855458943989
S38371,81,24,2025-12-12,27,24,0.0027859290961425,test,2,0.000781441000318
S38375,81,23,2025-12-12,53,19,0.0083221701272605,test,2,0.000750996931499
S38377,81,16,2025-12-12,49,16,0.0165619741073362,test,2,0.0008894874973291
S38378,81,17,2025-12-12,47,24,0.0094580964731277,test,2,0.0007963798091209
S38402,81,11,2025-12-12,53,26,0.0,test,2,0.0008512558976103
S38406,81,2,2025-12-12,65,21,0.0,test,2,0.0008851111709339
S38526,81,15,2025-12-12,50,12,0.0055154198710479,test,2,0.0007937504070042
S38529,81,13,2025-12-12,29,31,0.0069510878382536,test,2,0.0008805634794553
S38531,81,4,2025-12-12,26,30,0.005411025645213,test,2,0.000843151773881
S38883,81,9,2025-12-12,20,26,0.0,test,2,0.0008697798580985
S39028,81,13,2025-12-12,57,28,0.0,test,2,0.0008411642481728
S39029,81,10,2025-12-12,27,23,0.0,test,2,0.0008756571850351
S39304,81,11,2025-12-12,18,17,0.0,test,2,0.0008707246337714
S39900,81,12,2025-12-12,41,11,0.0136555075382012,test,2,0.0006108890797587
S40163,81,6,2025-12-12,45,21,0.0,test,2,0.0008526205793065
S40167,81,14,2025-12-12,54,20,0.006743669329534,test,2,0.0008393991712306
S40171,81,14,2025-12-12,31,16,0.0033518460443832,test,2,0.0008670316035094
S40174,81,5,2025-12-12,34,22,0.0,test,2,0.0008743565159656
S40178,81,19,2025-12-12,33,25,0.0118145265359903,test,2,0.000855705717539
S40298,81,6,2025-12-12,20,28,0.0033112141562733,test,2,0.0008734358506424
S40304,81,5,2025-12-12,45,28,0.0065302153854239,test,2,0.0008541824184705
S40306,81,18,2025-12-12,38,24,0.0016918227432718,test,2,0.0008258002309936
S40314,81,15,2025-12-12,22,16,0.0066649903612438,test,2,0.0008528825580509
S40322,81,20,2025-12-12,40,26,0.0049380998748087,test,2,0.0008364913338875
S40658,81,25,2025-12-12,59,15,0.0021707132780391,test,2,0.000820608373724
S40990,81,7,2025-12-12,59,23,0.0,test,2,0.0008785978476866
S40998,81,5,2025-12-12,46,29,0.0,test,2,0.0008446140132971
S41006,81,3,2025-12-12,50,17,0.0,test,2,0.0008609852176342
S41007,81,16,2025-12-12,46,19,0.0,test,2,0.0008898515539731
S41011,81,18,2025-12-12,20,27,0.0042394929668773,test,2,0.0008413018299092
S41012,81,25,2025-12-12,25,15,0.0,test,2,0.0008332894403789
S41022,81,10,2025-12-12,37,18,0.0021426107949646,test,2,0.0008389177568473
S41029,81,20,2025-12-12,30,14,0.0,test,2,0.0008727384884158
S41034,81,20,2025-12-12,39,26,0.0021713107377213,test,2,0.0008825105409437
S41211,81,22,2025-12-12,38,17,0.0,test,2,0.0008344858619465
S41441,81,23,2025-12-12,35,24,0.002448046734542,test,2,0.0008715653300642
S41442,81,24,2025-12-12,58,19,0.0024555214648148,test,2,0.0008685957050209
S41455,81,22,2025-12-12,47,16,0.0,test,2,0.000796594492679
S41459,81,4,2025-12-12,39,17,0.0,test,2,0.0008601820784437
S41486,81,15,2025-12-12,54,27,0.0,test,2,0.0008581888626622
S41488,81,11,2025-12-12,48,20,0.0,test,2,0.0007362883628145
S41800,81,12,2025-12-12,53,19,0.0103497464624483,test,2,0.0008294087718301
S41822,81,3,2025-12-12,29,13,0.0069221983899272,test,2,0.0008661363565563
S41829,81,4,2025-12-12,58,23,0.0022656200140404,test,2,0.0008001673228983
S41835,81,22,2025-12-12,35,13,0.0,test,2,0.0008460300818587
S41837,81,23,2025-12-12,42,30,0.0,test,2,0.0008812707975063
S41845,81,19,2025-12-12,49,20,0.0,test,2,0.0008607143622791
S42055,81,12,2025-12-12,29,26,0.0088990114397955,test,2,0.000869427211849
S42060,81,21,2025-12-12,29,30,0.0080854640600851,test,2,0.0008587707103933
S42062,81,23,2025-12-12,32,17,0.008331992167592,test,2,0.0008942953597757
S42067,81,8,2025-12-12,45,17,0.0008749507070024,test,2,0.0008935167304377
S42069,81,24,2025-12-12,33,30,0.0058110304348334,test,2,0.0008774700678161
S42072,81,24,2025-12-12,42,24,0.008822991615495,test,2,0.0008889052013238
S42077,81,17,2025-12-12,21,21,0.0075740258156936,test,2,0.0008720739510752
S42080,81,2,2025-12-12,18,16,0.0149308285057655,test,2,0.0008986109575978
S42082,81,16,2025-12-12,44,24,0.0081724602887493,test,2,0.0008820742836975
S42087,81,4,2025-12-12,17,18,0.0113899392689354,test,2,0.0008695359705496
S42096,81,14,2025-12-12,16,23,0.0008465294846049,test,2,0.0008598641695378
S42431,81,9,2025-12-12,37,28,0.0,test,2,0.0008225321403144
S42432,81,9,2025-12-12,35,26,0.0024934402953999,test,2,0.0008376520569103
S42442,81,25,2025-12-12,51,22,0.0,test,2,0.000845672729969
S42444,81,1,2025-12-12,19,25,0.0,test,2,0.0008909025376564
S42445,81,1,2025-12-12,40,31,0.0,test,2,0.0008735383077668
S42446,81,18,2025-12-12,47,19,0.0,test,2,0.0008059986049173
S42448,81,16,2025-12-12,30,19,0.0,test,2,0.0008982582964094
S42636,81,17,2025-12-12,28,12,0.0,test,2,0.0008515313052989
S42639,81,8,2025-12-12,44,11,0.0,test,2,0.0008494144835702
S42693,81,11,2025-12-12,56,25,0.0,test,2,0.0008500674156821
S42694,81,12,2025-12-12,38,23,0.0,test,2,0.0008433159074445
S43373,81,24,2025-12-12,45,27,0.0160522910648571,test,2,0.0008729349287082
S43378,81,21,2025-12-12,46,24,0.0200216387932919,test,2,0.0008645057998987
S43380,81,22,2025-12-12,41,29,0.0058522570047512,test,2,0.0007927955715989
S43384,81,23,2025-12-12,43,26,0.0,test,2,0.0008775456886283
S43385,81,21,2025-12-12,37,15,0.0100271560403023,test,2,0.0007226034333467
S43389,81,25,2025-12-12,27,22,0.0048132330011524,test,2,0.0008415885060645
S43390,81,22,2025-12-12,20,23,0.0085386875275603,test,2,0.0008400159334927
S43417,81,25,2025-12-12,63,25,0.0119985273437264,test,2,0.0008226838612548
S00620,81,13,2025-12-12,30,22,0.0,test,3,0.0009005424472168
S00623,81,6,2025-12-12,22,23,0.0,test,3,0.0008808309122
S00625,81,3,2025-12-12,51,21,0.0,test,3,0.0008596882342386
S00627,81,23,2025-12-12,47,12,0.0,test,3,0.0008975186969955
S00631,81,24,2025-12-12,49,24,0.0,test,3,0.0008841615720808
S00948,81,2,2025-12-12,16,22,0.0,test,3,0.0008936388550536
S00967,81,19,2025-12-12,33,28,0.0,test,3,0.0008516668775605
S01566,81,10,2025-12-12,29,21,0.0043657765284609,test,3,0.0008854028859886
S01576,81,5,2025-12-12,34,26,0.0071406199264961,test,3,0.0008708789225989
S01577,81,6,2025-12-12,22,20,0.0,test,3,0.0008667743597596
S01578,81,3,2025-12-12,43,27,0.0057999428174651,test,3,0.0008670447642644
S01585,81,3,2025-12-12,45,30,0.0086589891457741,test,3,0.0008516634386567
S01595,81,17,2025-12-12,28,20,0.0,test,3,0.0008422671965371
S01598,81,18,2025-12-12,39,17,0.0043918172579861,test,3,0.0008406619817779
S01607,81,25,2025-12-12,66,22,0.0073871929558581,test,3,0.0008220685327604
S01612,81,24,2025-12-12,56,21,0.0074401420363534,test,3,0.0008666102906255
S01617,81,19,2025-12-12,19,23,0.0202655668853996,test,3,0.000874732927997
S01618,81,19,2025-12-12,58,21,0.0014463904264669,test,3,0.0008250141103363
S01621,81,12,2025-12-12,31,27,0.0014691319706173,test,3,0.0008617222832258
S01727,81,11,2025-12-12,41,31,0.0074464961014521,test,3,0.0008422339562918
S01728,81,8,2025-12-12,63,26,0.0073384362781577,test,3,0.0008761088046904
S01729,81,2,2025-12-12,31,31,0.0101314555631272,test,3,0.0008919182387281
S01731,81,9,2025-12-12,15,26,0.0087196806877494,test,3,0.0008700871546622
S02310,81,4,2025-12-12,14,19,0.0,test,3,0.0008503524474192
S02312,81,13,2025-12-12,44,30,0.009139781650555,test,3,0.0008571747880058
S02316,81,10,2025-12-12,62,23,0.005954163721532,test,3,0.0007985409538762
S02322,81,11,2025-12-12,59,20,0.0,test,3,0.0008432553756993
S02323,81,12,2025-12-12,36,21,0.0159011564990731,test,3,0.0008464154379873
S02636,81,17,2025-12-12,61,28,0.0,test,3,0.0008237954165049
S03242,81,9,2025-12-12,48,30,0.0,test,3,0.000768405546417
S03247,81,25,2025-12-12,50,24,0.0,test,3,0.000622082048041
S03266,81,2,2025-12-12,54,29,0.0,test,3,0.0008735499814368
S03463,81,8,2025-12-12,43,25,0.0029044964175929,test,3,0.0008785249284455
S03471,81,13,2025-12-12,26,14,0.0058089928351858,test,3,0.0008780901051391
S03518,81,25,2025-12-12,58,25,0.0,test,3,0.0008332549949365
S03862,81,13,2025-12-12,58,26,0.0,test,3,0.0008544332090353
S03864,81,13,2025-12-12,53,14,0.0,test,3,0.0007783212399714
S03988,81,9,2025-12-12,42,11,0.0,test,3,0.0006694438534371
S03989,81,16,2025-12-12,58,14,0.0,test,3,0.000884031076101
S03991,81,7,2025-12-12,55,30,0.0,test,3,0.0008520758544473
S04268,81,7,2025-12-12,41,13,0.0,test,3,0.0007186562615836
S04270,81,12,2025-12-12,54,28,0.0,test,3,0.0008386776170651
S04307,81,8,2025-12-12,27,29,0.0,test,3,0.0008890959747817
S04308,81,6,2025-12-12,55,17,0.0,test,3,0.0007258591129484
S04312,81,11,2025-12-12,61,18,0.0,test,3,0.0008368621118032
S04314,81,12,2025-12-12,24,23,0.0,test,3,0.0008603647189731
S04391,81,6,2025-12-12,31,17,0.0,test,3,0.0008766166957165
S04394,81,5,2025-12-12,37,22,0.0,test,3,0.0008625356478409
S04941,81,12,2025-12-12,16,23,0.0,test,3,0.0008597382483846
S04944,81,11,2025-12-12,58,17,0.0,test,3,0.0008529083017573
S04945,81,15,2025-12-12,32,26,0.0,test,3,0.0008699668911473
S04952,81,19,2025-12-12,36,26,0.0,test,3,0.0008638704018154
S04953,81,18,2025-12-12,55,17,0.0,test,3,0.0007897001546889
S04956,81,14,2025-12-12,31,26,0.0,test,3,0.0008763252201511
S04962,81,2,2025-12-12,38,15,0.0,test,3,0.0008910290421114
S04965,81,2,2025-12-12,51,26,0.0,test,3,0.0008873546155688
S04966,81,4,2025-12-12,28,28,0.0,test,3,0.0008635759764595
S04970,81,1,2025-12-12,50,16,0.0,test,3,0.0008897046104469
S04982,81,20,2025-12-12,32,29,0.0,test,3,0.0008805651491669
S04986,81,23,2025-12-12,41,21,0.0,test,3,0.0008818475485777
S05390,81,12,2025-12-12,26,20,0.0034283191578889,test,3,0.0008586358330712
S05392,81,4,2025-12-12,42,17,0.005249316110225,test,3,0.0008660978718028
S05395,81,25,2025-12-12,29,23,0.0017327336749991,test,3,0.0008663657254093
S05398,81,14,2025-12-12,35,23,0.0,test,3,0.0008803013729916
S05401,81,1,2025-12-12,28,25,0.0016985007398901,test,3,0.0008883235501855
S05403,81,3,2025-12-12,50,16,0.0017174115118404,test,3,0.0008669619077751
S05404,81,2,2025-12-12,44,24,0.0,test,3,0.0009086737472228
S05406,81,3,2025-12-12,48,23,0.0,test,3,0.0008682197845171
S05409,81,25,2025-12-12,33,21,0.0034769590250522,test,3,0.0008449195577091
S05412,81,15,2025-12-12,54,14,0.0,test,3,0.0008099970348714
S05418,81,23,2025-12-12,44,17,0.0017141773156052,test,3,0.0008840203630187
S05419,81,16,2025-12-12,24,18,0.0068415600684156,test,3,0.0008849979277961
S05421,81,24,2025-12-12,55,16,0.0,test,3,0.0007111417273218
S05424,81,22,2025-12-12,34,20,0.0,test,3,0.0008319711699654
S05427,81,22,2025-12-12,34,14,0.0051057097655688,test,3,0.0008457269334445
S05430,81,8,2025-12-12,43,28,0.0033995458152069,test,3,0.0008708019093848
S05431,81,23,2025-12-12,29,28,0.0,test,3,0.0008949932860603
S05433,81,10,2025-12-12,37,27,0.0,test,3,0.0008656408197411
S05438,81,22,2025-12-12,34,31,0.0,test,3,0.0008470268065909
S05441,81,22,2025-12-12,49,22,0.0052298173246906,test,3,0.0008339985040929
S06008,81,10,2025-12-12,48,13,0.0,test,3,0.0008507994682364
S06010,81,4,2025-12-12,37,30,0.0,test,3,0.0008543911808516
S06246,81,13,2025-12-12,62,18,0.0031188716838455,test,3,0.0008940874974617
S06250,81,7,2025-12-12,35,30,0.0075790154294724,test,3,0.0008739707517435
S06542,81,9,2025-12-12,45,17,0.0060806822109458,test,3,0.0008656427244429
S06548,81,16,2025-12-12,30,17,0.0045164983960523,test,3,0.0008907876612152
S06551,81,15,2025-12-12,21,16,0.0,test,3,0.0008585800545286
S06556,81,1,2025-12-12,38,15,0.0015198776758409,test,3,0.0008924175969874
S06558,81,4,2025-12-12,61,26,0.0075270185131336,test,3,0.0008423871836533
S07046,81,16,2025-12-12,60,28,0.0,test,3,0.0008549427923231
S07984,81,20,2025-12-12,43,30,0.0071202418303462,test,3,0.0008740431710783
S07986,81,20,2025-12-12,59,20,0.003590806956195,test,3,0.0008604241748805
S07993,81,23,2025-12-12,43,15,0.0079896013466807,test,3,0.000877040969752
S08010,81,16,2025-12-12,24,20,0.0104263546918596,test,3,0.000898725434898
S08015,81,3,2025-12-12,51,27,0.0056486002382186,test,3,0.0008714015805169
S08018,81,4,2025-12-12,49,16,0.0035284261941273,test,3,0.0008371644409496
S08580,81,14,2025-12-12,42,21,0.0093105160124015,test,3,0.0008704563174168
S08581,81,8,2025-12-12,49,14,0.0092260640951565,test,3,0.000891026699042
S08582,81,8,2025-12-12,31,19,0.0119391655075826,test,3,0.0009020517805861
S08586,81,6,2025-12-12,43,22,0.0080452513591826,test,3,0.0008851194377365
S08590,81,14,2025-12-12,52,20,0.0107003681615604,test,3,0.0008585597959109
S08740,81,15,2025-12-12,50,23,0.0,test,3,0.0008321150936661
S08875,81,5,2025-12-12,47,14,0.0,test,3,0.0008603574469616
S08876,81,4,2025-12-12,49,13,0.0,test,3,0.0008486461105579
S08926,81,18,2025-12-12,17,27,0.0,test,3,0.0008567095977751
S09353,81,9,2025-12-12,53,22,0.0,test,3,0.0007845199279345
S09356,81,15,2025-12-12,35,15,0.0,test,3,0.0008459800050168
S09358,81,6,2025-12-12,27,27,0.0,test,3,0.0008479289024792
S09364,81,16,2025-12-12,33,29,0.0,test,3,0.0008679035212583
S09365,81,24,2025-12-12,63,18,0.0,test,3,0.000749763097948
S09578,81,10,2025-12-12,43,12,0.0,test,3,0.0008631858969113
S09579,81,6,2025-12-12,48,14,0.0,test,3,0.0007001135079057
S09580,81,24,2025-12-12,32,16,0.0,test,3,0.0008556526435607
S09582,81,10,2025-12-12,33,24,0.0,test,3,0.0008829346138068
S09774,81,10,2025-12-12,19,16,0.0105019321336407,test,3,0.0008656245031054
S10205,81,14,2025-12-12,31,14,0.0,test,3,0.0008592972940674
S10207,81,13,2025-12-12,35,29,0.0,test,3,0.0008811403429232
S10489,81,22,2025-12-12,25,13,0.0,test,3,0.0008173558452408
S11144,81,6,2025-12-12,18,18,0.0,test,3,0.0007607584603164
S11324,81,14,2025-12-12,35,20,0.0,test,3,0.0008666170077073
S11331,81,19,2025-12-12,49,30,0.0122014796586647,test,3,0.0008429369520092
S11333,81,7,2025-12-12,44,27,0.0022199690008352,test,3,0.0008490636526556
S11339,81,14,2025-12-12,53,24,0.0170896086926621,test,3,0.0008157936085414
S11347,81,5,2025-12-12,46,23,0.0146147358347067,test,3,0.0008571931776564
S11349,81,3,2025-12-12,20,26,0.0074522910921879,test,3,0.0008835639736015
S11352,81,18,2025-12-12,41,23,0.0162054265708886,test,3,0.0008274830065334
S11355,81,1,2025-12-12,47,17,0.0016129084601429,test,3,0.0008759299739807
S11361,81,15,2025-12-12,41,18,0.0073710219469583,test,3,0.000830631889612
S11364,81,23,2025-12-12,26,26,0.0007711990515958,test,3,0.000868006372492
S11366,81,25,2025-12-12,45,19,0.0170817212325942,test,3,0.0008260228391354
S11378,81,10,2025-12-12,58,24,0.0118234628531835,test,3,0.0008296283642085
S11381,81,23,2025-12-12,20,20,0.0133203078411586,test,3,0.0009038862493771
S11382,81,9,2025-12-12,37,21,0.0078961081878034,test,3,0.0008338816020579
S11383,81,9,2025-12-12,52,19,0.0007696977581197,test,3,0.0007927195406265
S11384,81,8,2025-12-12,61,22,0.0014861395805019,test,3,0.0008464900168916
S11389,81,8,2025-12-12,24,29,0.0153643092646878,test,3,0.0008730243173034
S11391,81,21,2025-12-12,49,16,0.0165382509445891,test,3,0.0006747311284296
S11578,81,15,2025-12-12,26,23,0.0,test,3,0.0008662624007257
S11586,81,15,2025-12-12,46,30,0.0,test,3,0.0008463450127284
S11618,81,10,2025-12-12,21,14,0.0,test,3,0.0008180849098563
S12024,81,8,2025-12-12,27,24,0.0,test,3,0.0008904487662308
S12029,81,25,2025-12-12,19,27,0.0,test,3,0.0008485009426146
S12030,81,23,2025-12-12,50,26,0.0,test,3,0.0008391697210504
S12031,81,25,2025-12-12,43,15,0.0,test,3,0.0008443832489914
S12039,81,16,2025-12-12,36,30,0.0026138222285332,test,3,0.0008801885624301
S12060,81,2,2025-12-12,48,29,0.0,test,3,0.0008785285621212
S12543,81,13,2025-12-12,26,27,0.0,test,3,0.0008846751714424
S12549,81,10,2025-12-12,37,21,0.0,test,3,0.00079966631775
S12551,81,11,2025-12-12,57,28,0.0,test,3,0.0008314230181353
S12560,81,7,2025-12-12,50,17,0.0,test,3,0.0008694246982179
S12563,81,25,2025-12-12,39,12,0.0,test,3,0.000806698207352
S12565,81,13,2025-12-12,20,26,0.0,test,3,0.000893445662951
S12568,81,2,2025-12-12,30,14,0.0,test,3,0.0008931985915097
S12571,81,17,2025-12-12,55,22,0.0080012879336714,test,3,0.0008293600098538
S12573,81,1,2025-12-12,31,24,0.0,test,3,0.0008931148675156
S12576,81,24,2025-12-12,18,24,0.0,test,3,0.0008766099047098
S12577,81,22,2025-12-12,36,16,0.0,test,3,0.0008338290502505
S12579,81,25,2025-12-12,43,28,0.0,test,3,0.0008363297665079
S12582,81,21,2025-12-12,32,16,0.0,test,3,0.0008062023225717
S12587,81,19,2025-12-12,59,18,0.0,test,3,0.0008201983311851
S13476,81,9,2025-12-12,55,30,0.0,test,3,0.0008124613024616
S13478,81,20,2025-12-12,42,11,0.0,test,3,0.0006111407864534
S13860,81,23,2025-12-12,41,22,0.0052455209899997,test,3,0.0008841345097739
S13862,81,21,2025-12-12,52,19,0.0065348648847654,test,3,0.0007689928813396
S13872,81,19,2025-12-12,22,18,0.006535277348229,test,3,0.0008696227980277
S13874,81,7,2025-12-12,47,19,0.0080207215421733,test,3,0.0008718191233947
S13877,81,8,2025-12-12,27,14,0.0,test,3,0.0008993909362132
S13883,81,8,2025-12-12,27,17,0.0116954935874808,test,3,0.000890622861597
S13890,81,1,2025-12-12,24,28,0.0080136086230943,test,3,0.0008849210836866
S13892,81,1,2025-12-12,39,22,0.0053523303367821,test,3,0.0008810235400306
S13893,81,15,2025-12-12,23,18,0.0128619194020889,test,3,0.000859433617539
S13958,81,13,2025-12-12,58,14,0.0127643071960386,test,3,0.0008842367891829
S14113,81,11,2025-12-12,35,22,0.0,test,3,0.0008780091199861
S14116,81,1,2025-12-12,20,20,0.0,test,3,0.0008950008915071
S14140,81,16,2025-12-12,55,13,0.0,test,3,0.0008733168275727
S14563,81,15,2025-12-12,23,22,0.0,test,3,0.0008760494935123
S14568,81,25,2025-12-12,41,25,0.0,test,3,0.0008780495328554
S14787,81,2,2025-12-12,52,14,0.0,test,3,0.0008795990817954
S14788,81,4,2025-12-12,19,24,0.0,test,3,0.0008779384173624
S14795,81,21,2025-12-12,29,19,0.0,test,3,0.0008834846073665
S15157,81,12,2025-12-12,47,25,0.0,test,3,0.0008597025564053
S15163,81,10,2025-12-12,36,14,0.0041019800100692,test,3,0.0008555444686846
S15166,81,14,2025-12-12,40,26,0.0,test,3,0.00087253645175
S15170,81,5,2025-12-12,26,26,0.0,test,3,0.0008226831734662
S15174,81,6,2025-12-12,43,30,0.0020699277399471,test,3,0.0007804361799651
S15177,81,2,2025-12-12,34,12,0.004099949678686,test,3,0.0008880871188641
S15178,81,3,2025-12-12,47,13,0.0041641530933708,test,3,0.0008649624191116
S15181,81,16,2025-12-12,46,20,0.0,test,3,0.0008869580453755
S15384,81,2,2025-12-12,60,28,0.0231761829579444,test,3,0.0008818197271449
S15385,81,14,2025-12-12,45,31,0.0114711720444998,test,3,0.0008332004303634
S15733,81,22,2025-12-12,44,28,0.0,test,3,0.0008284918292129
S15736,81,24,2025-12-12,51,13,0.0,test,3,0.0007358921056142
S15738,81,17,2025-12-12,56,13,0.0,test,3,0.0008509757721075
S15960,81,15,2025-12-12,33,30,0.0037307690864119,test,3,0.0008544080969091
S15962,81,12,2025-12-12,14,19,0.0018447582141849,test,3,0.0008520352236279
S15963,81,12,2025-12-12,30,17,0.0036997335000818,test,3,0.000858064911939
S15968,81,14,2025-12-12,40,27,0.0,test,3,0.000863174705709
S15969,81,6,2025-12-12,41,14,0.001889748211013,test,3,0.000719050327303
S15976,81,4,2025-12-12,29,28,0.0037366594865664,test,3,0.0008565498162363
S15977,81,17,2025-12-12,24,22,0.001889748211013,test,3,0.0008640006318658
S15984,81,24,2025-12-12,36,19,0.0094881369651707,test,3,0.0008613388228843
S15987,81,9,2025-12-12,25,27,0.0037764379148287,test,3,0.0008750887525946
S15990,81,20,2025-12-12,58,25,0.001866750801914,test,3,0.0008227988807522
S16135,81,15,2025-12-12,35,13,0.0,test,3,0.0008480691561168
S16136,81,17,2025-12-12,39,12,0.0,test,3,0.0008566765522806
S16137,81,16,2025-12-12,43,24,0.0,test,3,0.0008929191364863
S16606,81,25,2025-12-12,50,22,0.0,test,3,0.000846511603286
S17184,81,5,2025-12-12,19,19,0.0,test,3,0.0008683950524528
S17187,81,12,2025-12-12,58,25,0.0,test,3,0.0008468454512037
S17207,81,6,2025-12-12,37,23,0.0,test,3,0.0007011683163921
S17392,81,20,2025-12-12,42,19,0.0,test,3,0.0008796032931914
S17456,81,11,2025-12-12,27,18,0.0743851299448619,test,3,0.0008535942369476
S17457,81,11,2025-12-12,33,23,0.0206977121389462,test,3,0.0008714979085693
S17464,81,18,2025-12-12,50,15,0.024751936734857,test,3,0.0007549487610272
S17467,81,7,2025-12-12,32,16,0.0125409283415896,test,3,0.0008578894311228
S17480,81,2,2025-12-12,49,16,0.0138782511568533,test,3,0.0008929620229679
S17481,81,2,2025-12-12,32,20,0.0305508360995056,test,3,0.0009029715391528
S17486,81,4,2025-12-12,47,26,0.017464054458972,test,3,0.0008504948327137
S17487,81,4,2025-12-12,56,19,0.0089016413408701,test,3,0.0007931796340367
S17493,81,17,2025-12-12,33,26,0.0210120402573157,test,3,0.0008628006636447
S17495,81,16,2025-12-12,57,27,0.0233007341840992,test,3,0.000867454837178
S17502,81,15,2025-12-12,62,17,0.0084702655790746,test,3,0.0008395813975742
S17508,81,8,2025-12-12,44,13,0.031962865724943,test,3,0.0008937883398983
S17509,81,10,2025-12-12,25,29,0.0103189371702339,test,3,0.0008726029473366
S17513,81,24,2025-12-12,35,31,0.0122114736605638,test,3,0.0008609807697324
S17521,81,8,2025-12-12,43,13,0.0155773126001496,test,3,0.0008859921180551
S17859,81,8,2025-12-12,54,13,0.0202166358681124,test,3,0.0008602518893693
S17861,81,3,2025-12-12,26,30,0.0190063902772944,test,3,0.0008566472616495
S18035,81,12,2025-12-12,52,23,0.0,test,3,0.0008357249497721
S18209,81,22,2025-12-12,48,23,0.0,test,3,0.0008202490305658
S18211,81,9,2025-12-12,52,30,0.0,test,3,0.0008579779149256
S18215,81,11,2025-12-12,23,27,0.0,test,3,0.0008794042960916
S18219,81,17,2025-12-12,61,17,0.0,test,3,0.0008454329273636
S18220,81,17,2025-12-12,45,23,0.0,test,3,0.0008617060436325
S18286,81,5,2025-12-12,27,25,0.0,test,3,0.0008529811156062
S18287,81,12,2025-12-12,35,20,0.0,test,3,0.0008430416748682
S18550,81,8,2025-12-12,58,23,0.0308110597445843,test,3,0.0008430503420606
S18560,81,19,2025-12-12,37,31,0.0062921348314606,test,3,0.0008396301658354
S18568,81,11,2025-12-12,23,25,0.0030833752101596,test,3,0.0008797273751125
S18572,81,13,2025-12-12,31,23,0.0099222061769227,test,3,0.0008983353255983
S18573,81,12,2025-12-12,29,24,0.0148186009860609,test,3,0.0008699245102533
S18645,81,25,2025-12-12,18,16,0.0178490698372056,test,3,0.0008422491908978
S18647,81,19,2025-12-12,35,17,0.0,test,3,0.0008774876032636
S18660,81,25,2025-12-12,26,22,0.0136432360294614,test,3,0.0008629548815202
S18664,81,23,2025-12-12,54,28,0.0074697206852647,test,3,0.0008529270547568
S18665,81,24,2025-12-12,56,22,0.0,test,3,0.0008765618361753
S18671,81,17,2025-12-12,21,15,0.0044555309769222,test,3,0.0008662806329267
S18681,81,14,2025-12-12,35,18,0.0,test,3,0.000874034986202
S19653,81,19,2025-12-12,54,28,0.0,test,3,0.0008509773244351
S19659,81,3,2025-12-12,39,23,0.0,test,3,0.0008550688885438
S20033,81,20,2025-12-12,59,26,0.0038109697652841,test,3,0.0008435980054874
S20039,81,20,2025-12-12,29,16,0.0,test,3,0.0008767641829897
S20040,81,8,2025-12-12,51,22,0.0039045161188952,test,3,0.000879398937139
S20054,81,22,2025-12-12,42,24,0.0019122592361736,test,3,0.0008276565605603
S20058,81,17,2025-12-12,36,20,0.0019656000221476,test,3,0.000865038657298
S20059,81,17,2025-12-12,25,26,0.0,test,3,0.0008766155426325
S20202,81,18,2025-12-12,53,21,0.0019378258140233,test,3,0.0007928477862367
S20722,81,24,2025-12-12,38,20,0.0,test,3,0.0008310477896731
S20724,81,24,2025-12-12,17,21,0.0,test,3,0.0008743495455134
S21071,81,17,2025-12-12,26,29,0.0,test,3,0.0008521685446791
S21073,81,17,2025-12-12,53,20,0.0,test,3,0.0008036121470713
S21077,81,24,2025-12-12,49,26,0.0,test,3,0.0008711068523364
S21079,81,11,2025-12-12,27,26,0.0,test,3,0.0008810608200241
S21087,81,23,2025-12-12,51,15,0.0,test,3,0.0008901374504724
S21292,81,11,2025-12-12,30,12,0.0,test,3,0.0008607456845033
S21555,81,7,2025-12-12,24,25,0.0,test,3,0.000886360197074
S21562,81,3,2025-12-12,32,20,0.0,test,3,0.0008823428175459
S21564,81,18,2025-12-12,22,27,0.0,test,3,0.000841893589348
S21569,81,20,2025-12-12,40,15,0.0,test,3,0.000878885945827
S21839,81,13,2025-12-12,40,25,0.0,test,3,0.0008965644908136
S21946,81,16,2025-12-12,25,30,0.0,test,3,0.0008676041688118
S21947,81,6,2025-12-12,30,12,0.0,test,3,0.0007140499745246
S22006,81,25,2025-12-12,38,23,0.0,test,3,0.0008611493951391
S22011,81,8,2025-12-12,61,20,0.0,test,3,0.0008243685374817
S22022,81,25,2025-12-12,47,14,0.0,test,3,0.0006994882403549
S22023,81,17,2025-12-12,49,26,0.0,test,3,0.0008240302148459
S22025,81,18,2025-12-12,25,25,0.0,test,3,0.0008412610435194
S22026,81,18,2025-12-12,32,22,0.0,test,3,0.0008550093917638
S22027,81,3,2025-12-12,39,12,0.0,test,3,0.0008315205826399
S22249,81,23,2025-12-12,53,16,0.0,test,3,0.0008603757615319
S22250,81,9,2025-12-12,29,18,0.0,test,3,0.0008865914053837
S22373,81,13,2025-12-12,19,17,0.0,test,3,0.0008662526285647
S22702,81,11,2025-12-12,28,31,0.0031837545241984,test,3,0.0008423698582913
S22704,81,13,2025-12-12,62,16,0.0048263204404867,test,3,0.0008882663754161
S22706,81,6,2025-12-12,42,32,0.0078703747691937,test,3,0.0008501671102991
S22947,81,15,2025-12-12,46,12,0.0,test,3,0.000556941187416
S22950,81,4,2025-12-12,27,20,0.0,test,3,0.0008719082965666
S23439,81,13,2025-12-12,46,15,0.0,test,3,0.0008146601045734
S23442,81,8,2025-12-12,33,29,0.0,test,3,0.0008886371687668
S23444,81,14,2025-12-12,56,19,0.0,test,3,0.0008477170605894
S23533,81,17,2025-12-12,60,28,0.0,test,3,0.0008192141556501
S23701,81,18,2025-12-12,19,15,0.0,test,3,0.0008397376485365
S23985,81,7,2025-12-12,46,13,0.0,test,3,0.0007331075385102
S23987,81,14,2025-12-12,63,25,0.0,test,3,0.00083984211818
S24005,81,8,2025-12-12,19,17,0.0,test,3,0.0009060972919736
S24006,81,9,2025-12-12,44,28,0.0,test,3,0.0008501769783511
S24105,81,12,2025-12-12,65,25,0.0,test,3,0.0008430561180537
S24751,81,2,2025-12-12,46,17,0.0,test,3,0.0009025262233913
S25044,81,9,2025-12-12,19,19,0.0,test,3,0.0008746496062915
S25434,81,13,2025-12-12,50,12,0.0,test,3,0.0008208477927463
S25436,81,6,2025-12-12,25,13,0.0,test,3,0.0007080916639931
S25655,81,23,2025-12-12,42,23,0.0,test,3,0.000847684178964
S25660,81,22,2025-12-12,39,18,0.0030211847664204,test,3,0.0008351496533375
S25676,81,15,2025-12-12,31,18,0.0,test,3,0.0008713246058533
S25829,81,15,2025-12-12,25,21,0.0,test,3,0.0008757863921424
S26048,81,2,2025-12-12,26,21,0.0,test,3,0.0008996264677993
S26053,81,24,2025-12-12,30,30,0.0,test,3,0.0008757486324688
S26093,81,1,2025-12-12,46,20,0.0,test,3,0.0008987158364537
S26252,81,10,2025-12-12,29,23,0.0,test,3,0.0008773435824346
S26371,81,4,2025-12-12,60,24,0.0,test,3,0.0008557766705965
S26612,81,14,2025-12-12,64,22,0.0024687678513771,test,3,0.0008529783821015
S26614,81,14,2025-12-12,44,20,0.0074650404794448,test,3,0.0008724577887828
S26615,81,7,2025-12-12,22,18,0.0144923310200035,test,3,0.00087873605799
S26616,81,3,2025-12-12,48,20,0.0,test,3,0.0008630892221364
S26617,81,19,2025-12-12,49,29,0.0050634329973842,test,3,0.000844086971664
S26618,81,7,2025-12-12,35,26,0.0050129105139998,test,3,0.0008829197520329
S26620,81,18,2025-12-12,29,16,0.0123588492593393,test,3,0.0008419219253012
S26624,81,13,2025-12-12,39,23,0.0012557640073273,test,3,0.0008885784652225
S26849,81,21,2025-12-12,22,21,0.0049654318027414,test,3,0.0008456020908617
S26850,81,20,2025-12-12,33,20,0.0012061555188288,test,3,0.0009006715317436
S26862,81,24,2025-12-12,47,20,0.0075821141436177,test,3,0.0008372038972597
S26867,81,23,2025-12-12,42,22,0.0061884732525967,test,3,0.0008734624761304
S26875,81,25,2025-12-12,41,20,0.0,test,3,0.0007911025698193
S26879,81,1,2025-12-12,15,23,0.0198016350293712,test,3,0.0008912559410966
S26881,81,17,2025-12-12,25,15,0.0,test,3,0.0008651312554783
S26882,81,18,2025-12-12,33,14,0.0059932952270699,test,3,0.0008434971878343
S26883,81,17,2025-12-12,28,17,0.0,test,3,0.0008118767710404
S26887,81,14,2025-12-12,45,24,0.0112647325475974,test,3,0.0008727827752517
S26889,81,6,2025-12-12,48,17,0.007362635734708,test,3,0.000721699209318
S26890,81,3,2025-12-12,47,12,0.0201582340251318,test,3,0.0008335496273922
S26891,81,6,2025-12-12,43,27,0.0049803217167579,test,3,0.0008807884865673
S26893,81,14,2025-12-12,43,18,0.0,test,3,0.0008785802214099
S27317,81,11,2025-12-12,26,14,0.0,test,3,0.0008762317542986
S27587,81,24,2025-12-12,31,13,0.0,test,3,0.000840418170399
S27598,81,12,2025-12-12,54,29,0.0,test,3,0.0008386059931237
S27599,81,13,2025-12-12,56,26,0.0030599114657406,test,3,0.0008892766483135
S27602,81,12,2025-12-12,22,27,0.0,test,3,0.0008065833440498
S27638,81,20,2025-12-12,60,22,0.0,test,3,0.0008410624217077
S27642,81,23,2025-12-12,34,15,0.0,test,3,0.0008939785224474
S27648,81,2,2025-12-12,37,15,0.0,test,3,0.0008898360374424
S28193,81,8,2025-12-12,64,24,0.0023225058763604,test,3,0.0008201986745909
S28195,81,5,2025-12-12,43,20,0.0047066399609831,test,3,0.0008613848167413
S28196,81,12,2025-12-12,45,29,0.0,test,3,0.0008258268705367
S28200,81,18,2025-12-12,54,16,0.0094201044361678,test,3,0.0007154729359271
S28202,81,7,2025-12-12,44,24,0.0069866171839856,test,3,0.0008781779733037
S28203,81,6,2025-12-12,25,28,0.0,test,3,0.000874863036106
S28206,81,13,2025-12-12,50,18,0.0,test,3,0.0008429562774202
S28935,81,14,2025-12-12,44,26,0.0,test,3,0.0008399019727201
S28936,81,14,2025-12-12,32,31,0.0,test,3,0.0008579247520114
S28942,81,22,2025-12-12,63,23,0.0,test,3,0.0008335485414769
S28946,81,9,2025-12-12,51,23,0.0,test,3,0.0008237916097518
S29275,81,9,2025-12-12,25,24,0.0,test,3,0.0008831808376935
S29277,81,22,2025-12-12,51,26,0.0,test,3,0.0007991685783766
S29675,81,4,2025-12-12,53,29,0.0,test,3,0.0008386156833979
S29680,81,1,2025-12-12,27,20,0.0023248525332472,test,3,0.0008973284557064
S29695,81,21,2025-12-12,37,17,0.0023800288285182,test,3,0.0008838120012067
S29864,81,2,2025-12-12,37,27,0.0,test,3,0.0008890154088417
S30175,81,15,2025-12-12,31,24,0.0,test,3,0.0008747348578118
S30176,81,10,2025-12-12,60,16,0.0,test,3,0.000852906046291
S30178,81,6,2025-12-12,20,27,0.0,test,3,0.0008878277132274
S30180,81,18,2025-12-12,46,16,0.0,test,3,0.0008242659671587
S30181,81,11,2025-12-12,59,24,0.0,test,3,0.0008598851003953
S30851,81,19,2025-12-12,25,28,0.0,test,3,0.0008705717895656
S30853,81,10,2025-12-12,28,22,0.0,test,3,0.0008864706583733
S30896,81,10,2025-12-12,22,20,0.0,test,3,0.0008760515524506
S31457,81,18,2025-12-12,37,24,0.0,test,3,0.0008417743688755
S31460,81,5,2025-12-12,18,19,0.0,test,3,0.0008513813108786
S31461,81,5,2025-12-12,59,18,0.0,test,3,0.0008530795264853
S31465,81,14,2025-12-12,23,27,0.0032276709464154,test,3,0.0008755143043604
S31482,81,17,2025-12-12,62,25,0.0015980039419574,test,3,0.0008164316471208
S31488,81,25,2025-12-12,18,22,0.0080009015100293,test,3,0.0008471353918202
S31492,81,25,2025-12-12,54,23,0.0047896228051577,test,3,0.0007775838542076
S31498,81,25,2025-12-12,49,22,0.0,test,3,0.0008587321437219
S31500,81,22,2025-12-12,51,15,0.0110082743999873,test,3,0.0008358657044563
S31502,81,24,2025-12-12,44,29,0.0,test,3,0.0008664510694387
S31504,81,9,2025-12-12,41,31,0.0146352955034011,test,3,0.0008607499848619
S31507,81,24,2025-12-12,20,15,0.0079280762371467,test,3,0.0006711710136124
S31513,81,21,2025-12-12,51,19,0.0,test,3,0.0008278156877306
S31515,81,19,2025-12-12,57,16,0.0,test,3,0.000855552581421
S31519,81,24,2025-12-12,32,13,0.0111043019195536,test,3,0.0008631263908275
S31715,81,18,2025-12-12,44,31,0.0,test,3,0.0008287041942546
S31716,81,13,2025-12-12,20,29,0.0,test,3,0.000884671517197
S31720,81,8,2025-12-12,55,13,0.0066451845810324,test,3,0.000895971871196
S31931,81,13,2025-12-12,40,22,0.0,test,3,0.0008667037150465
S31937,81,7,2025-12-12,27,24,0.0,test,3,0.0008847472957622
S31940,81,5,2025-12-12,46,24,0.0,test,3,0.0008359304478259
S31941,81,4,2025-12-12,28,30,0.0,test,3,0.0008542553819012
S31946,81,1,2025-12-12,48,21,0.0,test,3,0.0008928074316609
S31949,81,17,2025-12-12,37,31,0.0,test,3,0.0008343093770867
S31957,81,15,2025-12-12,42,20,0.0044760257934363,test,3,0.0008152184985784
S31958,81,23,2025-12-12,38,25,0.0043929430066468,test,3,0.0008866605725208
S31959,81,24,2025-12-12,40,22,0.0,test,3,0.0008722160073889
S32267,81,12,2025-12-12,16,20,0.0,test,3,0.000864778617085
S32273,81,2,2025-12-12,40,16,0.0,test,3,0.0008974526907151
S32279,81,17,2025-12-12,23,20,0.0027155353757219,test,3,0.0008735825862028
S32280,81,1,2025-12-12,16,20,0.0,test,3,0.0008691218420627
S32282,81,17,2025-12-12,34,27,0.0,test,3,0.0008585615598184
S32445,81,17,2025-12-12,20,14,0.0,test,3,0.0007788992097879
S32805,81,21,2025-12-12,59,19,0.0,test,3,0.0006616751872991
S32814,81,15,2025-12-12,46,20,0.0,test,3,0.0008467102165089
S32817,81,17,2025-12-12,25,25,0.0,test,3,0.0008780125174053
S32821,81,4,2025-12-12,63,22,0.0,test,3,0.0008384004787069
S32860,81,17,2025-12-12,30,31,0.0,test,3,0.0008251374182678
S33034,81,12,2025-12-12,33,12,0.0,test,3,0.0008469996089007
S33036,81,9,2025-12-12,26,15,0.0,test,3,0.0008230610719301
S33282,81,10,2025-12-12,44,16,0.0036031725317905,test,3,0.0008530525664858
S33285,81,14,2025-12-12,19,18,0.0,test,3,0.0008841033853428
S33293,81,7,2025-12-12,51,26,0.0,test,3,0.0008734995298665
S33296,81,2,2025-12-12,21,15,0.007110462537734,test,3,0.0008825343055994
S33307,81,15,2025-12-12,42,23,0.0035846947239352,test,3,0.0008012158562955
S33317,81,10,2025-12-12,43,29,0.0035495563054618,test,3,0.0008518893950696
S33563,81,13,2025-12-12,43,18,0.0,test,3,0.0008880027222676
S33572,81,19,2025-12-12,38,18,0.0,test,3,0.0008749709322968
S33722,81,23,2025-12-12,34,13,0.0,test,3,0.0008934969370106
S33885,81,18,2025-12-12,38,27,0.0,test,3,0.0008346648878216
S33890,81,9,2025-12-12,50,17,0.0,test,3,0.0008216184586494
S33891,81,9,2025-12-12,46,12,0.0,test,3,0.0007615824543623
S33893,81,22,2025-12-12,15,19,0.0,test,3,0.0008506491852645
S34673,81,12,2025-12-12,54,19,0.0,test,3,0.0008348512777235
S34676,81,18,2025-12-12,61,20,0.0,test,3,0.0007275931168782
S34685,81,25,2025-12-12,26,24,0.0,test,3,0.0008144519240772
S34690,81,22,2025-12-12,51,27,0.0,test,3,0.0008351819045726
S34781,81,15,2025-12-12,31,22,0.0,test,3,0.000865978948649
S35055,81,5,2025-12-12,21,27,0.0,test,3,0.0008760425958847
S35359,81,24,2025-12-12,38,27,0.0,test,3,0.0008731104476442
S35537,81,7,2025-12-12,44,20,0.0,test,3,0.0008669263774751
S35538,81,4,2025-12-12,50,14,0.0,test,3,0.0008591918597807
S35552,81,11,2025-12-12,28,29,0.0,test,3,0.0008634576133997
S35891,81,15,2025-12-12,33,20,0.0,test,3,0.0007912263627772
S35896,81,3,2025-12-12,23,20,0.004052858406827,test,3,0.0008630406195097
S35900,81,4,2025-12-12,20,28,0.0,test,3,0.0008489019780245
S35907,81,16,2025-12-12,52,30,0.0,test,3,0.0008434310269044
S35917,81,19,2025-12-12,28,20,0.003992256468339,test,3,0.0008770361215775
S35920,81,20,2025-12-12,26,20,0.0059857161782948,test,3,0.0008945444771186
S36458,81,2,2025-12-12,45,19,0.0036279490773183,test,3,0.0008933536405923
S36589,81,5,2025-12-12,19,15,0.0,test,3,0.0008600777990871
S36605,81,8,2025-12-12,43,19,0.0,test,3,0.0008954573852907
S36607,81,21,2025-12-12,34,23,0.0,test,3,0.0008431277476762
S36608,81,22,2025-12-12,43,29,0.0,test,3,0.0007909986686249
S36611,81,1,2025-12-12,45,16,0.0,test,3,0.0008937452681233
S36614,81,4,2025-12-12,37,27,0.0,test,3,0.0008343711335485
S37450,81,21,2025-12-12,35,29,0.0,test,3,0.0008412713780775
S37452,81,25,2025-12-12,18,25,0.0,test,3,0.0008716494592019
S37453,81,21,2025-12-12,52,13,0.0,test,3,0.0007917148921331
S37563,81,14,2025-12-12,34,29,0.0,test,3,0.0008609169968815
S37564,81,10,2025-12-12,49,28,0.0,test,3,0.0008259262917802
S37566,81,7,2025-12-12,29,26,0.0,test,3,0.000878937704602
S37569,81,1,2025-12-12,58,16,0.0,test,3,0.000891519730209
S37574,81,24,2025-12-12,43,19,0.0,test,3,0.0008634616677172
S37575,81,15,2025-12-12,49,18,0.0,test,3,0.0008582224925308
S37582,81,23,2025-12-12,33,18,0.0,test,3,0.000891729809791
S37586,81,20,2025-12-12,28,28,0.0,test,3,0.0008775469846924
S37587,81,22,2025-12-12,19,21,0.0,test,3,0.0008762912352151
S37628,81,2,2025-12-12,38,27,0.0,test,3,0.0008769369648029
S38143,81,6,2025-12-12,34,16,0.008454969208261,test,3,0.0008575957594727
S38147,81,14,2025-12-12,22,17,0.0,test,3,0.0008721402851845
S38149,81,5,2025-12-12,45,23,0.0121847572037984,test,3,0.0008641365506419
S38357,81,20,2025-12-12,28,22,0.0,test,3,0.0007972075098174
S38361,81,8,2025-12-12,35,16,0.0054893319748065,test,3,0.000891361512762
S38363,81,12,2025-12-12,34,25,0.0028361994926798,test,3,0.0008624475307249
S38364,81,10,2025-12-12,42,24,0.0055565804110975,test,3,0.0008601911535196
S38371,81,24,2025-12-12,31,24,0.0027859290961425,test,3,0.0008777318245592
S38375,81,23,2025-12-12,47,19,0.0083221701272605,test,3,0.0008709883076969
S38377,81,16,2025-12-12,52,16,0.0165619741073362,test,3,0.0008843245242772
S38378,81,17,2025-12-12,53,24,0.0094580964731277,test,3,0.0008126513640758
S38402,81,11,2025-12-12,59,26,0.0,test,3,0.0008356232912453
S38406,81,2,2025-12-12,59,21,0.0,test,3,0.0008871910018707
S38526,81,15,2025-12-12,41,11,0.0055154198710479,test,3,0.0005871671349204
S38529,81,13,2025-12-12,21,29,0.0069510878382536,test,3,0.0008798464435442
S38531,81,4,2025-12-12,14,25,0.005411025645213,test,3,0.0008453368275148
S38883,81,9,2025-12-12,26,26,0.0,test,3,0.0008698279961345
S39028,81,13,2025-12-12,57,27,0.0,test,3,0.0008810973317466
S39029,81,10,2025-12-12,21,23,0.0,test,3,0.000872497081189
S39304,81,11,2025-12-12,22,16,0.0,test,3,0.0008826249886582
S39900,81,12,2025-12-12,34,32,0.0136555075382012,test,3,0.0008855523360233
S40163,81,6,2025-12-12,42,21,0.0,test,3,0.0008404436447244
S40167,81,14,2025-12-12,60,20,0.006743669329534,test,3,0.0008385072041178
S40171,81,14,2025-12-12,37,16,0.0033518460443832,test,3,0.0008640626577585
S40174,81,5,2025-12-12,40,22,0.0,test,3,0.0008525933214802
S40178,81,19,2025-12-12,29,25,0.0118145265359903,test,3,0.0008442486246421
S40298,81,6,2025-12-12,26,28,0.0033112141562733,test,3,0.0008767754733971
S40304,81,5,2025-12-12,51,28,0.0065302153854239,test,3,0.0008481935164326
S40306,81,18,2025-12-12,44,24,0.0016918227432718,test,3,0.0008394526148497
S40314,81,15,2025-12-12,28,16,0.0066649903612438,test,3,0.0008508785220585
S40322,81,20,2025-12-12,50,26,0.0049380998748087,test,3,0.0008727688351376
S40658,81,25,2025-12-12,55,13,0.0021707132780391,test,3,0.0007964488574476
S40990,81,7,2025-12-12,53,23,0.0,test,3,0.0008410634510371
S40998,81,5,2025-12-12,40,29,0.0,test,3,0.0008496512756944
S41006,81,3,2025-12-12,44,17,0.0,test,3,0.0008509416340907
S41007,81,16,2025-12-12,40,19,0.0,test,3,0.0008887744368607
S41011,81,18,2025-12-12,20,26,0.0042394929668773,test,3,0.000837361352966
S41012,81,25,2025-12-12,23,14,0.0,test,3,0.0008272181904165
S41022,81,10,2025-12-12,43,18,0.0021426107949646,test,3,0.0008573724221941
S41029,81,20,2025-12-12,33,14,0.0,test,3,0.0008227863111821
S41034,81,20,2025-12-12,49,26,0.0021713107377213,test,3,0.0008822051942575
S41211,81,22,2025-12-12,35,17,0.0,test,3,0.0008165198030964
S41441,81,23,2025-12-12,41,24,0.002448046734542,test,3,0.0008978351843408
S41442,81,24,2025-12-12,52,19,0.0024555214648148,test,3,0.0008463529723115
S41455,81,22,2025-12-12,53,16,0.0,test,3,0.00084114270141
S41459,81,4,2025-12-12,33,17,0.0,test,3,0.0008673329852643
S41486,81,15,2025-12-12,48,27,0.0,test,3,0.0008519667572001
S41488,81,11,2025-12-12,54,20,0.0,test,3,0.0008492261409432
S41800,81,12,2025-12-12,47,19,0.0103497464624483,test,3,0.0008411321298145
S41822,81,3,2025-12-12,35,12,0.0069221983899272,test,3,0.0008573115220229
S41829,81,4,2025-12-12,52,23,0.0022656200140404,test,3,0.0008248349149396
S41835,81,22,2025-12-12,32,13,0.0,test,3,0.000838353990226
S41837,81,23,2025-12-12,50,30,0.0,test,3,0.0008484759873084
S41845,81,19,2025-12-12,55,20,0.0,test,3,0.0008663690222605
S42055,81,12,2025-12-12,36,26,0.0088990114397955,test,3,0.0008488264703713
S42060,81,21,2025-12-12,35,30,0.0080854640600851,test,3,0.0008762932273317
S42062,81,23,2025-12-12,26,17,0.008331992167592,test,3,0.0008993346776034
S42067,81,8,2025-12-12,39,17,0.0008749507070024,test,3,0.0008951383718589
S42069,81,24,2025-12-12,36,30,0.0058110304348334,test,3,0.0008728397895506
S42072,81,24,2025-12-12,48,24,0.008822991615495,test,3,0.0008860034444149
S42077,81,17,2025-12-12,15,20,0.0075740258156936,test,3,0.0008591581759441
S42080,81,2,2025-12-12,24,16,0.0149308285057655,test,3,0.0008949061224245
S42082,81,16,2025-12-12,50,24,0.0081724602887493,test,3,0.0008889729537798
S42087,81,4,2025-12-12,24,18,0.0113899392689354,test,3,0.0008617873001412
S42096,81,14,2025-12-12,17,22,0.0008465294846049,test,3,0.0008729010337376
S42431,81,9,2025-12-12,43,28,0.0,test,3,0.0007876914650602
S42432,81,9,2025-12-12,41,26,0.0024934402953999,test,3,0.0007725184313564
S42442,81,25,2025-12-12,57,22,0.0,test,3,0.0008440222966652
S42444,81,1,2025-12-12,22,24,0.0,test,3,0.0008975028172976
S42445,81,1,2025-12-12,37,31,0.0,test,3,0.0008815206555622
S42446,81,18,2025-12-12,39,19,0.0,test,3,0.0008453652962117
S42448,81,16,2025-12-12,24,19,0.0,test,3,0.0008910028377471
S42636,81,17,2025-12-12,31,12,0.0,test,3,0.0008653528100151
S42639,81,8,2025-12-12,36,11,0.0,test,3,0.0008826350524162
S42693,81,11,2025-12-12,50,25,0.0,test,3,0.0008561702525642
S42694,81,12,2025-12-12,32,23,0.0,test,3,0.0008722632167615
S43373,81,24,2025-12-12,39,27,0.0160522910648571,test,3,0.0008750771031869
S43378,81,21,2025-12-12,52,24,0.0200216387932919,test,3,0.0008369606761162
S43380,81,22,2025-12-12,35,29,0.0058522570047512,test,3,0.00080937894075
S43384,81,23,2025-12-12,49,26,0.0,test,3,0.0008392583854904
S43385,81,21,2025-12-12,31,15,0.0100271560403023,test,3,0.0006706313934654
S43389,81,25,2025-12-12,33,22,0.0048132330011524,test,3,0.0008556093244695
S43390,81,22,2025-12-12,14,23,0.0085386875275603,test,3,0.0008101826028328
S43417,81,25,2025-12-12,57,25,0.0119985273437264,test,3,0.0008290135722685
S00620,81,13,2025-12-12,28,22,0.0,test,4,0.0009035197299619
S00623,81,6,2025-12-12,24,23,0.0,test,4,0.0008916520584347
S00625,81,3,2025-12-12,53,21,0.0,test,4,0.0008691562484414
S00627,81,23,2025-12-12,44,12,0.0,test,4,0.0008509379114348
S00631,81,24,2025-12-12,47,24,0.0,test,4,0.0008866389431608
S00948,81,2,2025-12-12,14,22,0.0,test,4,0.0008961005598872
S00967,81,19,2025-12-12,32,28,0.0,test,4,0.0008568548821023
S01566,81,10,2025-12-12,31,21,0.0043657765284609,test,4,0.0008797904055059
S01576,81,5,2025-12-12,32,26,0.0071406199264961,test,4,0.0008732411772437
S01577,81,6,2025-12-12,20,20,0.0,test,4,0.0008715693460787
S01578,81,3,2025-12-12,45,27,0.0057999428174651,test,4,0.0008677703555214
S01585,81,3,2025-12-12,43,30,0.0086589891457741,test,4,0.0008539371252521
S01595,81,17,2025-12-12,27,20,0.0,test,4,0.0008483748388174
S01598,81,18,2025-12-12,41,17,0.0043918172579861,test,4,0.0008473528546158
S01607,81,25,2025-12-12,64,22,0.0073871929558581,test,4,0.0008173612074037
S01612,81,24,2025-12-12,58,21,0.0074401420363534,test,4,0.0008556733482723
S01617,81,19,2025-12-12,20,23,0.0202655668853996,test,4,0.0008703251522579
S01618,81,19,2025-12-12,60,21,0.0014463904264669,test,4,0.0008632786338213
S01621,81,12,2025-12-12,33,27,0.0014691319706173,test,4,0.0008515871796206
S01727,81,11,2025-12-12,43,31,0.0074464961014521,test,4,0.0008453249346803
S01728,81,8,2025-12-12,59,28,0.0073384362781577,test,4,0.0008638119739345
S01729,81,2,2025-12-12,35,32,0.0101314555631272,test,4,0.0008910277407458
S01731,81,9,2025-12-12,19,28,0.0087196806877494,test,4,0.0008697414004781
S02310,81,4,2025-12-12,16,19,0.0,test,4,0.000867698052656
S02312,81,13,2025-12-12,42,30,0.009139781650555,test,4,0.0008450390282597
S02316,81,10,2025-12-12,65,23,0.005954163721532,test,4,0.0008492632008974
S02322,81,11,2025-12-12,58,20,0.0,test,4,0.0008366136003216
S02323,81,12,2025-12-12,38,21,0.0159011564990731,test,4,0.0008224184627572
S02636,81,17,2025-12-12,59,28,0.0,test,4,0.0008245034846832
S03242,81,9,2025-12-12,46,30,0.0,test,4,0.0007709935556924
S03247,81,25,2025-12-12,48,24,0.0,test,4,0.0008749135126425
S03266,81,2,2025-12-12,55,29,0.0,test,4,0.0008811731359975
S03463,81,8,2025-12-12,45,25,0.0029044964175929,test,4,0.0008869545541298
S03471,81,13,2025-12-12,24,14,0.0058089928351858,test,4,0.0008704380141049
S03518,81,25,2025-12-12,60,25,0.0,test,4,0.0008067408594803
S03862,81,13,2025-12-12,55,26,0.0,test,4,0.0008648405268319
S03864,81,13,2025-12-12,52,14,0.0,test,4,0.0008762836296889
S03988,81,9,2025-12-12,48,12,0.0,test,4,0.0007003364250767
S03989,81,16,2025-12-12,59,15,0.0,test,4,0.0008752370563944
S03991,81,7,2025-12-12,53,30,0.0,test,4,0.0008601549632136
S04268,81,7,2025-12-12,43,13,0.0,test,4,0.0007147419581179
S04270,81,12,2025-12-12,52,28,0.0,test,4,0.0008297164176422
S04307,81,8,2025-12-12,29,29,0.0,test,4,0.0008892737686071
S04308,81,6,2025-12-12,57,17,0.0,test,4,0.0008639341351579
S04312,81,11,2025-12-12,59,18,0.0,test,4,0.0008405585598507
S04314,81,12,2025-12-12,26,23,0.0,test,4,0.000868018801373
S04391,81,6,2025-12-12,33,17,0.0,test,4,0.0008863685796367
S04394,81,5,2025-12-12,35,22,0.0,test,4,0.000878519332719
S04941,81,12,2025-12-12,18,23,0.0,test,4,0.0008585749554099
S04944,81,11,2025-12-12,60,17,0.0,test,4,0.0008539951469864
S04945,81,15,2025-12-12,30,26,0.0,test,4,0.0008574784050494
S04952,81,19,2025-12-12,34,26,0.0,test,4,0.0008726406756802
S04953,81,18,2025-12-12,57,17,0.0,test,4,0.0008371790257602
S04956,81,14,2025-12-12,30,26,0.0,test,4,0.0008773191762581
S04962,81,2,2025-12-12,40,15,0.0,test,4,0.0008882806560523
S04965,81,2,2025-12-12,49,26,0.0,test,4,0.0008855694045323
S04966,81,4,2025-12-12,26,28,0.0,test,4,0.0008638952593924
S04970,81,1,2025-12-12,49,16,0.0,test,4,0.0008905079211858
S04982,81,20,2025-12-12,34,29,0.0,test,4,0.0008706512817235
S04986,81,23,2025-12-12,43,21,0.0,test,4,0.0008886370973072
S05390,81,12,2025-12-12,24,20,0.0034283191578889,test,4,0.0008411798867992
S05392,81,4,2025-12-12,44,17,0.005249316110225,test,4,0.0008460248786154
S05395,81,25,2025-12-12,31,23,0.0017327336749991,test,4,0.0008608461436888
S05398,81,14,2025-12-12,37,23,0.0,test,4,0.0008704879744858
S05401,81,1,2025-12-12,30,25,0.0016985007398901,test,4,0.0008921662728908
S05403,81,3,2025-12-12,46,16,0.0017174115118404,test,4,0.0008585529731607
S05404,81,2,2025-12-12,42,24,0.0,test,4,0.0009012919583881
S05406,81,3,2025-12-12,50,23,0.0,test,4,0.0008668006117309
S05409,81,25,2025-12-12,36,21,0.0034769590250522,test,4,0.0008394566000452
S05412,81,15,2025-12-12,52,14,0.0,test,4,0.0008457028664636
S05418,81,23,2025-12-12,46,17,0.0017141773156052,test,4,0.0007620219679042
S05419,81,16,2025-12-12,22,18,0.0068415600684156,test,4,0.0008705772305298
S05421,81,24,2025-12-12,54,16,0.0,test,4,0.0007639082411313
S05424,81,22,2025-12-12,32,20,0.0,test,4,0.000841958511315
S05427,81,22,2025-12-12,32,14,0.0051057097655688,test,4,0.0008542561358622
S05430,81,8,2025-12-12,41,28,0.0033995458152069,test,4,0.0008760945849969
S05431,81,23,2025-12-12,27,28,0.0,test,4,0.0008920369148918
S05433,81,10,2025-12-12,39,27,0.0,test,4,0.0008526011412381
S05438,81,22,2025-12-12,35,31,0.0,test,4,0.0008282405202068
S05441,81,22,2025-12-12,47,22,0.0052298173246906,test,4,0.0008371970856533
S06008,81,10,2025-12-12,50,13,0.0,test,4,0.0008527142866598
S06010,81,4,2025-12-12,35,30,0.0,test,4,0.0008483932920821
S06246,81,13,2025-12-12,60,18,0.0031188716838455,test,4,0.0008273656732057
S06250,81,7,2025-12-12,33,30,0.0075790154294724,test,4,0.0008806343345147
S06542,81,9,2025-12-12,46,17,0.0060806822109458,test,4,0.0007975369195079
S06548,81,16,2025-12-12,32,17,0.0045164983960523,test,4,0.0008900320776387
S06551,81,15,2025-12-12,19,16,0.0,test,4,0.0008400425383238
S06556,81,1,2025-12-12,40,15,0.0015198776758409,test,4,0.000892705222207
S06558,81,4,2025-12-12,59,26,0.0075270185131336,test,4,0.0008467788108454
S07046,81,16,2025-12-12,59,28,0.0,test,4,0.000878933171779
S07984,81,20,2025-12-12,40,30,0.0071202418303462,test,4,0.0008765410266722
S07986,81,20,2025-12-12,57,20,0.003590806956195,test,4,0.0008468236354472
S07993,81,23,2025-12-12,45,15,0.0079896013466807,test,4,0.000843788630425
S08010,81,16,2025-12-12,22,20,0.0104263546918596,test,4,0.0008826330754661
S08015,81,3,2025-12-12,54,27,0.0056486002382186,test,4,0.000862687905326
S08018,81,4,2025-12-12,48,16,0.0035284261941273,test,4,0.0008488878307597
S08580,81,14,2025-12-12,44,21,0.0093105160124015,test,4,0.0008687830654496
S08581,81,8,2025-12-12,47,14,0.0092260640951565,test,4,0.0008959157211777
S08582,81,8,2025-12-12,34,19,0.0119391655075826,test,4,0.000887975383356
S08586,81,6,2025-12-12,41,22,0.0080452513591826,test,4,0.0007784708600898
S08590,81,14,2025-12-12,50,20,0.0107003681615604,test,4,0.0008601157220032
S08740,81,15,2025-12-12,52,23,0.0,test,4,0.0008555748448885
S08875,81,5,2025-12-12,45,14,0.0,test,4,0.0008349566347314
S08876,81,4,2025-12-12,51,13,0.0,test,4,0.0008157453719784
S08926,81,18,2025-12-12,22,29,0.0,test,4,0.0008515686064057
S09353,81,9,2025-12-12,51,22,0.0,test,4,0.0007019122397862
S09356,81,15,2025-12-12,37,15,0.0,test,4,0.0008449855868663
S09358,81,6,2025-12-12,29,27,0.0,test,4,0.0007552227193103
S09364,81,16,2025-12-12,35,29,0.0,test,4,0.0008824473135427
S09365,81,24,2025-12-12,61,18,0.0,test,4,0.0008340585510958
S09578,81,10,2025-12-12,41,12,0.0,test,4,0.000838107375752
S09579,81,6,2025-12-12,46,14,0.0,test,4,0.0007168959735203
S09580,81,24,2025-12-12,30,16,0.0,test,4,0.0008523584368812
S09582,81,10,2025-12-12,31,24,0.0,test,4,0.0008815866649026
S09774,81,10,2025-12-12,17,17,0.0105019321336407,test,4,0.0008598282766373
S10205,81,14,2025-12-12,29,14,0.0,test,4,0.0008663270519236
S10207,81,13,2025-12-12,37,29,0.0,test,4,0.0008727119415576
S10489,81,22,2025-12-12,22,14,0.0,test,4,0.0008504297966984
S11144,81,6,2025-12-12,16,18,0.0,test,4,0.0007648489219267
S11324,81,14,2025-12-12,33,20,0.0,test,4,0.0008778652427202
S11331,81,19,2025-12-12,47,30,0.0122014796586647,test,4,0.0008524506693329
S11333,81,7,2025-12-12,46,27,0.0022199690008352,test,4,0.0008771134929376
S11339,81,14,2025-12-12,51,24,0.0170896086926621,test,4,0.0008175961295554
S11347,81,5,2025-12-12,48,23,0.0146147358347067,test,4,0.0008655069557652
S11349,81,3,2025-12-12,18,26,0.0074522910921879,test,4,0.0008799295741274
S11352,81,18,2025-12-12,43,23,0.0162054265708886,test,4,0.0008464465449509
S11355,81,1,2025-12-12,49,17,0.0016129084601429,test,4,0.0008909126909496
S11361,81,15,2025-12-12,39,18,0.0073710219469583,test,4,0.0008202039792686
S11364,81,23,2025-12-12,25,26,0.0007711990515958,test,4,0.000896389443767
S11366,81,25,2025-12-12,46,19,0.0170817212325942,test,4,0.0008454413417812
S11378,81,10,2025-12-12,56,24,0.0118234628531835,test,4,0.0008175324857909
S11381,81,23,2025-12-12,18,20,0.0133203078411586,test,4,0.0009067854977876
S11382,81,9,2025-12-12,40,21,0.0078961081878034,test,4,0.0008410641389367
S11383,81,9,2025-12-12,54,19,0.0007696977581197,test,4,0.0006739220034762
S11384,81,8,2025-12-12,58,22,0.0014861395805019,test,4,0.0008765470993443
S11389,81,8,2025-12-12,26,29,0.0153643092646878,test,4,0.0008887217768802
S11391,81,21,2025-12-12,47,16,0.0165382509445891,test,4,0.0006538832035974
S11578,81,15,2025-12-12,28,23,0.0,test,4,0.0008744531595107
S11586,81,15,2025-12-12,44,30,0.0,test,4,0.000850708743306
S11618,81,10,2025-12-12,19,15,0.0,test,4,0.0008537321304978
S12024,81,8,2025-12-12,25,24,0.0,test,4,0.0008959932292089
S12029,81,25,2025-12-12,21,27,0.0,test,4,0.0008654180977466
S12030,81,23,2025-12-12,48,26,0.0,test,4,0.0008793798360862
S12031,81,25,2025-12-12,45,15,0.0,test,4,0.0008171378559695
S12039,81,16,2025-12-12,34,30,0.0026138222285332,test,4,0.0008863676223407
S12060,81,2,2025-12-12,50,29,0.0,test,4,0.0008823044114171
S12543,81,13,2025-12-12,28,27,0.0,test,4,0.0008796800945939
S12549,81,10,2025-12-12,40,21,0.0,test,4,0.0008586853480149
S12551,81,11,2025-12-12,55,28,0.0,test,4,0.000843333439507
S12560,81,7,2025-12-12,52,17,0.0,test,4,0.0008728852871193
S12563,81,25,2025-12-12,38,12,0.0,test,4,0.0008282675994461
S12565,81,13,2025-12-12,18,26,0.0,test,4,0.0008967663153778
S12568,81,2,2025-12-12,28,14,0.0,test,4,0.000895927870614
S12571,81,17,2025-12-12,53,22,0.0080012879336714,test,4,0.0008206931730058
S12573,81,1,2025-12-12,28,24,0.0,test,4,0.0008937294903944
S12576,81,24,2025-12-12,16,24,0.0,test,4,0.000871610125405
S12577,81,22,2025-12-12,34,16,0.0,test,4,0.0008080727369892
S12579,81,25,2025-12-12,42,28,0.0,test,4,0.0007952113527971
S12582,81,21,2025-12-12,30,16,0.0,test,4,0.0007347512392812
S12587,81,19,2025-12-12,57,18,0.0,test,4,0.0008533164906092
S13476,81,9,2025-12-12,50,31,0.0,test,4,0.0008632824692655
S13478,81,20,2025-12-12,53,13,0.0,test,4,0.0008783191607723
S13860,81,23,2025-12-12,39,22,0.0052455209899997,test,4,0.0008546125726467
S13862,81,21,2025-12-12,54,19,0.0065348648847654,test,4,0.0007254823436399
S13872,81,19,2025-12-12,21,18,0.006535277348229,test,4,0.000856381154351
S13874,81,7,2025-12-12,49,19,0.0080207215421733,test,4,0.0008821025957984
S13877,81,8,2025-12-12,25,14,0.0,test,4,0.0008887793010099
S13883,81,8,2025-12-12,29,17,0.0116954935874808,test,4,0.0008943546995066
S13890,81,1,2025-12-12,23,28,0.0080136086230943,test,4,0.0008898688289131
S13892,81,1,2025-12-12,37,22,0.0053523303367821,test,4,0.0008457615489
S13893,81,15,2025-12-12,21,18,0.0128619194020889,test,4,0.0008436120977949
S13958,81,13,2025-12-12,57,14,0.0127643071960386,test,4,0.0008734585382748
S14113,81,11,2025-12-12,33,22,0.0,test,4,0.0008736522982653
S14116,81,1,2025-12-12,19,20,0.0,test,4,0.0008972434835667
S14140,81,16,2025-12-12,57,14,0.0,test,4,0.000870055071999
S14563,81,15,2025-12-12,21,22,0.0,test,4,0.0008651716397632
S14568,81,25,2025-12-12,43,25,0.0,test,4,0.0008733390506424
S14787,81,2,2025-12-12,50,14,0.0,test,4,0.0008936786839263
S14788,81,4,2025-12-12,17,24,0.0,test,4,0.0008664177437462
S14795,81,21,2025-12-12,31,19,0.0,test,4,0.0008861186234283
S15157,81,12,2025-12-12,49,25,0.0,test,4,0.0008405138085616
S15163,81,10,2025-12-12,34,14,0.0041019800100692,test,4,0.0008559620688912
S15166,81,14,2025-12-12,38,26,0.0,test,4,0.0008577771130998
S15170,81,5,2025-12-12,24,26,0.0,test,4,0.0008790891944066
S15174,81,6,2025-12-12,39,30,0.0020699277399471,test,4,0.0008824463094235
S15177,81,2,2025-12-12,32,12,0.004099949678686,test,4,0.0008818943586519
S15178,81,3,2025-12-12,49,13,0.0041641530933708,test,4,0.0008636768017618
S15181,81,16,2025-12-12,44,20,0.0,test,4,0.0008777534712654
S15384,81,2,2025-12-12,58,29,0.0231761829579444,test,4,0.0008904472588994
S15385,81,14,2025-12-12,46,31,0.0114711720444998,test,4,0.0008358539270733
S15733,81,22,2025-12-12,42,28,0.0,test,4,0.0008379985343488
S15736,81,24,2025-12-12,55,14,0.0,test,4,0.0007622132529777
S15738,81,17,2025-12-12,58,14,0.0,test,4,0.0008525619889709
S15960,81,15,2025-12-12,31,30,0.0037307690864119,test,4,0.000844309774576
S15962,81,12,2025-12-12,16,19,0.0018447582141849,test,4,0.0008499791355245
S15963,81,12,2025-12-12,32,17,0.0036997335000818,test,4,0.0008657184918763
S15968,81,14,2025-12-12,41,27,0.0,test,4,0.0008503629598644
S15969,81,6,2025-12-12,39,14,0.001889748211013,test,4,0.000723758642626
S15976,81,4,2025-12-12,27,28,0.0037366594865664,test,4,0.0008301533134418
S15977,81,17,2025-12-12,22,22,0.001889748211013,test,4,0.0008744713251791
S15984,81,24,2025-12-12,38,19,0.0094881369651707,test,4,0.0007722808160722
S15987,81,9,2025-12-12,27,27,0.0037764379148287,test,4,0.0008775044542055
S15990,81,20,2025-12-12,59,25,0.001866750801914,test,4,0.0008375829429849
S16135,81,15,2025-12-12,37,13,0.0,test,4,0.0004820304639534
S16136,81,17,2025-12-12,37,12,0.0,test,4,0.0008611473358308
S16137,81,16,2025-12-12,41,24,0.0,test,4,0.0008939786401137
S16606,81,25,2025-12-12,48,22,0.0,test,4,0.000841289038805
S17184,81,5,2025-12-12,21,19,0.0,test,4,0.0008814538299872
S17187,81,12,2025-12-12,60,25,0.0,test,4,0.0007260545706697
S17207,81,6,2025-12-12,39,23,0.0,test,4,0.000835498513674
S17392,81,20,2025-12-12,44,19,0.0,test,4,0.0008844811177262
S17456,81,11,2025-12-12,25,18,0.0743851299448619,test,4,0.0008611380173091
S17457,81,11,2025-12-12,35,23,0.0206977121389462,test,4,0.0008655692314246
S17464,81,18,2025-12-12,52,15,0.024751936734857,test,4,0.0008233170824379
S17467,81,7,2025-12-12,30,16,0.0125409283415896,test,4,0.0008691151266003
S17480,81,2,2025-12-12,47,16,0.0138782511568533,test,4,0.0008842205203809
S17481,81,2,2025-12-12,30,20,0.0305508360995056,test,4,0.000903704415595
S17486,81,4,2025-12-12,45,26,0.017464054458972,test,4,0.0008342731583139
S17487,81,4,2025-12-12,59,19,0.0089016413408701,test,4,0.0008307740304129
S17493,81,17,2025-12-12,31,26,0.0210120402573157,test,4,0.0008657097921639
S17495,81,16,2025-12-12,59,27,0.0233007341840992,test,4,0.0008629516390693
S17502,81,15,2025-12-12,63,18,0.0084702655790746,test,4,0.0008337277529567
S17508,81,8,2025-12-12,46,13,0.031962865724943,test,4,0.0008925928185677
S17509,81,10,2025-12-12,26,29,0.0103189371702339,test,4,0.000826763308153
S17513,81,24,2025-12-12,37,31,0.0122114736605638,test,4,0.0008607092932011
S17521,81,8,2025-12-12,45,13,0.0155773126001496,test,4,0.0008962865569657
S17859,81,8,2025-12-12,57,14,0.0202166358681124,test,4,0.0008937801441542
S17861,81,3,2025-12-12,24,30,0.0190063902772944,test,4,0.0008414202901329
S18035,81,12,2025-12-12,54,23,0.0,test,4,0.0008227658758754
S18209,81,22,2025-12-12,50,23,0.0,test,4,0.0006407200459835
S18211,81,9,2025-12-12,51,30,0.0,test,4,0.0008588623178951
S18215,81,11,2025-12-12,24,27,0.0,test,4,0.0008752541891155
S18219,81,17,2025-12-12,64,18,0.0,test,4,0.00084486557053
S18220,81,17,2025-12-12,47,23,0.0,test,4,0.0008211842912328
S18286,81,5,2025-12-12,29,25,0.0,test,4,0.0008746516019986
S18287,81,12,2025-12-12,32,20,0.0,test,4,0.0008704179766986
S18550,81,8,2025-12-12,60,23,0.0308110597445843,test,4,0.0008452405491855
S18560,81,19,2025-12-12,38,31,0.0062921348314606,test,4,0.0008384862809204
S18568,81,11,2025-12-12,25,25,0.0030833752101596,test,4,0.0008835527370004
S18572,81,13,2025-12-12,33,23,0.0099222061769227,test,4,0.0008963925089841
S18573,81,12,2025-12-12,27,24,0.0148186009860609,test,4,0.0008730107851156
S18645,81,25,2025-12-12,18,17,0.0178490698372056,test,4,0.0008728824724429
S18647,81,19,2025-12-12,37,17,0.0,test,4,0.0008761398987612
S18660,81,25,2025-12-12,24,22,0.0136432360294614,test,4,0.0008690020897078
S18664,81,23,2025-12-12,52,28,0.0074697206852647,test,4,0.000867103819882
S18665,81,24,2025-12-12,54,22,0.0,test,4,0.0008453886642363
S18671,81,17,2025-12-12,22,15,0.0044555309769222,test,4,0.0008691071049879
S18681,81,14,2025-12-12,33,18,0.0,test,4,0.0008788962976891
S19653,81,19,2025-12-12,52,28,0.0,test,4,0.0008509705631249
S19659,81,3,2025-12-12,41,23,0.0,test,4,0.000855195696969
S20033,81,20,2025-12-12,56,26,0.0038109697652841,test,4,0.0008120759111953
S20039,81,20,2025-12-12,27,16,0.0,test,4,0.0008809129384656
S20040,81,8,2025-12-12,49,22,0.0039045161188952,test,4,0.0008771654896696
S20054,81,22,2025-12-12,40,24,0.0019122592361736,test,4,0.0008286130668974
S20058,81,17,2025-12-12,33,20,0.0019656000221476,test,4,0.0008616794593596
S20059,81,17,2025-12-12,23,26,0.0,test,4,0.0008757798281104
S20202,81,18,2025-12-12,55,21,0.0019378258140233,test,4,0.0006428324151273
S20722,81,24,2025-12-12,36,20,0.0,test,4,0.000772968963197
S20724,81,24,2025-12-12,20,21,0.0,test,4,0.000883152423835
S21071,81,17,2025-12-12,28,29,0.0,test,4,0.000853231559582
S21073,81,17,2025-12-12,51,20,0.0,test,4,0.000858920854795
S21077,81,24,2025-12-12,48,26,0.0,test,4,0.0008746064518297
S21079,81,11,2025-12-12,25,26,0.0,test,4,0.0008853896665197
S21087,81,23,2025-12-12,53,15,0.0,test,4,0.0008903146750331
S21292,81,11,2025-12-12,28,12,0.0,test,4,0.0008520345766134
S21555,81,7,2025-12-12,25,25,0.0,test,4,0.0008963566274618
S21562,81,3,2025-12-12,30,20,0.0,test,4,0.0008936206501752
S21564,81,18,2025-12-12,23,27,0.0,test,4,0.000843465507892
S21569,81,20,2025-12-12,42,15,0.0,test,4,0.0008684673646161
S21839,81,13,2025-12-12,42,25,0.0,test,4,0.0008299030845961
S21946,81,16,2025-12-12,30,31,0.0,test,4,0.0008771433305462
S21947,81,6,2025-12-12,28,12,0.0,test,4,0.0006913402225444
S22006,81,25,2025-12-12,40,23,0.0,test,4,0.0007688033247492
S22011,81,8,2025-12-12,59,20,0.0,test,4,0.0008712149779943
S22022,81,25,2025-12-12,45,14,0.0,test,4,0.0007010879932659
S22023,81,17,2025-12-12,48,26,0.0,test,4,0.000834158738582
S22025,81,18,2025-12-12,27,25,0.0,test,4,0.0008440295742657
S22026,81,18,2025-12-12,30,22,0.0,test,4,0.0008573414535905
S22027,81,3,2025-12-12,38,12,0.0,test,4,0.0008592835271204
S22249,81,23,2025-12-12,51,16,0.0,test,4,0.0008887275278156
S22250,81,9,2025-12-12,27,18,0.0,test,4,0.00088243203112
S22373,81,13,2025-12-12,21,17,0.0,test,4,0.0008900927792265
S22702,81,11,2025-12-12,30,31,0.0031837545241984,test,4,0.0008526868028572
S22704,81,13,2025-12-12,63,17,0.0048263204404867,test,4,0.0008846812197318
S22706,81,6,2025-12-12,45,11,0.0078703747691937,test,4,0.0007119529671057
S22947,81,15,2025-12-12,44,12,0.0,test,4,0.0006262281667562
S22950,81,4,2025-12-12,25,20,0.0,test,4,0.0008796138227045
S23439,81,13,2025-12-12,48,15,0.0,test,4,0.0008670313060317
S23442,81,8,2025-12-12,35,29,0.0,test,4,0.0008834003833311
S23444,81,14,2025-12-12,57,19,0.0,test,4,0.0008633053973155
S23533,81,17,2025-12-12,57,29,0.0,test,4,0.0008248107311256
S23701,81,18,2025-12-12,17,16,0.0,test,4,0.0007256230189182
S23985,81,7,2025-12-12,48,13,0.0,test,4,0.0007586896271377
S23987,81,14,2025-12-12,64,25,0.0,test,4,0.000845861011882
S24005,81,8,2025-12-12,20,17,0.0,test,4,0.0008977036246624
S24006,81,9,2025-12-12,42,28,0.0,test,4,0.0008529018302451
S24105,81,12,2025-12-12,59,28,0.0,test,4,0.0008317755564671
S24751,81,2,2025-12-12,48,17,0.0,test,4,0.000883025754605
S25044,81,9,2025-12-12,20,19,0.0,test,4,0.0008568017454061
S25434,81,13,2025-12-12,53,13,0.0,test,4,0.0008884162335553
S25436,81,6,2025-12-12,21,14,0.0,test,4,0.000718544463913
S25655,81,23,2025-12-12,44,23,0.0,test,4,0.0008850070510991
S25660,81,22,2025-12-12,37,18,0.0030211847664204,test,4,0.0008533388628431
S25676,81,15,2025-12-12,29,18,0.0,test,4,0.000871105686584
S25829,81,15,2025-12-12,27,21,0.0,test,4,0.0008672678031669
S26048,81,2,2025-12-12,28,21,0.0,test,4,0.0009074498838432
S26053,81,24,2025-12-12,28,30,0.0,test,4,0.0008738577011179
S26093,81,1,2025-12-12,44,20,0.0,test,4,0.0008869374027451
S26252,81,10,2025-12-12,31,23,0.0,test,4,0.0008845642150098
S26371,81,4,2025-12-12,58,24,0.0,test,4,0.0008459724829173
S26612,81,14,2025-12-12,61,22,0.0024687678513771,test,4,0.0008589792010173
S26614,81,14,2025-12-12,42,20,0.0074650404794448,test,4,0.0008640931904718
S26615,81,7,2025-12-12,20,18,0.0144923310200035,test,4,0.0008753231749516
S26616,81,3,2025-12-12,46,20,0.0,test,4,0.0008618480541998
S26617,81,19,2025-12-12,51,29,0.0050634329973842,test,4,0.0008510886526303
S26618,81,7,2025-12-12,32,26,0.0050129105139998,test,4,0.0008864073057182
S26620,81,18,2025-12-12,27,16,0.0123588492593393,test,4,0.0008484583653003
S26624,81,13,2025-12-12,41,23,0.0012557640073273,test,4,0.0008910136973391
S26849,81,21,2025-12-12,24,21,0.0049654318027414,test,4,0.0008820940714643
S26850,81,20,2025-12-12,31,20,0.0012061555188288,test,4,0.0008952641847661
S26862,81,24,2025-12-12,45,20,0.0075821141436177,test,4,0.0008732680281968
S26867,81,23,2025-12-12,40,22,0.0061884732525967,test,4,0.000880766187965
S26875,81,25,2025-12-12,39,20,0.0,test,4,0.0008214448936382
S26879,81,1,2025-12-12,17,23,0.0198016350293712,test,4,0.0008923195869352
S26881,81,17,2025-12-12,28,15,0.0,test,4,0.000860017320016
S26882,81,18,2025-12-12,31,14,0.0059932952270699,test,4,0.0008326281541547
S26883,81,17,2025-12-12,29,17,0.0,test,4,0.0008729991025037
S26887,81,14,2025-12-12,43,24,0.0112647325475974,test,4,0.0008752388097694
S26889,81,6,2025-12-12,50,17,0.007362635734708,test,4,0.0007927578138311
S26890,81,3,2025-12-12,46,12,0.0201582340251318,test,4,0.0008311604519355
S26891,81,6,2025-12-12,45,27,0.0049803217167579,test,4,0.0008802911436529
S26893,81,14,2025-12-12,41,18,0.0,test,4,0.0008792133666501
S27317,81,11,2025-12-12,24,14,0.0,test,4,0.0008664528781856
S27587,81,24,2025-12-12,33,13,0.0,test,4,0.0008454674072867
S27598,81,12,2025-12-12,56,29,0.0,test,4,0.0008292596997874
S27599,81,13,2025-12-12,54,26,0.0030599114657406,test,4,0.0008853588242745
S27602,81,12,2025-12-12,24,27,0.0,test,4,0.0008554672553272
S27638,81,20,2025-12-12,58,22,0.0,test,4,0.0008373351434769
S27642,81,23,2025-12-12,37,15,0.0,test,4,0.0008767764444581
S27648,81,2,2025-12-12,39,15,0.0,test,4,0.0009015156597918
S28193,81,8,2025-12-12,62,24,0.0023225058763604,test,4,0.000837174634172
S28195,81,5,2025-12-12,41,20,0.0047066399609831,test,4,0.0008565078788312
S28196,81,12,2025-12-12,47,29,0.0,test,4,0.0008488820861572
S28200,81,18,2025-12-12,52,16,0.0094201044361678,test,4,0.0008315028127385
S28202,81,7,2025-12-12,42,24,0.0069866171839856,test,4,0.0008795139128896
S28203,81,6,2025-12-12,23,28,0.0,test,4,0.0008739721563114
S28206,81,13,2025-12-12,48,18,0.0,test,4,0.0008922973906536
S28935,81,14,2025-12-12,43,26,0.0,test,4,0.0008690778906618
S28936,81,14,2025-12-12,33,31,0.0,test,4,0.0008548882828015
S28942,81,22,2025-12-12,65,24,0.0,test,4,0.0008213105014317
S28946,81,9,2025-12-12,53,23,0.0,test,4,0.0008051056097856
S29275,81,9,2025-12-12,24,24,0.0,test,4,0.0008792657842366
S29277,81,22,2025-12-12,49,26,0.0,test,4,0.0007769546927394
S29675,81,4,2025-12-12,55,29,0.0,test,4,0.0008396576177111
S29680,81,1,2025-12-12,25,20,0.0023248525332472,test,4,0.000895453585806
S29695,81,21,2025-12-12,39,17,0.0023800288285182,test,4,0.0008892330630641
S29864,81,2,2025-12-12,39,27,0.0,test,4,0.0008930339493056
S30175,81,15,2025-12-12,29,24,0.0,test,4,0.0008369583221437
S30176,81,10,2025-12-12,58,16,0.0,test,4,0.000843696196401
S30178,81,6,2025-12-12,22,27,0.0,test,4,0.0008770572584685
S30180,81,18,2025-12-12,44,16,0.0,test,4,0.0008341665154488
S30181,81,11,2025-12-12,57,24,0.0,test,4,0.0008494069789176
S30851,81,19,2025-12-12,24,28,0.0,test,4,0.0008716241414678
S30853,81,10,2025-12-12,26,22,0.0,test,4,0.000871581371107
S30896,81,10,2025-12-12,20,20,0.0,test,4,0.0008748967048123
S31457,81,18,2025-12-12,35,24,0.0,test,4,0.0008578764650079
S31460,81,5,2025-12-12,20,19,0.0,test,4,0.0008785136316022
S31461,81,5,2025-12-12,57,18,0.0,test,4,0.0007779127733311
S31465,81,14,2025-12-12,24,27,0.0032276709464154,test,4,0.0008779027475933
S31482,81,17,2025-12-12,64,25,0.0015980039419574,test,4,0.000832249657269
S31488,81,25,2025-12-12,16,22,0.0080009015100293,test,4,0.0008653299140259
S31492,81,25,2025-12-12,56,23,0.0047896228051577,test,4,0.0006666106111497
S31498,81,25,2025-12-12,47,22,0.0,test,4,0.000807850245857
S31500,81,22,2025-12-12,53,15,0.0110082743999873,test,4,0.000831067909864
S31502,81,24,2025-12-12,46,29,0.0,test,4,0.0008664221252398
S31504,81,9,2025-12-12,43,31,0.0146352955034011,test,4,0.0008552483909745
S31507,81,24,2025-12-12,23,15,0.0079280762371467,test,4,0.0008585637225089
S31513,81,21,2025-12-12,53,19,0.0,test,4,0.0007368817748278
S31515,81,19,2025-12-12,55,16,0.0,test,4,0.0008630546219726
S31519,81,24,2025-12-12,34,13,0.0111043019195536,test,4,0.0008589333889251
S31715,81,18,2025-12-12,46,31,0.0,test,4,0.0008340772727964
S31716,81,13,2025-12-12,22,29,0.0,test,4,0.0008367953742758
S31720,81,8,2025-12-12,58,14,0.0066451845810324,test,4,0.0008883862974728
S31931,81,13,2025-12-12,38,22,0.0,test,4,0.0008896157580278
S31937,81,7,2025-12-12,25,24,0.0,test,4,0.0008874103105374
S31940,81,5,2025-12-12,43,24,0.0,test,4,0.0008669289717535
S31941,81,4,2025-12-12,32,31,0.0,test,4,0.0008360857382099
S31946,81,1,2025-12-12,50,21,0.0,test,4,0.0008899480133072
S31949,81,17,2025-12-12,38,31,0.0,test,4,0.0008317789839728
S31957,81,15,2025-12-12,40,20,0.0044760257934363,test,4,0.000824525770358
S31958,81,23,2025-12-12,40,25,0.0043929430066468,test,4,0.0008902737177501
S31959,81,24,2025-12-12,38,22,0.0,test,4,0.0008588369979318
S32267,81,12,2025-12-12,14,20,0.0,test,4,0.0008513569077569
S32273,81,2,2025-12-12,38,16,0.0,test,4,0.0008988136004001
S32279,81,17,2025-12-12,21,20,0.0027155353757219,test,4,0.0008880127838691
S32280,81,1,2025-12-12,14,20,0.0,test,4,0.0008855503567819
S32282,81,17,2025-12-12,36,27,0.0,test,4,0.0008542107124507
S32445,81,17,2025-12-12,19,15,0.0,test,4,0.0007665622820114
S32805,81,21,2025-12-12,61,19,0.0,test,4,0.000644226983989
S32814,81,15,2025-12-12,45,20,0.0,test,4,0.0008193145447548
S32817,81,17,2025-12-12,27,25,0.0,test,4,0.0008714542292793
S32821,81,4,2025-12-12,61,22,0.0,test,4,0.0008427937862761
S32860,81,17,2025-12-12,31,32,0.0,test,4,0.0008296729111707
S33034,81,12,2025-12-12,27,13,0.0,test,4,0.0008428727727734
S33036,81,9,2025-12-12,30,15,0.0,test,4,0.0008728109954967
S33282,81,10,2025-12-12,42,16,0.0036031725317905,test,4,0.0008544668393084
S33285,81,14,2025-12-12,16,18,0.0,test,4,0.000825123685292
S33293,81,7,2025-12-12,49,26,0.0,test,4,0.0008750172120745
S33296,81,2,2025-12-12,23,15,0.007110462537734,test,4,0.000887265876808
S33307,81,15,2025-12-12,44,23,0.0035846947239352,test,4,0.0007948930356439
S33317,81,10,2025-12-12,45,29,0.0035495563054618,test,4,0.0008545114190862
S33563,81,13,2025-12-12,41,18,0.0,test,4,0.0008996757181303
S33572,81,19,2025-12-12,35,18,0.0,test,4,0.0008768400223182
S33722,81,23,2025-12-12,36,13,0.0,test,4,0.000887798322811
S33885,81,18,2025-12-12,40,27,0.0,test,4,0.0008364918067146
S33890,81,9,2025-12-12,52,17,0.0,test,4,0.0008329549687579
S33891,81,9,2025-12-12,44,12,0.0,test,4,0.0007665174042127
S33893,81,22,2025-12-12,18,19,0.0,test,4,0.0008582521059655
S34673,81,12,2025-12-12,56,19,0.0,test,4,0.0008393719483459
S34676,81,18,2025-12-12,59,20,0.0,test,4,0.0007423471320833
S34685,81,25,2025-12-12,24,24,0.0,test,4,0.0008652086602845
S34690,81,22,2025-12-12,53,27,0.0,test,4,0.0007996673173143
S34781,81,15,2025-12-12,29,22,0.0,test,4,0.0008765023780285
S35055,81,5,2025-12-12,22,27,0.0,test,4,0.0008759046825682
S35359,81,24,2025-12-12,40,27,0.0,test,4,0.0008723118231361
S35537,81,7,2025-12-12,42,20,0.0,test,4,0.0008586690825387
S35538,81,4,2025-12-12,47,14,0.0,test,4,0.0008631562041453
S35552,81,11,2025-12-12,31,29,0.0,test,4,0.0008672375080353
S35891,81,15,2025-12-12,31,20,0.0,test,4,0.0008713609539983
S35896,81,3,2025-12-12,21,20,0.004052858406827,test,4,0.0008812700897799
S35900,81,4,2025-12-12,24,29,0.0,test,4,0.0008537907431305
S35907,81,16,2025-12-12,50,30,0.0,test,4,0.0008299220086413
S35917,81,19,2025-12-12,26,20,0.003992256468339,test,4,0.0008743990752939
S35920,81,20,2025-12-12,25,20,0.0059857161782948,test,4,0.0008927132147661
S36458,81,2,2025-12-12,47,19,0.0036279490773183,test,4,0.0009025165128647
S36589,81,5,2025-12-12,16,17,0.0,test,4,0.0008576980210939
S36605,81,8,2025-12-12,45,19,0.0,test,4,0.0008906692198616
S36607,81,21,2025-12-12,36,23,0.0,test,4,0.0008578769898373
S36608,81,22,2025-12-12,45,29,0.0,test,4,0.0007855950380053
S36611,81,1,2025-12-12,43,16,0.0,test,4,0.0008831012348401
S36614,81,4,2025-12-12,39,27,0.0,test,4,0.0008501454752842
S37450,81,21,2025-12-12,37,29,0.0,test,4,0.0008071740468963
S37452,81,25,2025-12-12,20,25,0.0,test,4,0.0008622160531462
S37453,81,21,2025-12-12,54,14,0.0,test,4,0.0008295790212566
S37563,81,14,2025-12-12,35,29,0.0,test,4,0.0008662111391299
S37564,81,10,2025-12-12,47,28,0.0,test,4,0.0008297230904213
S37566,81,7,2025-12-12,27,26,0.0,test,4,0.0008822299022119
S37569,81,1,2025-12-12,56,16,0.0,test,4,0.0008888098165139
S37574,81,24,2025-12-12,45,19,0.0,test,4,0.00086037313869
S37575,81,15,2025-12-12,47,18,0.0,test,4,0.0008411517596161
S37582,81,23,2025-12-12,31,18,0.0,test,4,0.00089797701748
S37586,81,20,2025-12-12,25,28,0.0,test,4,0.000883952917503
S37587,81,22,2025-12-12,23,21,0.0,test,4,0.0008626478089596
S37628,81,2,2025-12-12,40,27,0.0,test,4,0.0008943235624907
S38143,81,6,2025-12-12,32,16,0.008454969208261,test,4,0.0008591977157196
S38147,81,14,2025-12-12,24,17,0.0,test,4,0.0008765534630724
S38149,81,5,2025-12-12,47,23,0.0121847572037984,test,4,0.0008542659415889
S38357,81,20,2025-12-12,26,22,0.0,test,4,0.0008937666209444
S38361,81,8,2025-12-12,34,16,0.0054893319748065,test,4,0.0008842985376189
S38363,81,12,2025-12-12,36,25,0.0028361994926798,test,4,0.0008708076201696
S38364,81,10,2025-12-12,40,24,0.0055565804110975,test,4,0.0008692910773564
S38371,81,24,2025-12-12,30,24,0.0027859290961425,test,4,0.0008889341514088
S38375,81,23,2025-12-12,49,19,0.0083221701272605,test,4,0.0008510657227754
S38377,81,16,2025-12-12,51,16,0.0165619741073362,test,4,0.0008817055286018
S38378,81,17,2025-12-12,51,24,0.0094580964731277,test,4,0.00080080960172
S38402,81,11,2025-12-12,57,26,0.0,test,4,0.0008581192867378
S38406,81,2,2025-12-12,61,21,0.0,test,4,0.0008832962672317
S38526,81,15,2025-12-12,44,11,0.0055154198710479,test,4,0.0005876932379526
S38529,81,13,2025-12-12,23,30,0.0069510878382536,test,4,0.0008858217455312
S38531,81,4,2025-12-12,19,28,0.005411025645213,test,4,0.0008413880344968
S38883,81,9,2025-12-12,24,26,0.0,test,4,0.0008752857299954
S39028,81,13,2025-12-12,59,27,0.0,test,4,0.0008635084890252
S39029,81,10,2025-12-12,23,23,0.0,test,4,0.0008793055792532
S39304,81,11,2025-12-12,20,16,0.0,test,4,0.0008840862890592
S39900,81,12,2025-12-12,32,32,0.0136555075382012,test,4,0.000882077432168
S40163,81,6,2025-12-12,43,21,0.0,test,4,0.0008569370587751
S40167,81,14,2025-12-12,58,20,0.006743669329534,test,4,0.0008485275115586
S40171,81,14,2025-12-12,35,16,0.0033518460443832,test,4,0.0008679928243646
S40174,81,5,2025-12-12,38,22,0.0,test,4,0.0008125571887967
S40178,81,19,2025-12-12,31,25,0.0118145265359903,test,4,0.0008806607979277
S40298,81,6,2025-12-12,24,28,0.0033112141562733,test,4,0.0008720777770222
S40304,81,5,2025-12-12,49,28,0.0065302153854239,test,4,0.0008435893207771
S40306,81,18,2025-12-12,42,24,0.0016918227432718,test,4,0.0008398591448578
S40314,81,15,2025-12-12,26,16,0.0066649903612438,test,4,0.0008647148167156
S40322,81,20,2025-12-12,48,26,0.0049380998748087,test,4,0.0008693115990656
S40658,81,25,2025-12-12,57,14,0.0021707132780391,test,4,0.0006590899443867
S40990,81,7,2025-12-12,55,23,0.0,test,4,0.0008746996841761
S40998,81,5,2025-12-12,42,29,0.0,test,4,0.0008521171190398
S41006,81,3,2025-12-12,46,17,0.0,test,4,0.000853390055745
S41007,81,16,2025-12-12,42,19,0.0,test,4,0.0008870536003174
S41011,81,18,2025-12-12,18,26,0.0042394929668773,test,4,0.0008459069369999
S41012,81,25,2025-12-12,21,15,0.0,test,4,0.0008568605421194
S41022,81,10,2025-12-12,41,18,0.0021426107949646,test,4,0.0008623583548761
S41029,81,20,2025-12-12,32,14,0.0,test,4,0.000861533148478
S41034,81,20,2025-12-12,46,26,0.0021713107377213,test,4,0.0008841260187914
S41211,81,22,2025-12-12,36,17,0.0,test,4,0.0008461673410021
S41441,81,23,2025-12-12,39,24,0.002448046734542,test,4,0.0008726359148476
S41442,81,24,2025-12-12,54,19,0.0024555214648148,test,4,0.000865106616199
S41455,81,22,2025-12-12,51,16,0.0,test,4,0.0008496275114793
S41459,81,4,2025-12-12,35,17,0.0,test,4,0.0008600282720708
S41486,81,15,2025-12-12,50,27,0.0,test,4,0.0008492318125508
S41488,81,11,2025-12-12,52,20,0.0,test,4,0.0008444574785927
S41800,81,12,2025-12-12,49,19,0.0103497464624483,test,4,0.0008516736083271
S41822,81,3,2025-12-12,33,12,0.0069221983899272,test,4,0.0008651326465481
S41829,81,4,2025-12-12,54,23,0.0022656200140404,test,4,0.0008384669564795
S41835,81,22,2025-12-12,33,13,0.0,test,4,0.0008263055513618
S41837,81,23,2025-12-12,47,30,0.0,test,4,0.0008608202065448
S41845,81,19,2025-12-12,53,20,0.0,test,4,0.0008490688154855
S42055,81,12,2025-12-12,34,26,0.0088990114397955,test,4,0.0008603206754357
S42060,81,21,2025-12-12,33,30,0.0080854640600851,test,4,0.0008278117558629
S42062,81,23,2025-12-12,28,17,0.008331992167592,test,4,0.0008973482742603
S42067,81,8,2025-12-12,41,17,0.0008749507070024,test,4,0.0008868381566541
S42069,81,24,2025-12-12,35,30,0.0058110304348334,test,4,0.0008427334009522
S42072,81,24,2025-12-12,46,24,0.008822991615495,test,4,0.0008927359909153
S42077,81,17,2025-12-12,13,20,0.0075740258156936,test,4,0.0008572908960761
S42080,81,2,2025-12-12,22,16,0.0149308285057655,test,4,0.0008960001891572
S42082,81,16,2025-12-12,48,24,0.0081724602887493,test,4,0.0008882280947849
S42087,81,4,2025-12-12,21,18,0.0113899392689354,test,4,0.0008730048717658
S42096,81,14,2025-12-12,15,22,0.0008465294846049,test,4,0.0008681001826044
S42431,81,9,2025-12-12,41,28,0.0,test,4,0.0007456051901761
S42432,81,9,2025-12-12,39,26,0.0024934402953999,test,4,0.0008520090864939
S42442,81,25,2025-12-12,55,22,0.0,test,4,0.0006758638978137
S42444,81,1,2025-12-12,20,24,0.0,test,4,0.0008936346567082
S42445,81,1,2025-12-12,38,31,0.0,test,4,0.0008439740558045
S42446,81,18,2025-12-12,42,19,0.0,test,4,0.0008350834126061
S42448,81,16,2025-12-12,26,19,0.0,test,4,0.0008939331903259
S42636,81,17,2025-12-12,26,12,0.0,test,4,0.0007350632138646
S42639,81,8,2025-12-12,38,11,0.0,test,4,0.0008604532935244
S42693,81,11,2025-12-12,52,25,0.0,test,4,0.0008521753780532
S42694,81,12,2025-12-12,34,23,0.0,test,4,0.0008534544386745
S43373,81,24,2025-12-12,41,27,0.0160522910648571,test,4,0.0008733254067835
S43378,81,21,2025-12-12,50,24,0.0200216387932919,test,4,0.0008749734719251
S43380,81,22,2025-12-12,37,29,0.0058522570047512,test,4,0.0007188236571688
S43384,81,23,2025-12-12,47,26,0.0,test,4,0.0008700832025525
S43385,81,21,2025-12-12,33,15,0.0100271560403023,test,4,0.0008715278584318
S43389,81,25,2025-12-12,31,22,0.0048132330011524,test,4,0.0008752486414443
S43390,81,22,2025-12-12,16,23,0.0085386875275603,test,4,0.0008474302296505
S43417,81,25,2025-12-12,59,25,0.0119985273437264,test,4,0.0008294263499814
