method,val_rmse
trimmed_mean,0.005719512608322642
median,0.005719512608322642
mean,0.005719645258781222
weighted,0.005719645258781222
min,0.005722814674247476
max,0.0057253775440785975
