w_lgbm,w_et,w_enet,val_rmse
0.0,0.0,1.0,0.005891176099228102
0.0,0.025,0.975,0.005891180816056415
0.025,0.0,0.975,0.005891185458758646
0.0,0.05,0.95,0.005891185556625415
0.025,0.025,0.95,0.005891190245814572
0.0,0.075,0.925,0.005891190320935044
0.025,0.05,0.925,0.005891195056611034
0.0,0.1,0.9,0.0058911951089852446
0.05,0.0,0.95,0.005891195282802377
0.025,0.075,0.9,0.00589119989114797
0.0,0.125,0.875,0.0058911999207759596
0.05,0.025,0.925,0.005891200140085309
0.025,0.1,0.875,0.005891204749425327
0.0,0.15,0.85,0.0058912047563071295
0.05,0.05,0.9,0.00589120502110862
0.075,0.0,0.925,0.00589120557135697
0.0,0.175,0.825,0.005891209615578696
0.025,0.125,0.85,0.005891209631443042
0.05,0.075,0.875,0.005891209925872251
0.075,0.025,0.9,0.0058912104988662825
