ufs_serial,pred,health
S00000,0.00012551118107086829,0.0
S00002,8.309207826008976e-05,0.0
S00003,0.00015863621635493235,0.0
S00004,0.0002953576067302196,0.0
S00009,9.357638353895491e-05,0.0
S00012,7.824084039213743e-05,0.0
S00013,3.028887570379425e-05,0.0
S00015,0.002892406889473339,0.0
S00017,0.0013813826295553634,0.0
S00018,0.0014254247309998453,0.0
S00020,0.0017943268538510076,0.0
S00021,0.003749615095585451,0.0
S00022,0.0013492504841376388,0.0
S00023,0.0005968437564051953,0.0
S00024,0.0023231841254388614,0.0
S00025,0.0006365900776115077,0.0
S00026,0.004521227602835352,0.0
S00027,0.0018493321549216558,0.0
S00028,0.0019686246972518504,0.0
S00029,0.00322049840072537,0.0
S00031,0.002171368422412453,0.0
S00032,0.0032151827707974753,0.0024556306573382
S00034,0.0021268862942693777,0.0
S00035,0.002159956238804542,0.0
S00037,0.0033223677076381166,0.0024203995363741
S00038,0.004341368620453451,0.0
S00039,0.0013298782058971657,0.0024294149851399
S00041,0.0014344259524197976,0.0024488066378919
S00042,0.002464253239472203,0.0024355223631917
S00043,0.0004734686836104791,0.0
S00044,0.0013617791779138551,0.0
S00047,0.001936353826300844,0.0024454088310256
S00049,0.00205341304719038,0.0
S00051,0.0025571365364217037,0.0023918839575332
S00052,0.0008477640966476555,0.0
S00056,0.001327526191026563,0.0024112401634015
S00057,0.0015535739180262843,0.0
S00058,0.002072146400779083,0.0
S00059,0.0017058123656374083,0.00240752581914
S00061,0.0024889316195210835,0.0
S00062,0.0025453632559386016,0.0
S00063,0.004223252014132525,0.0
S00064,0.0026555649590883526,0.0
S00065,0.0025329139716665774,0.0
S00068,0.0021484836387391628,0.0096413121496052
S00069,0.0039062402339230346,0.0024141213958187
S00071,0.005718172188302683,0.0
S00072,0.00348467611510622,0.0
S00075,0.0016406352288351406,0.0
S00079,0.0032303749627583607,0.0
S00080,0.0026598349653021575,0.0024551575598599
S00081,0.002695692907286149,0.0048692551117381
S00084,0.0019784389715118127,0.0
S00086,0.0024251701669850867,0.0
S00087,0.003440142207605572,0.0071833265884257
S00092,0.001941614536167298,0.0
S00096,0.0018162495915207766,0.0
S00098,0.004529847168045481,0.0
S00099,0.003102768429483739,0.002429023161249
S00101,0.001461114215805075,0.0047811447811447
S00103,0.002001181876557688,0.0023947190902958
S00106,0.002513908827903866,0.0
S00108,0.0039918893994975975,0.0
S00109,0.0009348147529527008,0.0024466006035276
S00111,0.0023258564295906793,0.0
S00113,0.00230576306403172,0.0
S00114,0.0035888048797552054,0.0
S00116,0.00137549172263288,0.0
S00120,0.0022177746455740903,0.0
S00121,0.0020633102450645143,0.0
S00122,0.003941792379388009,0.0
S00123,0.0011077968285869936,0.0120079634300735
S00124,0.0012917918537666017,0.0
S00126,0.002616877925345556,0.0145181549966406
S00127,0.0029387641596300817,0.0
S00128,0.003046290644464953,0.0023878847281078
S00129,0.0006768837806829665,0.0071621056878935
S00130,0.0018655021239754293,0.0048756321399316
S00131,0.0023641436229784774,0.0
S00132,0.0019922663632518708,0.0
S00133,0.002397992008340814,0.0
S00134,0.002109192172751276,0.0
S00135,0.004113766932582073,0.0024002704530087
S00136,0.002545944778114673,0.0024124339857098
S00137,0.0017751115647468246,0.0
S00138,0.001881209300865159,0.0024209654634906
S00139,0.0021952408893923456,0.0023857183316292
S00142,0.002684378475292199,0.0023883666839667
S00144,0.0017659065821230497,0.0
S00145,0.003106314564209036,0.0048074365336157
S00146,0.002061727526970924,0.0
S00148,0.0017542319340652355,0.0023848940713548
S00149,0.001949650263530754,0.0
S00150,0.0001915369738789079,0.0024284534611569
S00151,0.0007908187791463052,0.0
S00152,0.0005377782037641082,0.0
S00153,0.0006917677235610027,0.0
S00154,0.0012857781576345695,0.0024048348309115
S00155,0.000398248401977117,0.0
S00156,0.0016358190294934632,0.0
S00157,0.0009222242551704911,0.0023905723905723
S00158,0.001964960362345311,0.0
S00162,0.0026983263533193946,0.0
S00164,0.000996148989925393,0.0
S00165,0.0013342205981344058,0.0
S00166,0.001729308765694316,0.0
S00168,0.0019367190352827621,0.0044468304030778
S00169,0.002914569005427446,0.002185201306724
S00170,0.0040899737370975724,0.0
S00171,0.0014309414752646978,0.002232734493277
S00174,0.0039047559887267604,0.0
S00175,0.002388902400088553,0.0
S00177,0.0034712935547942273,0.0043713251623854
S00178,0.003983555050787445,0.0
S00180,0.0021911275627183187,0.0
S00181,0.0031553672682789104,0.0
S00183,0.0007112758909797054,0.0
S00185,0.0028302867011701983,0.0
S00186,0.002463419931016519,0.0
S00187,0.002622055678467765,0.0023849627379564
S00188,0.0018590734171910917,0.0
S00189,0.0007646524327964768,0.0
S00191,0.0017906058343459797,0.0
S00192,0.001720924393041206,0.0
S00193,0.00467989881408188,0.0
S00194,0.0010665769226872062,0.0023942345675443
S00199,0.0024293403347044294,0.0
S00201,0.0015320917993838805,0.0
S00202,0.004278658524439143,0.0
S00205,0.003291249964097045,0.0024191978193146
S00206,0.0016439831170830747,0.0
S00207,0.0029133203866877075,0.0024246859373094
S00208,0.003645676297552424,0.0
S00210,0.0012499117190009155,0.0
S00211,0.00407827288252875,0.0024002356770644
S00214,0.0004636301913798174,0.0
S00216,0.0005159230681551215,0.0
S00217,0.00039544496088408877,0.0
S00218,0.00280389782297988,0.0
S00220,0.004657037512115423,0.0048111362800333
S00221,0.0024718624512236596,0.0024405814181889
S00223,0.003466935912467689,0.0
S00226,0.004529606319109832,0.0
S00227,0.0005607100403280318,0.0
S00229,0.0009944062073310735,0.0
S00233,0.00039651367632308546,0.0
S00237,0.0017312772874412343,0.0
S00238,0.00013852414033493682,0.0
S00245,0.0015909234542748189,0.0
S00247,0.0013704041583605376,0.0
S00248,0.0041803551785282314,0.0048394556829523
S00249,0.002207587568740873,0.0072902762090563
S00252,0.002285229163551658,0.0
S00253,0.003225196060595994,0.0
S00257,0.0016293029701325784,0.0122792453576052
S00258,0.0029978650164370346,0.004889013491513
S00259,0.0029789520790613963,0.0
S00260,0.00241392422785876,0.0
S00261,0.0031376858129084466,0.0
S00262,0.000597265872720543,0.0
S00264,0.0023213708096859412,0.0
S00265,0.0018450546631086598,0.0021986286219862
S00267,0.0019606533287006827,0.0022214176846302
S00268,0.002030491206887056,0.0
S00269,0.0021505111203181217,0.0
S00270,0.0031696942405286294,0.0021931566452205
S00271,0.0036172937499566057,0.0
S00273,0.0007526475454341203,0.0023947190902958
S00275,0.0007545663973977337,0.0
S00277,0.001829231651770507,0.0
S00278,0.0035388102817597374,0.0024270303793883
S00283,0.0012442174398222114,0.0
S00284,0.0015849038711585836,0.0
S00289,0.001796322442860097,0.0
S00290,0.002088390105396114,0.0024540301396377
S00294,0.003830745370263595,0.0
S00296,0.0021081850036421407,0.0
S00297,0.0026464169367608936,0.0048750582407611
S00302,0.0013921751130480326,0.0
S00303,0.0031980466006505,0.0044147169073886
S00308,0.0010723230590869693,0.0
S00309,0.0012870065705642391,0.0021791077496437
S00310,0.0005181922546872843,0.0156605896916497
S00311,0.0010009801794192924,0.0
S00312,0.00045886433292769064,0.0022374990433228
S00313,0.0005427032053707378,0.0
S00314,0.001569100787512402,0.0021928953719759
S00315,0.0014394395692867406,0.0021781336418657
S00316,0.0005646226185027462,0.0
S00318,0.0007432749666994779,0.0022137295775651
S00319,0.0003205951933206707,0.0021892730027839
S00321,0.0008280913786733574,0.0
S00323,0.0004824293585961619,0.0
S00324,0.0024946317038829083,0.002440437609255
S00325,0.002425691094772538,0.0
S00326,0.0029245125236726367,0.0
S00327,0.0009917918613905985,0.0044787484736659
S00328,0.003033576874598594,0.0
S00329,0.0016119192598191086,0.0021770745724698
S00331,0.0028541741977281218,0.0
S00332,0.002718884717600358,0.0
S00334,0.0031758251542987606,0.0072413089722295
S00335,0.002118811890176902,0.0
S00336,0.0012177135838788745,0.0
S00339,0.0018293627473708028,0.0
S00340,0.002160654706730937,0.0
S00341,0.0034382784923728702,0.0
S00342,0.0006600777132101352,0.0239999227366672
S00343,0.002109585155663912,0.0071593200806683
S00344,0.0023631800801323984,0.0
S00347,0.002013370503779072,0.0
S00349,0.0007896677941555169,0.0
S00350,0.001953468799557655,0.0022072702240579
S00351,0.0013158071429229053,0.0
S00352,0.0005631395718343124,0.0
S00354,0.00225225034374237,0.0047855643499528
S00356,0.0029192197639652017,0.0
S00357,0.0025822433691448585,0.0
S00358,0.0022072258716738873,0.0
S00360,0.0024250548737476587,0.0
S00361,0.005677690100881247,0.0024229128580134
S00362,0.00205033101774588,0.0
S00363,0.0019757354589298322,0.0
S00366,0.0010961103998627776,0.0044445636815653
S00369,0.0025274614494042577,0.0
S00371,0.002193773374678291,0.0087046378029984
S00373,0.002000233109371976,0.0023894345645892
S00376,0.0023197283396070956,0.0022044799290308
S00377,0.0014922915190998145,0.0066640743372799
S00378,0.0018517867482428143,0.0
S00379,0.001035633829822823,0.0024318042813455
S00380,0.0025268769103611913,0.0
S00383,0.0027965493886368516,0.0
S00384,0.00261285465748995,0.0043461531734788
S00388,0.0027169046260405575,0.0
S00389,0.0007124158307168073,0.0120899864747837
S00390,0.0033989250673208448,0.0
S00393,0.002556699526770486,0.0
S00395,0.0024817409763311297,0.0
S00396,0.004641801498781186,0.0
S00398,0.004581788510932387,0.0
S00400,0.0027842221798159415,0.0
S00402,0.000641251767553754,0.0
S00403,0.002939937668253654,0.0043498619334567
S00404,0.004642653271907302,0.0
S00405,0.004817569051451018,0.0
S00406,0.003042224135013785,0.0
S00408,0.0024674233725900984,0.0022408584697236
S00409,0.0012149841838574344,0.002175502182068
S00410,0.0026751989514929154,0.0
S00411,2.498007197673172e-05,0.0
S00412,0.00029283696970861195,0.0
S00416,0.0007384558642464136,0.0
S00417,0.0005193735673821942,0.0065888903619249
S00420,0.0026072896315000923,0.0067010031280336
S00423,0.004302283836713846,0.0022000593174946
S00429,0.0037213035334981446,0.0
S00430,0.0015361333031653549,0.0065350023668016
S00432,0.004187918407443639,0.0
S00434,0.001396537833015991,0.002191705914519
S00435,0.00533300795642266,0.0
S00436,0.0043067928386591415,0.0
S00438,0.0005378455361784831,0.0
S00439,0.0024919784670253183,0.0
S00440,5.066091633960133e-05,0.0122367980460517
S00441,4.510175993028703e-05,0.0
S00446,0.0024107817934540554,0.0
S00448,0.002837482674641627,0.012265971677205
S00450,0.0033213752405717822,0.0
S00452,0.0011258570767350238,0.0048683965637152
S00453,0.001757557386434472,0.0024367761990213
S00454,0.0012877551110764482,0.0
S00455,8.716178085624897e-05,0.0
S00456,0.001936111202881918,0.0
S00457,0.0038826401632147847,0.0047714366632584
S00461,0.001980837170433696,0.0
S00462,0.00040484113277617034,0.0
S00463,0.0008855423820386013,0.0
S00464,0.0002530747271547301,0.0
S00465,0.001094395521354645,0.0
S00467,0.00043500553982328896,0.0047907539412867
S00469,0.001149035107163106,0.0024476488781198
S00470,0.0005429083353737621,0.0
S00472,0.0009644075883519953,0.0
S00473,0.0001838235930165915,0.0
S00475,0.0020658836038051657,0.0
S00476,0.0011004338088052889,0.0048258518065386
S00478,0.0002947150244642322,0.0
S00482,0.001211280235112886,0.0
S00483,0.0027347218893764426,0.0
S00484,0.0023735254404852113,0.0
S00485,0.0003445568571296243,0.0
S00486,0.0004886795684411974,0.0023937848290876
S00487,0.001910006185192683,0.0047925556278778
S00488,0.0009902983762435846,0.0024354507544016
S00491,0.0018546363761731688,0.0
S00493,4.4336518746689766e-05,0.0
S00495,0.0033924311257583386,0.0
S00497,0.003050314091224338,0.0043514615044499
S00498,0.001990561805806747,0.0
S00499,0.0014679949250477695,0.0
S00500,0.0011890555243379195,0.0021848266645565
S00501,0.001685016434107675,0.0021832142888519
S00502,0.0005487277223611209,0.0022247289590775
S00503,0.002890014019675394,0.0
S00505,0.005383422260433846,0.0
S00510,0.001802780817134943,0.0022227290819726
S00512,0.0018401551857733381,0.0043474647807241
S00513,0.0019341352227255186,0.0
S00514,0.002841123458584844,0.0
S00515,0.005579182550821539,0.0065527516282994
S00516,0.0038223692109260873,0.0
S00518,0.0015302733589702031,0.0
S00519,0.002399158352136165,0.0
S00520,0.0019154866536933027,0.0
S00521,0.003857506430965369,0.004380398378283
S00522,0.003196116350590894,0.0
S00523,0.0013564768170537334,0.0
S00524,0.002346263384561473,0.0073659093266936
S00525,0.0038806703826129198,0.0022026334100044
S00527,0.0013109955403439702,0.0022325840475805
S00529,0.001694453623093185,0.0022204351516776
S00531,0.00045881578997655043,0.0
S00537,0.001358858998075447,0.0
S00538,0.0037787501185047234,0.0
S00539,0.004524667148339707,0.0
S00540,0.0016938883241514665,0.0043980160257686
S00543,0.001322304074000882,0.0024125042473666
S00545,0.0020821455309090594,0.0
S00547,0.0019660603622329033,0.0024299851365094
S00548,0.0031618400369515004,0.0022212091958954
S00550,0.0005355351856650795,0.0048952977562397
S00551,0.0022771494189166132,0.0
S00552,0.002321265403658699,0.0021787351938066
S00553,0.0035144434664178383,0.0
S00554,0.001302725334800746,0.0
S00555,0.002286447407526954,0.0
S00557,0.0026695317109730024,0.0086994954467681
S00558,0.0018287855299924643,0.0
S00559,0.0022681480174590657,0.0
S00560,0.005465997582240157,0.0
S00561,0.001895533165845671,0.0
S00562,0.003047242446763137,0.0109444848164541
S00564,0.0008243244765975935,0.0
S00565,0.004736886582104978,0.0
S00566,0.003117889055229884,0.0
S00567,0.0033236132956544367,0.0
S00568,0.0026947958756346462,0.0
S00570,0.0001634835779484698,0.0022028091356744
S00571,0.0005882028477574618,0.0
S00574,0.00030632416263814245,0.0
S00577,1.319092655023037e-05,0.0
S00579,0.0009728689787510784,0.0
S00580,0.001140287417155271,0.0022136704169895
S00581,0.0012162222223189268,0.0
S00582,0.0025990517346197698,0.0022362909068002
S00583,0.0018951136799443612,0.0
S00584,0.0012045876424700026,0.0
S00585,0.001678344975210085,0.0
S00586,0.0004911798894633749,0.0
S00587,0.0004751887677330516,0.0
S00588,0.0006450070462252911,0.0
S00589,0.0015548276278574604,0.0
S00590,0.00044871285560733887,0.0
S00593,0.00012317047915180924,0.0
S00594,6.914514687372373e-05,0.0
S00598,0.0003006062779219381,0.0
S00599,0.0018420686232258033,0.0
S00600,0.0015195625353493592,0.0
S00603,0.00012528744624020947,0.0
S00605,0.0012902712009261242,0.0
S00606,0.001237667159858842,0.0
S00607,0.0026984287862602072,0.0
S00612,0.0024527901004128415,0.0
S00614,0.001971719716144777,0.0
S00616,0.0016948151589424917,0.0
S00617,0.003970766795981584,0.0
S00618,0.0012348361709931064,0.0
S00619,0.002164479255126087,0.0
S00621,0.0021495454701973777,0.0
S00624,0.003629076813231001,0.0
S00626,0.0023803173927809005,0.0
S00629,0.0043710778262369965,0.0
S00630,0.0026504649700360592,0.0
S00632,0.001034303494317438,0.0
S00634,0.002578808908364263,0.0
S00635,0.0008472467727375537,0.0
S00636,0.00128695144826314,0.0
S00637,0.0010901852365802177,0.0
S00638,0.0018114880639199104,0.0
S00639,0.003244666199567267,0.0
S00640,0.004491688792459825,0.0
S00642,4.40484713271202e-05,0.0
S00643,4.8563352960846385e-05,0.0
S00644,0.0001932806118851464,0.0
S00645,7.153345261798695e-05,0.0
S00646,0.00017993064781304962,0.0
S00647,0.00014549613146567895,0.0
S00648,0.00021816762151436603,0.0
S00651,0.0005988428808914475,0.0
S00654,6.398146012331061e-05,0.0
S00656,0.0006299598753152716,0.0
S00657,6.442761354759001e-05,0.0
S00658,0.00013913763134748992,0.0
S00660,0.0016549911792447171,0.0
S00661,0.0007208575906771683,0.0
S00662,0.0010752475793128886,0.0
S00664,0.00045132437105727206,0.0
S00666,0.00035824608727596857,0.0
S00667,0.000120744082615463,0.0
S00668,0.0003343554210963965,0.0
S00670,0.0005368853397425379,0.0
S00671,2.7966944569554303e-05,0.0
S00673,0.003146996178499681,0.0
S00676,0.0004088962539925016,0.0
S00677,0.00033242040141891655,0.0
S00679,0.003781216064291393,0.0
S00683,0.0030162656793462964,0.0
S00685,0.004119735972508126,0.0
S00686,0.003565908657574147,0.0
S00687,0.0007940831014563675,0.0
S00689,0.004160073623891564,0.0
S00690,0.0001619366183680124,0.0
S00691,0.00014837425998835555,0.0
S00692,0.0023802826892338268,0.0
S00693,0.0035368514299212845,0.0
S00698,0.0030122191447815956,0.0
S00700,0.005046926507191152,0.0
S00702,0.00017255301059799848,0.0
S00703,7.416108349912383e-05,0.0
S00705,0.00016386288713424968,0.0
S00706,6.430504479958895e-05,0.0
S00707,5.7474162095482516e-05,0.0
S00708,0.0005967917418810693,0.0
S00711,0.00013925150007210898,0.0
S00713,5.452744225034697e-05,0.0
S00717,0.002070905533002801,0.0
S00718,0.000667882127370794,0.0
S00719,0.0037848066540728843,0.0
S00720,0.0010209830129414483,0.0
S00722,0.0010659656501375515,0.0
S00726,0.0031999797339533993,0.0
S00727,0.0002509684480057764,0.0
S00728,0.0027817688067388138,0.0
S00729,0.00044298684003101337,0.0
S00731,0.003383519171063178,0.0
S00732,0.0032175190015850787,0.0
S00733,0.0026169839079412784,0.0
S00735,0.0004165124964774465,0.0
S00736,0.001360070529728883,0.0
S00737,0.0009600266376087654,0.0
S00738,0.0004204235373311183,0.0
S00740,6.440144664203748e-05,0.0
S00741,0.0004972438492486046,0.0
S00742,0.00015259501630148314,0.0
S00747,7.878240628392578e-05,0.0
S00748,0.0024538107278111254,0.0
S00752,0.0020328656161815025,0.0
S00754,0.0016559823845768182,0.0
S00755,9.169820690047752e-05,0.0
S00757,0.0003840713179450811,0.0
S00758,0.00023777537579280298,0.0
S00761,8.741375448785042e-05,0.0
S00763,0.0021438315014420217,0.0
S00769,0.0015694661095574957,0.0
S00771,0.0005920141860455452,0.0
S00772,0.0029873379326572865,0.0
S00773,0.0009648245832438781,0.0
S00774,0.00264890190865828,0.0
S00777,0.0013186926138062315,0.0
S00778,0.00045601515066178344,0.0
S00781,0.0004961255045045099,0.0
S00782,0.0008788023897885057,0.0
S00784,0.0012001499617660253,0.0
S00786,0.003115377196080111,0.0
S00787,0.0015715072984447043,0.0
S00788,0.0024708409110679916,0.0
S00789,0.0029702247581305046,0.0
S00791,0.003450108204539083,0.0
S00792,0.0027223964835785238,0.0
S00793,0.002054644751180377,0.0
S00794,0.0010281151848154262,0.0
S00795,0.004661506156264638,0.0
S00797,0.003397831823429481,0.0
S00798,0.00018300184368157089,0.0
S00800,0.0012649486230736228,0.0
S00801,0.0014377787601210419,0.0
S00803,0.0015967812793668058,0.0
S00805,0.0017072956733856493,0.0
S00809,0.0030254268663775425,0.0
S00815,0.0016528510280815457,0.0
S00816,0.0027553003154823464,0.0
S00817,0.0032653284459796318,0.0
S00818,0.0016000041405701032,0.0
S00819,0.0028535942977355056,0.0
S00820,0.002769832312774642,0.0
S00822,0.0011805849370409678,0.0
S00824,0.0016219448001125155,0.0
S00826,0.0026732298980940913,0.0
S00827,0.0036487638211748804,0.0
S00828,0.0011724226979781555,0.0
S00829,0.00478940851190998,0.0
S00833,0.0009143707544719512,0.0
S00834,7.668782112351859e-06,0.0
S00835,7.255496165310479e-05,0.0
S00836,4.5052418581487446e-05,0.0
S00837,0.00040186887649079357,0.0
S00839,9.920272333196174e-05,0.0
S00842,0.00024313814704519574,0.0
S00843,0.0012491432191978585,0.0
S00844,8.819149739167705e-05,0.0
S00847,0.002285222535477238,0.0
S00853,0.00031141861614881366,0.0
S00855,0.0006513122539553792,0.0
S00857,9.549873848587266e-05,0.0
S00862,0.00011248354479271477,0.0
S00864,0.00010822781993424885,0.0
S00865,8.44878689662642e-05,0.0
S00866,9.872861222605853e-05,0.0
S00867,0.0009667959504990072,0.0
S00868,0.00017881594929762928,0.0
S00869,0.0031017918287672467,0.0
S00870,0.004250723410360556,0.0
S00872,4.099551115015909e-05,0.0
S00873,0.000641360402440754,0.0
S00874,0.00010129849955451642,0.0
S00876,0.00010909366870966839,0.0
S00877,0.0003681545918028668,0.0
S00879,0.000580604138913771,0.0
S00881,0.00040071568835118947,0.0
S00883,0.00407133238172046,0.0
S00884,0.00038623486870349575,0.0
S00886,0.0011232902642400364,0.0
S00888,0.0019561416294901087,0.0
S00889,0.00041474580192048894,0.0
S00895,0.00044597972778745535,0.0
S00897,0.0005462059261469478,0.0
S00898,0.0006409183359983089,0.0
S00899,0.000744512076709365,0.0
S00901,0.0012561336314128346,0.0
S00905,0.0012543044005748952,0.0
S00906,0.0008118916568029498,0.0
S00908,0.0020952124278025273,0.0
S00909,0.0003286179118134144,0.0
S00910,0.0008018236933233177,0.0
S00911,0.0009375002698257729,0.0
S00913,0.0017429785608904745,0.0
S00915,0.0009887604675349248,0.0
S00918,0.0019169804739231338,0.0
S00919,0.0006223946161136545,0.0
S00920,0.001180799722303828,0.0257126597340783
S00921,0.0007893365117702894,0.0
S00925,0.002152383479822785,0.0
S00927,0.0009216492006382001,0.0
S00928,0.001737357191659233,0.0
S00932,0.0007224146947437651,0.0
S00934,0.0005575525153132637,0.0
S00935,0.0001317842068581956,0.0
S00937,0.0016402782996997886,0.0
S00939,0.0012438869575683677,0.0
S00940,0.001956993381126078,0.0
S00942,0.003392408455462246,0.0
S00943,0.004870010343101005,0.0
S00945,0.0034829888461130705,0.0
S00946,0.002551818655041566,0.0
S00947,0.0038589157328707347,0.0
S00949,0.004547188388904148,0.0
S00950,0.0035029097697543434,0.0
S00951,0.0011318131403566228,0.0
S00956,0.002956339537409818,0.0
S00958,0.0024612906505091046,0.0
S00959,0.0005486823040451401,0.0
S00960,0.002601199777308332,0.0
S00962,0.0008737255289462661,0.0
S00963,0.0028796633906881365,0.0
S00965,0.0009233369485426547,0.0
S00966,0.0015828548506513565,0.0
S00969,8.163706263857016e-05,0.0
S00970,0.0002548743983047313,0.0
S00973,0.0033596160569556582,0.0
S00975,0.002361982112445311,0.0
S00977,0.002832464733883606,0.0
S00980,0.0017674262122024304,0.0
S00982,0.0034608502622899802,0.0
S00984,0.0013011429472505633,0.0
S00985,0.0024520285878920057,0.0
S00988,0.0020331590933622026,0.0
S00989,0.0017778312297149748,0.0
S00991,0.0032457744384854193,0.0
S00992,0.002368998779407698,0.0
S00996,0.0009680779459236811,0.0
S00999,0.0015934947540463874,0.0
S01000,0.0012675671956113718,0.0
S01001,0.002660998018156515,0.0
S01002,0.0032992727585822758,0.0
S01003,0.0013098895250239244,0.0
S01004,0.0023002007542328646,0.0
S01005,0.0031381073092750893,0.0
S01006,0.002618117647962141,0.0
S01008,0.002096762035674533,0.0
S01009,0.0038004408544014606,0.0
S01010,0.001973065553681875,0.0
S01011,0.0031654901679880696,0.0
S01012,0.0020179394608337703,0.0
S01014,0.0012327362557293193,0.0
S01015,0.00031093230835659014,0.0
S01017,0.0012412882762610387,0.0
S01019,5.210436221592243e-06,0.0
S01020,6.245457723882909e-05,0.0
S01026,2.084438921533273e-06,0.0
S01028,0.00011992991250528074,0.0
S01029,0.00011140717632956541,0.0
S01030,0.0010756442937812334,0.0
S01031,0.00011292305311561843,0.0
S01034,0.00020285683042703116,0.0
S01036,4.795730566662025e-05,0.0
S01037,3.790862032628729e-05,0.0
S01041,0.0004446061694190193,0.0
S01043,2.9367921009743255e-05,0.0
S01044,2.428369142839811e-05,0.0
S01046,0.00021290762903648382,0.0
S01047,0.0009555845313126551,0.0
S01049,0.00014957348307269148,0.0
S01050,0.0011529799330692984,0.0
S01051,0.00017601623695459083,0.0
S01052,0.0004670723037910157,0.0
S01053,8.965950756980868e-05,0.0
S01055,0.0007132936629887709,0.0
S01057,2.132424799226625e-05,0.0
S01058,5.9661693070821185e-06,0.0
S01059,0.0006315698643647924,0.0
S01060,5.358367349571572e-05,0.0
S01061,4.355763461109889e-05,0.0
S01063,1.020992892503802e-05,0.0
S01064,2.094972212352786e-05,0.0
S01069,0.00039827564114849813,0.0
S01070,0.0004128937479303584,0.0
S01073,0.00017665785120984722,0.0
S01076,0.0036175699046643948,0.0
S01077,0.0002694876759867587,0.0
S01079,0.004099569794124994,0.0
S01083,0.0007611300738298439,0.0
S01085,0.0006538505083402903,0.0
S01089,0.0006441711042206542,0.0
S01091,0.0005466965045929023,0.0
S01092,0.001103495660183289,0.0
S01093,0.0024377676469498665,0.0
S01099,0.003946674865045088,0.0
S01100,0.0016628258001461535,0.0
S01102,0.0018184674303217564,0.0
S01105,0.0006824324971154607,0.0
S01108,0.0001925145717178944,0.0
S01111,0.000447294475753207,0.0
S01112,3.2753392059320315e-06,0.0
S01113,0.0007581076549102511,0.0
S01116,9.967478151896275e-05,0.0
S01118,6.731921133125519e-05,0.0
S01120,0.00034573844812416766,0.0
S01123,0.0045543995448426855,0.0
S01124,0.002328792683518036,0.0
S01125,0.0021093846717723606,0.0
S01126,0.00043981269603328465,0.0
S01128,0.0014628379173898332,0.0
S01129,0.0020978053262942433,0.0
S01130,0.000251181953364178,0.0
S01133,0.0014133978115015529,0.0
S01134,0.0006313802189997496,0.0
S01135,0.0006100044682200655,0.0
S01137,4.1992098177497816e-05,0.0
S01138,0.00038190167460419946,0.0
S01140,0.0007606760404094944,0.0
S01141,0.0008055903289477495,0.0
S01142,0.0007450233628629122,0.0
S01144,0.002403750702545864,0.0
S01145,0.0031609766178800434,0.0
S01146,0.003002430463073948,0.0
S01147,0.0016743977084842255,0.0
S01148,0.0017770006928334242,0.0
S01152,0.0025074417093823454,0.0
S01153,0.004216152469717463,0.0
S01156,0.004356796889145679,0.0
S01157,0.003164402094247418,0.0
S01158,0.003014213210307697,0.0
S01160,0.002409696233475349,0.0
S01161,0.00047004256913905186,0.0
S01162,0.0019311633310845327,0.0
S01163,0.0017776287751835112,0.0
S01164,0.003211133011687028,0.0
S01165,0.0016019177031706949,0.0
S01168,0.005291018266243468,0.0
S01169,0.0005687347106205908,0.0
S01174,0.0013976227648623515,0.0
S01176,7.144167216454979e-05,0.0
S01178,0.0019267027541748612,0.0
S01179,0.0036378282666576396,0.0
S01180,0.0010152304150286996,0.0
S01183,0.0008249965354872856,0.0
S01188,0.0007252944521199385,0.0
S01189,0.005242978648081724,0.0
S01191,0.005469318965149328,0.0
S01193,0.00017426510643750155,0.0
S01194,0.001277334482387718,0.0
S01195,0.0030817675423099756,0.0
S01196,0.0007622516467597774,0.0
S01197,0.003219657267516344,0.0
S01199,0.0011156817399797041,0.0
S01200,0.005004616066210033,0.0
S01202,0.0021885697441354837,0.0
S01203,0.0017924209010738346,0.0
S01205,0.0028173954136160176,0.0
S01209,0.0033496225262012397,0.0
S01210,0.002039104807865168,0.0
S01212,0.0026609326058981368,0.0
S01214,3.630536343502885e-05,0.0101877068142551
S01215,0.00011315424074733305,0.0
S01216,0.0004204267999317938,0.0059559118716782
S01217,7.058074199897355e-05,0.0117239447417695
S01219,0.004333713824004965,0.0
S01223,0.0017020501423108427,0.0057164382104212
S01225,0.0021221635519870843,0.0085934865867259
S01226,0.0013584988104155087,0.0100747716597455
S01228,0.002340450325710099,0.0074032365699032
S01229,0.0005941475886663914,0.0
S01231,0.0013136604253041325,0.008795759629764
S01232,0.0023304830171609935,0.0102230920225207
S01233,0.00298187573504243,0.0042819726367301
S01238,0.0007382692041596223,0.0
S01239,0.0007655309619865979,0.004306572505524
S01242,0.0028258887446944558,0.0014842688408069
S01246,0.0030329973499139875,0.0
S01248,0.0019528960668148204,0.0113964033684741
S01252,0.0016097384155170408,0.005935480018511
S01254,0.0027722013595458737,0.0
S01258,0.0027551285660415864,0.0088358697198122
S01259,0.003916018553084278,0.0014739945251631
S01262,0.001954079937772161,0.0
S01264,0.0037591463782941812,0.0
S01265,0.0011184519742291354,0.0043628255659822
S01267,0.0011980678293708794,0.0029844203649159
S01268,0.0007774021761078627,0.0113761541388772
S01270,0.0013183713287544235,0.009967396100138
S01271,0.002417829831711452,0.0100710969071687
S01273,0.0016966370368686466,0.0119137511536202
S01274,0.002903012965980802,0.007401450505592
S01275,0.000996449825813656,0.0072729720553975
S01276,0.0013656348059596967,0.0
S01278,0.0033026299534620125,0.0014399411275579
S01279,0.00043158894316976365,0.0042902894434709
S01281,0.0028993589060994415,0.0
S01282,0.004797406154737044,0.0
S01283,0.0014754884493212881,0.0029426479687143
S01285,0.001367990955807571,0.0
S01286,0.0028158296241547523,0.0
S01288,0.0008221865650659,0.00444929858643
S01289,0.0009121750644713512,0.0057568123244432
S01290,0.000968966586501022,0.0
S01291,0.002709968001495963,0.0
S01292,0.001473535691462707,0.0
S01293,0.001020854415461942,0.0
S01294,0.000768463195540343,0.0119341341449505
S01295,0.00230848718663785,0.0
S01297,0.0016558741218460626,0.0
S01298,0.0013002570194307903,0.0
S01301,0.0027169143337643347,0.0
S01304,0.0037464360996019735,0.0029803935678669
S01306,0.002688963786917105,0.0
S01308,0.004299342588353465,0.0044133056280746
S01309,0.005326966240556107,0.0014632279338161
S01312,0.002320210627513127,0.0
S01313,0.0016127765580730155,0.0029052095024317
S01314,0.0020349002054582226,0.0072722058341527
S01316,7.578221063524509e-05,0.0057552623884338
S01317,0.00414535765795941,0.0
S01318,0.0019459737089157437,0.0
S01320,0.0010325555707378223,0.0
S01322,9.891927092525783e-05,0.0
S01323,1.0382989987590549e-05,0.0
S01324,0.0014989274305719667,0.0
S01325,0.0008230375247708422,0.0
S01326,0.0008805542902276662,0.0
S01328,0.000302454373827409,0.0
S01330,0.00013642594352209877,0.0
S01331,5.055998755245707e-05,0.0
S01332,0.00031041129791792955,0.0
S01333,0.0005453898832603251,0.0029126668776445
S01335,0.00013916485043721463,0.0
S01336,0.0003394460876409891,0.0
S01337,0.000228033202004511,0.0
S01340,0.00044921317633827104,0.0
S01341,3.539279997827147e-05,0.0
S01342,0.00020729735441638814,0.0
S01343,1.0094652091354145e-05,0.0
S01344,0.0004275312113521696,0.0
S01345,0.00010601593298995512,0.0
S01346,4.69016250251663e-05,0.0057665309153352
S01347,0.00011264934891711863,0.0
S01348,0.0008622637508229027,0.0
S01349,5.452386859978958e-05,0.0
S01350,0.00018404198908472896,0.0
S01351,0.0006268973179490602,0.0
S01352,0.0010820132930505193,0.0
S01353,0.0002302706138109367,0.0
S01354,0.000384732506917445,0.002909648676022
S01355,0.001089953057303423,0.0
S01356,0.00026856353644474543,0.0
S01357,3.974263979595943e-05,0.0
S01358,5.534698623039896e-05,0.0
S01362,0.00017448625833673922,0.0
S01363,0.000456546621466512,0.0
S01364,0.001270008193366121,0.0
S01366,0.0027793684268925542,0.0
S01368,0.0019721176633862554,0.0
S01370,0.0009118963650172917,0.0
S01371,0.0007734111950038878,0.0
S01372,0.0011089334751624594,0.0
S01373,0.0004931756513125799,0.0
S01376,0.0017161594976473884,0.0
S01377,0.0005755472403986563,0.0
S01378,0.000449733762753651,0.0048896628395462
S01379,0.00016711150682403582,0.0
S01380,0.0001898970213153592,0.0
S01383,0.0017294702816913349,0.0
S01384,0.001052661533968628,0.0
S01386,0.0022730457679500256,0.0
S01387,0.002270180226078802,0.0088018347486518
S01388,0.0018431593004473968,0.0029544029223027
S01389,0.002926404187550579,0.0057933510514291
S01390,0.0017129917430304046,0.005763020425675
S01392,0.0019031133491463168,0.0042994567286065
S01397,0.000986052927694303,0.0
S01400,0.005197231822511968,0.007260095476829
S01402,0.004552834171437568,0.0087918697317329
S01403,0.0018348731390191255,0.0044551215970311
S01405,0.003077600870032375,0.0
S01407,0.005029352877485991,0.0014838168426646
S01408,7.507312095093542e-05,0.0129202772963604
S01409,0.002895257671636897,0.0073868635704263
S01410,0.004244653332233189,0.0
S01411,0.002993373179013308,0.0071353300772108
S01412,0.0018774213807391206,0.0029324388509795
S01415,0.0026426424147441667,0.0187076898131257
S01416,0.0031142888179795077,0.0
S01418,0.001020708647978605,0.0
S01419,0.0025854734488286227,0.0
S01423,0.0020961230723727177,0.0
S01424,0.0010239496031497295,0.0014620270107283
S01425,0.00202515068747941,0.0
S01426,0.0006268743815783296,0.0
S01428,0.0009141098035091913,0.001488509723233
S01429,0.0017021892548981425,0.0
S01437,0.003705040305452005,0.0
S01438,0.0029188594948367126,0.0014523373279915
S01439,0.0006685435402854101,0.0014258991484771
S01440,0.0016120747875199941,0.0289331132786689
S01443,0.0004410722205685189,0.0014474393138496
S01445,0.0023784611440511557,0.0264237547960621
S01448,0.0020291657243845496,0.0129361953183293
S01449,0.0012087638639718531,0.0130053643857124
S01450,0.002111509948626236,0.0104365407922051
S01451,0.001965867505417846,0.0043038128144511
S01452,0.0011471881672989708,0.0085994342022164
S01455,0.00035566464821054584,0.0
S01457,0.001741885415065254,0.0
S01458,0.0031243426866970465,0.0
S01459,0.004712943505502193,0.0
S01460,0.0029229760408696626,0.0
S01462,0.0012815891944575244,0.0
S01466,0.0032934884344544228,0.0
S01468,0.00030715035022039236,0.0
S01469,0.001494899547814967,0.0
S01470,0.0025936315532256466,0.0
S01476,0.0017111634836732758,0.0147618793030729
S01477,0.0004417900492687552,0.0073540074161539
S01478,0.003234931384362383,0.0014308746473196
S01479,0.0018756937106627668,0.0071507910472671
S01480,0.001920512501056551,0.0174992297874213
S01482,0.0018207291512016748,0.0057848041226913
S01484,0.0018759449575870175,0.0073990043351912
S01485,0.0026395951639825396,0.0029295608605953
S01486,0.0032943902977922643,0.0086723609935698
S01488,0.003572808169847669,0.0014427752376805
S01491,0.0001785089993062406,0.0014268570673924
S01493,0.002549664692497466,0.0101555886388183
S01495,0.0008445727564571663,0.0059190448543313
S01496,0.002084858262293886,0.0
S01497,0.0013939722691658587,0.0059359053599314
S01499,0.0023335340282309254,0.0014252735119943
S01500,0.0018773106222344758,0.0
S01501,0.0026155626530495234,0.0029028932558839
S01502,0.004260349451183627,0.0014387156351046
S01503,0.001981069242578749,0.0014523118642482
S01507,0.0017356052861496188,0.0028689352613501
S01508,0.0031687177832142553,0.008540766263114
S01509,0.0020877026790290703,0.0014735094429126
S01511,0.0016177697612287031,0.001461382167609
S01512,0.0006383586509461753,0.004305341395381
S01513,0.001965479381190023,0.0
S01517,0.0017348289168949377,0.0089309780948444
S01518,0.003180897320403768,0.0014647415777359
S01520,0.003061671334534016,0.0014525410700872
S01524,0.0037083540123855592,0.0029565646741086
S01525,0.0017288580292604077,0.0
S01527,0.0036705897176102916,0.0014726580440612
S01531,0.005214544898596655,0.0103766803570842
S01533,0.004012588153256288,0.0
S01535,0.0020141735076197316,0.0
S01536,0.001713454274769398,0.0014829136717479
S01537,0.0014748995076926113,0.0014751101138535
S01540,0.0022294279226247543,0.0044041152336307
S01542,0.0024284073314636365,0.004325425144906
S01543,0.002809664402810049,0.0073840978920406
S01544,0.0020588839899409123,0.0118101348541555
S01545,0.002926812004746638,0.0445553001055538
S01546,0.0035696319488767916,0.0059233833602984
S01547,0.002013383252440909,0.0044162468122162
S01548,0.004747048047897947,0.0086734204165685
S01549,0.0021471428504511343,0.0014315794324954
S01552,0.003390953164875071,0.007401384371612
S01553,0.005150158724591711,0.0058291256897896
S01555,0.003098846561141049,0.0100285087529654
S01556,0.003438616577430478,0.0043809003323137
S01557,0.0009043698060357887,0.020208885171244
S01558,0.0031019188269948927,0.0029649515287099
S01560,0.001595972411556757,0.0028750343471155
S01562,0.0030431438918796594,0.009969366906516
S01564,0.002917577406276182,0.0
S01565,0.0018155807739404896,0.0044748973564791
S01567,0.001956687152344339,0.0088408207554721
S01568,0.002175354754191179,0.0057707491523849
S01569,0.002812704744988368,0.0059352673706586
S01571,0.0037304378364203705,0.0204725336157942
S01572,0.0010574666147305108,0.0042882164643353
S01573,0.0017429200916139805,0.005697662754539
S01574,0.002825830515352365,0.0014493260779544
S01575,0.004241899793562353,0.0029614799057331
S01579,0.002272296366740574,0.0104024638201172
S01581,0.0037428579111636376,0.0028471422597258
S01582,0.003055141831698649,0.0028938419973914
S01583,0.0017824284065539723,0.007256724516048
S01584,0.0035586480380148033,0.0073197601121675
S01587,0.005797722048622759,0.0
S01588,0.004438978433459127,0.0071116834800028
S01590,0.0023920124405904983,0.0
S01591,0.004962540444659659,0.0
S01593,0.004769740768641522,0.0
S01594,0.0023294492064439517,0.0103059495455784
S01596,0.0037178974091862833,0.0014859996113079
S01597,0.004578637417639408,0.0101775141004938
S01600,0.0026505794953140026,0.0100295495495495
S01602,0.0021156072361001727,0.0
S01605,0.0040780378417310924,0.0059001777769863
S01606,0.001976298179683743,0.0
S01608,0.0038957730124832674,0.0
S01609,0.0023378796170274597,0.0029240798267909
S01610,0.0028417190546140008,0.0014602357531525
S01614,0.001582489194757105,0.0044673354186891
S01619,0.002901505569850007,0.0043099336599748
S01620,0.002680404787324264,0.0085591520067508
S01623,0.0035984116506839396,0.0028922253258845
S01624,0.003773986674255031,0.002882964406701
S01625,0.0025130578675969777,0.0159773914212484
S01626,0.0029074683480880296,0.0057063470193809
S01627,0.003569594438858351,0.0057280996712393
S01628,0.0020833081481782026,0.0058928846678286
S01630,0.0005688773082664867,0.0103005486322683
S01631,0.0012328173839278496,0.0071870869594139
S01632,0.0011135818876972696,0.0116017134120008
S01634,0.0009074578144841965,0.0
S01637,0.0025173850485080236,0.0058957682737676
S01638,0.0010659625722195208,0.0071619818370987
S01640,0.0019405392480572297,0.004374191390676
S01641,0.0035414618548100843,0.0028930586964936
S01643,0.0043576908038644455,0.0014691710564433
S01644,0.002839200076691681,0.0042911414263512
S01647,0.0034814096616755078,0.0101870803575873
S01649,0.0007064985443631643,0.0057217195091063
S01652,0.0007440534178294201,0.0042843719558976
S01656,0.0020474507984173276,0.0074005908560264
S01657,0.0003457361256166641,0.0028604645808872
S01660,0.0017017452271617572,0.0029597339217069
S01662,0.001716348859992017,0.0043318719439384
S01665,0.0013095397570219683,0.0072472010055673
S01666,0.0006759527074620477,0.0074403425252253
S01669,0.0026572828399252218,0.0043603758521157
S01670,0.0012112712639144832,0.0074376702283679
S01671,0.0037351007546178234,0.0
S01672,0.002466952919972299,0.0028917962010991
S01676,0.0026084065198923216,0.0028434771663634
S01682,0.004161314703711,0.0042664606403983
S01683,0.0052600793839742335,0.002950929661593
S01684,0.001636293861395369,0.0014609955347037
S01685,0.002748556458285457,0.0071348998529952
S01687,0.004458746614980167,0.0029245444007037
S01690,0.0032887646497553845,0.0071382815843825
S01691,0.004196732448473862,0.0029803131427611
S01692,0.0013565792583704783,0.0028670733641961
S01694,0.0037545635972736774,0.0014354868524423
S01695,0.001743446374959577,0.0014375421211411
S01697,0.0013189624208810972,0.0056914968235836
S01698,0.003261213999414286,0.0029432230364941
S01699,0.0030161735627269254,0.0132100045185126
S01705,0.0034115412769691717,0.0058060917233987
S01709,0.001984733095251513,0.002948277600802
S01710,0.002020057745228918,0.0176723678128222
S01715,0.002085056081029482,0.0
S01716,0.0022315801101858777,0.0
S01720,0.002112129740945664,0.0043880947545933
S01721,0.003939537584200849,0.004313449805157
S01722,0.0028925852289179007,0.0028505470239887
S01723,0.0024334121160797884,0.0028739370914253
S01725,0.0025439449636727373,0.0086310945165631
S01726,0.0018317475466531716,0.0029535075130218
S01733,0.003364590204528256,0.0
S01735,0.00014398713185665492,0.0085350460669236
S01736,0.0001554768236218358,0.0115354709930485
S01740,0.00019810703512912486,0.0148766762452107
S01742,0.0007344227285944778,0.0115236356258876
S01744,0.0016111450810136897,0.002976805474447
S01745,0.001055046043627204,0.0
S01746,0.0009271384976031531,0.0044648471890328
S01747,0.0026352488412700924,0.0116357336423709
S01751,0.0012509779851346194,0.0
S01752,0.0011179119964414134,0.0057995874941289
S01755,0.001346736468007654,0.019165339242226
S01758,0.002487791187202933,0.0072102341802819
S01760,0.000650646687788895,0.0044138151526185
S01761,0.0011597226345757188,0.008808776873859
S01765,0.0004106130536656429,0.0
S01766,0.0005563641341613874,0.0
S01768,5.587611435381935e-05,0.0
S01769,0.00030074092202526936,0.0014695229224878
S01773,0.00018087341997977488,0.0
S01774,0.00011512197409191471,0.0
S01775,0.00026886081044305663,0.0
S01782,0.0013262751428291895,0.0043739989087004
S01786,0.0015013568151534412,0.0147239627308951
S01787,0.002008673490932771,0.0073029167585041
S01788,0.0027768662386100868,0.0086467113790373
S01789,0.0019136365936199807,0.0160733606171794
S01790,0.0019346757162398487,0.0
S01792,0.0017973724326294524,0.002892477811727
S01793,0.0011577394957033135,0.0014684678296222
S01794,0.0018060828963284861,0.0
S01796,0.00012761261367268467,0.0
S01801,0.001630213971526225,0.0117237373245936
S01802,0.0035788497672063248,0.0248257583771141
S01803,0.000984938244894141,0.0142710289498015
S01807,0.001112967210938625,0.0074122461641253
S01808,0.003033694539203133,0.0101168718248463
S01810,0.0001718476874350141,0.0
S01812,0.0003928502866119224,0.0158425195024979
S01814,0.0028282184151024693,0.0
S01815,0.0021442352448294523,0.0086634418442497
S01816,0.001567355980074162,0.0
S01817,0.0034828480696060798,0.0058429000534913
S01818,0.0038283595082251876,0.0
S01819,0.00284108908609689,0.0
S01820,0.001562628579061982,0.0029311936209677
S01821,0.0013652579415160144,0.0088547605473204
S01824,0.0015239333203978336,0.0044745750504177
S01825,0.002150081641042533,0.0
S01826,0.003034561066513116,0.0056856369028722
S01829,0.001966269758060379,0.0
S01832,0.004473752383099975,0.0
S01834,0.00040220113500571324,0.0
S01835,0.0022094079476755895,0.0
S01839,0.003094008891570069,0.0
S01840,0.0028000504926831917,0.0043776589653927
S01845,0.0010864300622891053,0.0028505960728307
S01846,0.0017132601156651312,0.0087404593577433
S01848,0.0007927249174030932,0.011565670669273
S01850,0.0028776701808756635,0.0014571660612244
S01852,0.003095907946345803,0.0029812517058218
S01854,0.002560257994966256,0.0057478741828506
S01855,0.0023667611563059146,0.0074503137526495
S01856,0.0004990013165503638,0.0044068097180351
S01860,0.0008576978156726159,0.0
S01862,0.0015036186437497093,0.0029190306703785
S01863,0.0014818885601906799,0.0074317312494579
S01866,0.0016701506771408994,0.0058951913268332
S01867,0.0006155039446020997,0.0028537878722628
S01868,0.0013832339854207927,0.0043893736531599
S01869,0.0027527736527227812,0.0100082563080207
S01870,0.001178937232590604,0.0014377542105659
S01874,3.577615121100087e-05,0.0073207304822255
S01875,0.0005068026134138089,0.007245869708474
S01877,0.0009878175583017943,0.0029669427654652
S01878,0.0011849603981821434,0.0100184588448391
S01882,0.0011967395956831218,0.0
S01883,0.0006745546528023177,0.0
S01884,0.000981421106932636,0.0
S01887,0.001666568130673818,0.0
S01891,0.0012726787466011713,0.0
S01893,0.000860682224584929,0.0
S01895,0.003138711311079778,0.0
S01896,0.0007851017190293609,0.0
S01899,0.004260903143857457,0.0
S01900,0.001942496233394055,0.0
S01901,0.0029547747742110766,0.0
S01902,0.0019290242281424308,0.0
S01903,0.000750940654746685,0.0
S01904,0.0027668982938524123,0.0
S01905,0.001298607404104411,0.0
S01906,0.0018714077383955646,0.0
S01908,0.0006880403337405523,0.0
S01911,0.00017224719382368198,0.0
S01912,0.00118972383331575,0.0
S01913,0.00014868215868691728,0.0
S01915,0.0016682342293152202,0.0
S01918,0.00010662719559050333,0.0
S01919,0.0003453896204921735,0.0
S01920,0.0013550061523041864,0.0
S01921,1.0245231340315844e-05,0.0
S01924,1.6213055690182014e-05,0.0
S01926,0.00028065327242696994,0.0
S01927,0.002235906561080634,0.0
S01928,0.0015970114111123201,0.0
S01931,0.0034846387874967215,0.0
S01933,0.002807872926834695,0.0
S01934,0.00416692261574661,0.0
S01935,0.002059396190920713,0.0
S01936,0.0022083392885559735,0.0
S01937,0.0028680640378801825,0.0
S01939,0.0006896406299228687,0.0
S01941,0.0019304967231135563,0.0
S01942,0.000426731074666143,0.0
S01945,0.004063222639745614,0.0
S01947,0.0028478422983961443,0.0
S01948,0.0005439904286149019,0.0
S01949,0.003152985781228597,0.0
S01950,0.004254801760318448,0.0
S01952,0.001969842690770944,0.0
S01953,0.0006880896779922293,0.0
S01957,0.00038543859834907227,0.0
S01959,0.0009189838861519482,0.0
S01961,0.00030912998100721524,0.0
S01962,0.001282723537776958,0.0
S01969,0.002183305204951593,0.0
S01971,0.0015821849726025776,0.0
S01973,0.002174764486976139,0.0
S01974,0.001345912808776213,0.0
S01975,0.0030884133416874157,0.0
S01976,0.003322537149083304,0.0
S01979,0.0019914725136921272,0.0
S01980,0.000949564063786486,0.0
S01984,0.0005306236831852362,0.0
S01985,0.0011127178036383781,0.0
S01986,0.0024577529488276602,0.0
S01988,0.0020992984852715602,0.0
S01990,0.0016297676633452657,0.0
S01991,0.0004710024035236453,0.0196559224836859
S01992,0.00010198328053922868,0.0
S01993,0.001347209286695752,0.0
S01997,0.0016981980201177375,0.0
S01999,0.003020478355588201,0.0
S02000,0.0027100084987295445,0.0
S02002,0.004241780325749496,0.0
S02003,0.0027433123301379165,0.0
S02006,0.0024209087194819612,0.0
S02007,0.0011393679194462668,0.0
S02008,0.0018607275065615596,0.0
S02009,0.002935985586066779,0.0097859688502963
S02013,0.002953567289732721,0.0
S02014,0.0008983105811495285,0.0
S02016,0.0036527528580134897,0.0
S02017,0.0034777515422011376,0.0
S02018,0.0006063212145825074,0.0
S02019,0.0018214944276907267,0.0
S02020,0.00042222210659299976,0.0
S02025,0.002056370230497025,0.0
S02027,0.001203944548887178,0.0
S02028,0.002737022464425492,0.0
S02032,0.0020211764126197023,0.0
S02033,0.004698967283561793,0.0098931066743635
S02034,0.0020166982006860536,0.0
S02035,0.00315324009661173,0.0
S02038,0.0014710710925301335,0.0
S02039,0.0005613624282593853,0.0
S02041,0.0012642303265090963,0.0
S02042,0.003763711724512211,0.0
S02044,0.0029425282750294955,0.0
S02046,0.0010829965791418947,0.0
S02047,0.00013036703557869908,0.0
S02050,1.84210376245664e-05,0.0
S02051,0.0017424468189934223,0.0099261034551627
S02055,0.0013207096327737715,0.0
S02056,0.00223391231138526,0.0033087672345496
S02057,0.004562915428192024,0.0
S02063,0.003265837606647552,0.0
S02064,0.0032961927585905258,0.0
S02065,0.0020409465719725384,0.0
S02066,0.0036737770922773837,0.0
S02068,0.0022780948275591415,0.0
S02070,0.003173548302103796,0.0
S02071,0.0001357027422988854,0.0
S02072,0.0006831299970952333,0.0
S02074,0.0013190392394189085,0.0
S02076,0.0043367522357072325,0.0
S02077,0.00012502983831798732,0.0
S02078,3.396152366870071e-05,0.0
S02079,5.408537197178059e-05,0.0
S02080,8.37204126455376e-05,0.0
S02082,5.727330702064723e-05,0.0
S02084,3.599915648021561e-05,0.0
S02085,0.00026219610628605176,0.0
S02086,0.00020934115452913665,0.0
S02087,0.00014905085569835702,0.0
S02091,4.2247822860807396e-05,0.0
S02092,0.00011847040596397803,0.0
S02093,3.692045551335594e-05,0.0
S02094,1.7978280151263448e-05,0.0
S02095,0.0014265095110411485,0.0
S02097,0.0029256949072654762,0.0
S02099,0.0021193142597469416,0.0
S02101,0.0023034712905812206,0.0
S02102,0.0017717241295079295,0.0
S02103,0.0003975086955668491,0.0
S02104,0.0015914280375096072,0.003256539288148
S02106,0.0038686912470057393,0.0
S02108,0.0019684678585452156,0.0
S02110,0.0011937428739839764,0.0
S02113,0.001362274226003047,0.0
S02114,1.9501614275670103e-05,0.0
S02115,1.6372829818837927e-05,0.0
S02118,0.00015693368694844615,0.0
S02119,6.883147322613542e-05,0.0
S02120,1.177850573197271e-05,0.0
S02121,0.001425643603440376,0.0
S02122,0.0002479868313313126,0.0
S02127,0.0017574465896048606,0.0
S02128,0.0018456191756233743,0.0
S02130,0.0009868390404377744,0.0065224381057369
S02131,0.0014038384860493257,0.0
S02133,0.0007113117713440115,0.0
S02134,0.003729203397327307,0.0
S02139,0.003199624330279835,0.0
S02140,0.002604903847159658,0.0
S02144,0.0009731130168274983,0.0
S02145,0.0029079251639841965,0.0
S02146,0.004126235745208861,0.0
S02147,0.0011508915004403957,0.0
S02153,0.0016681807628806623,0.0
S02154,0.0038956037416311923,0.0
S02155,0.001788641099517772,0.0
S02156,0.001898958977669435,0.0
S02157,0.00016372553250198224,0.0
S02158,0.00026439543061914305,0.0
S02159,0.00040692929607064326,0.0
S02160,0.00025375380177955844,0.0
S02161,0.002423538287084945,0.0
S02165,0.0014719293133247375,0.0
S02167,0.0002740926062994888,0.0
S02168,0.00015422749398315313,0.0
S02169,0.00014278276019261772,0.0
S02170,3.741054864706834e-05,0.0
S02171,0.0002506697696111398,0.0
S02172,0.00036539098781748894,0.0
S02174,0.0011518893991627399,0.0
S02175,0.003583943477815785,0.0
S02177,0.000377237170040652,0.0
S02179,0.0005122951858075805,0.0
S02180,0.0009601006754332993,0.0
S02181,0.0021143805454089115,0.0
S02183,0.0008601796634234404,0.0
S02185,0.00048200960552942254,0.0
S02190,0.002359782881260497,0.0
S02191,0.002816702724644498,0.0
S02194,0.001462536003057536,0.0
S02196,0.0033858368557500643,0.0
S02199,0.000305106576907735,0.0
S02207,0.00023178980062129074,0.013480577351545
S02209,0.0001230054475302703,0.0
S02210,0.00010728687522359896,0.0
S02211,0.0020558359756519813,0.0059727680234584
S02213,3.1088555087645626e-05,0.0
S02214,0.000122498154708527,0.0
S02215,0.0007737266719277175,0.0
S02218,0.00020200927036657219,0.0
S02220,9.44362251747274e-05,0.0
S02223,6.239198036257197e-05,0.0
S02224,0.00019302911332120984,0.0
S02228,3.250112947923239e-05,0.0
S02231,5.0257552091841594e-05,0.0
S02232,0.002606391699921786,0.0
S02233,0.0018071895526538928,0.0
S02234,0.002310441224164904,0.0
S02235,0.001676143168246609,0.0
S02237,0.0029289370883895513,0.0
S02240,0.001194688621302606,0.0
S02243,0.0016869461188114157,0.0
S02252,0.0007417178775836223,0.0
S02253,0.004351584665254246,0.0
S02254,0.0013910068903720666,0.0
S02255,0.00328114670763358,0.0
S02258,0.003715854814547152,0.0
S02259,0.0015810163993231258,0.0
S02260,0.00014512306203235496,0.0
S02261,0.0002616553859931387,0.0
S02262,4.043491739355247e-05,0.0
S02265,0.00023014579209076463,0.0
S02267,0.00018411397773321282,0.0
S02269,0.0008666977541337682,0.0
S02271,0.0001009578207528432,0.0
S02274,0.0003205195037755701,0.0
S02275,0.001263649899417779,0.0
S02276,0.001093498043974512,0.0
S02277,0.003551622150297639,0.0
S02278,0.0016936780040448817,0.0
S02279,0.0022822620385594588,0.0
S02280,0.0023900580288067786,0.0
S02282,0.001857986728450904,0.0
S02283,0.0016787588682933546,0.0
S02284,0.00438129863255049,0.0
S02285,0.0037454156389456917,0.0
S02288,0.0010297665270900971,0.0142190942122278
S02289,0.0017232855759866889,0.0
S02290,0.0024315575291495037,0.022418604833601
S02291,0.0015335414213356968,0.0069640447908784
S02292,0.002040877182820686,0.0225207411618346
S02294,0.0008161434858299839,0.0
S02296,0.0005214144599755825,0.0
S02297,0.0023145153344547604,0.0009890960617259
S02299,7.424180183409891e-05,0.0
S02300,0.0026906463252387557,0.0
S02302,6.293109502464245e-05,0.0
S02304,0.000591227442535233,0.0
S02306,0.00017082551081792005,0.0
S02307,1.6218231718668612e-05,0.0
S02309,0.004021611758381411,0.0
S02311,0.0036210484905991585,0.0101634121253392
S02313,0.003126881647337168,0.0020233725997895
S02314,0.0022546086988560164,0.0101632874247211
S02315,0.0019026400543877729,0.0112773850988756
S02317,0.0019501612114516747,0.0056080566447572
S02318,0.0016195264280770597,0.0112554326454899
S02319,0.0039372768893889964,0.0085486746974136
S02320,0.0017847411780902377,0.0098120508568269
S02321,0.003235510620771603,0.0
S02324,0.0006032745226991678,0.0
S02325,0.0029470901975559827,0.0149303893129054
S02326,0.0009880195295619582,0.0
S02330,3.97446981141763e-05,0.0
S02331,5.323339446036182e-05,0.0
S02332,2.9758147115245362e-05,0.0
S02334,8.559456310093907e-05,0.0
S02336,2.5507954630124036e-05,0.0
S02337,0.0004958034083608807,0.0
S02338,4.6751358561755564e-05,0.0
S02339,0.0022518003682744326,0.0
S02340,0.0019136116730712701,0.0
S02341,0.0005338945624642092,0.0
S02343,0.001062710675765558,0.0
S02344,0.0011345126175627929,0.0
S02346,0.0007357477321497955,0.0
S02347,0.0008970990151814955,0.0
S02349,0.0015546164788455437,0.0
S02352,0.00038332068725736184,0.0
S02353,0.0011127397295622083,0.0
S02355,0.000705293784682991,0.0
S02356,0.0014014179993910945,0.0
S02358,0.000939804077238183,0.0
S02359,9.050910077420976e-05,0.0
S02360,8.809689031421887e-05,0.0
S02361,0.001915219279532808,0.0
S02363,0.0032396285322584075,0.0
S02368,0.001978549708153454,0.0
S02369,0.0032554584695044133,0.0
S02370,0.001744784803032335,0.0
S02372,0.0016367612946638242,0.0
S02373,0.001417824872265703,0.0
S02374,0.001484364980871441,0.0
S02376,7.389622519016496e-05,0.0
S02378,2.0625083513724222e-05,0.0
S02381,0.0010894444693956944,0.0
S02382,0.0015185784955767635,0.0
S02383,0.0008813137576032999,0.0
S02384,0.0012370900706927031,0.0
S02385,0.00395017422741121,0.0
S02386,0.0015576319950826056,0.0
S02387,0.002357134004790838,0.0
S02390,0.003915060075426663,0.0
S02394,0.0007315892273989164,0.0
S02397,0.00011453361468707275,0.0
S02398,0.0010399198930641257,0.0
S02399,0.0012770808936765038,0.0
S02405,0.0025478081177966704,0.0
S02408,0.0012113083257876528,0.0
S02411,0.003395560422159352,0.0
S02413,0.006772764952247094,0.0
S02415,0.001583195526402307,0.0
S02417,0.0006639886389999829,0.0
S02418,0.002232583043824523,0.0
S02420,0.0004935284611442603,0.0
S02421,0.000654351205079366,0.0
S02423,0.00025872426219855556,0.0
S02424,0.0027588544872194287,0.0
S02426,0.0024380494158448545,0.0
S02427,0.0019710859491734465,0.0
S02429,0.0005610780172534678,0.0
S02430,0.003212681458243293,0.0
S02431,0.002448918820872344,0.0
S02432,0.002741340788186643,0.0
S02433,0.0030077857411695682,0.0
S02437,0.0027152052233552835,0.0
S02442,0.0007772717373914645,0.0
S02447,0.0018212423598754103,0.0
S02448,7.580397254381033e-05,0.0
S02453,0.0015097315188649235,0.0
S02454,0.0012911901233396783,0.0
S02456,0.0030140054229084888,0.0
S02457,0.0015551420807885141,0.0
S02458,0.001963048174095929,0.0029008346465884
S02461,0.0019674905616884524,0.0
S02462,0.0014669080332105854,0.0
S02464,0.0027251088654868722,0.0
S02465,0.001979531925212807,0.0
S02466,0.0005479194645687173,0.0
S02467,0.003786700217028528,0.0
S02468,0.0034878764348838256,0.0
S02471,0.002663659241254364,0.0
S02475,0.0018343555224445735,0.0
S02476,0.0021132675443351623,0.0
S02479,0.003292980269141618,0.0
S02480,0.004391621812633536,0.0
S02481,0.0013032387508665221,0.0
S02482,0.002660716290608664,0.0
S02483,0.001406841778368812,0.0
S02485,0.0055414323452221146,0.0
S02487,0.003784530154923008,0.0
S02488,0.001942431600195309,0.0
S02489,0.0031407693076652607,0.0
S02491,0.005020176398548725,0.0
S02496,0.001538564869947281,0.0
S02498,0.004714470804763388,0.0
S02499,0.0014495475285535866,0.0028400162286641
S02500,0.0028624711162911548,0.0028456262095342
S02501,0.0038322306368512088,0.0
S02502,0.0028393697735188375,0.0
S02504,0.0011434818727108862,0.0
S02505,0.001990377488585424,0.0
S02506,0.0023651838312049285,0.0
S02507,0.0036578828360085977,0.0
S02508,0.002687258190982424,0.0
S02510,0.0022767269336429405,0.0
S02512,0.0029181737776336845,0.0
S02516,0.0023508970454023245,0.0
S02517,0.0013810039292922053,0.0
S02519,0.0022529838257605277,0.0
S02520,0.0020482501926831534,0.0
S02522,0.0021828739416624265,0.0
S02523,0.0006741745964603688,0.0
S02524,0.0007523060745071085,0.0
S02526,0.004718704957404912,0.0
S02527,0.0037310741912479116,0.0
S02528,0.004978443451483339,0.0
S02529,0.00251751437336164,0.0
S02530,0.00199610460248567,0.0
S02531,0.002803830511926153,0.0
S02532,0.0016631972232929015,0.0
S02533,0.005644265402583441,0.0
S02534,0.0023296682317695723,0.0
S02535,0.0015737450660419166,0.0
S02536,0.001278493362283284,0.0
S02537,0.0020002904903106003,0.0
S02539,0.002277238383134665,0.0
S02540,0.0034124736087348976,0.0
S02544,0.0034580973103449184,0.0
S02547,0.003452783717122765,0.0
S02548,0.0014176313610427596,0.0
S02549,0.0047367875563514746,0.0
S02550,0.0046380457406857275,0.0
S02551,0.00304815541264504,0.0
S02554,0.0044585753114396,0.0
S02556,0.0013886249525656136,0.0
S02557,0.0034511085821392305,0.0
S02559,5.418925955514019e-05,0.0
S02561,0.00018927184475560864,0.0
S02562,0.0002993601400011938,0.0
S02563,0.00022390070101907088,0.0
S02564,6.596135019831131e-05,0.0
S02565,0.00010300517457225115,0.0
S02567,4.712913505064857e-05,0.0
S02569,3.629372421942172e-05,0.0
S02571,2.1011052890432708e-05,0.0
S02572,1.0815068624144011e-05,0.0
S02573,0.000450823958345338,0.0
S02574,7.069892894207012e-05,0.0
S02575,5.623940161280983e-05,0.0
S02576,0.0003436516370055894,0.0
S02577,0.001318754730272157,0.0
S02580,0.0015369368351292269,0.0
S02581,0.003782889802910857,0.0
S02583,0.004383339204103472,0.0
S02584,0.005759519454277311,0.0
S02585,0.0028943369778718993,0.0
S02586,0.004069540490725067,0.0
S02587,0.0009970757973540077,0.0
S02588,0.00015469864487675816,0.0
S02590,0.00014557369338170673,0.0
S02591,0.0035565100016648424,0.0
S02592,0.0035223873267290996,0.0029152295816616
S02593,0.0018317935740005304,0.0
S02599,0.0004997870446079288,0.0
S02600,0.002779816039428582,0.0028503263250863
S02601,0.0019135207163030795,0.0
S02605,0.0021191345474644726,0.0
S02608,0.0026703336865433335,0.0
S02609,0.0021739930505565675,0.0
S02611,0.001051643211580859,0.0
S02612,0.00217693726750671,0.0
S02613,0.0005204022464314998,0.0029144090258719
S02614,0.002385488581220363,0.0
S02616,0.0026952897071077326,0.0
S02617,0.0006559973214078749,0.0
S02619,0.0013142236322182545,0.0
S02621,0.0026241394449402267,0.0
S02622,0.0027600011986003577,0.0
S02624,0.002140738804996327,0.0
S02628,0.002368612722323035,0.0
S02629,0.004617247026795175,0.0
S02633,0.0025904620474446367,0.002913742664345
S02634,0.003655262928285826,0.0
S02635,0.002127861794695353,0.0
S02637,0.0021186805386262018,0.0
S02639,0.0019786727724144734,0.0
S02642,0.0013840344165069272,0.0
S02643,0.0033913304346521954,0.0
S02648,0.002316678762558016,0.0
S02650,0.0028629921750146755,0.0
S02651,0.0025197605370107087,0.0
S02652,0.0005011692550431596,0.0
S02653,0.0015867555939767053,0.0
S02654,0.0010799553911631581,0.0
S02655,0.0005764536143957923,0.0
S02660,0.0007703031386222156,0.0
S02661,0.00013841151594635754,0.0
S02662,0.0011065626676516852,0.0
S02663,0.00461694770466595,0.0
S02664,0.0016704963883979807,0.0
S02665,0.0035069039433393385,0.0
S02667,0.002099630764273891,0.0
S02668,0.0026047875153201987,0.0
S02669,0.004197772546020554,0.0
S02671,0.003783928248060115,0.0
S02672,0.002773492408751901,0.0028782561358397
S02674,0.003362730957727016,0.0
S02675,0.001138912540589349,0.0
S02677,0.004525882766616341,0.0
S02680,0.001662555402095762,0.0
S02681,0.003582214728067793,0.0
S02682,0.005452160737426179,0.0
S02686,0.004684927233625286,0.0
S02691,0.0016191526935623694,0.0
S02693,0.0022015797172361766,0.0
S02694,0.0003026855406600172,0.0
S02696,0.0012534632992253396,0.0
S02697,0.0032313302577610674,0.0
S02698,0.0004983721331698422,0.0
S02700,0.0040625649752030835,0.0
S02701,0.0001355430092360558,0.0
S02705,0.001940806609275254,0.0
S02706,0.0010267520317407497,0.0
S02708,0.0003424493811845683,0.0
S02710,0.0013797654354833922,0.0
S02711,0.0008869194280382517,0.0
S02712,0.001865693814467901,0.0
S02714,0.002989190014119073,0.0
S02715,6.441309574634207e-05,0.0
S02716,0.0004021348957718577,0.0
S02717,0.00010739456384189339,0.0
S02718,0.00016035538749829974,0.0
S02721,0.00018719348882489557,0.0
S02723,0.00014605043741472537,0.0
S02725,0.0008646583663974076,0.0
S02726,0.00011213138400779498,0.0
S02728,0.0001160136010462916,0.0
S02729,0.00033690252951800814,0.0
S02731,0.0005237208958917659,0.0
S02733,0.00158152540695196,0.0
S02734,0.00020214491598753796,0.0
S02736,0.0002657482131511841,0.0
S02737,9.478317469533878e-05,0.0
S02739,0.0008228683311490876,0.0
S02742,0.0026885478588807837,0.0
S02743,0.0012835535652848554,0.0
S02744,0.0015105643758885226,0.0
S02745,0.00012213673962416076,0.0
S02747,0.00010914041513683921,0.0
S02748,0.00021666355973686915,0.0
S02752,0.001185687224828345,0.0
S02753,0.0001782857006250907,0.0
S02754,0.00031089043166867663,0.0
S02756,0.00017322370469877648,0.0
S02757,0.0006456651225399778,0.0
S02760,0.0003049154630294887,0.0
S02762,0.0016648080831003626,0.0
S02763,0.0007647719635554031,0.0
S02764,0.0007540797914383874,0.0
S02765,3.1683768744965886e-05,0.0
S02766,0.002951891231638836,0.0
S02768,0.00044839950015848596,0.0
S02769,0.00012828561319195078,0.0
S02770,0.0005961926871117235,0.0
S02772,0.0009457659064614787,0.0
S02773,0.000387462519392402,0.0
S02775,0.00021415783724788802,0.0
S02776,0.002614035963572041,0.0
S02780,0.0014888124202847859,0.0
S02783,0.0034746015638554787,0.0
S02784,0.0005037831189536848,0.0
S02786,0.003494420432913573,0.0
S02787,0.0014842280274438586,0.0
S02788,0.001274826845056512,0.0
S02789,0.0013484685308882399,0.0
S02792,0.0014033687694689906,0.0
S02793,0.002596526209445211,0.0
S02794,0.003059395514439096,0.0
S02795,0.0023688550902136725,0.0
S02797,0.0025412358000046504,0.0
S02800,0.002656091641255495,0.0
S02801,0.0015242218673649011,0.0
S02804,0.003286939401081824,0.0
S02805,0.0019717011503243577,0.0
S02807,0.003115305958062216,0.0
S02808,0.003246838615132564,0.0
S02809,0.002754225164192524,0.0
S02812,0.0021474775106994867,0.0
S02813,0.0010466330360927622,0.0
S02814,0.0016757780074668496,0.0
S02816,0.0006134642107408836,0.0
S02817,0.001034448047767794,0.0
S02818,0.003488740574954121,0.0
S02819,0.0024893080740274317,0.0
S02820,0.0030289459045097014,0.0
S02822,0.0035567754378137756,0.0
S02823,0.0027606294602064013,0.0
S02825,0.0018498995799594029,0.0
S02827,0.001947327037946223,0.0
S02828,0.000935610729380127,0.0
S02829,0.0033706319388461066,0.0
S02831,0.0034592139147014197,0.0
S02832,0.0030661526481709066,0.0
S02833,0.0038587718790759843,0.0
S02834,0.0004969755532121491,0.0
S02836,0.00019236165329227254,0.0
S02837,2.3377526357480622e-05,0.0
S02839,0.0009247665378240966,0.0
S02842,0.0011995025697901748,0.0
S02843,0.0025355272494740778,0.0
S02844,0.0006698787524339857,0.0
S02846,0.00019203053460184884,0.0
S02847,0.004174672897112825,0.0
S02848,7.957649197409125e-05,0.0
S02850,0.0027413956077719836,0.0
S02851,0.0008272633236080003,0.0
S02853,0.0013254845916894382,0.0
S02854,0.00018612179851177282,0.0
S02855,0.0009173524764087819,0.0
S02857,0.0002642441032831222,0.0
S02858,0.0015595796950894111,0.0
S02861,0.00020044753417624837,0.0
S02866,0.0005404723369817663,0.0
S02868,0.0013148291738693152,0.0
S02869,0.0008557765581526134,0.0
S02870,0.0013287333045660414,0.0
S02874,0.0011571380637799508,0.0
S02878,0.0022042593064278675,0.0
S02879,0.00124545228413418,0.0
S02880,5.013080765458425e-05,0.0
S02882,0.00030409670859925426,0.0
S02883,0.0001635557100598516,0.0
S02884,0.00017798441589607258,0.0
S02885,2.1339063704868895e-05,0.0
S02887,8.393859479525242e-05,0.0
S02888,0.00010942300747805045,0.0
S02889,0.0006458090255223169,0.0
S02890,7.707441415240742e-05,0.0
S02891,0.0022105261905027798,0.0
S02893,0.0005742649650399241,0.0
S02894,0.0011689688997846815,0.0
S02895,0.001685354408943744,0.0
S02896,0.0008444690976847709,0.0
S02898,0.0023147900662947233,0.0
S02901,0.001087837069472962,0.0
S02904,0.0007978826689558514,0.0
S02907,0.00028012061392092784,0.0
S02908,0.0002931107717937465,0.0
S02909,0.0012211277586864967,0.0
S02911,4.4425374848547685e-05,0.0
S02914,0.00085440152155929,0.0
S02915,0.0006747917395935849,0.0
S02917,0.00018088857776255032,0.0
S02918,0.00039172488606415584,0.0
S02919,0.0006470751021234298,0.0
S02920,0.00024326944141950753,0.0
S02923,3.735774829355554e-05,0.0
S02925,0.0006178036223351769,0.0
S02927,1.6409353347429883e-05,0.0
S02930,7.5258742870108656e-06,0.0
S02932,0.0004269402976001523,0.0
S02934,0.00016831207429282918,0.0
S02935,0.00029527762561659584,0.0
S02937,0.00025925849562866946,0.0
S02938,0.0010890543011185055,0.0
S02939,1.9533742938924517e-05,0.0
S02940,0.0002559578054034346,0.0
S02942,0.0005841488015277295,0.0
S02943,6.859766923858766e-05,0.0
S02944,0.001799339033706539,0.0
S02945,0.0014477318120266012,0.0
S02946,1.641489168645827e-05,0.0
S02948,0.0010405724877469893,0.0
S02951,1.8160342399988237e-05,0.0
S02952,1.4219925011492147e-06,0.0
S02953,0.000198938450517437,0.0
S02954,2.9691412381330934e-05,0.0
S02955,3.4033978534455796e-06,0.0
S02957,1.6736083608822936e-05,0.0
S02959,0.0005911019961401253,0.0
S02961,7.10024121310978e-05,0.0
S02963,0.0011753035442398506,0.0
S02964,0.002533425820038687,0.0
S02965,0.0033904903488845253,0.0
S02966,0.0019510580862282469,0.0
S02969,0.0017122224639954256,0.0
S02972,0.0024324834061926863,0.0
S02973,0.004255502765558278,0.0
S02974,0.001217173732477669,0.0
S02975,0.000987602493804678,0.0
S02976,0.0033960421701923287,0.0
S02982,0.0019966353331939777,0.0
S02984,0.0019803006138735826,0.0
S02986,0.005020565689988074,0.0
S02987,0.0025127068808306324,0.0028635300353764
S02988,0.0022225024074493177,0.0
S02989,0.002847296434929468,0.0
S02990,0.0026960275348557293,0.0
S02991,0.0028049166924992474,0.0
S02992,0.0019469090859513785,0.0
S02995,0.0017310441142146193,0.0
S02996,0.001723549699506454,0.0
S02998,0.0008779679784151373,0.0
S03000,0.003160356376353224,0.0
S03001,0.0015684061003006517,0.0
S03002,0.002916215687941432,0.0
S03003,0.0036465127030960963,0.0
S03004,0.0038541150871326743,0.0
S03006,0.002200033651745265,0.0
S03007,0.0028954694096913203,0.0029118477636774
S03008,0.004907472157945767,0.0
S03010,0.0024518470599491273,0.0
S03011,0.0024208216376093144,0.0
S03013,0.005107139888226253,0.0
S03015,0.002461891832155494,0.0
S03016,0.003657081083313015,0.0
S03018,0.00314769531687734,0.0045907151170309
S03019,0.001969436248624172,0.0077300186018153
S03021,0.0018702382420741788,0.0
S03023,0.0001702475848509678,0.0
S03024,0.0012390463538096827,0.0
S03027,0.005126860060159491,0.0030645245824816
S03029,0.001964821331789017,0.0
S03035,0.0014680287040156064,0.0
S03036,0.002797313488168572,0.0
S03037,0.002271161995128781,0.0
S03038,0.003014328026224862,0.0
S03039,0.0028762991047400657,0.0057347918397489
S03041,0.0033459954732625403,0.0061208404147885
S03044,0.0017563118853921934,0.0104508369080662
S03045,0.0024147284919304023,0.0090586809321145
S03046,0.0017524663071106534,0.0045085499160883
S03048,0.0016017094977250949,0.0046724578820697
S03049,0.0023055818206981957,0.0076942607317133
S03051,0.001442834816230702,0.0077735442982538
S03052,0.0035358905696395966,0.0061811884174229
S03054,0.0016339789021689232,0.0015078563258668
S03057,0.0021254027932528403,0.0015234416908057
S03058,0.004647112659817416,0.0030899313003201
S03059,0.0029002545056926324,0.0
S03060,0.0008269576916483339,0.0075686969658205
S03062,0.002735583950087745,0.0029935340868365
S03063,0.0021951385863374128,0.0046762826845814
S03065,0.003562411281068734,0.004496638830331
S03066,0.0037306744670427827,0.0
S03067,0.0007817550680869569,0.0060078028908773
S03068,0.0012892273435758561,0.00748390283274
S03069,0.0005384614296595447,0.0091540345900944
S03070,0.0020603773728547405,0.0015043237958599
S03073,0.003858145007064449,0.0
S03074,0.0035099524641887155,0.0045328517748349
S03077,0.0030212860004205882,0.0045084681186897
S03078,0.0038814529536713833,0.0090330788804071
S03079,0.002475862658146119,0.0030916900720668
S03080,0.0028347912254459233,0.0045293404660572
S03081,0.003528076873866584,0.0015538193630278
S03086,0.003541515574616345,0.0077464283821654
S03094,0.005528398440946878,0.0062449738640932
S03096,0.0025727693913724123,0.0060480497473387
S03097,0.0022563416006233738,0.01242729128183
S03099,0.0024663673670281445,0.0061125408553252
S03101,0.00197588629601719,0.0030178001633376
S03103,0.0015740593123680373,0.0138678323954797
S03104,0.001984264633295314,0.0
S03106,0.0011400303261382128,0.0030980788171198
S03107,0.0016392989899674797,0.0076195907804484
S03112,0.0041745807128581655,0.0031048431179621
S03114,0.004326276060699856,0.0
S03115,0.00026817694678133407,0.0
S03116,0.00016252656133890778,0.0
S03117,0.00021577532251046695,0.0
S03119,0.0027588074605984373,0.0085736958321832
S03120,0.00018610294154345074,0.0
S03121,5.4385780794475226e-05,0.0
S03122,0.0013771469101914173,0.0
S03123,0.0009674599553230745,0.0
S03124,0.002278823323413654,0.0
S03126,0.00046853398932537914,0.0
S03127,0.00044265004812896,0.0
S03129,0.001719254367785951,0.0
S03131,0.0011967810770718544,0.0
S03133,0.0029297162691337515,0.0
S03135,0.0002592773761859564,0.0
S03136,0.00034039407815304273,0.0
S03138,0.0011623598056074995,0.0
S03139,0.002449250951287677,0.0
S03140,0.0007597587120661749,0.0
S03141,0.0022244383923370097,0.0
S03142,0.0008540188198673589,0.0
S03144,0.0022301683475940957,0.0
S03145,0.0015211697496139828,0.0028569621926753
S03146,0.002125385274254693,0.0
S03147,7.603036255498918e-05,0.0138257821627937
S03152,0.0008498021741354237,0.0122039183908998
S03154,0.002192057673203656,0.0030886351277868
S03155,0.0020733313525129076,0.0060017630933835
S03156,0.002521039374133368,0.007771137650771
S03157,0.002337741155273146,0.0109057851757809
S03159,0.0031379119990509992,0.0045793789735556
S03160,0.0021302763766108965,0.0015536444998796
S03166,0.0031691987476878355,0.0030339379843541
S03168,0.0006295609663512951,0.001518832607533
S03171,0.003051828761054959,0.0076579824837133
S03174,0.0015380368438519824,0.0030029485692188
S03175,0.0029430412769404436,0.0028378270352986
S03179,0.0014905123959640886,0.0
S03181,0.0013994559090447795,0.0
S03184,0.0003821791792922959,0.0
S03186,0.0028036079335088415,0.0
S03190,0.001835020540509546,0.0
S03191,0.0015548592985898013,0.0028711229730276
S03192,0.0015478320424386711,0.0
S03194,0.0003339062311548375,0.0
S03196,0.0041337385522564815,0.0
S03198,0.0007498444384125545,0.0
S03200,0.0011751954316981525,0.0
S03202,0.0024158074271938505,0.0
S03203,0.0018120045920149873,0.0142251989238078
S03206,0.0016727878467168527,0.0
S03207,0.0014505695147799375,0.0
S03209,0.0016771113119883995,0.0
S03212,0.0019658716740146172,0.0
S03213,0.005996135061560447,0.0057705481440198
S03214,0.002320079163787435,0.0
S03216,0.001910139775517401,0.0
S03217,0.003288301991036686,0.0077146839773619
S03218,0.0002889577680484981,0.0077102318033875
S03219,0.0035016825736913647,0.0107900058307591
S03220,0.002748349849113022,0.00464017627068
S03221,0.002060289767253748,0.0075030872864186
S03223,0.0035616612158430793,0.00306832739115
S03226,0.0029763364676034703,0.0
S03229,0.002962254458834083,0.0075538573308893
S03230,0.0018009266254326137,0.0030209919430084
S03231,0.0021062986040373314,0.0092295978532363
S03234,0.0005106077396177268,0.011534266286059
S03235,9.233551322413714e-05,0.0028919728841174
S03236,9.076162633873562e-05,0.005709788783769
S03237,0.00032947744748807064,0.0
S03238,0.0031601625199771397,0.0
S03240,0.002081428399474976,0.0028727161328732
S03241,0.001494827979118939,0.0
S03243,0.004284110086119007,0.0
S03244,0.0029833480056255376,0.0
S03245,0.002238549505481743,0.0
S03246,0.0043546294008541975,0.0
S03248,0.0019152654275162873,0.0
S03249,0.0026334048978661857,0.0
S03251,0.0005571903460632467,0.0
S03252,0.003439486825294389,0.0
S03253,0.0034722903181260457,0.0
S03254,0.002485133617213859,0.0
S03257,0.001402353059549698,0.0
S03258,0.0030863625419229523,0.0
S03261,0.0027108482020964933,0.0
S03262,0.0035173622580356627,0.0
S03263,0.0035315897068374387,0.0
S03264,0.002719567373741281,0.0
S03265,0.002002861947486277,0.0
S03267,0.0035976750900289824,0.0056935995692568
S03268,0.005262328540326538,0.0
S03270,0.005315117876754545,0.0
S03271,0.0008291896381017233,0.0
S03272,0.0003340695427618576,0.0
S03274,2.9426065801815005e-05,0.0
S03278,0.0026097778015671184,0.0
S03279,0.0010864593661752445,0.0
S03280,0.0015062228338327225,0.0
S03281,0.0010320269051199617,0.0
S03285,0.002009332688267601,0.0
S03289,0.0013125308837083308,0.0056852954466159
S03291,0.0013898360270500022,0.002866106132429
S03293,0.0007947081426045936,0.0028940947655899
S03295,0.002459473747062065,0.0
S03296,0.002872314378789844,0.0
S03297,0.0020328240073770273,0.0
S03299,0.0014775103901536614,0.0028695315792816
S03302,2.1850901002650834e-05,0.0
S03303,0.00015328351984837576,0.0
S03306,0.001119831682858407,0.0
S03310,0.0002590699866249936,0.0
S03311,0.0020836637077620832,0.0
S03315,0.0020519454474136325,0.0
S03317,0.0023360375925670783,0.0
S03318,0.00251433539410511,0.0028393347844219
S03319,0.0010927324528128817,0.0
S03320,0.0009143361393387189,0.0028878894583318
S03323,0.0005539846898440117,0.0
S03324,0.0006104965228953155,0.0
S03325,0.00026166399414026396,0.0
S03327,0.0005393298089124822,0.0
S03328,0.0005511487782183795,0.0
S03329,7.466191863006238e-05,0.0
S03330,0.003512748280058901,0.0
S03333,0.0029892433385708727,0.0
S03334,0.0032392030845429893,0.0
S03337,0.0008738673374520455,0.0
S03339,0.0021040810090703415,0.0
S03340,0.0034875002386093585,0.0
S03341,0.0028257285145059726,0.0028432331622816
S03343,0.003186207269009946,0.0
S03345,0.00020337109022415927,0.0
S03347,0.00025930677837065856,0.0
S03348,0.00013012407652860503,0.0
S03350,0.0016149015679295337,0.0029072488183817
S03351,0.0015783253186058138,0.0
S03352,0.0023265949848318692,0.0
S03353,0.0006333698055408162,0.0
S03354,0.0025391841138121597,0.0
S03355,0.0007272343876619276,0.0028475827059484
S03358,0.0015010244871403703,0.0
S03360,0.0016808474005442578,0.0401748338558717
S03361,0.0005473894401372166,0.0
S03362,0.0010210385932277505,0.0028811594202898
S03364,0.002180015522537139,0.0028502282476544
S03365,0.0015138655017898795,0.0
S03366,0.002644791329542558,0.0
S03367,0.0018481479457282148,0.0
S03368,0.004202359256514862,0.0028596251992243
S03369,0.000855663748269589,0.0
S03370,0.000776770543644866,0.0028922758195266
S03371,0.002168206897534538,0.0
S03375,0.0034732264220128763,0.0
S03377,0.001752043647379961,0.0
S03378,0.002975726064261032,0.0
S03381,0.003156965479514931,0.0
S03382,0.00358585158275061,0.0
S03383,0.0009890444739366418,0.0
S03385,3.158044416515768e-06,0.0
S03386,5.535176979288813e-05,0.0
S03387,0.00034097956453278173,0.0015341779028991
S03388,0.0002560428032153101,0.0
S03389,0.0001848631425907896,0.0
S03390,1.1451684735994506e-05,0.0060736042625214
S03392,0.00016270419869955394,0.002867743368704
S03394,2.4780185616731315e-05,0.0
S03396,0.00013658983605099715,0.0
S03397,9.815078047886422e-05,0.0
S03398,2.608387111325768e-06,0.0
S03400,3.6222738618071646e-05,0.0077313172795719
S03401,0.0014971482603801098,0.0057922370038867
S03402,0.001786281213851162,0.0
S03404,0.0008560922453131197,0.0
S03405,0.0007981809860892524,0.0
S03406,0.0006886719687699513,0.0
S03408,0.0009849869424395983,0.0
S03409,0.0003741997694892182,0.0
S03410,0.0009084210032184958,0.0
S03413,0.0029421965582727963,0.0077759524368301
S03418,0.00364935124493089,0.0030611836371419
S03420,0.0015413429502683196,0.0028659573854626
S03423,0.0033460533938444743,0.0061842457273332
S03424,0.0017910124839521815,0.0077184939463401
S03425,0.0012258755052126542,0.0
S03426,0.002876762398529024,0.0028868829795885
S03429,0.0013963928395117635,0.0
S03433,0.0018101217798728783,0.0029870301587873
S03434,0.002353589643600124,0.0
S03435,0.002230416515496283,0.006154150956246
S03439,0.001003701595919447,0.0061485550277117
S03441,0.0015552919088660032,0.0090623974326246
S03443,0.0022408934536834236,0.0
S03445,0.00038129086424276384,0.0
S03446,0.000702470338554628,0.0
S03447,0.00010864354052860551,0.0
S03448,0.00017752716902011919,0.0
S03449,4.835450475535346e-06,0.0
S03451,0.000271583439590422,0.0
S03452,7.840732645101326e-05,0.0
S03453,0.0003984392722699224,0.0
S03455,9.27085489888354e-05,0.0
S03457,0.00021400196079836517,0.0
S03458,3.965658620454721e-05,0.0
S03459,0.00013997024015728688,0.0
S03460,4.2401163594280906e-05,0.0
S03462,4.229538637735978e-05,0.0
S03465,0.0017509495298948412,0.0
S03466,0.003123239790306079,0.0
S03468,0.002814172780927454,0.0
S03470,0.0018542387139215807,0.0058279978423509
S03473,0.003908695081541209,0.0
S03474,0.002801528055678712,0.0
S03478,0.0007508164453746259,0.0
S03479,0.0007568857562693124,0.0
S03482,0.0018319594397479843,0.0
S03484,0.0022145596583837495,0.0
S03485,0.002748082689312387,0.0
S03486,0.0010665688293818349,0.0
S03490,0.0010287474916096289,0.0
S03491,0.0005133572279476513,0.0
S03492,8.429362768442328e-05,0.0
S03493,0.00038014792643383194,0.0
S03494,1.8130312831363367e-05,0.0
S03495,0.0005537790189633014,0.0
S03496,0.0006759381001495888,0.0
S03497,0.0002582209396556576,0.0
S03502,0.00011997167324712813,0.0
S03503,0.0004746767533087207,0.0
S03505,0.0037403506830394097,0.0
S03508,0.0028745288733933146,0.0
S03510,0.00279177205347549,0.0
S03511,0.003962447892786884,0.0
S03512,0.0010694737693717684,0.0
S03513,0.0012110491067653972,0.0
S03514,0.0016531745675333965,0.0
S03515,0.0010469873436594825,0.0
S03516,0.0030519984083581158,0.0
S03517,0.0024323482827892325,0.0
S03519,0.0029112633316136565,0.0
S03522,0.000353124905351417,0.0
S03523,0.0014767905194004948,0.0070236429671711
S03525,0.0007297044983714807,0.0
S03530,0.001710639815963307,0.0
S03531,0.0001973536238495432,0.0
S03534,0.00025346376409974414,0.0
S03536,9.467424607413607e-05,0.0
S03538,0.0006585334465672973,0.0
S03539,3.528382830893979e-05,0.0
S03541,4.843746540683518e-05,0.0
S03544,0.00013654055641059283,0.0
S03545,0.00017270763553561567,0.0
S03546,0.0002722620228715114,0.0
S03548,2.474958245132248e-05,0.0
S03551,0.0001881657265138362,0.0
S03552,0.00011601809483080484,0.0
S03554,0.0016560598232299249,0.0
S03555,0.00035600839436362606,0.0
S03556,2.788891916696808e-05,0.0
S03557,1.137878030202468e-05,0.0
S03558,0.0006237007810319059,0.0
S03560,0.00015992483242780419,0.0
S03561,1.1225137306492814e-05,0.0
S03562,0.00010712795888533116,0.0
S03563,0.0005001549977397206,0.0
S03565,6.0349361451595035e-05,0.0
S03567,0.000491240877188023,0.0
S03569,0.0006630667478319905,0.0
S03570,7.210020276460277e-05,0.0
S03571,4.690810788438396e-06,0.0
S03572,0.0001551011695698415,0.0
S03573,0.0004933489895936133,0.0
S03574,0.00021784650292765964,0.0
S03575,3.569301604292992e-05,0.0
S03576,0.00024191570133299352,0.0
S03577,1.8351284218955253e-05,0.0
S03579,2.2105243676305922e-05,0.0
S03580,7.02535615451826e-06,0.0
S03586,6.80851091766138e-05,0.0
S03590,4.530123466700199e-05,0.0
S03591,9.626310986121547e-05,0.0
S03592,0.0001104230442079509,0.0
S03594,0.0005747834076021092,0.0
S03595,1.8459644088194106e-05,0.0
S03596,3.8136969713162e-05,0.0
S03600,0.00010559305282105527,0.0
S03601,0.0005954541727464992,0.0
S03602,0.00023807389531006257,0.0
S03604,0.00026144073301866605,0.0
S03606,0.0005249897418208081,0.0
S03607,0.0002234265940746714,0.0
S03608,0.0021174015511043155,0.0
S03613,0.00199402667924,0.0
S03614,0.0035046918428094623,0.0
S03618,0.004032246269721403,0.0
S03619,0.0038315085973311715,0.0
S03620,0.002729668747779682,0.0
S03623,0.0008003117215041678,0.0
S03624,0.0040341909447381506,0.0
S03625,0.0031998049091369715,0.0
S03626,0.003837955994305051,0.0
S03627,0.0019431683037121933,0.0
S03628,0.0029953270736805745,0.0
S03630,0.00255073437466684,0.0
S03637,0.0010170201913143832,0.0
S03639,0.0019847414628520253,0.0
S03641,0.002233515139520684,0.0
S03642,0.004888656181077448,0.0
S03643,0.0018582832810452904,0.0
S03644,0.0034366081000990183,0.0
S03646,0.0014689453132150502,0.0
S03647,0.00211981665845067,0.0
S03648,0.0025247588706579223,0.0
S03650,0.001754502793681991,0.0
S03651,0.004504912353679114,0.0
S03652,0.004801516756537021,0.0
S03655,0.001680280778664694,0.0
S03657,0.0026888403774331725,0.0
S03658,0.0008778729224550028,0.0
S03660,0.0008471655156438433,0.0
S03661,0.002370209541742836,0.0
S03662,0.002455224875794678,0.0
S03664,0.002161674030008603,0.0
S03666,0.0015631578991164195,0.0
S03667,0.0025305725717714644,0.0
S03669,0.00254329324825081,0.0
S03670,0.001651075948886247,0.0
S03678,0.0006007676258629683,0.0
S03679,0.001164747819853275,0.0
S03680,0.0011873143077810481,0.0
S03682,0.0016315547808011068,0.0
S03683,0.001432513821986831,0.0
S03684,0.0003684099474875582,0.0
S03685,0.00036529618875127945,0.0
S03686,0.00013126285506035468,0.0
S03687,0.00011912972779642093,0.0
S03688,0.0016423070056731932,0.0
S03689,0.0005678217843025821,0.0
S03690,0.0022268127582269364,0.0
S03691,0.0004059752843963796,0.0
S03692,0.0006760223310866815,0.0
S03696,7.742026500904913e-05,0.0
S03697,0.0009232850839796005,0.0
S03698,2.623218051799688e-05,0.0
S03700,0.0001222414801051556,0.0
S03701,8.189597900533097e-05,0.0
S03703,3.0145887868412885e-05,0.0
S03704,0.00019688150246026823,0.0
S03705,0.00016123057381925632,0.0
S03706,0.00028932678338839334,0.0
S03707,0.0008213719845790981,0.0
S03709,0.00034026697306688584,0.0
S03713,4.304472493354947e-06,0.0
S03715,0.00011439403595056506,0.0
S03716,7.373678134331118e-05,0.0
S03717,0.0001867144216300448,0.0
S03719,0.0001811295763836907,0.0
S03721,0.0016166867928710047,0.0
S03723,0.001920762649512873,0.0
S03726,0.003468607315780296,0.0
S03727,0.0014664978994353146,0.0
S03729,0.00241513148317815,0.0
S03730,0.0033460196110870087,0.0
S03731,0.0019827791350056872,0.0
S03732,0.0027473150729881504,0.0
S03733,0.0035365020375896445,0.0
S03734,0.0020955317177964077,0.0
S03736,0.002510235293073092,0.0
S03737,0.0013137788219341128,0.0
S03738,2.4670874570599703e-05,0.0
S03745,0.0010675797918016248,0.0
S03746,2.59616926647161e-05,0.0
S03748,0.00014117615227208163,0.0
S03750,0.00020803495348136253,0.0
S03751,7.26071788101503e-05,0.0
S03752,0.0004243321256395918,0.0
S03753,0.0011349540793808512,0.0
S03755,0.00046243131458312107,0.0
S03757,0.0018791974171081449,0.0
S03758,0.0007080453829401525,0.0
S03759,0.0017566449738518073,0.0
S03760,0.0020275249669099663,0.0
S03761,0.0006943413079376654,0.0
S03762,0.0007557932547655218,0.0
S03771,6.21672189171797e-05,0.0
S03772,0.0004660369422790938,0.0
S03774,1.8667472431156254e-05,0.0
S03776,3.630365729446553e-05,0.0
S03777,0.0012402555231827523,0.0
S03778,0.0009994366817026124,0.0
S03780,0.0019466629381145102,0.0
S03781,0.001632036731395702,0.0
S03785,0.0008518462952726873,0.0
S03786,0.001146859536517451,0.0
S03789,0.0010885300209581695,0.0
S03790,8.883163877295333e-05,0.0
S03791,0.0006748985592360216,0.0
S03794,0.001070142632093093,0.0
S03795,0.0005962653319655161,0.0
S03797,0.00020827406061048667,0.0
S03798,0.0001812675048819474,0.0
S03802,0.0003049099118778489,0.0
S03806,0.00210793196183227,0.0
S03808,0.0005229377887973874,0.0
S03810,0.002522296071012297,0.0
S03812,0.0012893062179119377,0.0
S03815,0.002855182657764275,0.0
S03817,0.0006179244782827151,0.0
S03819,0.004344216849501081,0.0
S03823,0.0016146965521503939,0.0
S03824,0.0028637297656472858,0.0
S03825,0.0012446158189872048,0.0
S03826,0.0020083498560662717,0.0
S03827,0.000520611190160287,0.0
S03828,0.0013260535719099528,0.0069426982929623
S03831,0.0019689399416050104,0.0
S03832,0.003323980862606479,0.0
S03833,0.0016491430093589006,0.0
S03837,0.0026255322065309662,0.0
S03838,0.002868486161366915,0.0
S03839,0.0009041049549823358,0.0
S03841,0.0013866273145521873,0.0
S03843,0.0003012511576706605,0.0
S03845,0.0024110913058508713,0.0
S03852,0.0001775830179380408,0.0
S03856,0.00037679154807457717,0.0
S03857,7.572613339259667e-06,0.0
S03858,2.587608518499516e-05,0.0
S03859,7.914799649765373e-05,0.0
S03863,0.0018047718298246592,0.0
S03866,8.331035115475648e-05,0.0
S03869,0.00026904102734599464,0.0
S03870,0.00017045174987949838,0.0
S03871,0.00010916476565698444,0.0
S03876,2.3636846000467182e-05,0.0
S03877,2.0580867624016068e-05,0.0
S03880,0.0004419411069814663,0.0
S03884,0.0003965332829461418,0.0
S03886,0.002419992174608571,0.0
S03887,0.004075642031206478,0.0
S03888,0.0005616304381457148,0.0054295577696206
S03889,0.0007877106684873343,0.0
S03892,0.0022826598340046386,0.0
S03893,0.003420575977981114,0.0
S03895,0.0009159366026859794,0.0
S03897,0.0029964896487179975,0.0
S03898,0.0011582563831869673,0.0
S03899,0.002046123585067812,0.0
S03900,0.002392668067974881,0.0
S03901,0.0025893262993041677,0.0
S03902,0.002361243151819674,0.0
S03904,0.0030819075162799386,0.0
S03906,3.216905190180436e-05,0.0
S03907,3.992010294375604e-05,0.0
S03910,0.0006297309651875178,0.0
S03912,0.00027801634551705883,0.0
S03913,0.00028360140235324596,0.0
S03914,0.00025665311628644415,0.0
S03915,0.00045647720824568925,0.0
S03916,0.0001005579361968227,0.0
S03917,0.00019016348840908192,0.0
S03921,0.0010454591210090718,0.0
S03922,5.195342552753709e-05,0.0
S03925,0.0014793230658968314,0.0
S03926,0.0022525516107312293,0.0
S03927,0.004270365980470734,0.0
S03928,0.0017275839441097398,0.0
S03930,0.0011115390757588145,0.0
S03932,0.0012081749147622315,0.0
S03933,6.360482089566904e-05,0.0
S03937,0.0010664392412041538,0.0
S03938,0.002343729712627372,0.0
S03939,0.0028747472958336813,0.0
S03940,0.0019885849998124193,0.0
S03941,0.000698072002802743,0.0
S03942,0.0015156396384032299,0.0
S03944,1.6624984437117682e-05,0.0
S03945,0.0004392022256926759,0.0
S03949,0.0006756811329877543,0.0
S03950,6.419240875539764e-05,0.0
S03951,0.00031262032124386874,0.0
S03955,4.6648915652084365e-05,0.0
S03956,0.0007695815244078961,0.0
S03957,0.0002765472947848956,0.0
S03959,0.0013317332190460635,0.0
S03961,0.0002900762531972536,0.0
S03962,0.00010890864021167464,0.0
S03964,1.130493466656174e-05,0.0
S03967,0.00024214801463992659,0.0
S03973,8.164473870517528e-06,0.0
S03974,3.071149948449662e-05,0.0162822696894247
S03976,0.00013352199038760862,0.0
S03978,9.824209637881236e-05,0.0
S03979,0.0009197982705515613,0.0
S03982,0.0005175630307794193,0.0
S03985,0.0009328425426706809,0.0
S03986,0.002386352705213885,0.0
S03987,0.0017805073055478537,0.0
S03990,0.0016432180240558204,0.0
S03994,0.0032294794800710926,0.0
S03995,0.002133892324911884,0.0
S03996,0.0015769237758160482,0.0
S03998,0.0033021216762974858,0.0
S03999,0.004421470909662243,0.0
S04004,0.0006036195515153744,0.0
S04005,0.0031234419048542517,0.0
S04006,0.002524438501310834,0.0
S04007,0.003244809769834321,0.0
S04010,0.001876454234122394,0.0
S04011,0.0023142898873074356,0.0
S04012,0.0012786717682530698,0.0
S04013,0.002878408438000304,0.0
S04014,0.0007523746106872178,0.0
S04017,0.002779648923858619,0.0
S04019,0.002971588588970032,0.0109535301442471
S04020,0.002206593133964579,0.0
S04021,0.003579388667422784,0.0
S04022,0.0014935863708514547,0.0
S04023,0.0017734871342466184,0.0
S04024,0.0016408815360736788,0.0
S04026,0.002469637957709592,0.0
S04027,0.0010676702446605103,0.0
S04030,0.0022544694573483925,0.0
S04031,0.0028926665252107663,0.0
S04033,0.0037687514612571855,0.0
S04034,0.004797765475758546,0.0
S04035,0.0009478223323111827,0.0
S04036,0.001632458402867844,0.0
S04039,0.0019060597510491223,0.0
S04040,0.00038028913882079076,0.0
S04041,0.0039968278599856934,0.0
S04043,0.0020488446347099068,0.0
S04045,3.1515292738960675e-05,0.0
S04046,0.0006105041160926136,0.0
S04048,0.001951487249624774,0.0
S04053,0.00019465249018445774,0.0
S04054,0.000904063400142871,0.0
S04055,0.0010308577099418781,0.0
S04056,0.0026111781323536584,0.0
S04058,0.0024646296427149796,0.0
S04059,0.0018099303661076804,0.0
S04062,0.0013373058129866476,0.0
S04064,0.0004263062345146968,0.0
S04069,0.0012856203626500672,0.0
S04070,0.001713162479974939,0.0
S04072,0.0023110733777275917,0.0
S04074,0.002522972461755562,0.0
S04078,0.0022487852086847627,0.0
S04079,0.0021803579534675627,0.0
S04080,0.0038087480107205206,0.0
S04085,0.0021599827313546057,0.0
S04087,0.001303259266810104,0.0
S04088,0.0033288430345564004,0.0
S04089,0.0031045826464838845,0.0
S04092,0.0018477163943148404,0.0
S04093,0.0007778893867099347,0.0
S04094,0.0009556173358135876,0.0
S04096,0.003571058158268634,0.0
S04097,0.0010038477806668326,0.0
S04098,0.003236011812783395,0.0
S04099,0.002110332115552331,0.0
S04100,0.005961864167420054,0.0
S04102,0.001234158320528035,0.0
S04103,0.001209546094040316,0.0
S04104,0.0005480632940514773,0.0
S04105,0.0005905579408832645,0.0
S04106,6.613460699893887e-05,0.0
S04108,0.0002941157747056727,0.0
S04109,0.00034386125239723245,0.0
S04110,2.9830798792693216e-05,0.0
S04111,0.00020247941409262131,0.0
S04112,0.0008684693485390564,0.0
S04113,0.0005869282107702695,0.0
S04114,2.533377893223167e-05,0.0
S04115,0.00029925570801512684,0.0
S04118,8.98063890387269e-06,0.0
S04119,0.0002310040391454861,0.0
S04120,0.00016912369788472877,0.0
S04127,3.2954674002288174e-06,0.0
S04129,0.0005601145037039344,0.0
S04132,0.00012728886263101345,0.0
S04133,0.00015097920420875264,0.0
S04134,0.0008385331292916923,0.0
S04135,0.0001881917936197831,0.0
S04137,8.37385023025256e-05,0.0
S04139,6.925175806355673e-05,0.0
S04140,9.503308219328124e-05,0.0
S04142,0.003447253479207818,0.0
S04143,0.0020291489341205727,0.0
S04144,0.0028750590144472,0.0
S04145,0.0022856708431366877,0.0
S04147,0.001950017876256471,0.0
S04149,0.0016045647148129128,0.0
S04151,0.000124394219478156,0.0
S04152,0.00042379595405940367,0.0
S04153,0.00016820369108777117,0.0
S04156,5.800997010176607e-05,0.0
S04157,1.4951263327287326e-05,0.0
S04158,0.00032934723215867105,0.0
S04159,0.00046229709879436973,0.0
S04161,0.00012628292218677635,0.0
S04163,3.090990869539661e-05,0.0
S04164,0.0015156356066068786,0.0
S04168,0.00021995120619763313,0.0
S04169,4.0821077284451877e-05,0.0
S04170,4.051782343641337e-05,0.0
S04172,0.0001579031559501768,0.0
S04173,1.7950013010543403e-06,0.0
S04175,0.0005919097471726848,0.0
S04176,0.0014852294150784436,0.0
S04178,0.00020044700774302917,0.0
S04179,0.0016245003978090072,0.0
S04180,0.00030437591199677667,0.0
S04181,0.00031587559374812355,0.0
S04182,0.0006688726039682652,0.0
S04183,0.003216607764525684,0.0
S04184,0.00014886550499704332,0.0
S04187,0.0008897911727773738,0.0
S04190,0.0003443930640544719,0.0
S04191,0.0005500811008308634,0.0
S04193,0.0009977395751390558,0.0
S04194,0.0011053977308912088,0.0
S04195,6.619024414730764e-05,0.0
S04197,0.00114086530528373,0.0
S04198,0.00010163913562978081,0.0
S04200,0.0005030258980280538,0.0
S04201,0.0005551434917223523,0.0
S04203,0.0021395499827997007,0.0
S04205,0.00027494652860624263,0.0
S04206,0.0005519044111115081,0.0
S04208,0.0016743491727650628,0.0
S04209,0.0010213431454608175,0.0
S04210,0.002537326064503808,0.0
S04211,0.0013389656149183928,0.0
S04213,0.002844824195111032,0.0
S04214,0.0010719644855801335,0.0094120766222575
S04216,0.0010762513231011269,0.0
S04217,0.0015637880983799734,0.0
S04218,0.0028243978833942434,0.0
S04220,0.0020752821837478593,0.0
S04221,0.0027872056348744487,0.0
S04222,0.0009753074032510913,0.0
S04223,0.001987019899790984,0.0
S04226,0.0005080820443807111,0.0
S04227,0.0006705286001666506,0.0
S04228,0.0007186179807645893,0.0
S04230,0.00024204237131892907,0.0
S04231,0.0012364131142743552,0.0
S04232,0.0009721637106098162,0.0
S04234,8.19022072629128e-05,0.0
S04235,0.0001133324214980686,0.0
S04236,1.3968342187984192e-05,0.0
S04237,0.001604327899338028,0.0
S04238,4.9311514566159745e-05,0.0
S04240,0.0007571887151229852,0.0
S04242,0.0010371292836905193,0.0
S04247,0.00022194073468578671,0.0
S04249,0.00027071177782402327,0.0
S04251,0.0005687894074081442,0.0
S04253,0.00024282537388745155,0.0
S04254,0.0005813585230636689,0.0
S04255,4.94544297917646e-05,0.0
S04260,0.000992276408997293,0.0
S04269,0.003243902387741447,0.0
S04271,0.0033425796458295244,0.0
S04272,0.0038775777885873587,0.0
S04273,0.0026284649261882763,0.0
S04274,0.0021112623001872683,0.0
S04275,0.0010883562178116422,0.0
S04276,0.0008639851949352514,0.0
S04277,0.0009033334478389182,0.0
S04283,0.0007517178113675155,0.0
S04284,3.072806866746782e-05,0.0
S04288,5.845142906431194e-05,0.0
S04290,0.00013505928974543019,0.0
S04291,0.00016224438866615988,0.0
S04292,0.00025849400953906047,0.0
S04296,9.028091287656229e-05,0.0
S04297,0.0005652814739802968,0.0
S04298,6.0107615710663734e-05,0.0
S04299,0.00015029639890349703,0.0
S04300,8.4347290936832e-05,0.0
S04301,8.326290154490935e-05,0.0
S04303,7.00911254573755e-05,0.0
S04304,6.734265322724493e-05,0.0
S04305,0.00019687886644782695,0.0
S04306,7.888885719261156e-05,0.0
S04309,0.0041185633534970385,0.0
S04310,0.0031493747565231895,0.0
S04311,0.002501793588073489,0.0
S04313,0.0021783458949362192,0.0
S04315,0.0020264554571239888,0.0
S04318,0.0010869179339828836,0.0
S04320,0.0025109215376654713,0.0
S04321,0.0030482423699134745,0.0
S04322,0.003176825722974355,0.0
S04324,0.004077373623801105,0.0
S04325,0.0016116960427639093,0.0
S04326,0.0011715868926318945,0.0
S04327,0.0025623917457334292,0.0
S04328,0.0030342608457514077,0.0
S04330,0.002451747423048766,0.0
S04331,0.0027431376388734334,0.0
S04332,0.003135242235076087,0.0
S04333,0.0021006698159294337,0.0
S04335,0.002944444473786661,0.0
S04336,0.000827404784472867,0.0
S04337,0.0012950011370776089,0.0
S04338,0.003128382815052578,0.0
S04339,0.003814396348298262,0.0
S04340,0.00236821083156347,0.0
S04341,0.001967372289442572,0.0067566648993297
S04343,0.0010610976821551748,0.0
S04346,0.003587829086508589,0.0
S04347,0.003536975618736997,0.0
S04348,0.0024343539974455287,0.0
S04351,0.0008670502777813263,0.0
S04352,0.0006938311715581024,0.0
S04356,0.00012768827357790262,0.0
S04359,0.0038541943220866625,0.0
S04362,8.279899749490928e-05,0.0
S04364,0.00020532441879076268,0.0
S04365,3.072660675870597e-05,0.0
S04366,1.6247043549311227e-05,0.0
S04367,0.00016885459508361077,0.0
S04368,9.969241231147769e-05,0.0
S04369,0.00018046493393928563,0.0
S04371,9.619373825750881e-06,0.0
S04372,0.0001425177434164157,0.0
S04373,0.0008446693112801921,0.0
S04374,0.001741954799181313,0.0
S04377,0.0016476561478774544,0.0
S04380,0.0018076206230632805,0.0
S04384,0.0011383099580068133,0.0
S04386,0.0013190412130194937,0.0
S04387,0.003941522763085057,0.0
S04389,0.0032419799770378307,0.0
S04392,0.0018633261298413428,0.0
S04393,0.003808114427905711,0.0
S04395,0.0022885349188023806,0.0
S04396,0.0024337393286671,0.0
S04397,0.0010906560142219795,0.0
S04398,0.0023838717647029174,0.0
S04401,0.0008729413996574184,0.0
S04404,0.0026751445094739105,0.0
S04407,0.0003887150881861294,0.0
S04409,0.0011186198098409566,0.0
S04412,0.0021760975127221686,0.0
S04413,0.004152521234136678,0.0
S04417,0.0013815030457710424,0.0
S04418,0.002588738074760442,0.0
S04422,0.0030389922341765453,0.0
S04424,0.005373160637830528,0.0
S04425,0.003527681341233771,0.0
S04427,0.0016777971899039823,0.0
S04428,0.0024629579458654506,0.0
S04429,0.003845056635640537,0.0
S04430,0.0015182065840254277,0.0
S04431,0.0018568765790829807,0.0
S04432,0.0026667146010828,0.0
S04434,0.001143732974204938,0.0
S04435,0.00048224843353794817,0.0
S04436,0.000602425814422572,0.0
S04437,0.001401544407595155,0.0
S04438,0.0017477992607070677,0.0
S04439,0.0034066218220424878,0.0
S04441,0.00250221243610706,0.0
S04442,0.0034891575838321923,0.0
S04443,0.0009023805028215566,0.0
S04444,0.003458422845731224,0.0
S04446,0.003169897864893337,0.0
S04447,0.0025359182182942714,0.0
S04448,0.0034012506039009546,0.0
S04451,0.003969620642443431,0.0
S04453,0.002739796377787265,0.0
S04454,0.001543513016365744,0.0
S04456,0.0005414211172249129,0.0
S04457,0.002158535608365862,0.0
S04458,0.00301118393929471,0.0
S04459,0.0024658664158616474,0.0
S04460,1.7512370886849103e-05,0.0
S04461,0.0031300701803212787,0.0
S04462,0.004867419656885699,0.0
S04463,0.0016922800748183425,0.0
S04467,0.00021182634850094672,0.0
S04468,0.0007803067579414346,0.0
S04469,0.0024530354462300313,0.0
S04470,0.000131999355943892,0.0
S04472,0.0004543936131736807,0.0
S04473,0.00010627474439421644,0.0
S04474,0.003911056336325747,0.0
S04477,0.0037152818180068445,0.0
S04484,0.002421833893568202,0.0
S04489,0.0047093276348084785,0.0
S04491,0.002761760457968168,0.0
S04493,0.0018229627413304753,0.0
S04494,0.0026725462176319333,0.0
S04495,0.0005225876250619961,0.0
S04498,0.0010370235554507698,0.0
S04499,0.0031092238987597124,0.0
S04500,0.0020051426920561785,0.0
S04504,0.0022234326607356546,0.0
S04505,0.0026532141076458645,0.0
S04507,0.0026871279935308323,0.0
S04508,0.001352168499244485,0.0
S04510,0.002494554348837284,0.0046741716747077
S04511,0.003119996951753993,0.0
S04513,0.00035219033045435653,0.0
S04516,0.0010531749036510715,0.0
S04517,0.0016603245740168361,0.0
S04518,0.0002989749128077405,0.0
S04521,0.0018260003945746567,0.0
S04523,0.0008610674951048439,0.0
S04524,0.005022818347733662,0.0
S04525,0.0021605208400753686,0.0
S04529,0.0009065991693126272,0.0
S04530,0.002130623770242712,0.0
S04531,0.002169981299284361,0.0
S04532,0.0021973185180341865,0.0
S04534,0.000938224152523166,0.0
S04535,0.0022993961219443,0.0
S04536,0.002546293878600287,0.0
S04537,0.0027673628297916956,0.0
S04539,0.0025745519916849174,0.0
S04540,0.00333630480431072,0.0
S04541,0.0013108720855463116,0.0
S04542,0.003084770263162207,0.0
S04545,0.0014049093364955603,0.0
S04547,0.002695367523123534,0.0
S04548,0.005645676558620293,0.0
S04549,0.0026063299662944257,0.0
S04552,0.0018712522925017055,0.0
S04554,0.0037304310108530565,0.0
S04555,0.0017815936574430847,0.0
S04560,0.0016361912695783724,0.0
S04561,0.002342396901737979,0.0
S04563,0.0027693656583356514,0.0
S04564,0.0038975440957894287,0.0
S04567,0.003984294321937133,0.0
S04568,0.002087387571990907,0.0
S04569,0.0035168973983165184,0.0
S04571,0.002349621778435255,0.0
S04572,0.0023270157343948474,0.0
S04573,0.00395696911082317,0.0
S04575,0.002781384800724018,0.0
S04576,0.0013902820946223543,0.0
S04577,0.0030952251768652313,0.0
S04578,0.0050805092617134725,0.0
S04579,0.005096466542553663,0.0
S04581,0.0006573355350843315,0.0035101101058683
S04582,0.0014638207206511692,0.0
S04583,0.0030962842815242097,0.0
S04584,0.001021873071770446,0.0
S04587,0.002956127207642588,0.0
S04589,0.0019741237847160213,0.0
S04590,0.0031695146227894446,0.0
S04591,0.0008887907473800731,0.0034603280697357
S04592,0.000894297327436157,0.0
S04593,0.0015423546382547886,0.0
S04594,0.004646167312605261,0.0
S04596,0.001703528978015532,0.0
S04597,0.0018272295429896718,0.0
S04598,0.001959611971998888,0.0
S04601,0.003072747742169384,0.0
S04602,0.0022492414991957007,0.0
S04604,0.002047027717151545,0.0
S04607,0.002446865042052008,0.0
S04608,0.0009884187100598623,0.0
S04610,0.0009703910026278091,0.0
S04611,0.004168835370928279,0.0
S04613,0.0033487800466862443,0.0
S04614,0.0020178620994072156,0.0
S04615,0.0014391930422489052,0.0
S04616,0.002066755735912013,0.0
S04617,0.0012145557534133885,0.0
S04619,0.0004195041148826655,0.0
S04620,0.002418403362475766,0.0
S04621,0.00036035739767229305,0.0
S04623,0.00039670506386521294,0.0
S04624,0.0006374010624555913,0.0
S04625,0.004209695791777997,0.0
S04626,0.0027417027571610053,0.0
S04628,0.0021538120553159634,0.0
S04629,0.004770638330227529,0.0
S04630,0.0007486111461497195,0.0
S04633,0.00027035055036228617,0.0
S04634,0.00011416879859313796,0.0
S04635,0.00012231887902738073,0.0
S04636,0.0011484012824969775,0.0
S04637,0.00046731889639257246,0.0
S04638,0.00021387445499052626,0.0
S04639,5.837274739897736e-05,0.0
S04640,3.9419722146724116e-05,0.0
S04641,0.0006500810082416207,0.0
S04642,0.0027505500034013617,0.0
S04643,0.002288578319856297,0.0
S04644,0.0005313106633721553,0.0
S04646,0.0033228033292463086,0.0
S04647,0.0019219339563122662,0.0
S04651,0.0004080943649700298,0.0
S04652,0.0010763206791198111,0.0
S04653,0.002178845726376761,0.0
S04655,0.0020440910285904573,0.0
S04657,0.0007287289284909737,0.0
S04658,0.0010096788301577678,0.0034283191578889
S04660,0.0019185213252248588,0.0
S04661,0.0033512330268623304,0.0
S04663,0.00181128130924319,0.0
S04664,0.0017183409052165702,0.0
S04666,0.0007438767963571585,0.0
S04668,0.00011519225787375114,0.0
S04670,0.0004372703644202903,0.0
S04671,0.001271535244327058,0.0
S04672,6.712247026989934e-05,0.0
S04673,0.0023005726327991628,0.0
S04676,0.0010847222800574703,0.0
S04678,0.0006540147637046444,0.0
S04679,0.0015841664905629025,0.0
S04680,0.0006031890028642695,0.0
S04682,0.0017991108772624576,0.0
S04683,0.0007854080429449483,0.0
S04684,0.0017611797975422105,0.003435855956751
S04685,0.00014563084712735475,0.0
S04688,0.0016548860798696096,0.0
S04689,0.0012883939268379658,0.0
S04692,0.0002568963462173623,0.0
S04693,0.0021192602615188144,0.0
S04695,0.0035623195502185686,0.0
S04697,0.006608781629085514,0.0
S04699,0.002232551600565867,0.0
S04700,0.0032030682759040725,0.0061435387772256
S04702,0.002348594649883638,0.0
S04703,0.003054454310202899,0.0
S04704,0.0008859340952890146,0.0
S04705,0.0009299921678345339,0.0
S04707,0.00010878084501026032,0.0
S04708,0.0008392662961361315,0.0
S04710,0.0004543640785995297,0.0
S04712,0.0005703092404758255,0.0
S04714,0.0004919127209250349,0.0
S04715,0.0010589008918540379,0.0
S04716,2.9774175482265065e-05,0.0
S04718,0.0043148731400302984,0.0
S04719,0.0035417009402764683,0.0
S04721,0.002694908428266469,0.0
S04722,0.0034915359143453256,0.0
S04723,0.00020196122580771155,0.0
S04726,5.965519336541951e-05,0.0
S04727,6.80662571170607e-05,0.0
S04729,6.0308733286882474e-05,0.0
S04730,3.315167452000649e-05,0.0
S04731,4.8312183660149833e-05,0.0
S04732,9.978901399482149e-05,0.0
S04733,7.260959723202612e-05,0.0
S04736,0.000281197927359809,0.0
S04737,0.00019257918415658754,0.0
S04740,8.796985093145193e-05,0.0
S04741,0.00011642968395207746,0.0
S04742,5.7949598543369e-05,0.0
S04743,0.00034818346661021456,0.0
S04744,0.0010975902962309255,0.0
S04745,0.0009101276702439372,0.0068549360366883
S04746,0.0015242603392815592,0.0
S04747,0.0030110619986807308,0.0
S04749,0.00239095366125366,0.0
S04751,0.0006098334922227611,0.0
S04752,0.0036568159185700936,0.0
S04753,0.0019299067761187109,0.0
S04754,0.000754063723657862,0.0
S04755,0.001453938908542433,0.0
S04757,0.0009303920127276471,0.0
S04758,0.0038127067032242908,0.0
S04759,0.004902621278067987,0.0
S04761,0.0027575755003918976,0.0
S04762,0.002352303756762434,0.0
S04763,0.0029882753433028435,0.0
S04764,0.001757876919289164,0.0
S04765,0.00018672843874333977,0.0
S04767,0.0027575207056802116,0.0
S04768,0.0031750681754345584,0.0
S04769,0.002066195933284814,0.0
S04772,0.0007596892780953267,0.0
S04773,0.0005693637605455379,0.0
S04774,0.002642885915335506,0.0
S04775,0.002820177947719741,0.0
S04776,0.0029423455432047883,0.0
S04777,0.0026421401038543846,0.0
S04779,0.0016760894438892443,0.0
S04783,0.0027437153692041025,0.0
S04785,0.0031004807470608104,0.0
S04789,0.0026553017975196724,0.0
S04790,0.004409338120963908,0.0
S04791,0.004067565920743432,0.0
S04792,0.0009613113196116833,0.0
S04794,0.0012863487210695466,0.0
S04795,0.0026797335959866234,0.0
S04796,0.0027230507132005597,0.0
S04797,0.0030759967346438936,0.0
S04800,0.0004932042174381891,0.0
S04802,0.00012445116013579805,0.0
S04805,0.0014332237728735256,0.0
S04806,0.0012295522858917897,0.0
S04807,0.005685105322767183,0.0
S04809,0.0026942133675089356,0.0
S04811,0.003950771417116984,0.0
S04812,0.0012326919128554854,0.0
S04813,0.0033402428125707735,0.0
S04814,0.0010883319238034598,0.0
S04815,0.001885510873618617,0.0
S04816,0.0020393163654338804,0.0
S04819,0.0032650501177740854,0.0
S04820,0.0015555793948615775,0.0
S04821,0.002333816826884413,0.0
S04822,0.0010860990579807652,0.0
S04823,0.00034425689495773263,0.0
S04824,0.0035475258791692623,0.0
S04825,0.00029124735264804625,0.0
S04826,0.00010067505911691004,0.0
S04827,0.0036537474768854085,0.0
S04829,0.0027160991232066485,0.0
S04830,0.0011069835887600739,0.0
S04831,0.004015876254613445,0.0
S04832,0.001382736745793085,0.0
S04835,0.0015388981308190885,0.0
S04839,0.003626318072535958,0.0
S04844,0.003059864608789416,0.0
S04851,0.005345367589787304,0.0
S04852,0.002424307981576921,0.0
S04853,0.0013668295517233653,0.0
S04855,0.0022749155607814033,0.0122679699842022
S04857,0.0014792198678622755,0.0
S04858,0.003168070099053432,0.0
S04860,0.0015304087755685998,0.0
S04861,0.0009029770174876811,0.0
S04862,0.0008935915737012172,0.0
S04864,1.8418617580936405e-05,0.0
S04865,7.586592174860243e-05,0.0
S04869,9.394234894090798e-05,0.0
S04870,6.655498446237554e-05,0.0
S04871,0.00015984752558263345,0.0
S04872,7.442269826717885e-05,0.0
S04874,2.864810023655241e-05,0.0
S04875,0.0003358504822183087,0.0
S04876,0.003062715424367414,0.0
S04880,0.004162534864807008,0.0
S04883,0.003904296460153876,0.0
S04885,0.003834387628671269,0.0
S04887,0.0029747243829093026,0.0
S04888,0.003068412324562341,0.0
S04891,0.0025011375714123637,0.0
S04892,0.0012204711112946505,0.0
S04893,0.002045063308981361,0.0
S04895,0.002097455433592378,0.0
S04897,0.0033166844230772077,0.0
S04898,0.0041444361032834595,0.0
S04899,0.0020276006600905647,0.0
S04902,0.002833414387267151,0.0
S04904,0.0019869453400256816,0.0
S04905,0.003124546154610913,0.0
S04906,0.0039703312493319974,0.0
S04909,0.002815878735338979,0.0
S04915,0.002546244425751571,0.0
S04916,0.00203555569671926,0.0
S04917,0.001895324787881877,0.0
S04918,0.005124079493431372,0.0
S04919,0.003755744915040475,0.0
S04923,0.002300555219088691,0.0
S04926,0.003420495309769695,0.0
S04929,0.003707999899493886,0.0
S04930,0.001709323790087241,0.0
S04933,0.0032554822429480875,0.0034605449139737
S04934,0.004805980949746207,0.0
S04936,0.002129151982282732,0.0
S04937,0.004108037119859521,0.0
S04938,0.004735755369477101,0.0
S04939,0.0024266239419720066,0.0
S04940,0.005091475494395667,0.0
S04942,0.0036563458603361956,0.0
S04946,0.0023282653551227922,0.0
S04948,0.0021634647445423405,0.0
S04949,0.0013531429555498522,0.0
S04950,0.0004051398483481017,0.0
S04951,0.004173570744831889,0.0
S04954,0.0029297295059287263,0.0
S04955,0.004451706754556872,0.0
S04957,0.002905061902969907,0.0
S04958,0.002604658252979444,0.0
S04959,0.0017287150462289157,0.0
S04960,0.0025680639856726223,0.0
S04961,0.002741414859777682,0.0
S04963,0.003499520291216609,0.0
S04967,0.003542793527011436,0.0
S04968,0.00421050888599764,0.0
S04969,0.0032652686342986045,0.0
S04971,0.0033986965813510585,0.0
S04972,0.0031833228339531367,0.0
S04974,0.0038904890074207103,0.0
S04977,0.0020165797976702746,0.0
S04979,0.003353353374183787,0.0
S04980,0.0013949501733829858,0.0
S04981,0.003522905629174006,0.0
S04983,0.0025717508068592854,0.0
S04984,0.0015611070277609014,0.0
S04985,0.0009701488206952436,0.0034958148695224
S04987,0.001992833511283278,0.0
S04989,0.0013901897412550153,0.0
S04990,0.003026153208127614,0.0
S04991,0.003970923451261428,0.0
S04993,0.000841234690639877,0.0069184885121073
S04995,0.0022253473712412772,0.0
S04996,0.003982542032421903,0.0
S04998,0.0008583186843353233,0.0
S05002,0.0021528456783166897,0.0
S05003,0.0018490635217728963,0.0
S05005,0.004885126721536962,0.0035107795767285
S05008,0.0018852457169593296,0.0
S05009,0.002424074567362811,0.0
S05010,0.000809455347858537,0.0
S05011,0.0021918726319979836,0.0
S05013,0.0008439586874189981,0.0034680064196497
S05014,0.0003116923838707443,0.0
S05016,0.003507227803803763,0.0
S05017,0.002372018876448527,0.0
S05018,0.00026615688862059825,0.0
S05019,0.0020204732387099386,0.0
S05021,0.002205121269544274,0.0
S05022,0.0030970591953202475,0.0
S05024,3.246607627744635e-05,0.0
S05025,0.0012337139944482859,0.0
S05027,0.0021222196003181887,0.0
S05029,0.0004760489156242548,0.0
S05030,0.00025170399782337486,0.0
S05031,0.0016016235567954437,0.0
S05033,0.0004985762134255546,0.0
S05035,0.00018818431503914675,0.0
S05037,0.0004523230045528879,0.0
S05038,0.00012932001492729862,0.0
S05039,0.00024479427967177337,0.0
S05041,0.0002521056291209984,0.0
S05044,0.000985467051260127,0.0
S05047,0.0012418507102356013,0.0
S05048,0.004039412549349134,0.0
S05049,0.0010237409791149382,0.0
S05051,0.002308782956603185,0.0
S05052,0.002256267531811355,0.0
S05053,0.001466371994064512,0.0
S05054,0.00022331382694191777,0.0
S05055,0.002148235488294556,0.0
S05056,0.002123572024735296,0.0
S05060,0.0017588566505966688,0.0
S05062,0.0025569804410723908,0.0
S05064,0.0003445768291934705,0.0
S05065,0.0003764426630747301,0.0
S05066,0.0011542655493115071,0.0
S05067,0.002387721907125962,0.0
S05068,0.0003769251661850436,0.0
S05069,0.0013472144859622527,0.0
S05070,0.0011307172109608866,0.0
S05072,0.0025284872412520646,0.0
S05074,0.0021373837220474623,0.0034911001531307
S05075,0.0012984358738920823,0.0034852979333655
S05076,0.0017633541337433124,0.0
S05077,0.0012950161718849051,0.0
S05078,0.000749965921480958,0.0
S05080,0.0015476710207328872,0.0
S05082,0.0007780736011324886,0.0
S05083,0.0006446549672057548,0.0
S05085,0.0022390100738481343,0.0
S05087,0.00024227559076163077,0.0
S05088,0.0007202320835086704,0.0
S05089,0.0002729047085247144,0.0
S05090,0.0001415762849416804,0.0
S05091,0.00010227579932508044,0.0
S05093,0.00015788942796263807,0.0
S05096,0.0011128041354015973,0.0
S05097,0.00021819201365780595,0.0
S05098,0.00046077366995139063,0.0
S05099,0.002717390592571296,0.0
S05103,0.0007278438208924139,0.0
S05105,0.001798980227472016,0.0
S05107,0.0004230889693397733,0.0
S05108,0.000929413278509623,0.0
S05110,0.001133841506731289,0.0
S05112,0.0012695384819185035,0.0
S05114,0.003635900403834229,0.0
S05116,0.00047976655678069665,0.0
S05117,0.002017371538731446,0.0
S05120,0.0022804159761779714,0.0
S05123,0.002204162730759254,0.0
S05124,0.00021168131797123557,0.0
S05125,0.001986962725735884,0.0
S05126,0.00036796027918107606,0.0
S05127,0.003368297301923686,0.0
S05128,0.001330369855117945,0.0
S05129,0.0013642204930171637,0.0
S05130,0.0006527210167736755,0.0
S05131,0.0011357415990615825,0.0
S05132,0.00047461117153251145,0.0
S05133,0.0007414985523884533,0.0
S05134,0.0011623360498154917,0.0
S05135,0.000940535083627351,0.0
S05136,0.0031072571494509087,0.0
S05137,0.0005435193434677927,0.0
S05143,5.96751004194519e-06,0.0
S05144,0.0019629629443629532,0.0
S05145,0.004179231184640114,0.0
S05146,0.0018414728927318093,0.0
S05147,0.001496064184227599,0.0
S05149,0.0032294105779927837,0.0
S05150,0.0029940822433917576,0.0
S05152,0.0007191927810503347,0.0
S05153,0.00017789576606979494,0.0
S05154,0.00025645916537152946,0.0
S05157,0.000758754189868235,0.0
S05158,0.0020220888885935694,0.0
S05159,0.0021375679741120176,0.0
S05160,0.00125770306308654,0.0
S05161,0.001362136255689446,0.0
S05163,0.002789956738217927,0.0
S05165,0.001346066214638015,0.0
S05167,0.004082467105745046,0.0
S05168,0.003983356323231246,0.0
S05169,0.002359840527688551,0.0
S05173,0.0033700452930970617,0.0
S05176,0.003085079404726826,0.0
S05177,0.000957613462940042,0.0
S05180,0.0012808227386592013,0.0
S05181,0.0030655479849124078,0.0
S05182,0.003479434666448373,0.0
S05187,0.0009969662326005959,0.0
S05188,0.0006860971079116107,0.0
S05189,0.0003986028518250149,0.0
S05191,0.0006500855503594745,0.0
S05192,0.0018969075979936101,0.0
S05194,0.0014227145145381964,0.0
S05196,0.0021146847038244526,0.0
S05197,0.003733802300603787,0.0
S05201,0.004457010194054345,0.0
S05202,0.0020541376591960013,0.0
S05203,0.00214869354190502,0.0
S05204,0.0040169604865873875,0.0
S05205,0.0014204086522891287,0.0
S05206,0.0024529825151030343,0.0
S05207,0.00443424554794857,0.0
S05208,0.0012002930722237286,0.0
S05210,0.0019013398605198374,0.0
S05211,0.0005366013810079427,0.0
S05214,6.56003112864093e-05,0.0
S05216,7.673210968706763e-05,0.0
S05217,2.1381306687276243e-05,0.0
S05218,4.345569225087778e-05,0.0
S05219,3.8990393084527606e-05,0.0
S05220,0.0024635922593750277,0.0
S05221,0.0026287903564882606,0.0
S05222,0.0027470435990158905,0.0
S05224,0.0036245354256820963,0.0
S05227,0.0024026637222588215,0.0
S05228,0.002436378729828252,0.0
S05230,0.0008006005241545387,0.0
S05231,0.0005602049350274326,0.0
S05233,0.0014863442893776437,0.0
S05235,0.0009071779234527277,0.0
S05236,0.00040552606467282175,0.0
S05237,0.0027722073055655018,0.0
S05238,0.002849700281363583,0.0
S05240,0.00011792805899192303,0.0
S05241,2.692101445265834e-05,0.0
S05242,0.001579351892962395,0.0
S05244,3.582082449706092e-05,0.0
S05245,8.099897041582047e-05,0.0
S05246,0.0010831382226278098,0.0
S05249,0.00022371683018637017,0.0
S05252,0.00010067383663440255,0.0
S05253,4.511707875993859e-05,0.0
S05255,2.2289780512946283e-05,0.0
S05256,9.36897453344006e-05,0.0
S05257,0.00010594125142337503,0.0
S05260,0.000806120198638712,0.0
S05261,0.0008399361436419833,0.0
S05263,0.001753665590730025,0.0
S05264,0.002124134090047889,0.0
S05267,0.003409446665200842,0.0
S05268,0.0024748468764776636,0.0
S05269,0.003202906058188909,0.0
S05271,0.0006791493820358663,0.0
S05272,0.0019802092274000594,0.0
S05273,0.004471770598082486,0.0
S05275,0.002742901205662682,0.0
S05277,0.002409003673995837,0.0
S05278,0.0032202601988803596,0.0
S05280,0.003235053962932645,0.0
S05281,0.0021827407790484697,0.0
S05282,0.003872199290849827,0.0
S05284,0.001726488991578169,0.0
S05285,0.00022261811608801914,0.0
S05287,0.0001577172369626026,0.0
S05288,0.0001357649269426392,0.0
S05292,0.00028701803000543184,0.0
S05293,0.0016334460622131348,0.0
S05294,0.0030578136499258162,0.0
S05295,0.0014331092417135276,0.0038468980997716
S05298,0.0005779040990569092,0.0
S05301,0.000980055665084883,0.0
S05303,0.0002699955746729011,0.0
S05304,0.0019541096318077913,0.0
S05307,0.0010036299369214944,0.0
S05311,0.00012535573851003642,0.0
S05312,0.0001379545709206457,0.0
S05313,0.00040089549602633667,0.0
S05314,8.907523282050972e-05,0.0
S05315,0.0007931674030994754,0.0
S05317,0.00041286246084313915,0.0077781429488082
S05318,0.00015791652382642697,0.0
S05319,0.00013628380178243147,0.0
S05320,0.0006146148750346145,0.0119261872195426
S05322,0.0016446511990601247,0.0
S05323,0.0010653055218999377,0.0
S05324,0.004415139789168156,0.0
S05326,0.001890226999230239,0.0069366662828471
S05328,0.0011595939525999618,0.0017492547189401
S05329,0.0005619884517379705,0.0051186981821926
S05330,0.005703251372494309,0.0
S05331,0.002545114706224645,0.0
S05332,0.00200760673262808,0.0068114616204289
S05333,0.0028028019472888734,0.008605881782543
S05334,0.0018072033353095456,0.0
S05335,0.0011759562526496106,0.0
S05336,0.004290617316122399,0.0
S05338,0.0037141680177088425,0.0051263537906137
S05340,0.0013930687844359517,0.010195290063182
S05341,0.001353337286920252,0.008541984627865
S05342,0.001303162208658422,0.0122998490360581
S05343,0.0014576663289962797,0.0035099985522138
S05344,0.0022011696438801296,0.0
S05346,0.0010641912661197204,0.0224405729448867
S05348,0.004378342795410358,0.0
S05349,0.0007007883512250822,0.0
S05350,0.002410066476864029,0.0
S05353,0.004079589483665544,0.0052198206146154
S05355,0.001677347603392645,0.0087543155076446
S05357,0.0028547504543994526,0.0051066540627183
S05358,0.0016167512686530083,0.0
S05359,0.0018343949947662386,0.0052266274056157
S05360,0.004833891391425512,0.0017323350621828
S05361,0.000829236727116133,0.0034843083437617
S05362,0.001646351907678271,0.0
S05363,0.0026738663749773426,0.0017166107127561
S05364,0.003982909359381367,0.0088105570683004
S05365,0.004480361184539613,0.0017164684266511
S05367,0.00291531999308741,0.0
S05368,0.0028209377029714613,0.0
S05370,0.0024439965722409833,0.001747833670943
S05372,0.00231193837092344,0.0034099719380578
S05373,0.0019757467312476185,0.001703180526855
S05374,0.0035962696545969557,0.0
S05375,0.001587574459321112,0.0
S05377,0.002896060067406556,0.0035062099422568
S05378,0.001426013114296095,0.0
S05379,0.00299593020003555,0.0017007326496182
S05380,0.003179961979916721,0.0
S05382,0.0015700755109263145,0.0104723073843463
S05383,0.004839359981164446,0.0088120567375886
S05384,0.004059607091818239,0.0087085729505065
S05385,0.002472737097889091,0.006806773904171
S05386,0.002029787228183086,0.0034439986418033
S05388,0.003202972755036401,0.0
S05391,0.0008651322927584401,0.0104112114292896
S05393,0.0009125681006636434,0.0051663201663201
S05396,0.0024126156179294193,0.0017423923713364
S05397,0.0035742221312089406,0.0086417949894976
S05399,0.003519228810611801,0.0
S05400,0.004242997334073731,0.0017279083269883
S05405,0.003331915259613404,0.0035277875377533
S05407,0.004254516135916738,0.0034348942405047
S05408,0.0011225176043531745,0.0
S05410,0.0014292251252825084,0.0033978723986107
S05411,0.0033521623972154573,0.0
S05415,0.0020567333334966164,0.0
S05416,0.0031972085624674984,0.0
S05417,0.0050480951828319335,0.0
S05422,0.002580002207407669,0.0038264618701158
S05423,0.00416011915310054,0.0070228241785803
S05425,0.003856717270352953,0.0
S05426,0.003994133791962704,0.0052747765914542
S05429,0.004503345602974567,0.0068847054260344
S05432,0.0007521123717969189,0.0
S05435,0.0017520002500226017,0.0
S05436,0.0033552248885584494,0.0034376740019851
S05437,0.0019968424253223203,0.0017465622243541
S05440,0.002920859459471049,0.005187404106086
S05442,0.0012514451427456928,0.0017192651092961
S05444,0.003976160584975073,0.0017124408656612
S05445,0.0011971807371509665,0.0
S05446,0.0029085282789658483,0.0085708865780261
S05450,0.0025237213202780884,0.006949396646951
S05451,0.0019278000089478734,0.0
S05452,0.003862947210044551,0.0052247592615953
S05453,0.003587211043749448,0.0034496999732769
S05457,0.0019913488454556916,0.0017214804038724
S05458,0.003387405706901111,0.0034896661646321
S05463,0.000791095895595762,0.0017475386779184
S05465,0.002119838401558812,0.0
S05467,0.002359389472910321,0.0017582215429897
S05468,0.0033246362833137776,0.0
S05471,0.0005304964138355872,0.0
S05475,0.0008078064591022053,0.0068599033816425
S05476,0.0013875474971719397,0.008796242217007
S05478,0.0020932449673600377,0.0
S05479,0.0026125159383320992,0.0034187328676427
S05481,0.0006503255472502852,0.0
S05482,0.0025670062739527985,0.0
S05486,0.001018232241321489,0.0
S05487,0.00021536462403456318,0.0
S05488,0.0008931542856550496,0.0
S05489,0.0021361486117766433,0.0
S05490,0.0008960704293172271,0.0
S05491,0.0004421561974529908,0.0
S05492,0.0017961866146032493,0.0038169404572648
S05493,0.0017439732915744157,0.0
S05495,0.0016044924524845328,0.0
S05496,0.0007954641163585182,0.0
S05497,0.0006778432788432788,0.0
S05498,0.0025340836047226434,0.0
S05499,0.0019223670091104113,0.0
S05500,0.001759558583964723,0.0
S05501,0.00043075954317949884,0.0
S05503,0.0005245684224199428,0.0
S05508,0.0015978077481771905,0.0
S05509,0.0013558926142567946,0.0
S05511,0.00011832446344001107,0.0
S05513,0.00014248422737097091,0.0
S05515,3.4716965074690245e-05,0.0
S05516,2.4412701427316325e-05,0.0
S05517,0.0013313671124804282,0.0
S05520,6.883657461874522e-05,0.0
S05524,0.0002600334194293659,0.0
S05525,0.00027383188157941644,0.0
S05527,4.844240496167975e-05,0.003889801987947
S05529,0.0027012547315324337,0.0034291707202638
S05530,0.002292444806274629,0.0
S05531,0.0027929604283520306,0.010493090816962
S05532,0.002528983105173679,0.0070240152069222
S05533,0.0022754956438922076,0.0137264852809683
S05534,0.004308175989518814,0.0084890223447465
S05535,0.0006717954139481331,0.0052337826453243
S05537,0.0020280120619390173,0.0
S05538,0.0019918207830711978,0.0038251366120218
S05540,0.0007801739188802566,0.0
S05543,0.0003156429986841912,0.0
S05544,0.0014085274099049493,0.0
S05545,0.0018505556967624303,0.0
S05546,0.0014738473946011028,0.0
S05547,0.003520670510868214,0.0017073053431443
S05549,0.0018842360207816855,0.0
S05551,0.0015740795021641205,0.010552016985138
S05552,0.0023053443350905638,0.0034483715637705
S05555,0.002271455238527572,0.006884920016485
S05556,0.00035699731114434115,0.0017291707982367
S05557,0.0031776217793997802,0.0034939716685999
S05560,0.001053389101080285,0.0069424073530849
S05561,0.00241792919064981,0.0
S05562,0.002935347201598811,0.0051242396123311
S05563,0.002610827850626501,0.0034023734464263
S05565,0.0013776163053791021,0.0
S05566,0.004003934316104164,0.0
S05568,0.0038541853479520864,0.0017241498934981
S05570,0.00483266307210911,0.0017536988225165
S05572,0.0024353279331586777,0.0087115037422656
S05573,0.005127744738104482,0.0052305328408002
S05574,0.003073187963681492,0.0
S05576,0.00031874676140407034,0.0017485900453507
S05579,0.0011455152056343994,0.0087331794044569
S05581,0.0013312148763668617,0.0051224439313984
S05582,0.0012838550514477657,0.0
S05585,0.0013357550838797617,0.001709736900044
S05586,0.00025241537643713903,0.0017319728460112
S05587,0.0017884197403151155,0.0102506986768967
S05590,0.0027547811257428055,0.0170111684995601
S05591,0.0009505958999702576,0.0086575109568901
S05592,0.001588607487643365,0.0139729397293972
S05593,0.0005997786790059046,0.0103860822318583
S05594,0.0026389849372838,0.0052894285927139
S05596,0.002274560080126671,0.006912642694957
S05598,0.0014800755641472178,0.0017265217361096
S05600,4.805577399253098e-05,0.0
S05604,0.00028965955051487555,0.0
S05605,0.00015703257364548963,0.0
S05606,4.781024282939514e-07,0.0
S05607,5.416562185031584e-05,0.0
S05609,0.001007599726438675,0.0
S05611,0.0023065005699612444,0.0
S05612,0.001523388700555457,0.0
S05613,0.0005427871113203726,0.0
S05614,0.001059614214562538,0.0
S05617,0.0031119507485223514,0.0
S05618,0.00016306826362996195,0.0051030361524955
S05619,0.00044933504571012983,0.0
S05620,0.0014326528508327228,0.0
S05622,0.0001123994854401329,0.0
S05623,1.674312956312098e-05,0.0
S05624,0.00019164266621606114,0.0
S05625,0.00045844712461855957,0.0
S05626,0.000661424514823607,0.0
S05629,0.0029717514833233266,0.0
S05630,0.0018047386078943793,0.0
S05632,0.0005439241129944391,0.0
S05633,0.0014998407275605623,0.0
S05634,0.00019760201444886619,0.0
S05635,0.0012860067875670857,0.0
S05636,0.0003246935845760595,0.0
S05638,0.0005069343730210349,0.0
S05639,0.0021918034125890857,0.0
S05640,0.00030998909451356526,0.0
S05642,0.001418060607901839,0.0
S05643,0.0008580681650916549,0.0
S05644,0.0010679142172707445,0.0
S05645,0.0010105921475310118,0.0383807493899237
S05646,0.002618639539074658,0.0
S05647,0.001823832132586517,0.0121214021664523
S05649,0.0011185428804704484,0.0
S05650,0.0031415071592500784,0.0088045634920634
S05652,0.0010496573199701188,0.0
S05654,0.0005195142494129157,0.0
S05657,0.0018301549553066067,0.0
S05659,0.0021444281832366484,0.0
S05660,0.002437070561026644,0.0120308604191954
S05661,0.003873332020014617,0.0
S05662,0.0036538408189980692,0.0034070966326642
S05663,0.0033113225435255794,0.0
S05667,0.0016119050415955658,0.0052519232394961
S05668,0.0026771847235671567,0.0
S05671,0.00419862282168163,0.0034965526945265
S05673,0.0034345724449574375,0.0034233247578014
S05674,0.004699984234902286,0.0
S05675,0.0026586974743738937,0.0
S05676,0.0023101093370984705,0.0
S05680,0.001249045487289587,0.0
S05681,0.0010177795693162325,0.0069270947666983
S05682,0.0009071014540143274,0.0
S05684,0.0011627909665478029,0.0034437480728522
S05685,0.0023794812432126693,0.0038653880554064
S05686,0.001702392794654854,0.0139177675564796
S05687,0.001470458422030839,0.0034484074532782
S05691,0.0014094414415242124,0.006956984280295
S05695,0.002179148951210948,0.0
S05696,0.0033357610569909163,0.0017351110366328
S05699,0.0024984835914031328,0.0016994764791771
S05700,0.002386937130200012,0.0034115519129058
S05703,0.0018488355862923687,0.0
S05707,0.0012143357076492332,0.0017111673466577
S05708,0.0038693192795614547,0.0
S05710,0.0014963033466349532,0.0052023907968974
S05712,0.002047258268858411,0.0
S05713,0.0032640439165073413,0.0
S05714,0.0013516170420297838,0.0
S05715,0.0005157547043935969,0.0051888122109351
S05717,0.0009951659137551739,0.0
S05719,0.0005871269088454041,0.0034752085474747
S05720,0.002055021168061868,0.0017171800931492
S05722,0.0019334921924065464,0.0
S05723,0.002802281057431608,0.003416793851146
S05724,0.0014399286561055417,0.001729640186119
S05725,0.001765185538371938,0.0171771423041563
S05727,0.0007283578243759235,0.0
S05728,0.0011907504996992123,0.0
S05729,0.0019583457824796898,0.0
S05730,0.0005382598391669856,0.0
S05731,0.0007798676420832481,0.0034498795665785
S05732,0.0007203694430745507,0.0
S05733,0.003040439093047172,0.0
S05734,0.0014706132930146704,0.0
S05735,0.002009474239121378,0.0051083861816612
S05737,0.000885288170375452,0.0017050386120917
S05739,0.002744122677037015,0.0
S05740,0.0016472382583986277,0.0085020048993444
S05741,0.003124517883743042,0.0067940029595606
S05742,0.0035865529675292817,0.0085383745821006
S05743,0.002778099249093117,0.0070337073086162
S05744,0.004161173428656574,0.0035164430859795
S05745,0.0017851560083444937,0.0034524677850717
S05746,0.0019287532875565492,0.0086874746542489
S05747,0.002599570281315696,0.0017579603415465
S05748,0.003068623124646168,0.0052460469927589
S05750,0.002064584318387592,0.0104721970542995
S05751,0.002634971953095468,0.0
S05752,0.002544850287698775,0.0017171800931492
S05754,0.0015634318342680562,0.0
S05755,0.0028233248802347287,0.0017319547391787
S05756,0.0007288943370652984,0.0
S05757,0.001367902199618895,0.0017240781212058
S05758,0.0028966753249680616,0.0034109197473036
S05761,0.003544500544400571,0.0
S05762,0.0017674329443661749,0.0017582775248263
S05763,0.0028608556256566045,0.0
S05764,0.0018419956136128514,0.0
S05765,0.004546281687241531,0.0017440432326209
S05768,0.0026872108707399096,0.0102453102453102
S05769,0.0007645671873628458,0.0052794833117338
S05770,0.001347612909723713,0.0017529936687653
S05771,0.002529424993689939,0.0120279904025003
S05772,0.0016410773478198215,0.0
S05773,0.002864634820635491,0.0
S05775,0.00223096220096115,0.0017287918631993
S05776,0.0014243681367535786,0.0017421358515433
S05777,0.005171548613912451,0.0017171266976924
S05781,0.0017118123505905347,0.0
S05782,0.003230346302554735,0.0086408033686963
S05784,0.0005016054731532956,0.0
S05785,0.0025006512189576884,0.0017600895272902
S05786,0.0009251293725404446,0.0
S05787,0.004459872118254108,0.0
S05788,0.0024484894566046975,0.0
S05791,0.004051543148546195,0.0035120448298036
S05793,0.00435658850889626,0.0
S05798,0.0034358915383201757,0.0068988971481319
S05799,0.0023370255732944197,0.0034453953365846
S05803,0.00215933216438362,0.0140109028504575
S05805,0.0016740700051881448,0.0017613245727813
S05806,0.0016940648581921535,0.0
S05807,0.0022855109592507202,0.0
S05808,0.002382605971619136,0.0034993592722459
S05810,0.0029611950761097737,0.0034887842955568
S05811,0.002534611842345942,0.0017305074182013
S05812,0.0027751656462505327,0.0034090948064464
S05813,0.002451575930967329,0.0
S05814,0.0010394706062029277,0.0086268546869684
S05816,0.002052267915272491,0.0070461972509906
S05817,0.0012317155834446834,0.0052340031172332
S05819,0.0024459440510781146,0.0085040124565816
S05821,0.0029567755785395696,0.0
S05824,0.002211574785008181,0.0
S05826,0.00122780052687213,0.0052008664622597
S05827,0.0021884798284950687,0.0
S05828,0.0014778744712872901,0.0
S05829,0.002676324328388409,0.0
S05831,0.00229755267290402,0.0052573677195506
S05832,0.0010258722449724908,0.0
S05834,0.0030586532870880557,0.0
S05835,0.0033726441217112745,0.0
S05836,0.0020808964603909194,0.0
S05838,0.003970107751490088,0.0
S05839,0.0036436791730216256,0.0
S05843,0.0034095177960263338,0.0
S05844,0.002048061549593036,0.0
S05845,0.001290608711463945,0.0
S05846,0.002220599181642963,0.0
S05847,0.0008035735909736784,0.0
S05848,0.0030064727086983665,0.0
S05849,0.0015741549073685123,0.0
S05850,0.00024416597211611516,0.0
S05852,0.0014363553685218043,0.0
S05856,0.0020706220053124686,0.0
S05857,0.0007528136439349062,0.0
S05858,0.0004949425377029916,0.0
S05859,0.00259142041293161,0.0
S05860,0.0009641673395888472,0.0
S05862,0.00021672961479808487,0.0
S05863,0.0016643504145160888,0.0
S05864,0.0038009607173149183,0.0
S05865,0.002295743866529509,0.0
S05866,0.0017326644852667164,0.0
S05867,0.0027653614337247844,0.0
S05868,0.002000776727362418,0.0
S05870,0.0029471553374417554,0.0
S05872,0.001914283988017258,0.0
S05873,0.0015506851711242818,0.0
S05878,9.395128992779359e-05,0.0
S05879,0.0009629989059791365,0.0
S05880,0.00013731371670038214,0.0
S05883,0.0009455064459816807,0.0
S05884,0.0006654025700114274,0.0
S05886,0.0011699893449058322,0.0
S05887,0.00031149294579652944,0.0
S05890,0.0024187265469913792,0.0
S05891,0.001960845212267797,0.0
S05892,0.0031422178665382163,0.0
S05894,0.0023312015474685438,0.0
S05899,2.1808022989417524e-05,0.0
S05902,3.9695947963597883e-05,0.0
S05904,0.0006276958864539695,0.0
S05909,1.8150425039411267e-05,0.0
S05910,1.0312805544715171e-05,0.0
S05911,0.0005272386496068583,0.0
S05912,0.00030678648391581353,0.0
S05913,0.0028064890993346856,0.0
S05914,0.001587321979406277,0.0
S05915,5.919294165624534e-05,0.0
S05917,0.001065878703816974,0.0
S05918,0.0005193163581684843,0.0
S05919,4.205335392439732e-05,0.0
S05920,7.016105902323763e-05,0.0
S05925,0.0020948655145589523,0.0
S05927,0.000663591776000267,0.0
S05933,0.00014121274350203535,0.0
S05934,0.000354480067088878,0.0
S05935,0.004184959009398269,0.0
S05936,0.0002711873211366516,0.0
S05937,0.00043591513666126454,0.0
S05938,0.00014742143333220035,0.0
S05939,0.00011109222688517097,0.0
S05942,0.0007563845579965916,0.0
S05943,0.002181539823882785,0.0
S05944,0.004089853372342094,0.0
S05946,0.00152147248691725,0.0
S05947,0.0006179608086458435,0.0
S05949,0.00039204500875629305,0.0
S05950,0.00021789448765539572,0.0
S05951,0.00013996994037780355,0.0
S05952,0.0004972177987665976,0.0
S05953,0.00042406709591429086,0.0
S05958,2.8985465232787114e-05,0.0
S05961,0.0010355906314125597,0.0
S05963,0.0015188873189550124,0.0
S05964,0.00041778089425937166,0.0
S05966,0.0016142350823669682,0.0
S05967,0.0008933869251962464,0.0
S05969,0.0025123027418424903,0.0
S05970,0.0021196006131013094,0.0
S05971,0.00011114295264495991,0.0
S05974,0.00011827018494034704,0.0
S05979,5.3765974258018564e-05,0.0
S05980,0.0001597694101963847,0.0
S05981,9.484066675377843e-05,0.0
S05982,6.93928484986469e-05,0.0
S05983,1.2123760880391046e-05,0.0
S05986,5.313126516696523e-05,0.0
S05988,0.0009862783635574317,0.0
S05989,0.0006090018660525796,0.0
S05990,0.0007790572780705274,0.0
S05991,0.00034256485689304085,0.0
S05993,0.00011940169129982563,0.0
S05994,6.741663162479838e-05,0.0
S05996,0.003118703693284611,0.0
S05997,0.00014970589859376667,0.0
S05998,0.00031214515014212665,0.0
S06000,0.00021092032358880968,0.0
S06001,0.001271582653390719,0.0
S06002,0.0031184563031073456,0.0
S06005,0.0015988723605311213,0.0
S06006,0.003791307388483787,0.0
S06011,0.0019264967022312289,0.0
S06013,0.0016293347503762929,0.0
S06014,0.001916682737796336,0.0
S06016,3.357931628891055e-05,0.0
S06017,0.0003359507959241441,0.0
S06020,0.0011031723673315006,0.0
S06021,0.0002905875459688916,0.0
S06022,0.0001636698903899873,0.0
S06025,0.0003380308281173474,0.0
S06027,1.726996568985001e-05,0.0
S06029,0.00019145861754047712,0.0
S06030,4.9434097842638256e-05,0.0
S06033,2.968353359081096e-05,0.0
S06035,0.0020055983730234493,0.0
S06036,0.0025485585138393346,0.0
S06038,0.003153064205770628,0.0
S06039,0.003737232206602191,0.0
S06040,0.0020905073116594336,0.0
S06041,0.0014166115482641768,0.0
S06042,0.002895321454394697,0.0
S06044,0.0008066238006183857,0.0
S06045,6.32555436137549e-05,0.0
S06046,0.00031742527940235426,0.0
S06047,0.0004294756019627199,0.0
S06048,0.0002692023172794408,0.0
S06049,0.0014695347481102274,0.0
S06051,4.546125340658375e-05,0.0
S06052,0.0002959375378403475,0.0
S06055,0.0010556552041073263,0.0
S06056,0.002415309637225493,0.0
S06059,0.0030094929709043768,0.0
S06061,0.00025848952829362866,0.0
S06062,0.001738758706430068,0.0
S06065,0.0021779238443632586,0.0
S06066,0.002636816290633896,0.0
S06069,0.0033682520356588235,0.0
S06071,0.0034671169409298437,0.0
S06075,0.00035603570078314255,0.0
S06076,0.00011137301237116768,0.0
S06077,0.00035076555312554066,0.0
S06079,0.00018037247839640342,0.0
S06080,0.0021593250943865,0.0
S06082,0.0002626504147370082,0.0
S06083,0.0006954138842869488,0.0
S06084,0.000446426001449676,0.0
S06085,0.0010574050767075546,0.0
S06086,0.0006960218517675463,0.0
S06087,0.00013694927003057137,0.0
S06091,0.0020709365990156745,0.0
S06095,0.0005115105635264243,0.0
S06096,0.0020996871622737463,0.0
S06097,0.003110503242735088,0.0
S06098,0.0018973916384662948,0.0
S06100,0.0010574106519154521,0.0
S06102,0.0009664770810584957,0.0075933276497963
S06103,0.0006720334474515474,0.0
S06104,0.0007461679063804714,0.0030384730602987
S06105,0.0021925433356550996,0.0
S06108,0.0021837624064010297,0.0
S06109,0.002596082205342975,0.0060498718814858
S06111,0.002963241285644751,0.004533637400228
S06113,0.004169100960824479,0.0
S06114,0.0014205076958526677,0.0015154148486262
S06115,0.0015822283374265136,0.0105845700759995
S06116,0.0021913901787146816,0.0045407617881647
S06118,0.0023617103728476125,0.0015491118321598
S06119,0.0008885105998983312,0.0091795648479923
S06120,0.0012967922033587224,0.0077858194692483
S06122,0.003847182741967104,0.0092705719961574
S06124,0.0007356080980094608,0.0
S06125,0.0005670025878913324,0.0
S06128,0.0008227525954085968,0.0
S06130,3.856602173391516e-05,0.0090497737556561
S06132,0.0017666591154557136,0.0135679900992801
S06134,0.0018929454156376823,0.0
S06135,0.00016198522027518306,0.0046536016254833
S06137,0.0006057520354854417,0.0
S06138,9.474652132274318e-05,0.0
S06139,0.002259586387306167,0.0015205751873948
S06141,0.001033496164689171,0.0075673832080223
S06142,0.0004699277921452397,0.0015246193819923
S06143,0.00020856300533785287,0.0
S06144,0.0015238845799279256,0.003054467235154
S06148,0.0025026761753952414,0.0
S06149,0.0037519565984484504,0.0045638619271067
S06150,0.0021599623662010457,0.0074638072926052
S06151,0.001558779174311913,0.0015301959697655
S06155,0.0012961277826105302,0.0046119297724657
S06156,0.002738028713608121,0.0108109283911946
S06158,0.0015330352426349229,0.0
S06159,0.00014733824576224487,0.0044989182681427
S06160,1.0312118929532977e-05,0.0
S06163,0.0014830467740081848,0.0
S06164,0.0029059788974172755,0.0107952288749875
S06165,0.00027583068551996503,0.0045999352121801
S06167,0.0020999723383852897,0.0077404202565396
S06168,0.0009287675052343145,0.0077303071591665
S06170,0.00045136189545501353,0.0061551798872995
S06172,0.0023772149072895854,0.013910788091395
S06173,0.001990680981712677,0.003107201580484
S06174,0.0014307820462762405,0.0
S06176,0.0014711026341583393,0.0106560565545927
S06177,0.0010408445149186346,0.0
S06178,0.0014460821224996485,0.0076934746332054
S06179,0.00109022427298568,0.0076954044345348
S06180,0.0017218419020961209,0.0059695397328721
S06182,0.0031752906779644124,0.0030709152810474
S06185,0.000775710771040787,0.0062204115859859
S06187,0.0003490085268567372,0.0
S06188,0.0004384478905945585,0.0078053346399809
S06193,0.0011820348516921799,0.0031228106552561
S06194,0.0018662499459123493,0.0045328931167516
S06196,0.0024954701940481166,0.0077209400594061
S06199,0.003284240669770111,0.0151815060542746
S06200,0.002196388011746553,0.0106968478274237
S06201,0.0007493014384472636,0.0106604646602072
S06204,0.0005962921488581536,0.0120381976613923
S06205,0.00031017746457681725,0.0124424583243363
S06206,0.00028928338755443943,0.0061031393713889
S06207,0.0005235462915860064,0.0015595239215907
S06209,0.0024126125123541866,0.0029856305267204
S06210,0.0023736306636429555,0.0
S06213,0.0037787584860667044,0.0075413408109445
S06214,0.0037908440113963286,0.006193030659863
S06216,0.004911576217829823,0.0015199752889329
S06218,0.0029666645256380495,0.0015324890767755
S06219,0.002624353422888573,0.0
S06221,0.003920570119132327,0.0059882043218689
S06224,0.0016112179184712041,0.0093518614343911
S06225,0.0026069224612818337,0.0061212361941183
S06227,0.00299190753248985,0.0134988320929979
S06228,0.001670532151259451,0.0076267467091431
S06229,0.0026186229520715892,0.0015494740517655
S06230,0.004223250840732836,0.0150910625686992
S06231,0.0011156701218282886,0.0030249083245842
S06234,0.0025315256824135325,0.0090859232175502
S06236,0.0025969739918700967,0.0109013768511032
S06237,0.0024774473888629846,0.0045106776907508
S06238,0.0018550459114043676,0.0030865060068871
S06239,0.0007082022066583034,0.0046717112374864
S06240,0.002886386810565562,0.0075093451307109
S06245,0.005900485563458065,0.0031219573479066
S06247,0.0037585931480396645,0.0124220497631812
S06248,0.00228616019803748,0.0090325042936199
S06249,0.003706757196882138,0.0015583943207971
S06252,0.0012945374057724414,0.0015009437523593
S06253,0.0036980607492010796,0.0
S06254,0.0035694113846699614,0.0015470576333442
S06256,0.0021772295810510087,0.0105498091088004
S06257,0.0029068316965882336,0.0136087329548566
S06258,0.002287294762526891,0.0077852340582843
S06259,0.0023736771484619626,0.0061573532053545
S06260,0.003291114500185226,0.0015125784440832
S06261,0.0024380185329091085,0.0062120729199867
S06263,0.0019044536036241042,0.0061002178649237
S06265,0.0023886217274511025,0.0154969146484819
S06267,0.0016922006933513226,0.0046075259347159
S06269,0.0025397230999226216,0.0
S06270,0.004122443353881472,0.0135600927652221
S06271,0.00104892987490714,0.0029995775242923
S06273,0.006301033276590519,0.0029931284515829
S06276,0.002484010354808526,0.0045509069765312
S06278,0.0009064735717652981,0.0045668394163266
S06279,0.004237301265812139,0.0061675539505851
S06280,0.0007386760205179306,0.0061573532053545
S06281,0.0014159780729283335,0.0046598846748863
S06282,0.0038894503384170756,0.0074938556415011
S06283,0.0012158523790197736,0.0030170307439682
S06288,0.0025735985426757002,0.0121239842046684
S06292,0.003416478004109309,0.0
S06295,0.001679199190049017,0.0045190445448676
S06296,0.0008072745731402687,0.0030862760074641
S06300,0.0026645795580151534,0.0089958821666138
S06301,0.003624823172863091,0.0059951387506709
S06305,0.004506577969730489,0.0060879444612873
S06307,0.0037875481026928715,0.0
S06311,0.0016283514977522067,0.0060516398482828
S06312,0.004426831548365723,0.0061680706163416
S06317,0.0009339760077770214,0.0015570321776207
S06318,0.0032293834087907232,0.0124662164280652
S06320,0.0031581798712625266,0.0090108874001686
S06321,0.0020531237000596452,0.0030701754385964
S06324,0.003571621049131811,0.0015286992522599
S06327,0.0029102292562691997,0.0119691619479389
S06328,0.003490544439747465,0.0046329526916802
S06330,0.0032099595506813183,0.006117393645665
S06331,0.0036700300664179266,0.0105595114518645
S06334,0.00036073427479413523,0.0060393958173842
S06338,0.003772367570115826,0.0060169127305524
S06339,0.0010090804804960638,0.0
S06340,0.0008403625768578207,0.0077685139161125
S06341,0.003297471382995119,0.0045881723011022
S06342,0.0021833418108152124,0.0105811898744187
S06343,0.0036939422331449196,0.0031062694141838
S06344,0.001578462395371553,0.0014996394227142
S06345,0.0029115173543794413,0.0060804032396192
S06346,0.0004699627072502349,0.0045229103153296
S06347,0.0024782620149968854,0.0139754609277606
S06348,0.0019172054462215696,0.0014962668593448
S06349,0.002842582107609407,0.005988745496391
S06352,0.004121348387793821,0.010530935948662
S06353,0.0023413521595575582,0.0062008540210417
S06354,0.00032303691666404265,0.0045969994635292
S06355,0.0034322748466835817,0.0
S06360,0.0026692042722557528,0.0045436676631652
S06364,0.0019224672392242556,0.0
S06365,0.0029080611832046164,0.0199685374228502
S06367,0.0015497350304411101,0.0060987581603102
S06369,0.0024752771180863824,0.0045628982207451
S06370,0.004110270173620157,0.0030757329620174
S06371,0.0061406849928816246,0.0093428077299045
S06372,0.0028101456805775357,0.0515195778165198
S06373,0.0028782107236558128,0.0092273701994931
S06375,0.0013236795074216712,0.0045319837687502
S06376,0.0014387724491144655,0.0092972790960874
S06378,0.0009104307544681912,0.0015335814217564
S06379,0.007864557764125766,0.007685479855383
S06380,0.0020144439071651792,0.0015402542504199
S06381,0.0007030720416482493,0.0015329995897606
S06383,0.0009648516935615878,0.0031087758804028
S06384,0.0005181933705769091,0.0046704819899824
S06385,0.0007553085604467176,0.0015230215276181
S06386,0.0020848492616742558,0.0015596560597502
S06387,0.0014226956996808435,0.0
S06388,0.0012939189519415176,0.0045494905852091
S06389,0.0006951310717394396,0.0046203331845902
S06390,0.0006306855534449052,0.0140318846580963
S06391,0.0035783562649971696,0.0030705168600412
S06393,0.0005713531810146848,0.0075497952288939
S06394,0.0019922516654050553,0.0015250544662309
S06395,0.002997353481039363,0.0
S06397,0.0020104522473105182,0.0
S06399,0.001620449757715628,0.0030144231352426
S06400,0.0008273409303906597,0.0031000789054288
S06401,0.0006373433927769124,0.0060474978021543
S06402,0.0007955232616958915,0.0077499072194206
S06403,0.0007958415624221423,0.0059771856715915
S06404,0.0013166558583573777,0.0077672755460535
S06405,0.0017438407573398726,0.0015556139823717
S06406,0.0026049849859739746,0.001555833122028
S06407,0.0005325553293891047,0.0
S06408,0.002212141526708061,0.0
S06410,0.0016386333837121424,0.0
S06411,6.972020225279264e-05,0.0015452826903464
S06415,0.0005255895899560965,0.0
S06416,0.0023821816994399623,0.0
S06417,0.002250902891528393,0.0
S06419,0.00116217167211877,0.0
S06420,0.0012337718619886073,0.0
S06422,0.00044237724318181776,0.0
S06425,0.0014271266049122946,0.0045060155761262
S06428,0.0021206247858514353,0.006075497530683
S06430,0.005223347971442183,0.003109884677717
S06431,0.003208331076336805,0.0091889843121666
S06432,0.0037253739564850003,0.0061967370501287
S06433,0.0024001761073053182,0.0015509391451423
S06434,0.0019654624579604715,0.001555234286501
S06435,0.002012428612314318,0.009144097733294
S06436,0.0013123901522813417,0.034677223637908
S06438,0.0020963277833058102,0.0105655724511581
S06440,0.0004483924014854108,0.0
S06441,0.0014289325960020044,0.0046086795252225
S06447,0.003034338896371261,0.0046353292296213
S06449,0.001613738787878981,0.0030716554801547
S06450,0.002424501282913956,0.0015473899858648
S06451,0.000635874452735519,0.0
S06453,0.003728183298716587,0.001502986315869
S06455,0.004183043900464419,0.0061626212839827
S06456,0.0032443716650563045,0.0045050353060614
S06457,0.0031472133818651435,0.0061795168289256
S06458,0.00311463714775513,0.0030929310655987
S06460,0.00031730149861342277,0.0089694191534095
S06461,0.0024634462148317663,0.0167195747778165
S06462,0.003352211027237988,0.0061791710959014
S06463,0.0015338504795635577,0.0
S06464,0.0009563066356037641,0.0
S06465,0.002750478239927151,0.0106414868105515
S06466,0.0016217108682433214,0.004519907601084
S06470,0.0024320128788548664,0.0015524942991909
S06472,0.0005776781489292904,0.0092254861014432
S06476,0.0003257377489715131,0.004671491681549
S06477,0.0005330920167268811,0.0015587462285868
S06478,0.003323396948383829,0.006022326229533
S06479,0.0011707378750096971,0.0076783556886264
S06482,0.00235991286056687,0.0165809866096477
S06483,0.0027242892783284024,0.0
S06488,0.002549518223337612,0.0031064732777668
S06489,0.001887316310334846,0.0045564560489933
S06490,0.0009757371921827241,0.0015050754657557
S06493,0.0005629305103756719,0.0107002036083584
S06494,0.0014991836068377912,0.0108077042559801
S06495,0.0026171710410702073,0.0104687622245894
S06496,0.0024683957027859357,0.0077658191454786
S06498,0.0016441379735775649,0.0030783905653832
S06499,0.004554844352095546,0.0166118206154304
S06501,0.0034616474125071985,0.0093513335528482
S06502,0.002001165831091883,0.0093292162144405
S06503,0.0023724613376135037,0.0199598393574297
S06505,0.00460356969682657,0.007530303030303
S06506,0.003552649678046311,0.0030479204229066
S06507,0.004106250863705044,0.0031218396869366
S06508,0.003114254206323071,0.0091066504200602
S06509,0.0046222172176879186,0.0046052631578947
S06510,0.002554823132605131,0.0030400621469444
S06511,0.0016278460825671732,0.0076579824837133
S06513,0.003660440354774766,0.0030392255784159
S06515,0.0023635180825677046,0.0229977603790697
S06516,0.0013516920149551678,0.0015272195385768
S06518,0.002827678152186879,0.0155700291037364
S06520,0.002088687774829622,0.0046482917294076
S06524,7.65244525973336e-06,0.0015196127892079
S06525,0.00259680723379783,0.0045488243531425
S06526,0.001120630332395465,0.0
S06528,0.00228361705872148,0.0092905010701834
S06530,0.0003018436321891551,0.0061136123207124
S06531,0.0031760409924422367,0.0045779448067499
S06532,0.003035786276371001,0.0015110057156755
S06533,0.003672355280667175,0.0
S06534,0.0025246893991619085,0.0061078083475428
S06536,0.003424738172398192,0.0015385520275143
S06538,0.0030010697083631263,0.0030227833935457
S06540,0.0026939762604208427,0.0124880647268706
S06541,0.0044912121625433205,0.0030339935474221
S06543,0.00281240457887443,0.0015119434405383
S06544,0.0038933901503425904,0.0092427285576136
S06546,0.003074187503639418,0.0
S06549,0.004214245348779785,0.003108834218444
S06553,0.00369899640897772,0.0015387663861591
S06557,0.0005210581478869214,0.0093555582745865
S06559,0.004745352562368363,0.0089553583494752
S06560,0.002251760142409054,0.0092243731323892
S06561,0.004359763759362985,0.0077553491623598
S06562,0.0034476516486857227,0.0
S06563,0.004166306448218549,0.0031055124407953
S06564,0.0027659626591375118,0.0
S06565,0.0023231815060234164,0.0120160415363367
S06566,0.0025453022577004774,0.0031116370215936
S06567,0.002991883333938957,0.0
S06568,0.002687713104050517,0.0
S06572,0.0007299106339201626,0.0
S06573,0.002280628846599211,0.0
S06576,5.301547228309214e-05,0.0061757734472807
S06577,0.0017255494746763354,0.0060438574890021
S06578,0.0023799678438649547,0.0061741623109007
S06579,0.001808679071486235,0.0
S06580,0.0032644881818556497,0.0030958498793116
S06581,0.0037588196456276235,0.0091741425776202
S06582,0.0036835066916570697,0.0092436740349474
S06583,0.003896178754402231,0.0030750478736074
S06584,0.0012103770815277079,0.0
S06586,0.0012790833462785354,0.0
S06587,0.0006952693448043835,0.0
S06590,0.0012212479415097965,0.0
S06595,3.7754865851492594e-05,0.0
S06596,0.0001495819780887156,0.0
S06598,4.332472899805536e-05,0.0
S06600,6.508589700570087e-05,0.0
S06602,0.0003273119504978757,0.0
S06603,3.292451015910306e-05,0.0
S06606,0.00026750119074444786,0.0030052092308901
S06609,0.0017823639427926958,0.0090600020052318
S06611,3.9089902115828976e-05,0.0
S06612,0.0010127758114934966,0.0045724274345646
S06615,0.0019675245882131123,0.0413994169096209
S06616,0.0010469774063737564,0.0
S06617,0.0023527271775983702,0.00156061105616
S06618,0.0023325509558570975,0.0015078563258668
S06619,0.0025259191686363186,0.0062135291157597
S06621,0.0016547000827410758,0.0046708331375405
S06622,0.0006383684998665324,0.0411711645373881
S06625,0.002489436947864027,0.0
S06626,0.0022076827713753727,0.0046404795473431
S06628,0.0034994677051280385,0.0
S06629,0.002009577108856238,0.0015072938464804
S06630,0.002615741749462139,0.0077864781618271
S06632,0.0025379336157950426,0.0091310778162577
S06634,0.001066583916614172,0.0015047063703273
S06635,0.002407740948095519,0.0030084290491971
S06636,0.0011019313201774475,0.0107755683578021
S06637,0.0029038960739524106,0.0077459213126609
S06639,0.0014909584299490522,0.0
S06640,0.002994025024009988,0.0044996514354521
S06641,0.0024730150653079317,0.0076556468482456
S06642,0.003760806849679583,0.0061767520475249
S06643,0.0050928629540284605,0.0030082651631393
S06644,0.0018372070682762419,0.0076093713158853
S06647,0.003340700364274103,0.0123768078046107
S06649,0.001364871416360809,0.0061776157759153
S06650,0.002183288439642458,0.0074675080760273
S06653,0.002366209457496989,0.0
S06654,0.0029357247046715162,0.0015446055350954
S06655,0.0014769281722483703,0.0121967305645282
S06656,0.001687586434837558,0.0061388719050883
S06657,0.00204804189889687,0.0
S06660,0.0014079158933960297,0.0
S06663,0.0022551135192905715,0.0060895109093526
S06667,0.002525297246296781,0.0015185402458996
S06670,0.0018553179238870333,0.0
S06672,0.0010708136414090915,0.0022487364996629
S06674,0.0021485832724197186,0.0
S06675,0.00216198243952695,0.0022975434314296
S06676,0.0021217413167365887,0.0022783011299823
S06678,0.0030955943308432566,0.0
S06680,0.002922871415669029,0.0
S06682,0.0014899706099087435,0.0046147989266181
S06683,0.002625750351021341,0.0
S06684,0.0033089015642797045,0.0069141092345788
S06686,0.001281970887613541,0.0
S06689,0.005366724904430071,0.0
S06691,0.004020393194205221,0.0
S06692,0.003526298212731467,0.0
S06694,0.0004086414333256051,0.0
S06698,0.003218022609528352,0.0
S06699,0.0018087152607087068,0.0
S06702,0.003753446780257013,0.0
S06704,0.0019833825155244162,0.0
S06705,0.0017088012861264006,0.0
S06707,0.002531638138924107,0.0090142786536621
S06709,0.0007936973747234246,0.0
S06711,0.0011079915544506473,0.0068702395598623
S06715,0.0028618798748336746,0.0045848497008777
S06716,0.0022779651871629187,0.0
S06718,0.002076719097834957,0.0
S06719,0.0004471243227945499,0.0022823815756239
S06720,0.0007049866579344579,0.0
S06722,0.0010761021933668963,0.0
S06723,0.0018271241972071927,0.0
S06724,0.0030737929824452936,0.0
S06725,0.00044233847054271744,0.0
S06726,0.0017856308077610302,0.0
S06728,0.0003737748763244529,0.0
S06732,0.000675652981562942,0.0
S06733,0.0014664276741991728,0.0
S06735,0.0007859736318847059,0.0
S06737,0.0009641954137747279,0.0046867338086077
S06739,0.00041508520237377273,0.0
S06742,0.001812898212232608,0.0
S06747,0.0005284953057401443,0.0
S06748,0.0002290907470331408,0.0
S06750,0.0005129551359596415,0.0023095546788231
S06751,0.0009089756791387962,0.0
S06752,0.001922309449855076,0.0067945370281761
S06753,0.0013028106173679757,0.0
S06755,0.00021648616874054438,0.0
S06757,0.0013921721900555508,0.0
S06758,0.0013027330159163027,0.0023101988072494
S06759,0.001007676884694416,0.0022536003192222
S06761,0.0030111433052713577,0.0
S06762,0.0024167365086828286,0.0
S06764,0.0021566404951102085,0.0
S06768,0.002466446469134798,0.0
S06770,0.0011891374051726134,0.0022615066093326
S06771,0.0020195406478895014,0.0
S06772,0.0007334055917055084,0.0045623118161122
S06773,0.0027396804623542603,0.0022469370224693
S06775,0.0016480596014862123,0.0
S06778,0.0008314460718291583,0.0
S06780,0.0011026173432366765,0.0
S06781,0.0018336676717601787,0.0045924755476088
S06782,0.0028807075116683446,0.0
S06787,0.0009950408343214578,0.0
S06789,0.0012148051689439116,0.0
S06790,0.0028727821294694924,0.0
S06794,0.001302995039916649,0.0
S06796,0.0008864488210007747,0.0
S06798,0.001546367775668206,0.0
S06805,0.001492136518363661,0.0
S06806,0.0006223784045350398,0.0
S06807,0.0021017903624199977,0.0
S06808,0.0028024397073977032,0.0
S06809,0.003467004913865041,0.0
S06810,0.0012776420284210254,0.0044955203089878
S06811,0.0016672394179605794,0.0022516706308755
S06815,0.001808563471173689,0.0
S06816,0.0001172719233503958,0.0
S06817,0.0015396936126128588,0.0
S06820,0.0023544610508047024,0.0
S06822,0.000312014763775464,0.0
S06824,0.0009455824707807138,0.0
S06826,0.0028009001373181276,0.0
S06827,0.0010821341089752288,0.0
S06828,0.0013971673523330915,0.0
S06829,0.001309460111995509,0.0022434985938635
S06831,0.004294574519747954,0.0045441661866491
S06832,0.0016784072907982744,0.0
S06833,0.0022224259701059805,0.0
S06834,0.001609236970229915,0.0069155523397386
S06836,0.000768439790796967,0.0022488280755099
S06837,0.002834996537385295,0.0022672013064918
S06838,0.0028608215683186707,0.0
S06839,0.0017923822386027488,0.0
S06841,0.0023874550254407404,0.002249713693378
S06842,0.0020883189672517306,0.0
S06848,0.0007462642724517992,0.0022529567223786
S06852,0.0018230551626132162,0.0022595325449974
S06853,0.001481180807193769,0.0
S06854,0.0022470927714248077,0.0
S06855,0.0007590643404552698,0.0
S06856,0.0011689857921368826,0.0
S06857,0.00016588575745386742,0.0022518236600063
S06858,0.0005061977509462819,0.0
S06861,0.0011726369921187623,0.0
S06864,0.0013025922299458464,0.0
S06865,0.0006915040721211679,0.0
S06866,0.0005361968176904016,0.0
S06867,0.0008506966668109405,0.0
S06869,0.0019247673928211647,0.0
S06872,0.0034670649671266485,0.0
S06873,0.002917358463897718,0.0
S06874,0.0009197226507345745,0.0
S06875,6.067161746960834e-06,0.0
S06876,0.00017164689509626348,0.0
S06879,4.109153037335444e-05,0.0
S06880,4.5662511239664546e-05,0.0
S06881,0.00024759269062905854,0.0
S06882,0.0006074007539411054,0.0
S06883,3.562481377001004e-05,0.0
S06884,0.00020597488742760134,0.0
S06885,6.397868201812346e-05,0.0
S06889,0.00013605148403657565,0.0
S06890,3.127275665737762e-05,0.0
S06893,0.00045147952961423806,0.0
S06895,0.00018500770757702074,0.0
S06896,0.00010665534078797548,0.0
S06900,0.00015501256651635588,0.0
S06902,0.00029820126581657405,0.0
S06903,0.0008816273896883533,0.0
S06904,0.0001180531728483042,0.0
S06905,0.00013300787123389878,0.0
S06906,1.3225857476500157e-06,0.0
S06908,0.00011578228868895237,0.0
S06909,0.0001215994088048699,0.0
S06911,0.0003066290622779725,0.0
S06912,2.266698326650026e-06,0.0
S06914,3.377441654786182e-05,0.0
S06916,0.0014709442070151239,0.0
S06917,6.964892893938399e-05,0.0
S06920,0.0013365216032250272,0.0
S06921,0.0011730024135965078,0.0
S06923,0.002535531064772707,0.0
S06924,0.0026070277351348046,0.0
S06925,0.0015995798503978275,0.0
S06927,0.0007320433573752348,0.0
S06928,0.0029532235493217422,0.0
S06930,0.0005965612885366125,0.0
S06931,0.0025594626050506803,0.0
S06933,0.002562084362775257,0.0
S06934,0.0045818870551828745,0.0
S06935,0.0026010839301286604,0.0
S06938,0.0026606179475296347,0.0
S06939,0.002246193652823082,0.0
S06942,0.002330275177436254,0.0
S06943,0.003530397962646033,0.0
S06946,0.0018326873186989732,0.0
S06947,0.0003602346048278438,0.0
S06949,0.001424524335742029,0.0
S06950,0.0016692225048336204,0.0
S06951,0.0021179220667535137,0.0
S06954,0.002687140889669133,0.0
S06955,0.0013092197730102612,0.0
S06957,0.000639937469625177,0.0
S06959,0.002927846507914821,0.0
S06962,0.0010284207639328744,0.0
S06964,0.0032435150090955505,0.0044857822364828
S06967,0.002974357773045711,0.0022461144930876
S06968,0.0023183991245806397,0.0
S06970,0.0019801844912617863,0.0023131664316266
S06971,0.0016421734804252422,0.0
S06972,0.003399657888558427,0.0
S06974,0.003817234264932397,0.0
S06976,0.004315747170318042,0.0137560719079976
S06979,0.002894812664125519,0.0
S06980,0.004117229806043996,0.0
S06981,0.003571412280580539,0.0
S06982,0.001257023333211357,0.0
S06983,0.0020973917166445997,0.0
S06984,0.0024210487035183875,0.0
S06985,0.003054111250621151,0.0
S06986,0.003276653025455725,0.0
S06987,0.0030642490319036046,0.0045040146448443
S06988,0.001281339280816228,0.0022570390554041
S06990,0.003933833532021628,0.0
S06991,0.002211225930304254,0.0
S06993,0.0033657318630497205,0.0
S06994,0.0028757370336780497,0.0
S06995,0.004555542919390598,0.0022539682539682
S07000,0.001620483427379357,0.0044834756408348
S07002,0.0013539366133482745,0.0
S07003,0.0015145196075528346,0.0
S07005,0.004248766020772095,0.0
S07007,0.0023217325877598408,0.0
S07009,0.002453276642280459,0.0
S07012,0.003720627412378167,0.0
S07015,0.0026560821077909386,0.0022454142947501
S07016,0.0026578058218196298,0.0
S07017,0.003539146852591938,0.0
S07022,0.002673098175126812,0.0
S07024,0.0031057716775346514,0.0046263974606011
S07025,0.002457287394622294,0.0
S07028,0.001789065717053218,0.0
S07029,0.0008848168422699982,0.0
S07031,0.0032707419149190695,0.0
S07032,0.005435282461465001,0.0
S07034,0.0019005101102459805,0.0022487059760379
S07035,0.0030264047774621558,0.0022490112495814
S07036,0.0006450676162955528,0.0022609819121447
S07037,0.0024209726182811055,0.0
S07038,0.003646174435836043,0.0
S07040,0.0035941768108944325,0.0
S07041,0.0001770605488235695,0.0
S07042,0.0006377187658117037,0.0023012135776231
S07043,0.004311725641012852,0.0022915369896488
S07044,0.0036159883943913578,0.0022697173128739
S07045,0.002592906806784592,0.0
S07047,0.0028045881510184796,0.0022579619281268
S07048,0.0005233251110982521,0.0023085569893072
S07049,0.0029498488389773227,0.0
S07050,0.0032579210123502935,0.0068954991952938
S07054,0.004498359502044676,0.0044992440907815
S07055,0.0018427376690536735,0.0022764540449427
S07057,0.0022313844578016285,0.0
S07058,0.0025092119857713117,0.0044900374470929
S07061,0.0029246975077245984,0.0
S07062,0.0008454691879319527,0.0
S07065,0.0001611335329829103,0.0
S07067,8.462468980608101e-05,0.0
S07070,0.0003180005835956323,0.0
S07071,0.00016662600460640625,0.0
S07072,0.0006602131336464121,0.0047209240472662
S07073,0.00032025224726042365,0.0
S07074,0.0006536383585229391,0.0
S07075,0.002221003858395081,0.0
S07076,0.0016541511625648756,0.0022619080127067
S07079,0.00120473213642096,0.0
S07081,0.0018348922144248833,0.0046081240206577
S07084,0.00337774415849043,0.008981535444988
S07085,0.0007600416091244191,0.0
S07087,0.0022515194772033194,0.0067495993698563
S07088,0.002067555389908988,0.0022779252088862
S07089,0.002401408809024029,0.0
S07090,0.0013637795639255344,0.00459897749092
S07092,0.0019742482264225674,0.0022996164221299
S07093,0.002328427232378272,0.0
S07094,0.0024734216469857765,0.0
S07095,0.002161244051102748,0.0
S07096,0.0028617429997385333,0.002272207744708
S07097,0.004585272468246178,0.0022901748274304
S07098,0.0027421496423491063,0.0
S07099,0.00038964400212406554,0.0
S07100,0.003926638972360761,0.0
S07101,0.00040270636853202317,0.0022962377738044
S07102,0.001872580663331317,0.0
S07103,0.00040462958816306994,0.0022546737981499
S07105,0.001430540271394227,0.0
S07106,0.003509570430403718,0.0022536922916468
S07110,0.0027189551231058423,0.009092322750016
S07111,0.001182292596504053,0.0092386051007509
S07113,0.002355838216996464,0.0
S07115,0.0029045465085111907,0.0023016611788024
S07116,0.004387505880447846,0.0
S07117,0.0020940662222136436,0.0
S07119,0.0018134328130811894,0.0
S07123,0.0012987440696508585,0.0
S07125,0.004081624419457136,0.0
S07127,0.0014954576146406478,0.0
S07128,0.003659379887842918,0.0
S07129,0.0015989676311856079,0.0
S07130,0.0025289097102185708,0.0
S07131,0.003299273943618614,0.0
S07134,0.003249493474823573,0.0
S07135,0.003883810207160268,0.0
S07137,0.0015714037526238617,0.0
S07138,0.0027447175404534518,0.0
S07139,0.0022153645481717433,0.0
S07140,0.00037549840887384406,0.0074602781467888
S07142,0.0017962344897569178,0.0
S07143,0.0019871035167282453,0.0
S07144,0.0023845508710290957,0.0
S07145,0.001921715029158809,0.0
S07146,0.002334429992519413,0.0
S07147,0.00015916722308109525,0.0
S07148,0.0015473786218797043,0.0
S07150,0.0007042149585674062,0.0
S07151,0.001138702359353527,0.0
S07153,0.003248159970683142,0.0
S07154,0.002618315953034677,0.0
S07155,0.0023051141275893944,0.0
S07156,0.004651272241919852,0.0
S07158,0.001562541605020241,0.0
S07159,0.00041431259181916053,0.0
S07160,0.0020025804429272074,0.0
S07161,0.00046363444504394683,0.0074599422117152
S07162,0.0004641201098932794,0.0
S07163,0.00022996579462851495,0.0037254416934643
S07165,0.0006159058252877001,0.0
S07167,0.00018773548392066053,0.0
S07168,0.0022313742504649786,0.0
S07169,9.784953560139932e-05,0.0
S07176,0.0006345710224434209,0.0
S07178,0.00046465318256469804,0.0
S07180,0.0027031515649905673,0.018963842195943
S07181,0.001052367904072189,0.0
S07182,0.0015880954409294356,0.0028509149314518
S07183,0.0012647808037699487,0.012799601675709
S07185,0.0022736622965357804,0.0072605409322125
S07187,0.0012536811068708912,0.0
S07189,0.0019676878840849633,0.0
S07190,0.002242395034249334,0.0
S07191,0.0018690118033934727,0.0
S07192,0.0022565418524460963,0.0
S07193,0.0018680456534388586,0.0014886167246238
S07194,0.0027879024354038728,0.0074196823121939
S07195,0.00200663764135251,0.0057802627867961
S07196,0.003043365378201646,0.0029731726504009
S07197,0.004098500661949167,0.0
S07198,0.0010280653280037451,0.0074315978982185
S07199,0.001786026644835802,0.0
S07202,0.0017552859017189078,0.0104007844684807
S07203,0.0002355524677285352,0.0059003879178575
S07204,0.0006513481618193188,0.0132441507221659
S07206,0.001743240273646638,0.0029704804767113
S07207,0.0031191799219255152,0.0
S07208,0.0010710983263905508,0.0
S07209,0.0004993707841675266,0.0
S07210,0.0030083334489157997,0.0088168247013012
S07212,0.00032320582186845385,0.0
S07213,0.0012470423263372878,0.0
S07214,0.0013407002061416656,0.0
S07215,0.001822954506927568,0.0
S07221,0.002360577502731354,0.0
S07222,0.0030127023927886206,0.0
S07224,0.001983721789838206,0.0
S07226,0.0038185732220407487,0.0
S07227,0.003535971500893671,0.0
S07228,0.0027526995758938196,0.0
S07229,0.0015915034543731326,0.0
S07230,0.0013265860866493358,0.0
S07231,0.0019424506176687088,0.0
S07232,0.000788157537527739,0.008874683047034
S07233,0.0003886519495973349,0.0
S07235,0.003429956726283808,0.0
S07236,0.002402827669881092,0.0044269859084673
S07239,0.0028700448455545834,0.0072984768651499
S07241,0.0023925916117165545,0.0071416665229711
S07242,0.0029782163279882274,0.0044672952639479
S07243,0.0012114360313310395,0.0
S07246,0.0032901970547258965,0.0044197421076033
S07248,0.0010090453064775752,0.0057751245515418
S07249,0.0026111105855778412,0.0042667902919789
S07251,0.0007805120160197076,0.0
S07252,0.0043658213425093045,0.0
S07254,0.004098404644486518,0.0
S07255,0.0012281712545721187,0.0087896151669496
S07256,0.002415351780736586,0.0117493048229477
S07258,0.002627771837101344,0.0
S07259,0.0022039062462938233,0.0028996922358844
S07260,0.0032285638170483034,0.0100161225312374
S07261,0.0005195507654853791,0.0174344672752944
S07266,0.002392093833058956,0.0146465092977337
S07267,0.0009966516668704396,0.0
S07268,0.0020571362069817817,0.0028451863682942
S07271,0.00417403848009223,0.0
S07273,0.0021958954279340513,0.0056861735598649
S07276,0.002110798172332496,0.0071443151663604
S07278,0.003358139631953784,0.0119004860761918
S07281,0.0019169674520049607,0.0102352730043571
S07284,0.0032163432007523973,0.0014720168704388
S07285,0.001281117979401371,0.0156938057263588
S07286,0.0023454923692850737,0.0101130781081945
S07287,0.002113883293667194,0.0043320984964044
S07288,0.0032876095093706025,0.0102870254558787
S07289,0.0020891304942750595,0.0159093223914909
S07291,0.003328229093259532,0.0130708067782346
S07292,0.0028881200243340106,0.00143715553088
S07293,0.00537764769570675,0.0044588387281992
S07294,0.003912328383767349,0.0148390987860004
S07295,0.0033123748262302638,0.0028682646998565
S07300,0.0010643851212337738,0.0128136816775524
S07301,3.736461969949409e-05,0.0
S07303,0.0014790698339863303,0.0
S07305,0.00010357557813796958,0.0
S07306,0.001577991340806055,0.0
S07307,0.0016150749436282944,0.0
S07308,0.002596751688301178,0.0
S07309,0.0004803188702175895,0.0
S07310,0.003544559574207505,0.0
S07312,0.003248753373498557,0.0
S07313,0.0021137358137100306,0.0
S07314,0.000655496411095361,0.0
S07315,0.002226583984584767,0.0
S07316,0.0008432217419429835,0.0060135274117632
S07319,0.004129913288769147,0.0
S07322,0.0027551345826289405,0.0
S07323,5.3242621351442327e-05,0.0
S07325,0.0008498722579721571,0.0
S07326,0.0009106524012320795,0.0
S07327,0.0020711301952464423,0.003727117970408
S07330,0.0018641189566025512,0.0
S07331,0.0011475284278348846,0.0
S07333,0.0002959082458149431,0.0
S07334,0.00013301875484310788,0.0
S07335,0.000245013514989842,0.0
S07336,0.0010105746569576011,0.0
S07338,0.0005540330173025677,0.0
S07344,0.0023223088830843833,0.0
S07345,0.0006914611558699894,0.0
S07349,0.0005652882934974878,0.0
S07350,0.0005960355371954133,0.0
S07351,0.002395483463279587,0.0
S07352,0.0023425095681952036,0.0
S07353,0.0016918987311578117,0.0087690665443349
S07354,0.0015377829766316151,0.0
S07355,0.00044365041352071086,0.0
S07356,0.0005976273645518548,0.0
S07357,0.001029952307501472,0.0
S07358,0.00012643269409087958,0.0
S07359,0.00014498613587125828,0.0028716704223724
S07361,0.0008838855720895794,0.0
S07363,0.0023809577058620723,0.001475951201549
S07364,0.004044908395668853,0.0100215756255923
S07366,0.0017785656817372382,0.0202989115372384
S07368,0.0013480929629202372,0.0043723827286483
S07369,0.002335552914561242,0.005707723227103
S07370,0.0027794472060509476,0.0161154345006485
S07371,0.003098074015446096,0.0073490487639698
S07373,0.004367050598354856,0.0029829157551368
S07374,0.002547763305650517,0.0147764943733369
S07375,0.002103022723286516,0.0482477429375788
S07376,0.0017906847884312585,0.0088814231721155
S07377,0.003365751124678755,0.0043927100457831
S07379,0.0023908030309250307,0.0
S07380,0.0025284554469566256,0.0216367293275635
S07382,0.0021295023334343493,0.0028753337440952
S07383,0.002624744384081291,0.001422446608166
S07384,0.004721347990363182,0.0058708530455788
S07386,0.0008455335418427925,0.0072905756474236
S07387,0.002060605389462252,0.0043588079493431
S07388,0.002903939249328378,0.0
S07391,0.0023353083276581453,0.0029304418068502
S07392,0.004869580774472354,0.009965854273372
S07393,0.00265488809225281,0.0014912162263528
S07395,0.0017427710951947028,0.0074259348908372
S07396,0.0017536296105280734,0.0042815668639461
S07399,0.0006443515484960981,0.0073080712279618
S07401,0.0010484710403198044,0.0043918948773008
S07402,0.0028039018629821815,0.0014593739080388
S07404,0.00016879368438486636,0.0
S07406,5.4650204841794e-05,0.0
S07407,0.00033920905380592514,0.0
S07408,5.56607451564977e-05,0.0
S07409,0.00016676733178159881,0.0
S07412,0.00011634734968672279,0.0044387682194912
S07415,0.0018625347200554464,0.0
S07416,0.0020272708914920185,0.0
S07417,0.003848444978410974,0.0
S07418,0.002444907496542265,0.0
S07420,0.0014209678040291516,0.0
S07423,0.0009248033136037619,0.0044060283687943
S07424,0.001586723932999598,0.0
S07427,0.0035941487127045145,0.0014308375725854
S07428,0.001964435468987514,0.0043102326831848
S07429,0.0008574630337802653,0.0
S07431,0.0007571279589053853,0.0
S07432,0.0005208923504269064,0.0
S07433,0.0012589936718522187,0.0037048632853266
S07434,0.0011343783572800047,0.0
S07436,0.000984835152779972,0.0186524398869479
S07437,0.0013366587649520146,0.0043809775662215
S07438,0.000563875051121518,0.0
S07440,0.0012476549069109226,0.0014597082345754
S07441,0.0011364529259564914,0.0029456303026531
S07444,0.001097336922131255,0.0
S07446,0.00046121026739120085,0.0
S07447,0.001132699547000225,0.0
S07448,0.004201012540264664,0.0
S07449,0.0015361679064173684,0.0
S07450,0.0029053588561889316,0.0
S07451,0.0034746631094503986,0.0
S07452,0.0031304296852475693,0.0
S07454,0.0023023598344801602,0.0
S07459,0.0037450594752198316,0.0
S07461,0.0029235546504385343,0.0
S07463,0.0037484856996078016,0.0
S07464,0.0018842196573859243,0.0
S07466,0.0027903380233917324,0.0
S07467,0.001954641676859243,0.0
S07468,0.0008228152166339405,0.0
S07470,0.00399538455872933,0.0
S07472,0.005400857586029881,0.0
S07473,0.0028936808932892182,0.0
S07474,0.0012282527657792124,0.0
S07475,0.0023135287107779916,0.0
S07477,0.003149001326226275,0.0145003646973012
S07478,0.001688884817436207,0.0220135536165123
S07479,0.001580495835186306,0.0029340488398109
S07481,0.0022030008789000934,0.0059293724648055
S07482,0.0022505913183294727,0.0044544827153522
S07484,0.0034403826744362626,0.0044373019061649
S07486,0.0006720886621973196,0.0
S07487,0.001817390142314689,0.0014239626847283
S07490,0.0017324324282961575,0.0085983183972872
S07491,0.00253489090669411,0.0029825935361136
S07492,0.005227101793756107,0.0044579588468507
S07495,0.00406528780928613,0.0042713740589226
S07497,0.00346606427673515,0.0028702275969207
S07498,0.0008067235095339283,0.0088908765652951
S07499,0.0020064968086633403,0.0042882904648092
S07500,0.0016756454598602297,0.0057978622570249
S07502,0.002690533130492542,0.0044487808371227
S07503,0.0022962059348513465,0.0185088103770801
S07505,0.004662089331293291,0.0
S07506,0.0013922784007096348,0.011567588640721
S07510,0.0036183070003776045,0.0073764044110007
S07513,0.0024093396977759663,0.004414599266306
S07514,0.0022723880959311295,0.0043825228164543
S07515,0.0031323888430824934,0.0029610299856416
S07516,0.002010605192064277,0.0043005728328401
S07517,0.002318348232388691,0.0014857997010463
S07518,0.0024914652378842093,0.0058513612950699
S07519,0.004513276379609675,0.0129723239687828
S07520,0.002331713400043667,0.0043108682452944
S07521,0.0015272978563666791,0.0085496550893671
S07522,0.0017957808825123742,0.0071120498444507
S07524,0.0021992299536106232,0.0142324092290157
S07525,0.0026449916013722373,0.0
S07526,0.004308538520046558,0.0
S07528,0.001987626223100707,0.0
S07531,0.00241702959121614,0.0
S07532,0.002331063298037319,0.0
S07534,0.0017129757171942925,0.0
S07537,0.00011929219277964986,0.0
S07538,0.00043822969244002496,0.0
S07539,0.0010717465549998746,0.0037332492037738
S07540,0.004575057971085471,0.0
S07542,0.001967913356037898,0.0
S07543,0.0010097856902057955,0.0
S07545,4.817706556223488e-05,0.0
S07546,0.0008472403847445899,0.0
S07551,0.0014269640596888912,0.0
S07552,0.0008270752328576028,0.0
S07553,0.0029948045912340975,0.0
S07555,0.0010759953675022868,0.0
S07556,0.001163918178397851,0.0
S07557,0.0014060315352754395,0.0
S07558,0.001346867322611562,0.0
S07559,0.0028049485684133613,0.0
S07560,0.002584160979743377,0.0
S07563,0.003494641177959018,0.0
S07564,0.002361440859761062,0.0
S07565,0.0010092535403265583,0.0118084129812624
S07566,0.000526720385533845,0.0169183570130759
S07571,0.0024126132871493955,0.0117811596264163
S07572,0.0011706557639978778,0.012618777095777
S07574,0.0025632060877894053,0.0164588611262894
S07575,0.0014970960578316861,0.0171318019846348
S07576,0.002144021609578849,0.0
S07577,0.0017496301420153722,0.0
S07578,0.0032219094709370674,0.0021694341138058
S07579,0.002583203989877841,0.0144596702541688
S07580,0.0031686676706027847,0.0137622397880176
S07584,0.0006731808098265906,0.0
S07585,0.0016067551544932221,0.0051643660818567
S07586,0.0024819263918948913,0.0141610338146462
S07587,0.002074922072455022,0.0
S07589,0.0034872047148460776,0.0062069912952254
S07592,0.0016147163688554026,0.0144378113788545
S07595,0.0016734223892976505,0.0152037583306019
S07597,0.003012501477085476,0.0
S07598,0.0024797367618222387,0.0
S07599,0.003129194780688842,0.0115768386992944
S07600,0.0014696009891557748,0.0087115610039329
S07601,0.00383416630348406,0.0065659534834563
S07602,0.0021308169941171118,0.0135002423816926
S07606,0.0018224355380836049,0.0150416574791064
S07607,0.0027143740274392283,0.0082338785999921
S07610,0.002669910784601944,0.0044051789659352
S07611,0.0010087076272963802,0.0075435777678035
S07612,0.005737617896785216,0.0096252541880507
S07613,0.0020919941723809453,0.0103734223318702
S07614,0.001828262109722271,0.0141674615443651
S07615,0.0014013125870688053,0.0052394657220869
S07616,0.0023496058020251514,0.009627678121731
S07617,0.0013348708988920217,0.0115982060649261
S07618,0.0029503031770301315,0.0128475229096925
S07619,0.0038026029201685243,0.0131972888466976
S07620,0.004349851879497391,0.006660278874051
S07621,0.002555876854676925,0.0082649953748453
S07622,0.0027782967981876375,0.0154481198052977
S07623,0.0022722019398081924,0.0010717212230991
S07624,0.001672641703677531,0.0137242656742542
S07626,0.0023944810532426338,0.0138538664745437
S07627,0.003942072392925464,0.0021898228314365
S07631,0.003105984159203046,0.0065192725173967
S07632,0.003355633958396578,0.0136657444774402
S07634,0.0010772566727035187,0.0075775396410524
S07635,0.002272989899759693,0.0181784539385215
S07637,0.0018228656078742057,0.0074075493552727
S07638,0.0018643844253177486,0.0053054078865902
S07639,0.0025659440992864928,0.0154547009344341
S07640,0.0021500046787861185,0.0065074501793804
S07641,0.003128878664891295,0.0088070793323808
S07642,0.0023184436736243055,0.0156987358885105
S07644,0.0024924275368500112,0.0043855004941409
S07646,0.0010954830453242493,0.0118158397524012
S07647,0.0018636322038086983,0.0203008472481097
S07649,0.0013550040892663644,0.0107218594336183
S07650,0.0010072778812759934,0.0425200622829081
S07652,0.0036431556900217016,0.0066927914461546
S07653,0.0015691989071300366,0.0218317592795958
S07654,0.0006071262263644876,0.0126670192362832
S07657,0.000246020775754988,0.0
S07658,5.369979419398503e-05,0.0
S07659,0.0005566777847314381,0.0
S07661,6.56597354578483e-05,0.0
S07662,0.0011337000796429032,0.0
S07666,0.0005244427356949216,0.0061970074812967
S07669,0.0013474012604306517,0.0075988406252935
S07670,0.0017522275506593014,0.0098488001109723
S07673,0.001764093281909019,0.0053354460411419
S07675,0.0033852552033174915,0.0051994409293294
S07679,0.003620047811905078,0.0072200742553195
S07680,0.0030118143201272197,0.0126522663340249
S07681,0.001418387071105068,0.0093375418028782
S07682,0.003639227812498432,0.01319886601292
S07683,0.0018199084266196628,0.0031299397313415
S07685,0.004889736814330611,0.0084525965798447
S07688,0.003619407515795983,0.015131646191753
S07691,0.0018601862027294164,0.0158404355004239
S07692,0.004004786453465483,0.0032146645623657
S07693,0.0009480391189100189,0.0126256692303295
S07695,0.0008995531084945256,0.0
S07696,0.0026787955436874686,0.0075445593079563
S07699,0.0010987921844541509,0.0033081505641162
S07701,0.0020041280968655243,0.0097898240983315
S07702,0.0039016228632992077,0.0092897196261682
S07705,0.0025021080943862994,0.012128674431503
S07707,0.0005298368384479185,0.006690358883235
S07708,0.0038875906498545805,0.0
S07710,0.0013706867219847431,0.003329938627288
S07711,0.0014030995786517154,0.0106538049303322
S07712,0.005271135694857956,0.0133747763021569
S07714,0.004083104185355594,0.0118151502773869
S07717,0.002823303654848599,0.0123878364905284
S07718,0.0032199943030214316,0.0103846065446005
S07719,0.0029451306191226015,0.029637237038264
S07720,0.0040197747062686836,0.0
S07721,0.0024688013282154254,0.0
S07723,0.00040210699954365905,0.0052278589130261
S07725,0.003437852677503641,0.012249745123741
S07726,0.0031019030192095476,0.0064821577629382
S07727,0.00151966231432511,0.0155711162283793
S07728,0.0029104691351396297,0.0175946056259423
S07729,0.002481248664054027,0.0110978621542803
S07730,0.0008192748483334153,0.0296871992619681
S07731,0.0020886860661057296,0.0089010076316737
S07732,0.003259665726749768,0.0108707301762283
S07733,0.004704691549542254,0.0152551588658826
S07735,0.0017813154189203866,0.0111583338384892
S07736,0.0023554922247289102,0.025215960328595
S07739,0.0033865274129028103,0.0033471168999097
S07740,0.0035076834898663443,0.0021372069672087
S07741,0.0032035857532845343,0.0196684980839373
S07743,0.0013444571529147994,0.0074546432420734
S07744,0.005997051039503568,0.0116106205215116
S07745,0.0029869205691154923,0.0072760659467983
S07746,0.0019861590205681487,0.0033394029389433
S07747,0.0011088886255217866,0.0
S07748,0.0017253240860948243,0.0182094834144775
S07752,0.0035881120420953746,0.0
S07753,0.002416030380594613,0.0110005157183425
S07755,0.0012342986807306901,0.0240674418947399
S07756,0.0020643647437713713,0.0086033231850471
S07758,0.0028069447169505645,0.0011104557113619
S07759,0.002033550592480533,0.0054328339935811
S07760,0.00315199224902972,0.0136295940022192
S07761,0.003062979740400351,0.0031077067375332
S07762,0.002233907611951497,0.0095430718322569
S07763,0.0011323871624646033,0.0116121002034825
S07764,0.001569465745487865,0.0210284640291454
S07765,0.004618401557627409,0.0135412409485784
S07767,0.0028850922471983214,0.0108405694679832
S07769,0.0029262213424229746,0.0146159582401193
S07771,0.003190130500544302,0.0249432661255127
S07773,0.004225684253875896,0.0108559845526111
S07774,0.004261911361574797,0.0105334994955788
S07780,0.0019493445569461136,0.0064498965031697
S07781,0.0037951000965649566,0.009434021955772
S07782,0.0011443614580143968,0.0021909667806233
S07783,0.0016564570446196065,0.0093976906010488
S07784,0.0015223066333556548,0.0077275049421381
S07785,0.0010623855477783714,0.008692648415603
S07787,0.0004168902721117683,0.0032428764379253
S07788,0.0003794945966549174,0.0
S07789,0.0023664249644805772,0.0
S07791,0.0006635291738597555,0.0
S07793,0.00036360037756385773,0.0
S07794,0.0014975081036907503,0.0
S07795,0.004005172124847775,0.0
S07796,0.0013115458967841486,0.0
S07797,0.0004934720346752961,0.0
S07799,9.552879445745212e-05,0.0108992662184151
S07800,6.897324844493298e-05,0.0022305399971276
S07801,0.0014545718642200783,0.0042724021731655
S07802,0.0002813926537603587,0.0063775182856409
S07803,0.0014884349161427834,0.0076229666245968
S07804,0.0022441392611366774,0.0089080073486579
S07805,0.0004696349533874348,0.0159388870359442
S07806,0.0009877114368194385,0.0099494851758676
S07808,0.0028579418202031586,0.0149171495766899
S07811,0.003513824234561579,0.0021290768930899
S07812,0.0030582392234486245,0.0096851513832682
S07814,0.003474614924738416,0.0187983433250751
S07816,0.0008782822486499186,0.0074881940946797
S07819,0.0002616513739965596,0.0154833483909156
S07820,0.0011423622082271123,0.0085868238902026
S07821,0.0032307725508722634,0.0162132185032948
S07823,0.0023869405983774966,0.0243295684138385
S07828,0.001735116463636717,0.0207602339181286
S07829,0.0010211106501431875,0.0065402051545238
S07831,0.0013424291556424141,0.0236465450724125
S07832,0.0009577517711951682,0.0032148101192131
S07834,0.0008237272058653231,0.0180979676468572
S07836,0.004026113110028991,0.0066124718936682
S07838,0.003094319459785782,0.0111109620707077
S07840,0.0006619348898534068,0.0159846136033242
S07842,0.0017311949002143756,0.0128963620322798
S07843,0.0036597835264282645,0.0011100390412121
S07844,0.0017407147556006523,0.0104659561609103
S07848,0.0016971705982413705,0.0075622708114605
S07849,0.002691642514643896,0.0031138009673458
S07851,0.0007663075869214125,0.010791843364102
S07852,0.002364719642916251,0.0241432330938229
S07853,0.0015230926616646486,0.0
S07854,0.0005795489876737457,0.0
S07856,0.0022556940478628404,0.0083135739586077
S07861,0.0014460620412531976,0.0031990422183458
S07863,0.0006227923316948181,0.0138730532956285
S07865,0.0016157558083994975,0.0095832476347182
S07868,0.001459332731748093,0.0174985751600331
S07869,0.0032172801303105847,0.0280523292276045
S07872,8.57954998773554e-05,0.0
S07873,0.0006031618068898775,0.0055229586167044
S07874,0.001372654498211821,0.0
S07876,0.000551509291370079,0.0
S07878,4.237834403918884e-05,0.0
S07879,8.685369684039134e-05,0.0
S07880,0.000863953987810391,0.0
S07881,3.92156052063781e-05,0.0
S07882,9.573064567530164e-05,0.0
S07883,0.0001618018594659879,0.0
S07886,0.0032803009114530345,0.0
S07888,0.0007126927284476592,0.0
S07889,0.0012633590507579767,0.0
S07895,0.0004676190063654167,0.0
S07896,3.986132085785925e-05,0.0
S07899,0.0011557191608096884,0.0
S07901,0.0008335265113046166,0.0283597354086286
S07905,0.0034742548656115225,0.0188227378851877
S07907,0.0012185070944916738,0.019179562381816
S07909,0.0028217941276264097,0.001041588076017
S07910,0.002265071755004554,0.0119070954702072
S07914,0.001883805616567618,0.0055756368229864
S07915,0.00024375214918059213,0.0125981457658696
S07916,0.006843398317052369,0.0075183420316163
S07917,0.004213124528691212,0.0132692564410626
S07918,0.0024947016113854616,0.0065429603933675
S07919,0.0003110404374143043,0.0103262213301918
S07921,0.00438338304449717,0.0
S07922,0.0012602639551612667,0.0131464961413578
S07925,0.003297863484501405,0.0055710243959305
S07926,0.00041635517033677803,0.0103843461727311
S07927,0.0022335176244164872,0.0232228685998526
S07929,0.003397491746981733,0.0111006879299562
S07930,0.0023897684147594534,0.0129616106822449
S07931,0.002358508766414568,0.0010806415140287
S07932,0.0012540125117817815,0.0129798903107861
S07934,0.0012152822094348011,0.0044162762438548
S07935,0.002302577922284462,0.0154474475967874
S07936,0.0010874787948895281,0.0150578682663758
S07939,0.0017437547855412203,0.0053342778332313
S07941,0.0019892815880651355,0.0122630992196209
S07942,0.0003056267442729865,0.0041451382199258
S07944,0.00019279976991712345,0.0093658720437199
S07945,0.0004999274126008309,0.0105512105231871
S07946,0.0030907798777130404,0.013691111902219
S07948,0.0011480841507887439,0.0078850804486721
S07950,0.000679572899947267,0.0033964327205631
S07952,0.0032886820347552224,0.0035385502623653
S07953,0.001719292539288479,0.015911128185427
S07954,0.0014346640435520873,0.01270201949796
S07955,0.00036452809681166386,0.0251745224807058
S07958,0.0013799960037384571,0.0083482709552639
S07959,0.0019783536440251665,0.0104723441615452
S07960,0.0008963435044996356,0.0011351385919713
S07962,0.0006352690101728124,0.0094670723983408
S07963,0.0042737113594490395,0.011435224171809
S07964,0.0016630664419451952,0.0156224039372589
S07965,0.0005990915241988325,0.0117882852432964
S07966,0.0016284439312894976,0.0114508741371524
S07967,0.0006054193913266012,0.0080105733120577
S07968,0.002160699682906079,0.0105122890139176
S07972,0.0024708767310475783,0.019440149465275
S07977,0.0011360870681233245,0.0093410956522556
S07980,0.0019501178638678565,0.0047427850263501
S07981,0.0035226496870902247,0.0125410042896795
S07982,0.0019251782402908172,0.0069710358370152
S07983,0.003921424413649464,0.0069676153091265
S07985,0.0034112824738345435,0.0165261775317139
S07988,0.001093864217286308,0.0120110201714248
S07989,0.002068409884099111,0.0056286028154339
S07990,0.0038062689908820676,0.0047278625209876
S07991,0.003585954177576219,0.0107113607954137
S07992,0.0013722464624026031,0.0078940441830492
S07994,0.007764557967498699,0.0
S07995,0.0023229074486677405,0.0057191911659785
S07996,0.0030601577097147904,0.0118316430986049
S07997,0.0019967452490668577,0.0095013465816898
S07998,0.003396352130441669,0.0046348429212566
S07999,0.0014653538677318733,0.0104086676067743
S08001,0.0022920886259095987,0.0045126333303824
S08002,0.004811438068745634,0.0104590476724936
S08003,0.0034362586196039335,0.005757272466105
S08005,0.0033103382767997363,0.0011666009426698
S08006,0.003571279530762094,0.0
S08007,0.004617773516579947,0.0105312972354461
S08008,0.0017383633945175212,0.0057583530878444
S08009,0.0033781765038817446,0.0185765312439407
S08011,0.0034076935502821686,0.0070473462558314
S08012,0.004359703009310315,0.0069290987292005
S08013,0.002634569105995654,0.0070695001564678
S08014,0.0034237847984408295,0.0083100441896572
S08016,0.0010478320451030882,0.0131081427773342
S08017,0.003641985093726577,0.0058032544931435
S08019,0.004348298119070664,0.0094007939604154
S08020,0.004661670176395702,0.0143127641345745
S08021,0.002292319140465316,0.0045413322916595
S08022,0.0013252723533585626,0.011914265235037
S08023,0.004261146970040425,0.0082163699184975
S08025,0.0017273943687825648,0.0128962707674307
S08026,0.0017022841974482185,0.012757774961904
S08027,0.0029577247141969066,0.007989381173169
S08028,0.0037572544951204,0.0135317260438079
S08029,0.003530767840205048,0.0093925993120913
S08031,0.0038125316353224367,0.0112200000451509
S08032,0.002068126303914248,0.0079157593918585
S08033,0.0015698272671830506,0.0
S08037,0.0021422550130459103,0.0095615307106458
S08038,0.0029009949941949022,0.0035683002828793
S08039,0.0033937019951868408,0.0130039413811722
S08040,0.0023201824418573784,0.0128662237503853
S08042,0.0015910471896627958,0.0135362407653287
S08043,0.00020036138665633594,0.017139822325222
S08044,0.004363725471396764,0.0022469065476755
S08045,0.004618615686003227,0.007921707390937
S08046,6.778620652157391e-05,0.0
S08047,0.0030513983353509895,0.0071587529077932
S08048,0.0009510215842572087,0.0
S08050,0.0018472751650182905,0.0023629703059737
S08051,6.832085655665042e-05,0.0067105485232067
S08052,0.003343453134036856,0.0034612438192074
S08053,0.0036678351086778596,0.0115356316396612
S08055,0.0008598036358911043,0.0034519162649849
S08059,0.003999590487889239,0.0153038625613184
S08060,0.0029257464374244655,0.0137965494746484
S08061,0.0017865828088952146,0.0083429256594724
S08062,0.0057095168202855266,0.0124768640553573
S08063,0.00014487420246897499,0.0034665792465595
S08064,0.0033976955858071116,0.0103462632711123
S08066,0.0027973307469002203,0.0105099178097641
S08067,0.002926631576841701,0.0101392015123798
S08069,0.001721330551211366,0.0093179783549174
S08071,0.0026593943801871203,0.0081034936562618
S08074,0.0031030251982716345,0.0069778869778869
S08076,0.002650774727630439,0.0159508499249223
S08077,0.004214637533927585,0.0104774955201855
S08078,0.0015093994820301773,0.0201108728199732
S08079,0.001557504413929013,0.0092426641002931
S08083,0.0036255467170841133,0.005954606013553
S08087,0.0023053163367862915,0.0011766767051158
S08088,0.0032467933403176235,0.0047115257000929
S08093,0.0033209548274902054,0.0083181507356984
S08094,0.0018218048574627208,0.0011546244218165
S08096,0.003252982110513613,0.0
S08097,0.0013198014271519317,0.0
S08099,0.0010221938802890051,0.0
S08102,0.005852890834696658,0.0
S08103,0.004700754943437749,0.0
S08105,0.0029366352471443015,0.0
S08106,0.004688703691686851,0.0
S08107,0.0012283823666504004,0.0
S08109,0.0019428323376454214,0.0
S08111,0.0009706620644045656,0.0
S08112,0.004358831532603395,0.0
S08113,0.0018491810130229352,0.0
S08114,0.0018655915230978521,0.0
S08116,0.002534791860298254,0.0
S08118,0.002464332715784222,0.0
S08121,0.003306990717426122,0.0
S08123,0.0025696322311620948,0.0
S08124,0.002828876066541194,0.0
S08126,0.0007097926631383641,0.0
S08127,0.0023916658709196865,0.0
S08128,0.00034794934723792923,0.0
S08129,2.993917097430613e-05,0.0
S08131,0.0005507170022417004,0.0
S08133,0.0013788094219872654,0.0294549937178484
S08135,0.0016955571188340102,0.0
S08136,0.0003320023076714851,0.0
S08137,0.00048345380506073293,0.0
S08139,0.0004072807996518298,0.0
S08140,0.003049576444413564,0.0
S08142,0.0018849027653123332,0.0
S08144,0.0001729217086647131,0.0186557622422574
S08145,3.129821661450856e-05,0.0090412746923897
S08146,0.000810269520769929,0.0112337709305269
S08147,0.00029917638556664964,0.0
S08148,4.45398539440962e-05,0.0
S08149,0.0018563825634814012,0.0082583224140222
S08152,0.002764797383006775,0.0059182730550673
S08153,0.00379164595158805,0.0104655080439116
S08155,0.0005662137567175432,0.0131245693763248
S08156,0.0015434712492480318,0.0046585961409576
S08157,0.001077060893061537,0.0011300359928969
S08159,0.003971899114276161,0.0176979175569039
S08161,0.0017770774924487694,0.012537553032909
S08163,0.0012665381774541727,0.0114150531707205
S08164,0.002205259306352338,0.0067950944066939
S08165,0.003115649161090125,0.0011442332486094
S08166,0.0016716054289997414,0.0080081393448471
S08168,0.0029220176742386444,0.0137156419030798
S08169,0.0023527144832670033,0.0079189485712204
S08170,0.001702415177279297,0.0156409460996542
S08172,0.001371341443101875,0.0023148795051653
S08173,0.003233770612642714,0.0011828179626496
S08174,0.0022294031615667405,0.0124854123703099
S08175,0.002218783313024133,0.0044779918414052
S08178,0.0008568762682202148,0.0033784013432034
S08182,0.001532602501006968,0.0092179146554642
S08183,0.0029464305224645975,0.0092382187152927
S08184,0.0021600321366064025,0.0153864106154564
S08187,0.002482007534474592,0.0046753918698039
S08188,0.00294684143961191,0.0155598262193066
S08189,0.003747739784656916,0.0134087858573731
S08190,0.00191789264649392,0.0044894594808215
S08192,0.005020865771960721,0.0194444444444444
S08195,0.0037031011409046494,0.0148710264713938
S08198,0.00417629419254219,0.0059860189721872
S08200,0.0026534752030178484,0.0011289117245546
S08201,0.003151977969981799,0.0090900153862685
S08203,0.0009589003015223971,0.0113537197710066
S08204,0.001542241231849064,0.0011835700473428
S08205,0.0003274836798322932,0.0152066107921982
S08206,0.0019760779628111066,0.0078404063759924
S08207,0.0015896947818512118,0.0151596206458031
S08208,0.001880465161015634,0.0177691653140172
S08209,0.001302525859795262,0.0057423056570376
S08210,0.002604468691081334,0.0112320953168716
S08212,0.000851288297655816,0.0
S08214,0.004156963324902617,0.0092250366008431
S08215,0.0025830967780902164,0.0117444946204543
S08218,0.002965168732581954,0.0150480835295569
S08222,0.001735087850132313,0.0056497560487629
S08224,0.004448762965626582,0.0079362906794778
S08227,0.0032115540104509,0.0046007975024242
S08228,0.0015406287038444975,0.0185024896458653
S08229,0.0006943483310347797,0.006874848704914
S08232,0.0016064693994919605,0.0057141805957004
S08234,0.002466332511879858,0.002391158966365
S08236,0.0013914148788787134,0.0083203589305743
S08237,0.0014592887951267617,0.0046021075244921
S08239,0.0022625881536479384,0.0058453533557268
S08240,0.0023585903918843755,0.0023676137121515
S08241,0.002228201829462148,0.0091542453503524
S08244,0.0011207453788870767,0.0111691668071239
S08246,0.0027894765773133377,0.009210099606208
S08249,0.004314575665641129,0.010364675295786
S08250,0.0034414303787759287,0.0119656391143982
S08251,0.004753167171904786,0.010098068431176
S08252,0.0047985150832726454,0.0130720360766197
S08253,0.0023056694206314335,0.0034367350325694
S08254,0.0020184873635738336,0.0115732655237775
S08255,0.0012549677102340132,0.0136853337004784
S08256,0.0038535115453488438,0.0056405996059524
S08257,0.002092933915419817,0.0069060869444386
S08258,0.0004370472645814069,0.003518683714937
S08262,0.0016828670873694559,0.0034132974376231
S08263,0.0030545184188655325,0.0203249815970991
S08267,0.0032155936100444686,0.0011492737838394
S08268,0.002742178659266654,0.0068167634775094
S08269,0.0005378709461470332,0.0184162318518364
S08270,6.518942286426821e-05,0.0046852426639893
S08272,0.00013410141183504604,0.0137329805679706
S08274,0.0005759285906278425,0.0094646385298388
S08275,0.0015069044269488507,0.0157899156040584
S08277,0.0010973223669064744,0.0022595479540179
S08278,0.001086811131735788,0.0044844465498184
S08280,0.003896905555545786,0.0033903392385721
S08281,0.001996028985017318,0.0023665821458757
S08283,0.0017973479227442186,0.010508658542602
S08284,0.0015999749573654164,0.0058425497498401
S08285,0.00027127152251374957,0.0067280357384594
S08286,0.0005846245208274404,0.010670731707317
S08287,0.0007330771672734714,0.0090392397581048
S08288,0.0009368468168848733,0.0111607393484553
S08289,0.0018014300935432302,0.0105709444369607
S08294,0.002768639775242497,0.0
S08295,0.002009529254023404,0.0259485251721805
S08296,0.002077431086332353,0.009571958206943
S08298,0.0018232089075268017,0.0111773807596121
S08300,0.003362209829424186,0.001175933352735
S08302,0.0018322077887248326,0.0113682110964719
S08303,0.00044205489704877526,0.0058118050975494
S08305,0.00121400590414568,0.0092962139438533
S08306,0.003034436583352887,0.0119595924594408
S08307,0.003582192011063679,0.0114612519745869
S08308,0.0032891328263909866,0.0069894174313539
S08309,0.0033247014590929345,0.013135164616024
S08310,0.0033332933129446712,0.0046764476875342
S08311,0.005570816185304197,0.0081008331354112
S08314,0.003197169512082064,0.0081781852374236
S08315,0.000959768003051863,0.0035747166120029
S08317,0.0028015640291634523,0.0147867919001061
S08318,0.0036660861086839735,0.0091634228242056
S08319,0.0015545309361542094,0.0193120441418151
S08322,0.001614071755564524,0.0147853706983747
S08324,0.001042488274083625,0.0089941524436451
S08325,0.0025890314504921456,0.0172411400660505
S08326,0.0018109875451120707,0.0058173560877402
S08327,0.0022703515927212864,0.0124397297709333
S08330,0.004416028538560541,0.0103487048502179
S08331,0.002267537666667777,0.0092094596159636
S08332,0.002820589718146295,0.0070083409127764
S08333,0.0023916495219821537,0.0068618923359427
S08334,0.0038822742270127946,0.0034809771950467
S08335,0.0017495926729275777,0.0089276893092267
S08336,0.0032929557574109744,0.007042752483385
S08340,0.0015379210222449312,0.0078879766738993
S08341,0.003594761777428081,0.0081807236848293
S08343,0.001060938995776321,0.0090806731939714
S08345,0.0004756627336110538,0.0107384387131158
S08346,0.0008194545095511931,0.007812307022094
S08349,0.0023447168899407103,0.0
S08351,0.0027968845031725387,0.0134456964302622
S08352,0.002503171997408826,0.0153714753380725
S08355,0.0004945636627516846,0.0078278635040208
S08357,0.002701933539458234,0.0081057026495559
S08358,0.000942492496072527,0.0149716139497161
S08359,0.0014853581767199993,0.0011245056247907
S08360,5.322535221314704e-05,0.0141573257751634
S08363,0.0014236994500396425,0.0140270663110509
S08366,0.0031442004438865393,0.0071170809943865
S08368,0.0019613970824634754,0.0044742427209157
S08369,0.004825379190872771,0.0083775811209439
S08371,0.0013092523627990147,0.0291449106066363
S08372,0.0032476322178536963,0.0058085854867173
S08380,0.0034356248331765668,0.0035029355586724
S08381,0.0025944889501113805,0.0057877648746721
S08384,0.0031497194251635142,0.0107192925698263
S08385,0.002851721743984628,0.0093813632706414
S08386,0.001024524778227859,0.0081264350901289
S08387,0.002921993186192382,0.0035164430859795
S08388,0.0033580797004445118,0.006944347412986
S08390,0.003091303154043451,0.0
S08392,0.0047598336205044766,0.0214333460313809
S08393,0.0019136793963843246,0.0179348733146586
S08395,0.004228463848799716,0.0090910130214585
S08396,0.003609762142547901,0.0078362739069422
S08397,0.0037170164722243014,0.0045596434854208
S08398,0.002378918430823795,0.0071011666202304
S08399,0.0052797420184801,0.0131168229792726
S08400,0.0020853979796997503,0.0068353263971503
S08402,0.002215174191367003,0.0056972414805032
S08403,0.001902420446924893,0.0033748913515862
S08404,0.0017722530944692602,0.0057397193196411
S08405,0.0015568024697811592,0.0117039214023982
S08407,0.002115030079053463,0.0134677397501558
S08409,0.0023895546930651026,0.0160899445939821
S08413,0.0032621273633156637,0.0188534753982535
S08414,0.0013217771975936438,0.0250583422167161
S08415,0.001408858953716727,0.0305722819512128
S08416,0.0026995464132724594,0.010444467794473
S08417,0.0019361745128945707,0.0059838568305063
S08420,0.005264980089432485,0.0139177675564796
S08421,0.0026895489715004365,0.0093272246580291
S08424,0.0016098650878381003,0.0079277727265476
S08426,0.00268164967472206,0.0124752411986454
S08428,0.0022832726829879807,0.0
S08429,0.0021358533265667494,0.0033649289099526
S08430,0.0027098828144646193,0.0011900400590949
S08432,0.0020599566175919255,0.0069588837782398
S08433,0.003346145852133913,0.005954477599423
S08434,0.004321432060675036,0.0057244083242341
S08437,0.0020230084321071575,0.0023932661100035
S08438,0.002673447617821932,0.0124192137754
S08439,0.0016584351815282865,0.0067583646661272
S08440,0.0037147322933693576,0.0167558885220477
S08441,0.0003683122678546984,0.007025529388482
S08442,0.0016525991730271625,0.0059112620841896
S08445,0.001819770766606037,0.0141867252784894
S08447,0.0013893954835662607,0.0117816623285495
S08450,0.0017255331461206323,0.0067508370630462
S08453,0.0032089378574754086,0.0126371899068911
S08456,0.002857784634691789,0.0046327691515367
S08459,0.0006985205589784172,0.0046630544413951
S08462,0.0009365469092839513,0.0
S08463,0.00324390489499809,0.0
S08464,0.0037410418250586807,0.0
S08466,0.0019864384835691765,0.0
S08470,0.0012950862103710656,0.0
S08473,0.004493934392274583,0.0035079298978677
S08474,0.003307949128941152,0.0103551015022189
S08477,0.0033508239809579322,0.0176811697321142
S08478,0.0032914517772835213,0.0
S08482,0.002412325555202027,0.0
S08484,0.0026244152276175565,0.0
S08485,0.002311778813268857,0.0102614572508103
S08486,0.002323367070670792,0.008010794655172
S08487,0.004871713947783546,0.005813926283626
S08492,0.004669583048957487,0.0102344801076302
S08493,0.002465941002162019,0.0106515977396609
S08494,0.001697461743951836,0.0
S08495,0.003391401646190877,0.0
S08496,0.005807874288110383,0.0
S08497,0.004292881894009269,0.0023744514754325
S08498,0.0009611081092807682,0.0090968161143599
S08499,0.0026006851529694367,0.0
S08502,0.0028194868235018157,0.0011201413586841
S08503,0.0022833866733246947,0.0
S08505,0.004004549457944015,0.0
S08506,0.0034500565893475655,0.0044750887476729
S08507,0.004974776321065429,0.0102605392460464
S08508,0.002492030869236056,0.0067542774825707
S08510,0.004222572840928611,0.0022883084474034
S08511,0.003219510476034305,0.0081303092976244
S08512,0.0013418344366907444,0.0106921576501635
S08513,0.00282137381714408,0.0082117154436427
S08514,0.0026666256480750816,0.0067008224349467
S08515,0.0012112821588395484,0.0113689912479355
S08516,0.004027378399833716,0.0104195784648068
S08518,0.004808527089421798,0.0035291026706147
S08520,0.0029156310707150043,0.0023382568459879
S08522,0.004088699546602565,0.0034625218584755
S08524,0.0039199799867398995,0.0
S08526,0.002845175907520324,0.0
S08528,0.0019440214735445107,0.0058141711355064
S08529,0.0027551376906425175,0.0
S08530,0.002003925536155235,0.0
S08531,0.0020250640282962152,0.0
S08533,0.002232044554565286,0.0
S08534,0.00447888008343482,0.011869280296517
S08537,0.004421998837628998,0.019109202226429
S08538,0.002205060671338799,0.004506465009158
S08539,0.0015268155722050218,0.0102592684336553
S08540,0.001424360695008013,0.0146923720642543
S08541,0.0014595317967661735,0.0248973048792706
S08542,0.004598819379193499,0.0113113160955248
S08544,0.0031703440424166495,0.0011556876341423
S08547,0.001943460023656579,0.0091006264691812
S08548,0.001832536653350719,0.0
S08549,0.0012913200738181164,0.0091563324006586
S08552,0.003754388973087028,0.0206619873478239
S08553,0.0010071102057917767,0.0123678828682086
S08554,0.0027740431701057866,0.0136533772878678
S08555,0.002901774851068292,0.0056405227868041
S08556,0.003244456809181991,0.0045627201891187
S08557,0.0019957144940471504,0.0223376598799732
S08561,0.0003745502266817454,0.0011305063849726
S08562,0.00028079699095521506,0.0035759254595819
S08563,0.002376149116411733,0.0056957136603154
S08566,0.004571200250062059,0.0080048779365408
S08567,0.0021166128396595497,0.0127520613927667
S08569,0.0023681022101104763,0.0124214147280216
S08570,0.002239349248549276,0.0079890509356535
S08571,0.0016964188832638085,0.017739229753364
S08572,0.001560222463449073,0.0094041292074372
S08573,0.0018503391045773376,0.0057722370496319
S08575,0.00273551935923713,0.0057824316463059
S08577,0.0030361827686722757,0.0102076444371418
S08579,0.0026293920195300594,0.0023075440905745
S08583,0.0046441228536200346,0.0046639733862605
S08585,0.0025287407300217655,0.0
S08588,0.002442560753604588,0.0011774209978939
S08589,0.0011469664899140869,0.0200984026420435
S08591,0.0037394386744448354,0.0135021326306066
S08594,0.0017578078067149487,0.0
S08595,0.002318514478465783,0.006900717146963
S08596,0.002822675366846865,0.0023505486189935
S08598,0.001526984640837793,0.0100463574374039
S08599,0.0028674851547213073,0.009282605853458
S08600,0.0030790061218473126,0.0081196641040362
S08601,0.003542577068954155,0.0033719833639774
S08602,0.0019117971118370668,0.004688325409403
S08603,0.001936715707820303,0.0
S08605,0.0011771008468253992,0.0011608054167805
S08607,0.0004650575956831319,0.0069082468064995
S08608,0.0005867205982666069,0.0122989359069537
S08610,0.002439319887846869,0.0
S08612,0.001469340995567499,0.0
S08614,0.0032404648936184242,0.0229133097745782
S08615,0.0023781370507154134,0.0102080637541848
S08617,0.002017459913707373,0.0283657584772667
S08620,0.0016778839770811593,0.0093503879141062
S08626,0.003339747017848264,0.0081881750419529
S08627,0.0026769827046397147,0.0094204392256095
S08628,0.0011730199723474165,0.0
S08629,0.0015937748981260835,0.0
S08630,0.0018830189552301716,0.0
S08631,0.002027131379276361,0.0
S08632,0.0008335273015625192,0.0079813531364492
S08634,0.0012879171873926556,0.0
S08636,0.003079171697084835,0.0160852578773377
S08639,0.0034261028154183486,0.013617930732135
S08641,0.0005522436568789801,0.0166895734540317
S08643,0.0016989638622166522,0.0
S08644,0.001883188559603842,0.0022326592678944
S08645,0.000913421078263969,0.0213098938793011
S08647,0.0008902767246267498,0.0034581129974951
S08650,0.001155857531216982,0.0070003943884162
S08654,0.0029004651163829923,0.0093863463599578
S08656,0.0040107463580752,0.0103154122359745
S08659,0.0027450089528609244,0.0150168157656809
S08661,0.005205589328463881,0.011796931373666
S08662,0.0015658530371259539,0.0127917152176252
S08663,0.0042444570794716585,0.0134175643206176
S08665,0.0017506715695890132,0.0
S08669,0.0029601983157852823,0.0
S08670,0.0030872492919063834,0.0
S08671,0.0008029655373435222,0.0
S08672,0.0007902502688894558,0.0
S08674,9.740394391665843e-05,0.0
S08678,2.867466811663276e-05,0.0
S08681,3.3277852430349886e-05,0.0
S08682,3.329401844548573e-05,0.0
S08683,0.00010395252812274527,0.0
S08684,0.0007013475080141264,0.0
S08686,5.7590783931461625e-05,0.0
S08687,1.9269837459718027e-06,0.0
S08688,0.00013394088749936334,0.0
S08690,0.0005694966251544669,0.0
S08691,0.0004938801650952846,0.0
S08696,0.00030788196123845746,0.0
S08697,9.810408983669247e-06,0.0
S08699,9.464167816152767e-06,0.0
S08702,6.137465543315707e-05,0.0
S08704,9.02369222132304e-05,0.0
S08705,5.4530915418597656e-05,0.0091096340795626
S08706,0.0003124472242566972,0.0
S08707,0.00011010276505653863,0.0
S08709,0.00012911007758884286,0.0
S08711,1.502036302686421e-05,0.0
S08712,3.179887923104703e-05,0.0
S08715,3.433779505574122e-05,0.0
S08716,8.496775990251712e-05,0.0
S08717,2.4387671045019636e-05,0.0
S08720,0.0001434743630229151,0.0
S08721,3.78471162773877e-05,0.0
S08722,0.00015518045120393206,0.0
S08724,9.356837099991386e-05,0.0
S08725,3.6823146923368365e-05,0.0058117643206784
S08726,0.000131694483820194,0.0
S08727,0.00027286896622767876,0.0
S08728,0.0006936002790153592,0.0069235484230469
S08729,0.0007952490619927693,0.0079766867058278
S08730,6.287400170822222e-06,0.0
S08732,2.1793339817124695e-05,0.0
S08733,0.00016815488957361332,0.0
S08734,1.2078323425334081e-05,0.0
S08737,8.120375863476857e-05,0.0
S08739,0.003221313351842599,0.0
S08741,0.0023652086795374573,0.0
S08743,0.003937575015419141,0.0
S08746,0.002637796127138681,0.0
S08750,0.0014719913853882439,0.0
S08752,0.0009343884222468919,0.0
S08753,0.0007536798452332414,0.0
S08754,0.0013886207585992714,0.0
S08757,0.0025819402136637065,0.0
S08758,3.4128116027949085e-05,0.0
S08762,0.0035568404384465437,0.0
S08769,0.0010369023728314208,0.0084429042231508
S08770,0.00026557167876140747,0.0
S08771,0.00013088668771420859,0.0
S08772,0.0005978187561387657,0.0
S08777,0.0003262481063858995,0.0
S08778,8.636878624138487e-05,0.0
S08779,4.8470357274146034e-05,0.0
S08783,0.004368920991825103,0.0
S08784,0.0008529998643699965,0.0
S08788,0.0012125286132014536,0.0
S08789,0.0012418107791977201,0.0
S08790,0.0002312268179212573,0.0
S08791,0.00011665849102271337,0.0
S08792,0.00017384837096512135,0.0
S08793,0.00025070714859829163,0.0
S08795,0.00017152579310746445,0.0
S08796,7.699382413402011e-05,0.0
S08797,0.00010593144424771083,0.0
S08800,0.00032247499036613876,0.0
S08801,0.003274262323977998,0.0
S08802,0.0029306205531025344,0.0
S08805,0.0003980288206482806,0.0
S08806,0.002685467269942575,0.0
S08807,0.0025146890935385585,0.0
S08808,0.0005048768931881947,0.0
S08809,0.0002719273061031841,0.0
S08811,0.0014090598061595508,0.0
S08813,0.0030201684412575172,0.0
S08814,0.0006188275463829731,0.0
S08820,0.0005001259557522832,0.0
S08822,0.0005549854666888388,0.0
S08823,0.00233880373191229,0.0
S08825,0.0025907029603937813,0.0
S08827,3.9100499390159666e-05,0.0
S08831,0.0009076192672812185,0.0
S08833,0.000498314607400432,0.0
S08834,0.0013398397693308588,0.0
S08835,0.0006146081525590011,0.0
S08836,0.0013348840352133923,0.0
S08837,0.0014023392562248131,0.0
S08838,0.0037807668881283023,0.0
S08840,0.002648179870671941,0.0
S08841,0.00011708793568698136,0.0
S08842,0.00010144404470719236,0.0
S08843,3.6422399727367076e-05,0.0
S08844,0.0005274048588625286,0.0
S08845,0.00012455529097800072,0.0
S08847,4.81503467483635e-05,0.0
S08848,0.0015845435249060113,0.0
S08850,0.002689538462463822,0.0
S08851,0.0029851692216568493,0.0
S08852,0.002659578144472971,0.0
S08853,0.0004934867822642802,0.0
S08855,0.001309450942643407,0.0
S08856,0.0013231578348125994,0.0
S08857,0.001116407454228676,0.0
S08858,0.0026962574357999886,0.0
S08859,0.0020635582133877685,0.0
S08862,0.0017929533457306673,0.0
S08866,0.000799788526937588,0.0
S08868,0.001778985390621334,0.0
S08870,0.0016275568440424215,0.0
S08871,0.003745776358396832,0.0
S08872,0.004215169949034767,0.0
S08873,0.0026591755174665906,0.0
S08874,0.004251642234913849,0.0
S08877,0.0003882688868228187,0.0
S08879,0.0029311192849500413,0.0
S08880,0.0026648008785358853,0.0
S08882,0.003451520897750503,0.0
S08883,0.003554471860010805,0.0
S08884,0.001459954405695724,0.0
S08885,0.0018146749509762247,0.0
S08887,0.0035092849179758382,0.0
S08888,0.003586808151374112,0.0
S08891,0.0034516417069230176,0.0
S08893,0.0021189374817453064,0.0
S08895,0.00013088002439077195,0.0
S08898,0.000494773573411936,0.0
S08901,0.001985768550854166,0.0
S08902,0.0009268432955801979,0.0
S08904,0.0026842226240420793,0.0
S08905,0.0024836115997594285,0.0
S08908,0.004405060989934728,0.0
S08910,0.0012752838902871844,0.0
S08911,0.0025737151930767567,0.0
S08912,0.002592234192606848,0.0
S08914,0.0008604377183893614,0.0
S08916,0.0022349475431831054,0.0
S08917,0.001848455145625795,0.0
S08919,0.002797163457084588,0.0
S08920,0.0030346516415914945,0.0
S08923,0.0024120404233400443,0.0
S08924,0.0002648022075938963,0.0
S08925,0.0012735758325848373,0.0
S08927,0.0013387254303293256,0.0
S08928,0.0014819375848193908,0.0
S08932,0.001991690138386564,0.0
S08933,0.0011658023641312877,0.0
S08934,0.004322839049354504,0.0
S08938,0.0018333678058562904,0.0
S08939,0.00390928358732643,0.0
S08940,0.00032031570165407273,0.0
S08942,0.003084664445134116,0.0
S08944,0.001845098774868457,0.0
S08946,0.0039050784844329163,0.0
S08950,0.003074243335631675,0.0
S08953,0.0006472458440006327,0.0
S08954,0.004512988412192488,0.0
S08955,0.001993339694863887,0.0
S08958,4.752959193408519e-05,0.0
S08959,0.002198694920202995,0.0
S08960,0.0022674651263442807,0.0
S08963,0.0015034247276834185,0.0
S08965,0.00019782722137122997,0.0
S08967,0.0004482892539883821,0.0
S08968,4.537437397773792e-05,0.0
S08969,0.0012287862512399225,0.0
S08970,0.0013055617318906824,0.0
S08972,0.0010003159479136533,0.0
S08973,0.00047480235542188195,0.0
S08974,0.001421751115291338,0.0
S08975,0.0004831829181093411,0.0
S08976,0.0007866690560870473,0.0
S08977,0.0005238700675752243,0.0
S08978,0.0009353719982664157,0.0
S08980,0.001049750751396246,0.0
S08983,0.0001668964000888411,0.0
S08985,7.638942319880181e-05,0.0
S08987,0.0002450776846561102,0.0
S08989,0.0017838291060185319,0.0
S08990,0.00038772699131760675,0.0
S08992,0.000238223690589208,0.0
S08994,0.0003154717172683928,0.0
S08997,9.644040825434627e-05,0.0
S08999,0.0004888833090765979,0.0
S09000,8.00547932154725e-05,0.0
S09002,0.0004621931415421774,0.0
S09003,0.0001841110553541532,0.0
S09004,1.649143508948355e-05,0.0
S09005,4.7062156872538496e-05,0.0
S09006,0.0007763975632273248,0.0
S09007,0.00019849511609891643,0.0
S09011,2.529490819283378e-06,0.0
S09012,7.503104411275512e-07,0.0
S09014,2.5715422360811768e-05,0.0
S09016,0.00010208678181533514,0.0
S09017,8.239716151437269e-06,0.0
S09018,0.00028928431075137646,0.0
S09020,7.530323071517196e-05,0.0
S09021,0.000467012316152162,0.0
S09023,2.7880051990410343e-05,0.0
S09025,0.00010112582881695118,0.0
S09026,0.0008978954608427889,0.0
S09027,0.0005024864950417952,0.0
S09028,0.00020181212356482693,0.0
S09031,0.0035795742456810253,0.0
S09032,0.0006644968453389597,0.0
S09034,3.70879457094241e-05,0.0
S09035,0.00011930213040720389,0.0
S09037,5.496096700943564e-05,0.0
S09038,2.9059347771701682e-05,0.0
S09039,0.00010613802703147117,0.0
S09046,0.0002046024967351976,0.0
S09047,0.0005055923906355599,0.0
S09048,0.00024352484892414453,0.0
S09051,0.001128943125746471,0.0
S09052,0.000777461314209677,0.0
S09053,0.0001686408298425833,0.0
S09055,0.0007614985412987591,0.0
S09057,0.0031572539308115286,0.0
S09058,9.159055345577933e-05,0.0
S09059,0.0004984580950911707,0.0
S09060,0.0016554431227746435,0.0
S09062,0.0001280574356592,0.0
S09063,0.00019512691144111304,0.0
S09064,0.0012430089031275245,0.0
S09066,0.0023315609442511867,0.0
S09067,0.0015389823143883892,0.0
S09068,0.0009665146826192343,0.0
S09069,0.00048511540535672,0.0
S09071,0.0026350792936581527,0.0
S09072,0.00016548704026753502,0.0
S09077,0.00027280313510395966,0.0
S09080,0.0007615131812808984,0.0
S09087,5.6264608833815295e-05,0.0
S09092,0.0007452212613285365,0.0
S09093,0.0009320249921780756,0.0
S09095,0.0003978706506504194,0.0
S09097,0.003049519701871502,0.0
S09100,0.0007277075941531572,0.0
S09101,0.001060486078854209,0.0
S09104,0.0032048561182978713,0.0
S09105,0.00131279361479895,0.0
S09106,0.001124045983336429,0.0
S09110,0.0029777565015951055,0.006143766611039
S09113,0.0028491617728515464,0.0
S09114,0.0007788214273415125,0.0
S09115,0.0009204834751427315,0.0
S09117,0.0025121687946790343,0.0
S09118,0.0030110489944724806,0.0
S09119,0.0032647057693928412,0.0
S09122,0.0006103796375503674,0.0
S09126,0.0019151298247311924,0.0
S09128,0.0018916959040587316,0.0
S09130,0.0004935511173439508,0.0
S09131,0.0014342772379504222,0.0
S09132,0.0013047388176658879,0.0
S09134,0.0012687764082347567,0.0
S09135,0.003804467553072589,0.0
S09136,0.0018652222546167076,0.0
S09137,0.004160269051508443,0.0
S09138,0.002197229667236151,0.0
S09139,0.003087277639562605,0.0
S09143,0.0018211558097954317,0.0
S09144,0.0006252148051075643,0.0
S09145,0.0002385069417223824,0.0
S09148,0.0014540778952106992,0.0
S09149,0.005186875986754485,0.0
S09151,0.000803209905437413,0.0
S09153,0.004237503171965284,0.0
S09154,0.00031549877216744266,0.0
S09156,0.0003484524208102141,0.0
S09158,0.000533036921845267,0.0
S09159,0.0002709700166748023,0.0
S09163,0.0026655880826734475,0.0
S09164,0.0023411637544471712,0.0
S09165,0.0011813018148123448,0.0
S09166,0.001056470888395484,0.0
S09167,0.0022433036305050374,0.0
S09168,0.004016759270641036,0.0
S09169,0.0006437299943718578,0.0
S09174,0.0001916051450971591,0.0
S09175,0.0006364698903919142,0.0
S09176,0.0014852271790303801,0.00610055481907
S09180,0.0006701122590411532,0.0
S09182,0.0007983265027186395,0.0
S09186,0.002294378914476861,0.0
S09187,0.001929183044646637,0.0
S09188,0.0016883708780779103,0.0
S09189,0.001670919852633648,0.0
S09190,0.0039590151399573415,0.0
S09191,0.0011842843462636615,0.0
S09192,0.0026756357629746192,0.0
S09198,1.7305978321672166e-05,0.0
S09200,0.0003027199487611908,0.0
S09201,0.0011408887777909944,0.0
S09202,3.117051660959108e-05,0.0
S09203,2.861854134418984e-05,0.0
S09207,0.00017697559837420092,0.0
S09209,1.2011313257447614e-05,0.0
S09210,0.00015665918873627736,0.0
S09211,7.762266327059343e-05,0.0
S09212,0.00029367867738134634,0.0
S09213,0.0026607780257229515,0.0
S09217,0.0019268750601744268,0.0
S09219,0.0005391683187871376,0.0
S09220,0.0015592289065511275,0.0
S09221,0.0018804159170747658,0.0
S09222,0.0017006788733807286,0.0
S09224,0.0007978863556784507,0.0
S09225,0.0010759157713110224,0.0
S09226,0.0020589543683313845,0.0
S09227,0.0014938000370287316,0.0
S09228,0.00377132643706736,0.0
S09230,0.003601550423283119,0.0
S09231,0.0030869700647372872,0.0
S09233,0.002303341051559701,0.0
S09234,0.0005035643773682816,0.0
S09235,0.0016585467431717888,0.0
S09236,0.0021208021519711663,0.0
S09238,0.0003867083275683587,0.0
S09242,0.0005014475443601259,0.0
S09244,0.00021116490892732234,0.0
S09245,0.001346920044921964,0.0
S09246,0.0003344019064935244,0.0
S09247,0.00019975053789250165,0.0
S09250,0.00034067379145291763,0.0
S09253,0.0009764383101545745,0.0
S09254,0.0004179206545473396,0.0
S09256,9.035047936979963e-05,0.0
S09258,0.0007231714772167543,0.0
S09259,0.003241220493014019,0.0
S09262,0.0026396377138648876,0.0
S09263,0.003499519892799988,0.0
S09264,0.001612089042870576,0.0
S09265,0.00436637839372964,0.0
S09266,0.0008316568660701041,0.0
S09269,0.002102824016378016,0.0
S09270,0.0025153429206755014,0.0
S09274,0.0015751595809946138,0.0
S09276,0.00011394611732174434,0.0
S09277,0.002828499434865508,0.0
S09280,0.0002666490801334437,0.0
S09281,0.0012583071106055605,0.0
S09282,5.5735777581193486e-05,0.0
S09286,0.0006047532595782781,0.0
S09287,0.0004056786461439629,0.0
S09289,0.00025661392280365786,0.0
S09290,6.400634548927049e-05,0.0
S09292,0.0003063188420798159,0.0
S09293,7.057701088367781e-05,0.0
S09294,4.751848714414166e-05,0.0
S09295,0.0002120131232322078,0.0
S09296,0.00024763991560384564,0.0
S09298,0.00048309920328924196,0.0
S09299,0.0008960820695818175,0.0
S09301,0.000522178128286014,0.0
S09304,0.000356575537381161,0.0
S09306,0.0005121146678354945,0.0
S09308,0.0001498586550114374,0.0
S09309,0.00017140654104562893,0.0
S09310,0.0006855683936551333,0.0
S09311,0.0013666412097197165,0.0
S09313,0.0012194282524660856,0.0
S09315,0.0012825205588669112,0.0
S09316,0.00037770055339126913,0.0
S09318,0.006147391393916422,0.0
S09319,0.0035189832912529643,0.0
S09320,0.004422017796962934,0.0
S09321,0.003996533795823406,0.0
S09322,0.00031732336138017134,0.0
S09323,0.0008582454346097128,0.0
S09324,0.0007944309592476819,0.0
S09325,0.0005695259692262858,0.0
S09326,0.0011090353796603188,0.0
S09327,0.0021780720343991308,0.0
S09328,0.0005947464383669063,0.0
S09329,0.001916740306910633,0.0
S09331,0.0009998470690082575,0.0
S09332,0.0024787404645148226,0.0
S09333,0.003578796697265512,0.0
S09334,0.0037328346414947176,0.0
S09335,0.001818558371783673,0.0
S09336,0.0011862929837787232,0.0
S09337,0.0027728575662899295,0.0
S09338,0.002165695039483625,0.0
S09341,0.0008811862044987153,0.0
S09342,0.00272947384989473,0.0
S09343,0.0004457869606774134,0.0
S09345,0.0010296787001769076,0.0
S09347,0.002653849768050257,0.0
S09348,0.0026170662614470866,0.0
S09349,0.002525545872204838,0.0
S09351,0.004661631917024187,0.0
S09352,0.005821987984337974,0.0
S09354,0.0029044727947385713,0.0
S09355,0.0037498952997049194,0.0
S09357,0.002223579381982119,0.0
S09359,0.0022017905905156146,0.0
S09360,0.003155515499220166,0.0
S09361,0.0028343010584076546,0.0
S09362,0.002967506112323836,0.0
S09366,0.002953592676399629,0.0
S09367,0.002473522352718696,0.0
S09368,0.003190346472478022,0.0
S09369,0.00221761938578271,0.0
S09371,0.001069138320047742,0.0
S09374,0.0038405126258836807,0.0
S09377,0.002593072018727137,0.0
S09380,0.0017612184678206936,0.0
S09381,0.0019987737678465066,0.0
S09382,0.001677361312340526,0.0
S09383,0.0013764707343919126,0.0
S09386,0.0020135825996508952,0.0
S09387,0.004026284158130493,0.0
S09388,0.002743143349177278,0.0
S09389,0.0003664676323088526,0.0
S09390,0.0028220817458182515,0.0
S09391,0.0023702947538860415,0.0
S09396,0.0012567075135476956,0.0
S09399,0.0021393352120449884,0.0
S09400,0.001572906141805309,0.0
S09403,0.002896030638904769,0.0
S09405,0.003301773149197053,0.0
S09406,0.0035421907559600157,0.0
S09410,0.00026488777198643056,0.0
S09412,0.0003382470338092147,0.0
S09414,0.0019145146330804134,0.0
S09417,0.0012413925391154212,0.0
S09418,0.002789892202839007,0.0
S09421,0.0016749922676279451,0.0
S09422,0.0013341050950186615,0.0
S09423,0.0004553733766711895,0.0
S09424,0.001016907554344304,0.0
S09430,0.0009138251474119261,0.0
S09431,0.0016029360503447621,0.0
S09432,0.0009437381782056724,0.0
S09434,0.000971204298516086,0.0
S09435,3.90217956887441e-05,0.0
S09436,0.0001267518656439378,0.0
S09438,0.0001954443863727963,0.0
S09440,0.0005711541496995411,0.0
S09441,6.543128388756349e-05,0.0
S09442,5.632349532309239e-05,0.0
S09443,0.00048115588999489065,0.0
S09444,2.0018052218206376e-05,0.0
S09445,6.977989267294697e-05,0.0
S09446,0.0007999690741719908,0.0
S09447,0.0003167821688587353,0.0
S09449,5.523499236756977e-06,0.0
S09450,0.0002528728062452523,0.0
S09451,0.00042659857965330673,0.0
S09452,2.3411145348716244e-05,0.0
S09453,6.121670425687787e-06,0.0
S09454,6.891520200645301e-05,0.0
S09457,6.792107510654383e-05,0.0
S09459,3.2811014060277256e-05,0.0
S09460,0.00021416156222788343,0.0
S09464,0.0005113826919801909,0.0
S09465,0.00013040661230721484,0.0
S09466,0.00029974017405259997,0.0
S09467,0.0002102423919831736,0.0
S09470,0.0036372656474983824,0.0
S09472,0.0037171841650521396,0.0
S09473,0.00282678522179381,0.0
S09474,0.0038098663736252855,0.0
S09475,0.0012555198358547767,0.0
S09476,0.001960947124240546,0.0
S09477,0.005793850911731775,0.0
S09478,0.0031659590918397414,0.0
S09480,0.003633046638261153,0.0
S09481,0.0006838902104439068,0.0
S09483,0.001107892507118253,0.0
S09486,0.001386206184274538,0.0
S09489,0.0011185332911428229,0.0
S09493,0.00113381719171299,0.0
S09495,0.0008893219508546649,0.0
S09497,0.0007107311396371322,0.0
S09498,0.003582024846968286,0.0
S09499,0.004044017460547592,0.0
S09501,0.0029801783197579753,0.0
S09502,0.0033725225659928084,0.0
S09504,0.0013262913629881624,0.0
S09507,0.0015199054778642748,0.0
S09509,0.0038950538314008816,0.0
S09518,0.0013254075225175702,0.0
S09521,0.0018682395282084996,0.0
S09523,0.002876112027846078,0.0
S09524,0.0010021123079452837,0.0
S09527,0.002221944177786113,0.0
S09528,0.0032810033645041927,0.0
S09529,0.001215634069958505,0.0
S09532,0.001669531898502615,0.0
S09533,0.0021907581623091454,0.0
S09535,0.0037389380114586242,0.0
S09537,0.002255316620870317,0.0
S09538,0.001844405869423801,0.0
S09539,0.00310514849035708,0.0
S09540,0.0035281553289668,0.0
S09541,0.0029807541575122263,0.0
S09544,0.0021885118904640772,0.0
S09545,0.001725941810255802,0.0
S09547,0.003839623396190474,0.0
S09548,0.0031613690019530994,0.0
S09549,0.0015765522660094794,0.0
S09551,4.6737620262074995e-05,0.0
S09554,0.00010847888340373638,0.0
S09555,0.0002158893844994328,0.0
S09556,0.0007231498980715652,0.0
S09557,0.001033260209791492,0.0
S09560,0.0025492820851423553,0.0
S09561,0.0011118323471337593,0.0
S09562,0.0019206784852384554,0.0
S09563,0.001635576209893829,0.0
S09564,0.0014367290362162313,0.0
S09566,0.0047727399846482586,0.0
S09567,0.0023912105227286,0.0
S09568,0.0023910864129896865,0.0
S09569,0.0008705209520965813,0.0
S09570,0.002650442244208449,0.0
S09573,0.0031704252346613994,0.0
S09574,0.004960493994263008,0.0
S09576,0.0007335330300602893,0.0
S09577,0.003741504743186958,0.0
S09581,0.001904018362095351,0.0
S09583,0.00238440453961398,0.0
S09586,0.0002643372660518187,0.0
S09587,0.0010789117612043325,0.0
S09588,0.0004547573497093186,0.0
S09591,0.0009129975076952326,0.0
S09593,0.00035065984053953085,0.0
S09595,0.0028224659238606717,0.0
S09597,0.0033928467991680062,0.0
S09598,0.001358566913939059,0.0
S09601,0.0006784782848958463,0.0
S09605,0.0005408562692544149,0.0
S09607,0.0027452630802155178,0.0
S09608,0.0027025344531585445,0.0
S09611,0.0019827466253346943,0.0
S09612,0.0012222609683462343,0.0
S09616,0.0031643274984271396,0.0
S09617,0.0009166978988421555,0.0
S09619,0.0015769147169639177,0.0
S09622,0.00031790410922668047,0.0
S09623,0.0007745740195118398,0.0
S09624,0.0018918922418600414,0.0
S09625,0.0009580904273442203,0.0
S09627,0.001196881927525636,0.0
S09629,0.0008151100597415019,0.0
S09630,9.508075580891093e-05,0.0
S09631,0.0001709337715663467,0.0
S09632,0.0016411933869277461,0.0
S09635,6.34539137501609e-05,0.0
S09639,0.001310048000185121,0.0
S09640,9.963551216824369e-05,0.0
S09641,0.000159355508869968,0.0
S09644,0.0025355160015883716,0.0
S09646,0.0012860632758809269,0.0
S09647,0.0001858037794431177,0.0
S09651,0.00030581226990084487,0.0
S09652,5.4056024741892e-05,0.0
S09653,0.00010228484250438516,0.0
S09656,0.0021810684530794064,0.0
S09657,0.002222975085734525,0.0
S09658,0.0022242092096645574,0.0
S09659,0.00026898218647118,0.0
S09660,0.0014889461759024112,0.0
S09661,0.0003218432576578536,0.0
S09662,0.0006164562037027158,0.0
S09663,0.0008063476806731504,0.0
S09664,0.0027255036875255263,0.0
S09665,8.93900638633757e-05,0.0
S09666,0.0006168952299749923,0.0
S09668,5.269112794630409e-05,0.0
S09669,0.00044884363696492925,0.0
S09670,0.0018575220644671347,0.0
S09671,0.0026121671907266197,0.0
S09672,0.0024441757503301255,0.0
S09674,0.0025855311535856007,0.0
S09675,0.0002721940177324078,0.0
S09676,3.983824920942139e-05,0.0
S09677,4.4319575551105026e-05,0.0
S09678,0.00011436123807414353,0.0
S09679,7.622553831318043e-05,0.0
S09682,0.0013069845343977374,0.0
S09685,0.0009337639821747997,0.0
S09686,0.0012497964202558872,0.0
S09689,0.0005518651620974124,0.0
S09694,0.0015234180852925598,0.0
S09696,3.937757874988408e-05,0.0
S09697,1.7478572551756885e-05,0.0
S09699,0.00017042358245414736,0.0
S09701,9.538787990229912e-06,0.0
S09704,0.0003470589262004115,0.0
S09705,6.098149189435948e-05,0.0
S09709,0.0014667004483889215,0.0
S09711,0.0018733726548264438,0.0
S09712,0.0009715007838929301,0.0
S09713,0.0020439774478322415,0.0
S09714,0.001902897149693692,0.0
S09715,0.0028024117673643486,0.0
S09716,0.001274707435366994,0.0
S09717,0.0028536484094037534,0.0
S09718,0.00408214054916867,0.0
S09721,0.0002663531604441175,0.0
S09722,0.00014473966513107656,0.0
S09726,0.0005717311572503068,0.0
S09727,0.000834161210542736,0.0
S09729,0.0004549264991291357,0.0
S09731,0.00026967110127386465,0.0
S09732,0.0015476139112613166,0.0
S09735,0.00195876923935279,0.0
S09736,0.0004022184294904877,0.0
S09737,0.00044061456423889083,0.0
S09738,0.00043578524049587734,0.0
S09739,0.0026660460847698587,0.0
S09740,0.0009496450898239704,0.0
S09741,0.0015645733120153277,0.0
S09742,0.002569934531835685,0.0
S09743,0.0011524894752961176,0.0
S09746,0.0017335360611571604,0.0
S09747,0.0011652926811726314,0.0
S09748,0.0027557059864549956,0.0
S09749,0.0036189438436051505,0.0
S09750,0.0006562700592832292,0.0
S09751,0.0025272731959171276,0.0
S09752,0.0003514121125117289,0.0
S09754,0.003465115729384948,0.0
S09757,0.000601892002324464,0.0
S09758,0.0041922425730648895,0.0
S09759,0.0017944468000546288,0.0
S09760,0.0008158282115159249,0.0080787392615349
S09761,0.002164192488157467,0.0090840252754713
S09763,0.0023474794620810444,0.0115706968803352
S09764,0.002832053074611615,0.0093957955232909
S09765,0.0023130708148715617,0.0065766316530502
S09766,0.0030623609479656392,0.0066135981966301
S09767,0.0023609992634197443,0.0065719355870973
S09771,0.005829900677396974,0.0013258742900436
S09772,0.0017194339568109924,0.0077396849621191
S09773,0.0034216203779508358,0.0080809723181984
S09775,0.00258780790401297,0.0026652509196992
S09776,0.002544520429466018,0.0
S09778,0.002172189083229693,0.0013406706050551
S09779,0.0008558055593605731,0.015466363770743
S09780,0.0015408737920301445,0.007773276819369
S09782,0.0012110172844437977,0.0026834259304252
S09783,0.003474713999121438,0.0040123681044991
S09784,0.0030036923396803156,0.0079718978570512
S09786,0.00039501857591521625,0.0
S09790,0.00039452357058374527,0.0012897667260945
S09791,0.002788897375588341,0.0
S09794,0.0021639863720755393,0.0117755769321897
S09795,0.0003426022314299994,0.0127543819129006
S09798,0.0023663046256881403,0.0092445705752147
S09799,0.00021846183351812652,0.0
S09803,0.0008919046345603274,0.006409859576356
S09805,0.003981656390074569,0.0
S09806,0.0024829118488894192,0.0117668413409937
S09807,0.00334246078007937,0.0092999508137122
S09808,0.0025345049028321783,0.0092444968804141
S09809,0.0028521996564601767,0.0079996137007468
S09810,0.0016760529918245102,0.0077449315111187
S09815,0.0035464585872241267,0.0104133928384352
S09816,0.0029450476528669308,0.0052098483955082
S09818,0.0014415872991750535,0.0
S09819,0.002459414315037847,0.0118419798583092
S09820,0.0034171526465643105,0.0077635628036302
S09821,0.002826558418748254,0.0065283239940207
S09822,0.004807442964981532,0.0026692231056974
S09823,0.002584052543807264,0.0117158954291506
S09825,0.0027963578450149085,0.0076585843176232
S09826,0.005502144276391836,0.0
S09827,0.003279612187045423,0.0025686148343966
S09828,0.0017019847602416864,0.0079480577633493
S09829,0.0029689385974382876,0.008042071197411
S09831,0.002065074180961875,0.0
S09833,0.0007232237818524447,0.0092731047975456
S09834,0.0035241000536356763,0.0133779084165078
S09837,0.004052817457148386,0.0
S09839,0.001548817856023751,0.0143591440720925
S09843,0.002578787657253219,0.0039801074709099
S09845,0.001657867227344392,0.0
S09846,0.0023023475420957825,0.0013038151678038
S09849,0.0013535011830834536,0.0104378324171352
S09850,0.0024064072945955426,0.0026616539742724
S09853,0.0011022767130773573,0.0066353722750915
S09854,0.0019415069685077846,0.013399982744489
S09856,0.0017414527540115397,0.0146462738668359
S09857,0.0010245467843777599,0.011744966442953
S09860,0.002491444516542249,0.0026000999233572
S09861,0.0008522962472004944,0.0039124616232386
S09862,0.004194409067731744,0.0
S09863,0.0016921152406784463,0.0104490242146149
S09864,0.0017493729783657364,0.0051746981209182
S09866,0.003035271121863522,0.0
S09867,0.003059793780392152,0.005356960006036
S09870,0.0012298586322769503,0.0039045007816857
S09871,0.001996743912422392,0.0
S09874,0.0026353348451053403,0.0105525210864637
S09879,0.0046383868719782045,0.0076599417412881
S09880,0.0019089831766035568,0.0064354063887917
S09881,0.0012146658225874031,0.0067364437540832
S09883,0.00257062551622496,0.0079428498369877
S09884,0.004567338160491515,0.0094327856406919
S09885,0.0022030816992658496,0.0079711946366851
S09888,0.0020626678967598823,0.0012754676500855
S09889,0.00017612413159721142,0.0
S09897,0.0004234847655189955,0.0
S09898,0.005519475281464155,0.0025884809991432
S09901,0.0016041767679968928,0.0065276551927037
S09902,0.002453116265527925,0.0102392154741946
S09904,0.003098646799346224,0.0013183723274444
S09906,0.003810617492765212,0.005371724410002
S09909,0.0018519385105235271,0.0103535195716934
S09910,0.0022637923973934243,0.0146015619157505
S09911,0.0011897149846714667,0.0025810204118726
S09913,0.0006221197869673014,0.0092283859741265
S09914,0.0020546686357233645,0.0089742895246644
S09915,0.0010160990558943021,0.0066951175484823
S09916,0.001524449762283967,0.0106888616469879
S09918,0.0010399863614607469,0.0039864604722792
S09919,0.0032529195117048746,0.0026436873321098
S09920,0.002086158261695623,0.0119181794201577
S09921,0.002880465999054504,0.0039100914977145
S09923,0.002701825589120765,0.0078900160340366
S09924,0.004250966194104365,0.0102465776018472
S09925,0.004151652890973679,0.0066513030933243
S09928,0.0031365855450725846,0.0012811886956364
S09932,8.922895769450103e-05,0.0187187930440771
S09933,0.000321692400988204,0.0013467082872688
S09934,0.000178814776778372,0.0
S09936,0.0011225396084892506,0.0013068492574361
S09937,0.0024093385847107664,0.0091737797079895
S09938,0.0007273655590356236,0.0120094722598105
S09939,0.0035393042084912495,0.0
S09942,0.0012140590418914525,0.0180925115515927
S09946,0.0013120212155276665,0.0
S09947,0.0022634570853914023,0.0066913316961785
S09948,0.001709577774614877,0.0026152251356286
S09949,0.0019018472637947709,0.0116371639973775
S09950,0.0013115594626741166,0.0079972966884433
S09951,0.0030919738211266767,0.0079513002855748
S09953,0.003961887865079346,0.0127592934894228
S09955,0.002115717835786379,0.0
S09956,0.0009676556990649339,0.0076695755499486
S09961,0.002737046736613212,0.0078332479609125
S09963,0.0003796762839908378,0.0
S09964,0.0017602480030303954,0.0208893197048385
S09966,0.0014398606410550904,0.0013403994228461
S09968,0.002615222413766266,0.0038305022042728
S09969,0.0009448149948331162,0.0089903610098974
S09970,0.0025213218564155452,0.0038305612504431
S09971,0.0008501443984552841,0.0051293165727496
S09973,0.0009410043808107272,0.0080211746098352
S09974,0.0051401747320841545,0.0116727862024692
S09976,0.002800451874876003,0.0118508274118937
S09978,0.00039451064443507994,0.006722338995247
S09979,0.0028003287755868165,0.0153135110152518
S09981,0.000399985065958993,0.0053811464981945
S09983,0.005587484314393763,0.0026408637803141
S09984,0.0032253529366815786,0.0092512079221611
S09987,0.0006623593073215387,0.0
S09992,0.003427780851170336,0.00908210441679
S09993,0.0029639062644035317,0.0077240478984217
S09994,0.0031006990377250793,0.010686276090801
S09996,0.0009194293732326182,0.0
S09999,9.285725911352555e-05,0.0
S10002,0.0001755038851603272,0.0
S10003,0.00038363720520845693,0.0
S10005,6.17819636625582e-05,0.0
S10006,3.293477867639844e-05,0.0
S10008,0.0005474135137368248,0.0
S10009,5.0240390971803496e-05,0.0
S10011,0.0019558826509497376,0.0
S10015,0.003065498120304433,0.0
S10016,0.0006082394954384099,0.0
S10019,0.0007295992309368673,0.0
S10020,0.0008072914050254285,0.0
S10022,0.001846094475878264,0.0078887010626731
S10024,0.004657656878521913,0.0213984327908378
S10025,0.0019899355712250967,0.0039891802515511
S10027,0.00474189298124203,0.00394961656137
S10028,0.001065151973510776,0.0160754283681176
S10029,0.002620258763576808,0.0133350505229378
S10030,0.0008510251667589624,0.003916377075404
S10031,0.002228424995262903,0.0077175111414773
S10033,0.0017610733221547412,0.0093556211712947
S10034,0.0031964333079869327,0.0166006341180158
S10035,0.0032726051596575867,0.0013012446916023
S10036,0.0008503807303563025,0.0079105487246826
S10042,0.004545647364624356,0.0052966722617429
S10043,0.0022925043786839396,0.0053501264868938
S10046,0.00584896438984934,0.0051797136566746
S10047,0.003329545338745874,0.0026430757531037
S10048,0.002179759167322583,0.0199755630938409
S10051,0.0013091544912096176,0.0129106334782857
S10056,0.0023163110440727512,0.0025552436478802
S10059,0.0018699927378851935,0.0065401793351387
S10060,0.0011459631818224304,0.0
S10061,0.002964338146394422,0.0091015639307035
S10062,0.0010486645193453527,0.0064899112566661
S10064,0.0003297245761413344,0.0132396699938996
S10065,0.0009197662275182924,0.0158640226628895
S10066,0.0021575758191875317,0.0093072654991786
S10067,0.0023250301983290156,0.0092573374843671
S10068,0.0035399085928596945,0.0131838281911098
S10069,0.001391838554733167,0.0
S10070,0.0014575687216027919,0.0012938766053051
S10071,0.0025726049737270764,0.0077365524863598
S10072,0.001424462631746134,0.0013149296102569
S10074,0.003316084581806461,0.0064418124175331
S10075,0.0011570661393281818,0.0012837998408811
S10076,0.003856886190085517,0.0
S10081,0.0020287256913163612,0.0025605555941957
S10082,0.0028819448018569897,0.0
S10085,0.0029237698159342916,0.0120724834823163
S10087,0.00013699470133084223,0.0
S10089,4.631663682640079e-05,0.0
S10091,0.0002698475036081116,0.0
S10092,0.00018781923879347765,0.0
S10095,7.556256857179107e-05,0.0
S10096,3.360651516732372e-05,0.0
S10099,0.00043940975547779115,0.0
S10100,0.0007016567377358101,0.0
S10101,8.82986720885982e-05,0.0
S10102,0.0001579256985326408,0.0
S10103,0.0029786373439566554,0.0
S10104,0.000790722292667145,0.0
S10106,0.0011005450050054883,0.0025660685197089
S10107,0.0020677368833888115,0.0090330085189137
S10108,0.002082643521853403,0.0051476852247451
S10111,0.0031956495560525747,0.003851578604752
S10113,0.0015726600942254677,0.007689391888233
S10116,0.0008205771687291861,0.0118930819115078
S10117,0.0016135087598647454,0.0025805379668787
S10119,0.0015861777637406942,0.0053777402670475
S10121,0.0020505352966477316,0.0116774486615184
S10122,0.0014873311917035642,0.0076552223403108
S10125,0.0001992629296683638,0.0066459132313847
S10126,0.003714216743305119,0.0079263187273234
S10129,0.00210537306472757,0.0092576330901175
S10131,0.0023541595652989394,0.0051427314940566
S10132,0.0028111341971934272,0.0038406553069819
S10134,0.0009815716452650108,0.0140587190030575
S10135,0.0018173405352187694,0.0051242396123311
S10136,0.0009156487126496743,0.0103917555951083
S10137,0.0031405783810235476,0.0064929126657521
S10138,0.001011004788261377,0.0089898731495047
S10140,0.0003552761585764805,0.0051166824954379
S10141,0.0017295389964986868,0.001292332334831
S10142,0.002451714571517916,0.0
S10143,0.0013842094414392898,0.005309956703019
S10145,0.002005749089329677,0.0116473455613536
S10146,0.0021375074591297475,0.0065307946019106
S10150,0.00026717620696987,0.0064739842227571
S10151,0.0017070583190005868,0.0130055005155097
S10152,0.0022384805123194782,0.0
S10153,0.00048171644785106817,0.0
S10154,0.004124928393207332,0.0
S10155,0.00023252100148359492,0.0
S10157,2.7370750122703445e-05,0.0
S10158,0.0029377111909968975,0.0
S10161,0.0008380279041507043,0.0
S10162,0.0006261370051842441,0.0
S10163,0.0015497927407445555,0.0
S10164,0.00029600535474764446,0.0
S10167,0.002303798650004322,0.0
S10168,0.00056974589374481,0.0
S10169,0.0008523861795046746,0.0
S10170,0.0004317888617665526,0.0
S10171,0.0008400481110756462,0.0
S10174,0.002928883443052659,0.0
S10175,0.00037508225584578195,0.0
S10177,0.0006399650675946313,0.0
S10178,0.0032588980195378606,0.0
S10180,0.0009010235896602539,0.0
S10181,0.00415868882496602,0.0
S10182,0.0018975161561797774,0.0
S10184,0.003994954092821517,0.0
S10185,0.0011119434310470607,0.0
S10186,0.00013736671191274884,0.0
S10187,0.00040695929096288213,0.0
S10190,5.172521965540987e-05,0.0
S10191,8.499884390278348e-05,0.0
S10192,0.0003306783049136602,0.0
S10193,0.00037663195225132314,0.0
S10195,5.301276338482394e-05,0.0
S10196,2.4733582770465513e-05,0.0
S10197,4.637609865108793e-05,0.0
S10200,7.622160073805692e-05,0.0
S10201,3.411751613879899e-05,0.0
S10203,0.0006922758600608096,0.0272056178545175
S10204,0.003312327451230931,0.0
S10206,0.005370730872213871,0.0
S10208,0.004604514636230133,0.0
S10211,0.00271207681168756,0.0
S10216,0.002928096273936709,0.0
S10217,0.0024441517161582693,0.0
S10218,0.004004682669889896,0.0
S10219,0.003093680586641094,0.0
S10223,0.0010005813202142483,0.0
S10225,0.0016226686893246346,0.0
S10226,0.0025318250947711854,0.0
S10227,0.0014256374596473263,0.0
S10231,0.0016504032701535746,0.0
S10234,0.0009941205229909431,0.0
S10235,0.000926486077131675,0.0
S10239,0.00016489509245076295,0.0
S10240,0.000184111918679017,0.0
S10241,0.00011351966202767058,0.0
S10243,0.00032908310625878105,0.0
S10248,0.002509484145719546,0.0
S10249,0.0027920408660687783,0.003857467731545
S10250,0.002379968001908212,0.0076857650970385
S10252,0.001626558154269435,0.0
S10253,0.005405925737605752,0.0
S10254,0.0038530845940553896,0.0
S10257,0.0023062295467571837,0.0
S10259,0.0032216679057669403,0.0
S10260,0.0016797645842014108,0.0
S10261,0.001247208619040293,0.0
S10265,0.0017096023653304657,0.0
S10268,0.00014835664146411114,0.0
S10269,0.0028933532004611633,0.0
S10270,0.0012693699357205937,0.0
S10272,0.004627253969038942,0.0
S10273,0.0009300689853914066,0.0
S10274,0.001725525640533439,0.0
S10280,0.0008489607028490677,0.0
S10282,0.002189721620739114,0.0
S10286,0.003345939330400792,0.0
S10287,0.002567081003757654,0.0
S10288,0.00201804768516403,0.0
S10289,0.00416545617866575,0.0
S10290,0.0018657997124823318,0.0
S10291,0.003478423939358208,0.0
S10292,0.002848457687093778,0.0
S10293,0.001717357031814921,0.0
S10294,0.00250687741414207,0.0
S10297,0.0035919827407904217,0.0
S10298,0.0019567410335211135,0.0
S10300,0.0028800382354429335,0.0
S10302,0.002447235645760585,0.0
S10304,0.0009177567701055304,0.0
S10305,0.0005264271835160837,0.0
S10306,0.0008991060703333274,0.0
S10307,0.0013985390996008509,0.0
S10308,0.00039467415049955284,0.0
S10309,0.000499680656428363,0.0038922694985472
S10312,0.0016612304521879983,0.0
S10314,0.0013024131880111475,0.0
S10315,0.000552505914544784,0.0
S10316,0.00027987163872437775,0.0
S10318,4.414136459442603e-05,0.0
S10320,0.00013102052969697807,0.0
S10322,0.00016066933790436245,0.0
S10323,0.0002001233689425941,0.0
S10324,0.0005321659148881219,0.0
S10325,3.9911258352704265e-05,0.0
S10329,0.00011422452192552257,0.0
S10330,0.0016515825479285636,0.0
S10335,0.0012524295781742394,0.0
S10336,0.003392314838448254,0.0
S10340,0.0011234517962054483,0.0
S10341,0.00011527922012467552,0.0
S10344,0.0002004817717162217,0.0
S10346,0.00021940553658524742,0.0
S10347,6.390620426677631e-05,0.0
S10349,0.00017235281807058934,0.0
S10350,8.742176482111288e-05,0.0
S10351,9.838537380728428e-05,0.0
S10354,0.002213035272338812,0.0
S10355,4.7054819347084e-05,0.0
S10356,9.49884872350402e-05,0.0
S10359,0.0022010270685067874,0.0
S10360,0.00015417247318059044,0.0
S10362,1.5456801493763196e-05,0.0
S10363,0.0008242547880405783,0.0
S10365,1.4896126227026215e-05,0.0
S10366,0.0002530979933762386,0.0
S10368,0.0004101463932763318,0.0
S10370,0.0005137409997350456,0.0
S10371,1.157328035126378e-05,0.0
S10372,0.0006967087683616652,0.0
S10373,0.0009882243312982078,0.0
S10374,0.0006342203299628448,0.0
S10375,0.00044970274160192474,0.0
S10378,0.0009097212229074741,0.0
S10381,0.0004932924463335576,0.0
S10383,0.0008648889994039557,0.0
S10384,5.548196554316273e-05,0.0
S10386,0.0008714859815614452,0.0
S10387,0.0012014934681192952,0.0
S10389,0.003358203511837045,0.0
S10390,0.001560918983179878,0.0
S10391,0.0029070208218147666,0.0
S10392,0.003666274405039069,0.0
S10393,0.0015708638992847314,0.0
S10394,0.00040521347452948057,0.0
S10396,0.003450084808874482,0.0
S10398,0.0015366064005340279,0.0
S10399,0.0017766548838897079,0.0
S10400,0.0014182978188699087,0.0
S10403,0.0012763547544569357,0.0
S10404,0.00024338944098648813,0.0
S10405,0.0023224238154763966,0.0
S10407,0.0013614616104802681,0.0
S10409,0.0016920487591895934,0.0
S10410,0.0017793227354743779,0.0
S10412,0.001131732797419337,0.0
S10413,0.0014146208382282788,0.0
S10414,0.0007752151787128489,0.0
S10415,0.0004897341455906462,0.0
S10417,0.0017317221516334545,0.0
S10418,0.000884696046557844,0.0
S10419,0.0007825619828900969,0.0
S10420,4.4204682233158746e-05,0.0
S10421,3.4074980253737556e-05,0.0
S10422,0.0034506511881614247,0.0
S10423,0.0027675238229382918,0.0
S10424,0.0007646310826575538,0.0
S10425,0.00024592458845615047,0.0
S10426,0.00010410526354900527,0.0
S10427,5.2258826862314824e-05,0.0
S10428,0.00015568478003166918,0.0
S10429,0.00035683449788374773,0.0
S10431,0.0007485126370411622,0.0
S10433,0.0010898438518765219,0.0
S10434,0.001402215125510549,0.0
S10437,0.0025709301768910738,0.0
S10438,0.002384749061345892,0.0
S10443,0.002498190221232781,0.0
S10446,0.0005676064765060959,0.0
S10450,0.0001575298749241511,0.0
S10451,0.0003290964919886319,0.0
S10454,0.0036363071835204593,0.0
S10456,0.0016999242776282713,0.0
S10457,0.0003970075422675309,0.0
S10458,0.0022232015145769524,0.0
S10461,0.004372632127438508,0.0
S10462,0.006295329543203636,0.0
S10466,0.0012383323026477408,0.0
S10469,0.0013405622107639076,0.0
S10470,0.0027787678453478253,0.0
S10472,0.00243514260221177,0.0
S10477,0.0013820597161702088,0.0
S10478,0.001956710794770809,0.0
S10480,0.0031057588714792153,0.0
S10482,0.0018289186300014621,0.0
S10485,0.004530780894609978,0.0
S10486,0.003075509505225885,0.0
S10490,0.0018682426939921083,0.0
S10491,0.0013725617439872622,0.0
S10493,0.0025424523085704424,0.0
S10495,0.0018801096863312922,0.0
S10496,0.00014013660879294443,0.0
S10498,0.0005968802578331437,0.0
S10499,0.00024464270688879093,0.0
S10500,0.0002937242122344552,0.0
S10501,0.0006139441828021042,0.0
S10503,0.0006624910284796605,0.0
S10506,0.0013000674431222004,0.0
S10507,0.00035962716983356936,0.0
S10508,0.0006107945135220542,0.0
S10509,1.0607414643963e-05,0.0
S10510,7.377722215779387e-05,0.0
S10512,0.00046124922580360346,0.0
S10515,0.0002579332040834839,0.0
S10516,0.0005277887285422454,0.0
S10517,0.0013826010354191663,0.0
S10518,0.0009201651384086965,0.0
S10519,0.0008434234461579272,0.0
S10520,0.0004444381538761356,0.0
S10521,0.001075581749178294,0.0
S10522,0.0012619156510246484,0.0
S10523,0.001331223242490961,0.0
S10524,0.0023473208620817753,0.0
S10525,0.0010596491209668819,0.0
S10526,0.0022225134051947963,0.0
S10527,0.0020339068957597873,0.0
S10528,0.0005516915104765117,0.0
S10532,0.001199699125747938,0.0
S10533,0.0014750505895848,0.0
S10534,0.0023720902376584215,0.0
S10536,0.000637730422455282,0.0
S10539,0.00014360451353606938,0.0
S10541,0.00012999873510522966,0.0
S10542,4.93394402832041e-05,0.0
S10543,0.00013919269437423062,0.0
S10544,2.9224391419971878e-05,0.0
S10546,0.0014087206726289894,0.0
S10548,0.00046994131262389837,0.0
S10549,2.394923524101544e-05,0.0
S10550,0.0004422873400134362,0.0
S10551,2.6318903400291124e-06,0.0
S10553,3.835421385881759e-06,0.0
S10554,0.0004742088105722545,0.0
S10555,0.00038516156993543405,0.0
S10557,0.0015067075139809723,0.0
S10558,0.0013518697924373784,0.0
S10559,0.0005581924439120535,0.0
S10560,0.0019844940585293123,0.0
S10561,0.0018168595991401569,0.0
S10563,0.0002087481286326058,0.0
S10566,0.0015817761800189139,0.0
S10574,0.0021745418211838448,0.0
S10575,0.0005866519012956726,0.0
S10576,0.002406731812857867,0.0
S10577,0.00237049192327273,0.0
S10579,0.004527076738744061,0.0
S10580,0.0033122999395072046,0.0
S10581,0.003971533421010878,0.0
S10582,0.004510735903894603,0.0
S10584,0.0023297851894342895,0.0
S10585,0.0024271406457375025,0.0
S10586,0.0007673736481627474,0.0
S10588,0.002620792505267896,0.0
S10589,0.00037336147250544206,0.0
S10590,0.0045998035328220135,0.0
S10593,0.0009324388381543385,0.0
S10594,0.001657992506609232,0.0
S10595,0.0025985363118582495,0.0
S10596,0.001330418595489113,0.0
S10597,0.0007215132597547742,0.0
S10598,0.0003897648167189356,0.0
S10601,9.305419157574033e-05,0.0
S10602,0.0018089072992656572,0.0
S10606,0.0022042741710113943,0.0
S10607,0.001165940878491719,0.0
S10608,0.0005888323328117138,0.0
S10609,0.0003504183704959398,0.0
S10611,0.0001282637345009892,0.0
S10612,0.0023089996808579923,0.0
S10613,0.0007838472951350993,0.0
S10614,0.00269409058787255,0.0
S10615,0.0027491561399700954,0.0
S10617,0.003311089372772133,0.0
S10619,0.001902151368628501,0.0
S10621,0.001077822041045212,0.0
S10622,1.3578213057373465e-05,0.0
S10623,0.003045548015328223,0.0
S10625,0.00166413733809415,0.0
S10626,0.003199032714165284,0.0
S10627,0.0011945452960044477,0.0
S10629,0.003717232593555085,0.0
S10630,0.0017567812773154308,0.0
S10633,0.004022132326458014,0.0
S10634,7.50757881557706e-05,0.0
S10635,2.611731176819824e-05,0.0
S10636,0.00024961061204724615,0.0
S10637,0.00016089319232475246,0.0
S10639,0.0002198083514911868,0.0
S10641,2.56003044662677e-05,0.0
S10642,4.590993595905451e-05,0.0
S10643,2.2327460809199706e-05,0.0
S10644,5.883927248655963e-05,0.0
S10645,0.00013166591749002882,0.0
S10647,0.00011599022660166542,0.0
S10648,3.3662598494808756e-05,0.0
S10649,0.0002663286076119993,0.0
S10650,0.00011684762055686543,0.0
S10653,0.0015530146986903388,0.0
S10655,0.00189167768971172,0.0
S10656,0.000788427750330691,0.0
S10659,0.00246293458321876,0.0
S10661,0.0017744917591360385,0.0
S10663,0.0023000233942552114,0.0
S10667,0.003123126693126609,0.0
S10668,0.002714844855895635,0.0
S10671,0.003612588841558188,0.0
S10672,0.0031304672799779302,0.0
S10675,0.0021056611207500024,0.0
S10676,0.0030665887742698703,0.0
S10679,0.0007785296313422118,0.0
S10680,0.0012615378137374792,0.0
S10683,0.0009348002654437053,0.0
S10684,0.0022666537291878533,0.0
S10685,0.001865125516174377,0.0
S10687,0.0011116327323004974,0.0
S10689,0.002561103445646095,0.0
S10692,0.0006534008680181798,0.0
S10693,0.0006314167743272068,0.0
S10695,0.0031847402035403093,0.0
S10698,0.0027534139597727722,0.0
S10699,0.0011291677547514687,0.0
S10702,0.0024025563638176476,0.0
S10705,0.0002829380505678748,0.0
S10706,5.791928242945382e-06,0.0
S10709,1.8666303052960767e-06,0.0
S10710,0.00020436394823393015,0.0
S10713,6.2360850827358685e-06,0.0
S10715,7.998164675832417e-06,0.0
S10716,0.0001780220632926347,0.0
S10717,9.941916977026824e-06,0.0
S10718,1.5153998922829903e-05,0.0
S10721,0.0019086543202907293,0.0
S10723,0.0001513330035297824,0.0
S10724,0.0003171378382820198,0.0
S10725,0.00012463531171219268,0.0
S10729,0.001393412525790581,0.0
S10730,0.0019967072671498386,0.0
S10734,0.0038057497934897325,0.0
S10736,0.0018655309547974809,0.0
S10737,0.0007928914017948925,0.0
S10741,0.00011236799686539981,0.0
S10742,0.000651461380576968,0.0
S10743,0.0008119768196532321,0.0
S10744,0.000660312687123179,0.0
S10747,0.004371091508147882,0.0
S10749,0.0021010957710132184,0.0
S10751,0.0025116475308096247,0.0
S10752,0.001975549983463814,0.0
S10754,0.004186368500313984,0.0
S10757,0.00036050417126292636,0.0
S10760,0.0029791158330036605,0.0
S10761,0.003011043329627597,0.0
S10766,0.002228423552826205,0.0
S10768,0.00012386603212475583,0.0
S10770,0.0008951224122305888,0.0
S10772,0.0009133859041507859,0.0
S10773,0.0003626486840008809,0.0
S10775,0.001720924405784006,0.0
S10776,0.0012221109048932688,0.0
S10777,0.0027070459518740236,0.0
S10778,0.0022729030396322993,0.0
S10779,0.003075093773236329,0.0
S10780,0.002737824537383699,0.0
S10783,0.0010902116726998127,0.0
S10784,0.00024510303772349104,0.0
S10785,0.0005644887169099594,0.0
S10786,0.0007260157412797343,0.0
S10787,0.0026381734053398664,0.016209668025626
S10788,0.0005368502347995584,0.0193180965248067
S10791,0.002643539339625665,0.0202739636618776
S10792,0.003840042135527992,0.0305643018793663
S10793,0.0027175687632798266,0.0147427654402287
S10794,0.0003266928287620514,0.0
S10795,0.0009260317424168707,0.004104639398757
S10796,0.0027158251783430992,0.0200522245461822
S10798,0.005440576974827492,0.0188866770147299
S10799,0.003779542260923928,0.0
S10800,0.00025159340250978086,0.0275398457208685
S10801,0.0030024967451590763,0.0200774983356279
S10803,0.0006867594009832579,0.0146175037499632
S10804,0.0013966924482421083,0.0187309566674494
S10807,0.0017472570652503018,0.0162393623191247
S10808,0.0034601940670045917,0.0313106184473472
S10810,0.002357143839835931,0.0105175938948794
S10812,0.001027945786113447,0.020472895040369
S10813,0.0021844035695687035,0.0106299700991987
S10814,0.0022774119686224444,0.010143596472046
S10816,0.002430520091073583,0.0024164571917558
S10817,0.000293111104857847,0.0284323587320807
S10818,0.001365388899354274,0.0007006206907245
S10820,0.001314031653751842,0.0163069971501424
S10824,0.002643242553334527,0.0091393894814269
S10826,0.0021599560689799626,0.0181828882653483
S10827,0.0021299523930514265,0.017165596726358
S10828,0.0005010624809331775,0.0222721141479459
S10831,0.00400146557140703,0.0056570485458994
S10834,0.0026664516993038937,0.005616556977117
S10835,0.0034732730488962514,0.0269296844869845
S10836,0.0012052272824672225,0.009989763292286
S10838,0.0018157124235178125,0.0057701461692963
S10839,0.0005585578626560263,0.0199239211773509
S10840,0.001539739945168264,0.0202382798245243
S10845,0.0007797267491862561,0.0187497098017365
S10847,0.002061194642536791,0.0214020857652137
S10848,0.0018750968545173201,0.0074152984918745
S10849,0.0013569400828458108,0.0062991660259064
S10850,0.0002959098632206945,0.0063973226496757
S10854,0.0003677944186019472,0.0
S10856,0.00012365468210695312,0.0117299976398395
S10858,0.0026105851707270847,0.0
S10859,0.001128387699513838,0.0207136903222097
S10860,0.0015860899083590253,0.0
S10861,0.0009356913193821864,0.0
S10862,0.0013461887215278974,0.0
S10863,0.0013662110017690714,0.0203213803818947
S10864,0.001445975104709833,0.0
S10866,0.000210147577657176,0.0
S10870,0.00038373320194081144,0.0331345382256324
S10871,0.0030253065990212564,0.0
S10872,0.0006641331392873736,0.0090184780393569
S10873,0.0023363221241413283,0.0029749612417021
S10874,0.00034372246156524753,0.0
S10876,0.0011211945507140064,0.0
S10877,0.00017665400152492954,0.0057861173929873
S10878,0.000504004977699929,0.0156559016079108
S10879,0.0005371432487998258,0.0
S10882,0.002099452554807782,0.0
S10883,0.002818913639773658,0.0106879996559195
S10886,0.0021301271013019043,0.0
S10887,0.00084343864250752,0.0
S10891,0.0015358644293301362,0.0
S10892,0.0014480732584723603,0.0150077069942173
S10893,0.0027714275574617165,0.0
S10894,8.596692877554799e-05,0.0
S10895,0.0005979918083399902,0.0160521160855445
S10897,0.0008337394711303142,0.02016220888685
S10898,0.0028098293762712076,0.0355705636831506
S10899,0.0035366323773675153,0.0186838323110868
S10900,0.0010754294775626092,0.0127721428514065
S10901,0.001667868173493677,0.0168258520922964
S10902,0.0015193822330917357,0.021417995672075
S10903,0.00242348159179841,0.0141407435508345
S10904,0.0016274769575927617,0.0146144119800106
S10908,0.00334376505489599,0.0137630520125755
S10910,0.0024286000164884997,0.0174620323767863
S10913,0.0019595958371835817,0.0123672218852548
S10914,0.0018818725393123727,0.0127221629428439
S10915,0.00130704874025786,0.016304475177737
S10919,0.0012642572318067385,0.0079412461089056
S10920,0.0015979458799164573,0.0127707890683844
S10921,0.003022409053232537,0.0015780483003435
S10922,0.0027549852364141107,0.0183849369289387
S10923,0.003018690034026353,0.0131384738750567
S10925,0.00287357665718562,0.0087975501389552
S10926,0.002327198834631477,0.0093979275395204
S10930,0.0025438633764229496,0.0073598554684318
S10939,0.0006672686806111329,0.0182477999835512
S10940,0.002561179079135503,0.0241928614021637
S10942,0.0013348172525243704,0.0239268713930662
S10943,0.005372560518480406,0.0110461627364256
S10945,0.0008327680121965814,0.0063510014487822
S10948,0.0040500764239052,0.0
S10949,0.003831808035276498,0.0178878467672142
S10951,0.0028883238803270915,0.0
S10954,0.0024878220191912634,0.0091202958696818
S10955,0.0022900087911823094,0.0133076284574396
S10956,0.0012964565741357416,0.021171085816856
S10957,0.0015274836687680007,0.0173087052862074
S10959,0.0019551318722881034,0.0219454177705609
S10962,0.0021432311887216887,0.0179877696529816
S10963,0.0023825910747873064,0.011360311597118
S10964,0.002082087060043864,0.0137436417966773
S10967,0.0010460041178177878,0.0013506168813522
S10968,0.003379277669725526,0.0014220436799171
S10969,0.0009034359321672969,0.0490166135364371
S10971,0.0008054790814267971,0.0085882149645757
S10972,0.0016780297685847077,0.0298564520136858
S10975,0.001145068075869506,0.000802699136412
S10977,0.001129252772869703,0.014310847737763
S10978,4.9251983385469755e-05,0.0125652597115299
S10979,0.0016905362680658131,0.0134048790182342
S10981,0.0004239297569662616,0.0
S10982,0.0029147664554412633,0.012331894198799
S10985,0.0009588709081010368,0.0108532210263609
S10986,0.0018214914356167542,0.0258495705824605
S10989,0.0026523161998125958,0.0139450056116722
S10990,0.002613220416604441,0.0224707852341298
S10991,0.001122241077705785,0.0199225865209471
S10992,0.0027346286810165767,0.0228678683681515
S10993,0.00166057624967098,0.0241059692588263
S10996,0.0025113391046844807,0.0162414509465231
S10997,0.003266817974870386,0.0116597693383256
S10998,0.00033860951032698566,0.0175604345635315
S11001,0.00310918509450906,0.0015123506097329
S11002,0.0011168117905444772,0.0225991874028721
S11003,0.001479819828249714,0.014354930716519
S11004,0.0023449321702094838,0.0535692601976426
S11005,0.003709894593582826,0.0072683488027454
S11006,0.0015985626429541402,0.0193118905291691
S11007,0.0026758353035040198,0.0031886415071944
S11009,0.0026383972826960174,0.0142327889212441
S11010,0.00448745971575466,0.0224205197159999
S11013,0.001796394787906531,0.0162209178036812
S11014,0.0018910354861634074,0.0154212719813958
S11017,0.0006368892796763596,0.0
S11019,0.0008001428315126167,0.02082836576882
S11020,0.002503873364992061,0.0183194387017574
S11021,0.0029552180249399675,0.0178157098910266
S11024,0.00018061116793374954,0.0
S11025,0.0009276178429728764,0.0168382336997766
S11027,0.00014455386478082964,0.0145149749565572
S11028,0.0019911094719525717,0.0193306773793846
S11029,0.0017721560189369113,0.0197841317501478
S11030,0.0023684354730799956,0.0195659937517047
S11032,0.00048049810601781865,0.0255686620365266
S11034,0.0007446685902187187,0.0007829459562495
S11035,0.001685060403567646,0.0007580749472245
S11036,0.0013627562622590451,0.0161824392716132
S11038,0.002751687299341321,0.0
S11039,0.0010720753932095936,0.0138938393262745
S11042,0.0031679125082058825,0.0126147134642078
S11049,0.002537483968280696,0.0218936703284601
S11050,0.0012398871354498831,0.0266006282705268
S11051,0.0013968335456822519,0.0027970296333189
S11052,0.0027949958977438643,0.0217261653848916
S11054,0.00046531052317408384,0.0204413186090032
S11057,0.0003117973218286592,0.0117793272214741
S11058,0.0009477401552654372,0.0
S11061,0.0006635069984816759,0.0095396743787489
S11063,0.0014584920202167038,0.013817340934588
S11065,0.0006480415255962718,0.0184654868875322
S11067,0.0003895945593247183,0.0228396536828367
S11070,0.0025693627079009696,0.0208402884288177
S11072,0.004973708602434804,0.0166986528185444
S11073,0.002846120587918295,0.0140661040853966
S11077,0.0014888714467521933,0.0
S11078,0.004167637613284964,0.0112838388290129
S11079,0.001743938602270389,0.0080661521857324
S11080,0.002298587937623089,0.0207844564049163
S11081,0.001458406731250065,0.0
S11082,0.004419250577895135,0.0221000862659302
S11083,0.003395841695262189,0.0127966356263142
S11085,0.0026568241778067493,0.0139979039461844
S11087,0.0009520751065419644,0.0271468757231955
S11089,0.001557131057255912,0.0112933861044167
S11093,0.0026740750089952053,0.0131103838771295
S11094,0.0002444583373110473,0.0
S11097,3.3558680187870674e-05,0.0
S11099,0.00012836578396140732,0.0
S11100,9.091332007881902e-06,0.0
S11101,3.6121722462988585e-05,0.0
S11103,1.7270004263490858e-06,0.0
S11104,9.72147677680049e-05,0.0
S11105,0.0005598087771759725,0.0
S11106,9.162996828585934e-05,0.0
S11107,0.0004297141823505451,0.0
S11109,5.787350177950058e-06,0.0
S11110,7.471985801696306e-05,0.0
S11111,0.00021158480693213934,0.0
S11115,9.0953221790129e-05,0.0
S11116,0.00012278006133446362,0.0
S11117,0.0010190547048559138,0.0
S11119,0.0002002335733602693,0.0
S11121,0.00022503186713474944,0.0
S11122,5.4753999481946706e-05,0.0
S11123,0.0015041968372537678,0.0
S11126,0.001334270863753026,0.0
S11127,0.0007609806064153581,0.0
S11131,5.077032362209114e-05,0.0
S11133,1.8756825044982686e-05,0.0
S11134,3.336061075273515e-05,0.0
S11135,9.006582342361308e-05,0.0
S11140,0.00042502242268006954,0.0
S11142,0.00033012795258756324,0.0146138013216336
S11145,0.004918924524547119,0.0
S11148,0.003440230487006645,0.0477150537634408
S11149,0.0031394622267750475,0.0
S11150,0.0022479808046619834,0.0
S11153,0.0022579422259667533,0.014210617361257
S11156,0.00386226922174852,0.0086526439073801
S11157,0.002282984392922739,0.0454577580436617
S11158,0.002845018528309413,0.0122855231780375
S11159,0.0037606746549800453,0.0107102835962417
S11161,0.005111748388080591,0.0166140528347518
S11163,0.00294456606691828,0.0225159412410949
S11164,0.0047283489041987994,0.0131709126885975
S11169,0.0009530544449205125,0.0089136298105112
S11170,0.003931512388191814,0.019014825442372
S11171,0.0037508414779485176,0.0162125976322884
S11172,0.0003790993461767914,0.0054611098029981
S11177,0.001049419191031611,0.0155664447586966
S11188,0.002193914670329011,0.0077287203602796
S11189,0.00237185014972951,0.019993132568721
S11190,0.0035972037072733096,0.016522469061926
S11192,0.0036573673684570174,0.0151861713736959
S11195,0.0026346643633743004,0.0055638117147902
S11197,0.0027984918396379566,0.0189697719722426
S11198,0.0016787026212578015,0.0031356219588173
S11199,0.002706043699622074,0.0090914911325949
S11202,0.0034308092962454153,0.017798309697751
S11203,0.003448263383803697,0.0157795668443134
S11206,0.0018853427958917157,0.016443885653785
S11207,0.003346199833369242,0.0168704013729859
S11208,0.0028970878737328873,0.0148653296842986
S11209,0.0024693217442191343,0.014585495749308
S11210,0.0027956210848866523,0.0134865716908096
S11211,0.0016005455887946672,0.0131773730981851
S11215,0.004034776782978956,0.0259596340325451
S11218,0.0035586152106002232,0.011323557556481
S11219,0.006593893160314116,0.0024263549996582
S11220,0.0017677141336243916,0.0055292951122199
S11221,0.0013925938532768798,0.0116121834467974
S11227,0.0016695940872209353,0.0154384416051532
S11228,0.0023897251623728917,0.0181016039816877
S11229,0.0024033079451544347,0.0131244970936283
S11230,0.0032906293956233555,0.0224138213782019
S11231,0.001361527456608942,0.0234427051089295
S11232,0.0005685412321789629,0.0171500543487637
S11237,0.0032913389331222895,0.0183564926910544
S11238,0.002735708560279977,0.0021149476156838
S11239,0.0015522960344927852,0.0089309489153642
S11240,0.0011423039066800827,0.0031449674983112
S11243,0.0017090784424978749,0.0294521072630801
S11244,0.00258779175912037,0.0213695491602516
S11247,0.002454047488841651,0.0205321287285978
S11248,0.00023375624018760017,0.0095175804928636
S11249,3.640413405425795e-05,0.039198170226259
S11250,0.0013765655015590336,0.0172383632376936
S11251,0.0023345202752032123,0.0072406408282788
S11255,0.0011496218224823366,0.0226555992524108
S11260,0.0010331772652378299,0.0130876724834099
S11261,0.0006621897945599242,0.0196326288761603
S11262,0.001118395450097844,0.0154451837458373
S11264,0.005335433620329101,0.0
S11266,0.0026098744281538243,0.0117928445669866
S11267,0.0022361552316281464,0.0
S11268,0.0013096623349301195,0.0170098959555659
S11269,0.003542336473365732,0.0041516132400542
S11270,0.0028712667613466636,0.0022216957304998
S11272,0.0019964508136668065,0.0172612441202896
S11274,0.005514121111817891,0.0159250465415092
S11275,0.002413725767847672,0.0015722449728495
S11278,0.0027062099955354264,0.0240552011204786
S11280,0.0025653726404366254,0.0188285555254423
S11281,0.0005935351402572163,0.0125316294232988
S11284,0.0035045499188159227,0.0
S11285,0.002466719303224381,0.0219432061775309
S11287,0.0037393173276013486,0.0
S11289,0.0015583659949733551,0.0030767325966508
S11290,0.002039433973122216,0.0260002758397656
S11291,0.0035216813549171526,0.0160572503977965
S11292,0.0007979057486125019,0.0106125377417715
S11293,0.004194032556149722,0.0270199251560758
S11295,0.001854576664310151,0.0097790370501544
S11296,0.0014359214809619688,0.0110604030259533
S11298,0.003835983409002176,0.0108320840163711
S11299,0.003183124166220593,0.0021523350886917
S11300,0.0024573582418372904,0.0196427159908307
S11301,0.0032969721561008007,0.0164873027864356
S11302,0.0028861535567181818,0.0131448956762954
S11303,0.0045055204397103175,0.0234002724322288
S11305,0.0015491108999467788,0.0064775111759875
S11306,0.0010892200241474305,0.00626186436407
S11307,0.0009669388142919235,0.0089233429458494
S11309,0.0017763397587869892,0.0112654073631531
S11310,0.0027089894016510043,0.0112546245580663
S11311,0.002608444572524235,0.0109692199714844
S11313,0.000813400784942827,0.0142681473896754
S11316,0.003741313433232968,0.019003374341621
S11318,0.00331505201464979,0.0117778586294525
S11319,0.003984746994282291,0.0167264741888122
S11320,0.006044352398338746,0.020896306807517
S11321,0.004418596402376295,0.0312865133432519
S11322,0.003230271643793685,0.0043951379339314
S11323,0.002863697533193443,0.0161243750588036
S11325,0.0014700218139864895,0.0196039760176711
S11326,0.004440356985746648,0.0255844742908528
S11327,0.0006538979060564326,0.0185824124383265
S11328,0.0043806502919501574,0.0135412504086896
S11330,0.002566080664192555,0.0227263768198209
S11332,0.004078679004955247,0.0261807896784232
S11334,0.004249519513858586,0.000710004057166
S11336,0.002256957897948082,0.0
S11337,0.003306342340557771,0.0138260913677341
S11338,0.0029097442955221932,0.0077076490274714
S11340,0.0033970293140744767,0.0007441913395294
S11341,0.0023211223008285115,0.0217194092827004
S11342,0.0030672233389011285,0.0137130596239742
S11343,0.004917922405040026,0.0007486676126692
S11344,0.002770404033271834,0.012482184005475
S11345,0.004382402028377852,0.0022350438689193
S11346,0.0027353749241461455,0.0164579692605955
S11348,0.004538508784869946,0.0154500494559841
S11353,0.002694687538033909,0.0194069028353255
S11354,0.0024217278986587787,0.0287490961677512
S11356,0.0023741043395640424,0.0179864446625496
S11357,0.003058409894551261,0.0128897284166209
S11358,0.0018465518596110409,0.0029056935808727
S11359,0.002690769246818324,0.0124335286235402
S11362,0.002224328886588162,0.0065011617392896
S11367,0.0028702968737719034,0.000709286660273
S11369,0.0016084322251553717,0.0373196669764124
S11371,0.007331666991015237,0.0079712585606826
S11372,0.0030204855831721927,0.0155304481562093
S11374,0.004608297380852345,0.0227735616219743
S11375,0.004116841321073631,0.0294151050539466
S11376,0.0022517420192776387,0.0
S11377,0.002233450183458078,0.0
S11379,0.0006994646937173584,0.0021992707448314
S11385,0.004537928111347071,0.0007516875157861
S11386,0.0028789240581446,0.0123244470117336
S11387,0.003771203892057988,0.0042132926415734
S11388,0.004149606841041573,0.0141661746442168
S11394,0.003219172716508631,0.008823320551058
S11395,0.0036807023441720677,0.0085837651122625
S11396,0.0018796805851814132,0.0166722352603351
S11400,0.003475346965504751,0.0128303315577967
S11402,0.0025209301884523846,0.0203652158133354
S11403,0.0004056716119142933,0.0160312237920134
S11404,0.0035859151622939897,0.0152382003593394
S11405,0.003771685780939231,0.0145986902301863
S11408,0.0008970060107734355,0.0
S11410,0.003185907596400014,0.0134532486076429
S11411,0.0027263450507032027,0.0092366635930206
S11413,0.0015625086828896374,0.0257216946954963
S11414,0.002342624501917306,0.02652621229678
S11416,0.0016017319294448027,0.0217375894547127
S11417,0.0009308773758783281,0.0157379831632079
S11418,0.0015170354153875604,0.0159553122843063
S11419,0.0038850750115667753,0.0212547263857674
S11420,0.0037444582350996537,0.0095859538550786
S11421,0.0033277840915714313,0.0177724186366516
S11422,0.0008541073040197123,0.0060381301235265
S11423,0.0031325689619700263,0.0015155049574088
S11424,0.003534856024148907,0.0192963081197208
S11426,0.004314857213051486,0.0204175791532756
S11427,0.003349094298661781,0.0069866826612185
S11428,0.001544847403208089,0.0371297832755066
S11429,0.0015618126137505518,0.0146574593049061
S11430,0.001864920722247431,0.020219230155863
S11435,0.0021874685445906496,0.0083296385512797
S11438,0.0019026879782944128,0.0097037619161512
S11442,0.0018541118468568417,0.0063736742885722
S11444,0.0011019484336515426,0.0127649191597926
S11445,0.0012284706204704987,0.0061806407284948
S11449,0.002149025205170989,0.0085646026710531
S11450,0.005310983699855332,0.0259301068128782
S11451,0.0031917263309256733,0.0172762152227093
S11453,0.00206597631590007,0.003963393238786
S11455,0.002072479292228934,0.0153883395398979
S11456,0.002470115584342755,0.0006826491732665
S11457,0.002654333362745667,0.0214151215749809
S11461,0.0018690503690239146,0.0
S11462,0.0013456126635417818,0.0227293873489425
S11463,0.0024568664872678565,0.0338454113575027
S11465,0.0032940309056077874,0.0082132963156597
S11466,0.0008600100448655419,0.0109156878420761
S11468,0.0016345698655272102,0.0071057861401426
S11469,0.0026030706767693305,0.0
S11471,0.0013055979470710814,0.0104423746098857
S11472,0.0024513101147006686,0.001626183850391
S11473,0.001856107770553876,0.0118564640243093
S11474,0.000894010717248865,0.0034763169785559
S11476,0.0010829710991050966,0.0226685823215107
S11477,0.003381565468806273,0.0115638037817942
S11478,0.002548386872755656,0.0199385751028577
S11480,0.0008639483993656468,0.0197855750487329
S11483,0.0019815284147578324,0.0173973921414194
S11484,0.002436581896421348,0.0049289838132681
S11487,0.001704666628719862,0.0153598437437223
S11489,0.002055675466304349,0.0054746158750091
S11492,0.000939276475585143,0.0205745984434509
S11493,0.0014420445071863992,0.0136215386583104
S11497,0.0006479067680986032,0.0158777781944809
S11498,0.0003651621296457649,0.0181094527363184
S11500,0.001935555318365326,0.0218602926853789
S11501,0.0018834885182121611,0.0203664318585086
S11502,0.0024397963977588217,0.0126205253448649
S11503,0.003006971478589624,0.0127717530965719
S11504,0.0014402054684555278,0.0141977369020877
S11505,0.001990017489814742,0.030967034439143
S11506,0.0002498634942835309,0.0290718000410822
S11508,0.002859184374365197,0.0219133870071692
S11509,0.0018825742219929825,0.0359558690540785
S11510,0.0038430883449926427,0.0166599624564226
S11511,0.000489177079913982,0.030877816547828
S11512,0.0034017295550986554,0.0048266016645463
S11513,0.0016615225637070302,0.0234549439140142
S11516,0.003136204786477164,0.0070796712297545
S11517,0.004094022442722552,0.01477285349328
S11523,0.002479519384012301,0.0131023328014242
S11524,0.001751004207879579,0.0105654280607929
S11526,0.004110811521407423,0.009082477853465
S11527,0.001994725987040608,0.0147286752786446
S11528,0.005209637604025385,0.0047336617914984
S11532,0.0011143386394673652,0.0181888182318565
S11534,0.0019173755487521885,0.0241750758373057
S11536,0.0017711323337494286,0.0163118313737951
S11538,0.0012664674906639837,0.0
S11539,0.0009290268956790958,0.0
S11540,0.002249600156341091,0.0
S11541,0.002695118681446356,0.0
S11542,0.0025283673319180847,0.0
S11543,0.001387639931574063,0.0
S11545,0.0015684205222764244,0.0
S11546,7.016193511877626e-05,0.0
S11547,0.00028308214014734044,0.0
S11548,3.8363410843885095e-05,0.0
S11549,0.0002459456349164413,0.0
S11551,9.264204824917297e-05,0.0
S11553,4.463967338025342e-05,0.0
S11554,7.169575163521723e-05,0.0
S11555,0.00024240688235075834,0.0
S11556,0.0005836586378467743,0.0
S11557,6.336044679343549e-05,0.0
S11558,0.00010782776070225138,0.0
S11559,5.80842576673252e-05,0.0
S11561,7.043357468241088e-05,0.0
S11562,0.00031639685146369153,0.0
S11563,0.00020632430268590368,0.0
S11564,2.599167675792026e-05,0.0
S11571,3.510159348726548e-05,0.0
S11574,0.0010957442712836224,0.0
S11575,0.0004191138253006435,0.0
S11577,0.004225657921494594,0.0
S11579,0.00262144199561615,0.0
S11580,0.004497745185443401,0.0
S11581,0.0009784972822730557,0.0
S11582,0.0030797649957879846,0.0
S11583,0.002886675943588464,0.0
S11584,0.0013031958394633446,0.0
S11585,0.0026639912010316576,0.0
S11587,0.0013848175600881764,0.0
S11588,0.003672967798450907,0.0
S11590,0.004501771155313876,0.0
S11593,0.0011560226437292702,0.0
S11595,0.0023589784091064964,0.0
S11596,0.001043333679877002,0.0
S11597,0.0039338062159812595,0.0091988487557492
S11598,0.0003621246918114505,0.0
S11599,0.0023377530563633586,0.0
S11603,0.00035944249469359513,0.0
S11605,0.0034074565351601485,0.0
S11607,0.0013203606980088816,0.0
S11611,0.0027128884610528865,0.0
S11612,0.003503237251647804,0.0
S11613,0.0022761446682538506,0.0
S11616,0.0006652563874181696,0.0
S11617,0.001247315035044572,0.0
S11619,0.0012062823575515744,0.0
S11620,0.00018422912880828644,0.0
S11621,0.003214790889140106,0.0
S11623,0.002615876150125893,0.0
S11625,0.00018275699851889009,0.0
S11626,0.0004964153168710193,0.0
S11627,0.0025531402448590386,0.0
S11628,0.0031773771981770385,0.0
S11629,0.0023055631683431663,0.0
S11630,0.003493195987462232,0.0
S11631,0.0034777208215932462,0.0
S11632,0.002070122165821944,0.0
S11634,0.0007835115342204764,0.0
S11639,0.000495590293897447,0.0
S11640,0.0013693738797501468,0.0
S11641,0.0006896412197474714,0.0
S11642,0.0007572172446386302,0.0
S11643,0.0021885575411474153,0.0
S11646,0.0014271239094891279,0.0
S11647,0.0016629072825051043,0.0
S11648,0.002272010323153516,0.0
S11649,0.00301843689442703,0.0
S11650,0.0009566296832411996,0.0
S11651,0.0009923296856344035,0.0
S11653,0.0006654108546160951,0.0
S11654,0.0006167605470971001,0.0
S11655,0.0024317877857774122,0.0
S11656,0.0002271901684140553,0.0
S11659,0.0021388168145213583,0.0
S11661,0.0031192705089640466,0.0
S11663,0.0034778505408602904,0.0
S11664,0.0008602978386769969,0.0
S11665,0.0018757026457318572,0.0
S11666,0.0012588049621427117,0.0
S11674,0.0013603324188533783,0.0
S11676,0.0006524843838781411,0.0
S11677,0.005588524090976526,0.0
S11679,0.0018731957618402855,0.0
S11680,0.0015155564584813956,0.0
S11682,0.0027285571194574183,0.0
S11685,0.002258550647424094,0.0
S11686,0.004943105986826528,0.0
S11687,0.002825689578827069,0.0
S11688,0.0018351594650692312,0.0
S11694,0.0009520051781161827,0.0
S11695,0.0021402909665731414,0.0
S11696,0.0033065314362037885,0.0
S11697,0.0024861943249938484,0.0
S11698,0.0021898274044794075,0.0
S11700,0.0006306935031856165,0.0
S11704,0.0015283557873918018,0.0
S11705,0.0021781779618099306,0.0
S11707,0.002711145501801615,0.0
S11709,0.0014663265480769157,0.0
S11710,0.00010638037963306071,0.0
S11711,0.00023726346560643433,0.0
S11714,0.0011897937578553076,0.0
S11715,0.0017069030043219491,0.0
S11716,0.0002084137917693719,0.0
S11717,0.0015209580465438733,0.0
S11720,0.00018573188136912158,0.0
S11723,0.00022035748884358534,0.0
S11724,0.0004601726646317275,0.0
S11726,0.0014367154301049353,0.0
S11727,0.00041597797370827394,0.0
S11728,0.0013983151779526134,0.0
S11729,0.0007911783265093597,0.0
S11734,0.001966677455138045,0.0
S11736,0.0013467407250454012,0.0
S11737,0.0004158135971038242,0.0
S11738,0.0011351360422126781,0.0
S11739,0.0011894182701297023,0.0
S11741,0.00031881265116601035,0.0
S11744,0.0018538153277538538,0.0
S11745,0.00041059540590234926,0.0
S11747,0.0017339940967409163,0.0
S11748,0.0006704582273382364,0.0
S11750,0.0026337403900245117,0.0
S11751,0.0012984343942688862,0.0
S11752,0.0007079156527412009,0.0
S11753,0.0009924377349273873,0.0
S11754,0.00039223473020668596,0.0
S11755,0.0010126413478465108,0.0
S11756,0.00269935057257058,0.0
S11757,0.0028418123729377844,0.0
S11758,0.0028170441139782638,0.0
S11761,0.0031441134301215877,0.0
S11762,0.0033870680337701334,0.0
S11765,0.0014127424539238306,0.0
S11767,0.002430938549411388,0.0
S11769,0.0007467921705710536,0.0
S11772,0.0012289685661594117,0.0
S11773,0.002672257410644907,0.0
S11774,0.0006928372607399583,0.0
S11779,0.00027462741112813,0.0
S11780,0.00013651968747666648,0.0
S11782,0.0007247237801702325,0.0
S11784,0.00034949721454001915,0.0
S11785,0.0026587256660145888,0.0
S11786,0.001093454876962366,0.0
S11789,0.0009175398901208391,0.0
S11791,0.0038786232253620297,0.0
S11797,0.002458076778340903,0.0
S11799,0.0019533772427663453,0.0
S11800,0.0020646952778810438,0.0
S11801,0.00402741582129073,0.0
S11802,0.0036132142681331116,0.0
S11803,0.0037235600006926724,0.0
S11804,0.0029756789118706157,0.0
S11806,0.003082251695779214,0.0
S11807,0.0030025302633568526,0.0
S11810,0.003793962680720433,0.0
S11813,0.0016520662675747677,0.0
S11815,0.0031901507902441202,0.0
S11816,0.003020190477349919,0.0
S11817,0.00406296405224733,0.0
S11818,0.0019492627543962599,0.0
S11819,0.002001976638858013,0.0
S11820,0.0022709604554052793,0.0
S11821,0.002335029214955639,0.0
S11822,0.0027665747119586313,0.0
S11823,0.00521792481742121,0.0
S11824,0.002312661725824499,0.0
S11825,0.002397669255832649,0.0
S11826,0.0024049382250458094,0.0
S11832,4.947058050209656e-05,0.0
S11835,0.00010564251609891713,0.0
S11836,0.0006246680791159102,0.0
S11839,2.0801700178734568e-05,0.0
S11840,0.00011522534178045349,0.0
S11841,4.749371064070488e-05,0.0
S11842,0.00023342185872322495,0.0
S11845,0.0001935653979376335,0.005353930345043
S11848,0.0006415325199619355,0.0
S11849,0.00011072738542086135,0.0
S11850,0.0006677666468571177,0.0
S11852,1.520363268550289e-05,0.0
S11853,0.0005290026508031323,0.0
S11854,3.751563551390802e-05,0.0
S11855,5.627276050398412e-05,0.0
S11856,7.342561141312099e-05,0.0
S11858,5.993674170932801e-06,0.0
S11860,0.0004778822794075381,0.0
S11861,0.0005016378176734821,0.0
S11862,0.00015523559338147263,0.0
S11863,0.0008267256817165153,0.0
S11865,0.004004176874238073,0.0
S11866,0.00043942617666000295,0.0
S11868,0.0024314462587849243,0.0
S11869,0.0016686691195513473,0.0
S11870,0.0007716707812817688,0.0
S11875,0.0010657089387281608,0.0
S11878,0.0013937791085516169,0.0
S11879,0.0011701741466797018,0.0
S11880,0.0014840684148307304,0.0
S11881,0.001268176676042704,0.0
S11883,0.002172100457434102,0.0
S11884,0.0014606086968161438,0.0
S11885,0.0017396882172945444,0.0
S11886,0.0011101292323685147,0.0
S11892,0.001498523715297941,0.0
S11893,0.0029883101656858414,0.0
S11896,0.0004534108899560159,0.0
S11898,0.001420987104763599,0.0
S11900,0.000579497096502485,0.0
S11903,0.0011652966815465307,0.0
S11905,0.0016779908145308324,0.0
S11906,0.0007104003175118538,0.0
S11908,0.00019376231765453928,0.0
S11909,0.0022581332234665173,0.0
S11910,0.0001796521030435396,0.0
S11912,0.002786801945628459,0.0
S11913,0.0010708492304602314,0.0
S11914,0.0013441514757035972,0.0
S11915,0.005072408081977899,0.0
S11916,0.0022244051429826175,0.0
S11918,0.002615446738982905,0.0
S11920,0.0008970520790726966,0.0
S11921,0.002005395022047378,0.0
S11922,0.002171857647279608,0.0
S11923,0.0016688480231651227,0.0
S11924,0.0012231791357569025,0.0
S11925,0.0018850989657181376,0.0
S11926,0.000663228830162043,0.0
S11927,0.0012328694993061816,0.0
S11928,0.002221212261857024,0.0
S11930,0.0029846278776731365,0.0
S11932,0.004035303839915249,0.0
S11933,0.0019926069330596418,0.0
S11940,0.003707871093291918,0.0
S11942,0.002121097430949075,0.0
S11944,0.0031521650711194868,0.0
S11947,7.46718287427581e-05,0.0
S11948,0.0003728686538983722,0.0
S11952,0.0010688855086255311,0.0
S11957,0.00019378139704715608,0.0
S11958,0.0002530157603862035,0.0
S11959,0.000482129092994845,0.0
S11960,0.0004764164699934945,0.0
S11961,0.0024003215988580165,0.0
S11963,0.003294750525192098,0.0
S11964,0.0030361559634666238,0.0
S11965,0.001969512942163875,0.0
S11968,0.001068185422772096,0.0
S11969,0.0032062744960823933,0.0
S11970,0.0018243313891354658,0.0
S11971,0.0014685358893061413,0.0
S11972,0.002783065885790145,0.0
S11973,0.001586254760312972,0.0
S11975,0.0026930178950117403,0.0
S11983,0.005142939646643395,0.0
S11985,0.0015024811156277762,0.0
S11986,0.0029269844300342787,0.0
S11987,0.00258661524428183,0.0
S11988,0.0032661280896522414,0.0
S11990,0.0005975746973579005,0.0
S11991,0.004098785978057266,0.0
S11992,0.00047994065384912143,0.0
S11993,0.0002745971396542975,0.0
S11994,0.00028683685239823067,0.0
S11995,0.002028850034566868,0.0
S11996,0.0007825424692238646,0.0
S11999,0.0013233530039932393,0.0
S12000,0.00026319220282548236,0.0
S12001,0.0011957410674267198,0.0
S12002,0.002263877459752403,0.0
S12003,0.0024560083738596524,0.0
S12005,0.0010138332903427058,0.0
S12007,0.004750887426853349,0.0
S12008,0.0006353630423780717,0.0
S12009,0.0002295251276537603,0.0
S12011,0.00020064454590884508,0.0
S12013,4.258062013325877e-05,0.0
S12014,7.385693755952152e-05,0.0
S12016,0.00022147594306108262,0.0
S12017,2.8919970197051812e-05,0.0
S12018,0.0010256270544931152,0.0
S12019,0.00017815723656704614,0.0
S12021,0.001725590342294059,0.0
S12022,0.0016077138921767656,0.0
S12023,0.0041350153590719,0.0
S12025,0.0019436521604970789,0.0
S12026,0.004443715235452388,0.0026297966008423
S12027,0.0026879746107733235,0.0
S12028,0.004093489191258599,0.0
S12033,0.0028436025783895695,0.0
S12035,0.004502438573072919,0.0026388866765425
S12037,0.0023968154963906188,0.0
S12040,0.003842462869305045,0.0
S12041,0.0027624272660702297,0.0
S12043,0.00032912958313534757,0.0
S12045,0.0013557006904613535,0.0
S12046,0.0006082950626564442,0.0
S12047,0.0003040379498402949,0.0
S12048,0.001067493647783761,0.0
S12049,0.0017821631879934464,0.0
S12050,0.0008007266437903647,0.0
S12051,0.00036041021406849966,0.0
S12052,0.00021097584597770596,0.0
S12053,0.000809497466712838,0.0
S12055,0.00016935853510393638,0.0
S12057,0.00013748481984228082,0.0
S12058,0.0002216174471342208,0.0
S12059,0.0005982296976896567,0.0
S12061,0.0029733250119888654,0.0
S12062,0.0027231977867689817,0.0
S12064,0.0022506530257134297,0.0
S12065,0.0018059275082704684,0.0
S12067,0.001397590325774684,0.0
S12068,0.0007682195711215052,0.0
S12069,0.0011549013778798336,0.0
S12071,0.0015501786540388484,0.0
S12072,0.0009891454780608954,0.0
S12074,0.0023565042456657266,0.0
S12077,0.0019099540884919743,0.0026191944264385
S12078,0.0007197662434199904,0.0
S12079,0.001535429743042938,0.0
S12080,0.0019862555743990692,0.0
S12082,0.0004971719811542573,0.0
S12083,0.0023596402046964188,0.0
S12085,0.0003619606792834043,0.007932707654983
S12086,0.0014710154725834006,0.0160307067058026
S12088,0.001931718739975444,0.0
S12089,0.0026153812590030963,0.0
S12090,0.0004332863278808455,0.0
S12092,0.002409620486736963,0.0
S12093,0.001326639895380765,0.0026590479859182
S12094,0.001783337856135361,0.0
S12095,0.0024212861511940043,0.0
S12096,0.0020268006924114863,0.0026321782466621
S12097,0.001186042311000738,0.0080063148398737
S12098,0.0025909493382805294,0.0
S12100,0.00223689974242872,0.0
S12101,0.001579420991096786,0.0
S12103,0.002213268098174952,0.0026189459928018
S12104,0.0025242330390464114,0.0
S12105,0.00190870451483963,0.0
S12106,0.0007942416765625428,0.0
S12109,0.0006681807975374171,0.0
S12110,0.002051133404652197,0.0
S12113,0.002273698450994674,0.0
S12115,0.0006778266040692236,0.0
S12116,0.0018242084236427861,0.0
S12118,0.004046546702760324,0.0
S12121,0.0012486347984968901,0.0
S12122,0.002244286079228417,0.0
S12124,0.003445516018613249,0.0
S12125,0.0013870446879898934,0.0
S12126,0.001855749096018016,0.0
S12127,0.002885056872552438,0.0026641793845048
S12130,0.0022548200089905416,0.0
S12131,0.0007775630560621016,0.0
S12133,0.002098717733132634,0.002658834606578
S12134,0.0015560443794067327,0.0
S12135,0.000602191354434835,0.0
S12137,0.0016738737866890921,0.0
S12138,0.0015621529569267137,0.0
S12141,0.004508013356656484,0.0
S12143,0.0028682260253537787,0.0
S12144,0.00489291660422461,0.0
S12146,0.001780275544268699,0.0
S12147,0.004118650662582505,0.0026232173206236
S12148,0.003387404294569453,0.0
S12149,0.0030457679948537133,0.0026216398700257
S12150,0.0025534233800880027,0.0026528738577162
S12151,0.002332145872712982,0.0052995526836316
S12152,0.0024480514448373693,0.0
S12153,0.0019035444623348174,0.0
S12154,0.0044453908653356525,0.0
S12155,0.0015401990624592267,0.0
S12156,0.0035752525683427913,0.0
S12157,0.003670699662100733,0.0
S12158,0.0018149123354394322,0.0
S12159,0.001455773683628668,0.0
S12160,0.003346233433906666,0.0
S12161,0.002595641995003622,0.0106142149325132
S12162,0.0030418882875042036,0.0107038825803464
S12163,0.0038210049560089996,0.0
S12164,0.002869967226600251,0.0
S12165,0.0033642202542356068,0.0
S12167,0.003036627399407867,0.0026111443852515
S12171,0.003044039829235898,0.0
S12172,0.001042623118254489,0.0
S12173,0.001492706639376115,0.0
S12176,0.0024439085482255134,0.0
S12178,0.0014943431678629342,0.0026148123595919
S12179,0.000611996848405624,0.0
S12182,0.0006904165935240853,0.0
S12186,0.0006064745906840694,0.0
S12187,0.0035452333905526437,0.0
S12188,0.0015029467601954914,0.0132824484603584
S12189,0.0018061300087676628,0.0
S12191,0.0010888198800123204,0.0
S12192,0.0042185158510123005,0.0
S12193,0.0018116273481393044,0.0
S12194,0.0027633047997563023,0.0
S12195,0.005225914989537309,0.010570026425066
S12197,0.0019214414164610717,0.0
S12198,0.0016884155891816878,0.0133509555200962
S12199,0.0034537385015257077,0.0
S12203,0.00349123422276644,0.0
S12204,0.0034690452397379465,0.0026424223090623
S12205,0.0013068093626758537,0.0
S12206,0.001002372334583044,0.0
S12208,0.0011447655346317467,0.0026209762477323
S12209,0.0015609697346059394,0.0
S12210,0.002561481045937849,0.0
S12211,0.001966528172687806,0.0
S12212,0.002630465969946129,0.0
S12213,0.003806652039303234,0.0
S12216,0.000678551989321668,0.0
S12218,0.0008884561391337437,0.0
S12220,0.0018708070791724702,0.0
S12222,0.001561574182101118,0.0
S12223,0.002449540947995622,0.0026112266986108
S12228,0.0005033761739614344,0.0
S12229,0.004399373332175244,0.0
S12231,0.0008880690862757589,0.0
S12234,0.00275625999466562,0.0
S12236,0.0007652808808060311,0.0052142347559696
S12238,0.0025363920554970147,0.0026708368263794
S12240,0.0022200725120662865,0.0
S12242,0.0019161350584459402,0.0
S12244,0.003466304705562612,0.0
S12245,0.0022669015684888324,0.0
S12246,0.0028069082647364696,0.0
S12248,0.001602261038817342,0.0
S12251,0.005555121982374734,0.007973944294699
S12253,0.001830955690666322,0.0
S12254,0.0016904948717851105,0.0
S12255,0.0018529126758452179,0.0
S12256,0.002919151686370739,0.0
S12257,0.0023426932631812913,0.0
S12258,0.0035823900829638627,0.0
S12260,0.0034190289172011264,0.0
S12261,0.0019842448625320428,0.0
S12262,0.005190758013927546,0.0
S12265,0.0028383697726774106,0.0
S12266,0.0026095461669447765,0.0
S12268,0.002867439939011966,0.0
S12269,0.001906507087997564,0.0
S12270,0.0019450413224180126,0.0
S12271,0.004945374940067866,0.0
S12272,0.0028129200346176764,0.0
S12273,0.004468658656620396,0.0
S12274,0.0014770881691803632,0.0
S12275,0.0038852302036838627,0.0
S12276,0.0021931133718565317,0.0
S12277,0.0016548982873633906,0.0
S12278,0.0019737386691892943,0.0
S12279,0.000277001147771929,0.0
S12280,1.4629014849559464e-05,0.0
S12284,0.006509599989276615,0.0
S12287,0.0011634697877252764,0.0
S12289,0.0025839182402523503,0.0
S12292,0.0006416184512820702,0.0
S12293,0.002226742775434829,0.0
S12295,0.002444185953298341,0.0026436029595587
S12299,0.0009385271420933995,0.0
S12301,0.0008779656506432772,0.0
S12302,4.9472802774663534e-05,0.0
S12305,5.229436092432079e-05,0.0
S12306,9.504903260621436e-05,0.0
S12307,0.00032733536745222007,0.0
S12308,0.0003352289720491865,0.0
S12309,0.002127464480511391,0.0
S12310,0.002063289486856604,0.0
S12311,0.0015003019717902836,0.0
S12312,0.000854227960633358,0.0
S12314,0.0003621085670343503,0.0
S12318,0.0036783964264044565,0.0
S12319,0.0020199947041176203,0.0
S12320,0.00385416252631889,0.0
S12321,0.0019213012929221742,0.0
S12322,0.001259812073324207,0.0
S12323,0.003805286290299098,0.0
S12324,0.0026181484511504515,0.0
S12326,0.0038216948379346644,0.0
S12327,0.0015795168729269267,0.0
S12328,0.0008863225744276042,0.0
S12331,0.0014325487331131102,0.0
S12332,0.0010774652942944602,0.0
S12336,0.0007643139068763365,0.0
S12337,0.0021496696658585414,0.0
S12339,0.0032827460027481186,0.0
S12340,0.002758946180573927,0.0
S12341,0.0008136279461053067,0.0
S12342,0.001197680135914991,0.0
S12343,0.0008626463463881281,0.0
S12345,0.0007666979546987621,0.0
S12346,0.0026044291632411087,0.0
S12347,0.0021581207756213128,0.0
S12348,0.0011511880719943573,0.0
S12349,0.0013586867183520458,0.0
S12350,0.0028502365940730945,0.0
S12356,0.003862508538292859,0.0
S12357,0.003015040297017435,0.0
S12358,0.004520270937448198,0.0
S12359,0.0021467081906010625,0.0
S12360,0.0015793438471741763,0.0
S12362,0.003203180600703603,0.0
S12364,0.0022330609307979928,0.0
S12365,0.0021291375090011075,0.0
S12366,2.1477686474002325e-05,0.0
S12367,0.00194136649017551,0.0
S12368,0.0001382690371221249,0.0
S12369,9.726993406811138e-06,0.0
S12371,0.0009389658562226448,0.0040295445884918
S12372,0.004681296625834879,0.0
S12373,0.00197178028340773,0.0
S12375,0.001305427386195176,0.0
S12376,0.002728750921236615,0.0
S12377,0.002299683810165447,0.0
S12379,0.0022499718107921902,0.0
S12380,0.0008823000352531793,0.0
S12381,0.0029805175386045137,0.0
S12384,0.001971988197885443,0.0
S12385,0.0030886966249461995,0.0039944704312742
S12386,0.0019055801187444572,0.0
S12388,0.003044472901495075,0.0
S12389,0.002864426582751837,0.0
S12390,0.003125202970681926,0.0
S12391,0.004244817427164826,0.0
S12394,0.0009505769280402107,0.0
S12395,0.0009333461490104416,0.0
S12399,0.0007427204628139275,0.0040048993537365
S12403,0.004042981308393333,0.0
S12404,0.0010428220634219134,0.0
S12405,0.0012442262746153493,0.0
S12406,0.0010114837311041695,0.0
S12407,0.0013837093130201748,0.0
S12408,0.0019520264718933093,0.0
S12409,0.000744287612120172,0.0
S12410,0.002496880929085895,0.0
S12414,0.0010607394624291065,0.0
S12415,0.0032901016490401204,0.0
S12416,0.002615537149151813,0.0
S12417,0.0025328147884569807,0.0
S12418,0.0012762244052977876,0.0
S12419,0.0012060585038598701,0.0
S12420,0.0021854570278658104,0.0
S12421,0.002272084946251771,0.0
S12422,0.0014402649605643834,0.0
S12424,0.001694060344610327,0.0
S12425,0.0035046739968855084,0.0
S12426,0.0001926036641605437,0.0
S12427,0.0021725140238841624,0.0
S12428,0.003356520562006346,0.0
S12429,0.0013923196288530126,0.0
S12431,0.0011971292824023145,0.0
S12432,0.0030001134637276275,0.0
S12434,0.00029132916794326444,0.0
S12436,0.0014106053329770824,0.0
S12438,0.0014171609763596925,0.0
S12439,0.0002723406693555367,0.0
S12441,0.0016418913773647396,0.0
S12443,0.0037580162765990565,0.0
S12444,0.0007645151385066303,0.0
S12445,0.0029203341388648065,0.0
S12448,0.001973253760729467,0.0
S12457,0.0001851250144152116,0.0
S12458,0.0010266560868033008,0.0
S12459,0.0016836482614422774,0.0
S12461,0.0025065737985198087,0.0
S12462,0.0005912560307449566,0.0
S12463,0.0010449026427695421,0.0
S12464,0.0007755149876195646,0.0
S12465,0.001517765298562672,0.0
S12467,0.0005353821439398766,0.0
S12468,0.002211105938653322,0.0
S12469,0.0017371402068392782,0.0
S12470,0.0015613584398883134,0.0
S12472,0.001020828075307344,0.0
S12473,0.0020805148181243863,0.0
S12474,0.0006675526274838812,0.0
S12475,0.0014442446616349325,0.0
S12478,0.0002415246954645182,0.0
S12479,8.168828892581094e-05,0.0
S12480,0.001688735550978852,0.0
S12481,0.00029513662723598314,0.0
S12482,0.0011691554354791864,0.0
S12483,0.00011484956260069678,0.0
S12486,0.0018273225182578257,0.0
S12487,0.0007438542467829047,0.0
S12488,0.0015868365984008795,0.0
S12490,0.000978694349343881,0.0
S12491,0.0028491643575695885,0.0
S12492,0.0012840237220693074,0.0
S12495,0.0017048468464369647,0.0
S12496,0.0013216683527238716,0.0
S12497,0.0006070037162394376,0.0
S12499,0.002057565602247258,0.0
S12500,0.0020670990320723636,0.0
S12503,0.0017802175375244817,0.0
S12504,0.00460025168084993,0.0
S12506,0.002201134542743043,0.0
S12507,0.0032608088921000124,0.0
S12508,0.0026204983589698944,0.0
S12510,0.0028963222684221046,0.0
S12511,0.0009895593019027705,0.0
S12513,0.0011061552948644455,0.0
S12514,0.0007974562163080509,0.0
S12515,0.0018457145202825582,0.0
S12517,0.0010779877574343102,0.0
S12519,0.0022187704768389157,0.0
S12521,0.0034640471804775115,0.0
S12522,0.003972839286569245,0.0
S12523,0.0044637059453037165,0.0
S12525,0.000609451458198168,0.0140819131001459
S12526,0.0012277421364770252,0.0
S12527,0.0022627380674308567,0.0
S12528,0.0031666493982367054,0.0
S12529,0.0038276557295143553,0.0
S12531,0.001035782684160836,0.0
S12533,0.0018398755061407443,0.0
S12535,0.0009473806969153176,0.0
S12536,0.0039561103066595455,0.0
S12537,0.0028437573160094037,0.0
S12542,0.0037068046208497867,0.0
S12544,0.004529356415414826,0.0
S12545,0.002872553193773676,0.0
S12547,0.002676316166274848,0.0
S12550,0.0028628551430243234,0.0
S12552,0.0040775076973518275,0.0
S12553,0.0024992209749993845,0.0
S12554,0.005183182463436795,0.0
S12555,0.003169904237398557,0.0
S12557,0.00038480274764279555,0.0
S12558,0.0023640722799723375,0.0
S12561,0.0036421718884570562,0.0
S12562,0.0035024689771847696,0.0
S12564,0.004271584715544161,0.0
S12566,0.0012292931883921675,0.0
S12567,0.004073722633281553,0.0
S12569,0.0027939567593051355,0.0
S12572,0.0025008622196193288,0.0
S12575,0.0016509273929216424,0.0
S12578,0.0024010298720675304,0.0
S12580,0.0044784962618265155,0.0
S12584,0.0030162555785655347,0.0
S12585,0.001973592762958141,0.0
S12586,0.0032655079210983707,0.0
S12588,0.0016531948624858893,0.0
S12590,0.0025481290557820917,0.0
S12591,0.0036499583390015447,0.0
S12595,0.0026441156084425375,0.0
S12596,0.004080154942258293,0.0
S12598,0.001820946659219077,0.0
S12601,0.0018133396173624135,0.0
S12603,0.002041953107066525,0.0040640434370195
S12610,0.0014391595229069866,0.0
S12612,0.0035273802224059184,0.0
S12613,0.0024238816454472357,0.0
S12614,0.0047893069562725855,0.0
S12615,0.003959369674368469,0.0
S12618,0.0014664894667642029,0.0
S12620,0.0024143422928177374,0.0
S12621,0.00210688685972085,0.0
S12622,0.0008155142346770795,0.0
S12623,0.0006582711718911766,0.0
S12624,0.0020770668596724598,0.0
S12625,0.0014894358852818007,0.0
S12626,3.81392961067327e-05,0.0
S12628,0.00021335186122445376,0.0
S12630,5.025713144269589e-05,0.0
S12631,1.1871901794020693e-06,0.0
S12632,0.0003700288987979537,0.0
S12633,0.0003802255202001127,0.0
S12634,0.0003664334877576757,0.0
S12635,5.34821622102762e-05,0.0
S12636,0.00015062137148036189,0.0
S12637,0.0002855286075415953,0.0
S12639,3.667688340352873e-05,0.0
S12641,4.404466369274401e-05,0.0
S12642,0.0003258520299467654,0.0
S12644,9.464006334377727e-06,0.0
S12647,0.0001508680124706579,0.0
S12648,2.5332679517911812e-05,0.0
S12649,0.0011083402117935761,0.0
S12651,0.0011895522852919665,0.0
S12652,1.0950863680905444e-06,0.0
S12653,0.00038037574745368035,0.0
S12655,0.0005895753344806703,0.0
S12656,0.0005981869270032484,0.0
S12659,0.0013427833442023658,0.0
S12660,0.000500139125868398,0.0
S12662,0.0008260854099028962,0.0
S12665,0.0009027548255784328,0.0
S12668,0.0009537915219777027,0.0
S12669,0.0005989800109159419,0.0
S12670,0.0014525922102780013,0.0
S12671,0.00041505672671020706,0.0
S12673,9.839827359718288e-05,0.0
S12674,0.002109544607893439,0.0
S12675,0.0007755531383705512,0.0
S12677,0.0001228501071254394,0.0
S12681,0.00016299330294867182,0.0
S12682,0.00012879061690946697,0.0
S12684,8.571084943248131e-05,0.0
S12686,0.0001760491673203558,0.0
S12687,2.901096390819061e-05,0.0
S12688,0.0002446306719787231,0.0
S12690,0.00038627275786721495,0.0
S12694,0.00031404413125653643,0.0
S12697,0.00044517002574963555,0.0
S12698,0.00029994122243224696,0.0
S12699,0.0001757710269685521,0.0
S12700,0.00010794096831298112,0.0
S12701,0.00021147230529720794,0.0
S12706,0.00011976321360491486,0.0
S12708,0.0001150809364910631,0.0
S12709,6.754653449388106e-05,0.0
S12710,5.616505374810769e-05,0.0
S12711,1.7417956350986138e-05,0.0
S12712,1.0848803801118085e-05,0.0
S12713,9.874700005986956e-05,0.0
S12714,0.00027024077233008784,0.0
S12715,0.0005807495113081393,0.0
S12716,0.0001747046210545507,0.0
S12717,0.0028488722885960695,0.0
S12718,0.003692886702662281,0.0
S12720,0.005422476223352533,0.0
S12721,0.0013680474310362413,0.0
S12722,0.0026274188713556476,0.0
S12723,0.0021015783915559394,0.0
S12724,0.0008535154529112555,0.0
S12725,0.002617868359460252,0.0
S12727,0.002186720301896592,0.0
S12729,0.0023030435929897405,0.0
S12730,0.0012967741556903722,0.0
S12732,0.003668090227487399,0.0
S12733,0.003279460389873184,0.0
S12734,0.0011679761777076986,0.0
S12736,0.003269510434270605,0.0
S12737,9.00899221863738e-05,0.0
S12739,8.925757213526805e-05,0.0
S12740,4.173481296395746e-05,0.0
S12744,0.00011369756647903273,0.0
S12746,6.732371223599418e-06,0.0
S12747,0.00026243659305514927,0.0127642088501939
S12749,0.0005218123427460182,0.0
S12752,0.00046168026787351467,0.0
S12754,2.695722622097421e-05,0.0
S12756,0.00018091472047526523,0.0
S12759,5.0859387549598074e-05,0.0
S12762,0.0001362447334873655,0.0
S12765,0.00031158528002203997,0.0
S12766,0.00081118495782738,0.0
S12767,0.0006127941685617174,0.0
S12768,0.00047219298804703484,0.0
S12770,0.0009045245609515206,0.0
S12771,0.0025894803816721365,0.0
S12773,0.0012246446336732285,0.0
S12774,0.0010106011661528873,0.0
S12778,7.30920799378585e-05,0.0
S12780,0.00016640971336492064,0.0
S12781,0.0004559712405248347,0.0
S12782,0.0008643502058827929,0.0
S12783,0.0004170584695191842,0.0065197428833792
S12786,0.0019206470546581438,0.0
S12793,0.00295243929012883,0.0
S12794,0.0003373543330311651,0.0
S12797,0.002869960853914086,0.0
S12798,0.0012461769247936712,0.0
S12800,0.000229660195287579,0.0
S12801,0.0008379991540672528,0.0
S12802,0.0006880697010400848,0.0
S12805,0.0014127489841254514,0.0
S12807,0.00028828053810123016,0.0
S12808,0.0012160403147790126,0.0
S12809,0.0004258013459716378,0.0
S12810,0.003042652381109241,0.0
S12811,0.0005593474433628169,0.0
S12813,0.0005818513334436337,0.0
S12816,0.00027440304977361795,0.0
S12817,0.001443564271133607,0.0
S12819,0.00030459020845351756,0.0
S12820,0.001170580601286691,0.0
S12822,0.0019304599912051668,0.0
S12823,0.0037728006392748295,0.0
S12824,0.004598704426469015,0.0
S12825,0.0018115046340765094,0.0
S12826,0.0027816636779226496,0.0
S12827,0.0025557593800852453,0.0
S12831,0.0023574160176511733,0.0
S12832,0.0021435398908425836,0.0
S12833,0.003854879429558532,0.0
S12834,0.003019267966085865,0.0
S12839,0.0013448302976591948,0.0
S12841,0.002029606167493681,0.0
S12842,0.00427208831412476,0.0
S12843,0.003632592372944547,0.0
S12849,0.00010757405684062026,0.0
S12850,8.822397122376641e-05,0.0
S12851,0.0005090638649120986,0.0
S12852,0.000558781636341521,0.0
S12854,5.226652183135516e-05,0.0
S12857,0.00016004103471252515,0.0
S12860,6.293064349902908e-05,0.0258551177006112
S12861,5.262020842442246e-05,0.0
S12864,0.00016842419796864508,0.0
S12865,6.689827072162431e-05,0.0
S12866,0.001224242259075645,0.0
S12867,0.00032166215555494535,0.0
S12870,0.0013040482567144764,0.0
S12871,0.0017312137099787192,0.0
S12874,0.003211556705743807,0.0
S12876,0.0005647197748074482,0.0
S12877,0.001156414196634295,0.0
S12878,0.001790374892548208,0.0
S12879,0.0024328178174732023,0.0
S12880,0.00034829673024665834,0.0
S12882,7.914961879956358e-05,0.0
S12884,0.0012209226530716056,0.0
S12885,0.0036863072156362257,0.0
S12886,0.002608361271552272,0.0
S12887,0.0027025909518556845,0.0
S12888,0.0009072754848976508,0.0
S12889,0.0029247715099805227,0.0
S12891,0.0019198602340452777,0.0
S12895,0.0005105940337739492,0.0
S12896,0.0008087403700239428,0.0
S12897,0.0007489793388094267,0.0
S12903,0.003452527073849251,0.0
S12904,0.0036555484287013433,0.0
S12905,0.0001306606201957532,0.0
S12906,0.0007131719789823792,0.0
S12907,0.002068521692729808,0.0
S12908,0.0023250960559748216,0.0
S12909,0.0024154065533875746,0.0
S12911,0.004533900305706426,0.0
S12912,0.0015138258060757403,0.0
S12916,0.0020521486569099016,0.0
S12920,0.0027725440578701102,0.0
S12921,0.003226423273976386,0.0
S12922,0.002566961275649827,0.0
S12926,0.0034179113686992326,0.0
S12929,0.0031513476184738304,0.0
S12931,0.0019046117962553618,0.0
S12934,0.004505295453721569,0.0
S12935,0.002847766808032233,0.0
S12936,0.0042419342570233914,0.0
S12937,0.0017613876676349383,0.0
S12938,0.0011011199594210812,0.0
S12939,0.0038146306312393675,0.0
S12940,0.003451534148071526,0.0
S12942,0.0036231602882967314,0.0
S12944,0.0015692448044898203,0.0
S12947,0.003051211865684026,0.0
S12949,0.0012944968392412843,0.0
S12950,0.0021069683387069764,0.0
S12951,4.0392783276610465e-05,0.0
S12953,0.0003916000513301572,0.0
S12957,8.663524754315951e-05,0.0
S12958,5.8491658539963466e-05,0.0
S12959,0.0010923258803521552,0.0
S12960,0.0020149264792822235,0.0
S12962,0.0016498372588477882,0.0
S12963,0.002691758096970597,0.0
S12964,0.00179293829365552,0.0
S12965,0.0004841888107567591,0.0
S12966,0.0022462877048340588,0.0
S12967,0.0009530666246076364,0.0
S12968,0.002147186724226107,0.0
S12970,0.0018917727500626076,0.0
S12971,0.00023122811642359162,0.0
S12973,0.0010516408241393143,0.0
S12974,0.0002266388174002194,0.0
S12975,0.0009216464283545516,0.0
S12978,0.0006278962038389777,0.0
S12979,0.0009865858483093046,0.0
S12982,0.0007016275176318704,0.0
S12984,7.404206937927291e-05,0.0
S12985,7.6026124070707e-05,0.0
S12986,0.0017041438533637468,0.0
S12987,0.00017564245249852617,0.0
S12988,0.00021664213124366464,0.0
S12989,0.00010587706107954075,0.0
S12990,0.002798453559665041,0.0
S12992,0.0018413234510924778,0.0
S12993,0.0015292982666638704,0.0
S12994,0.0019961492065304408,0.0
S12997,0.0034127233849290863,0.0
S13000,0.002747016370866699,0.0
S13001,0.0030280297821186374,0.0
S13002,0.0015793145843435493,0.0
S13003,0.003680999398517332,0.0
S13005,0.00046502203998369614,0.0
S13007,0.0006602989293215628,0.0
S13009,0.00042124701686578896,0.0
S13010,0.0013154656490509402,0.0
S13011,0.0018815595467429529,0.0
S13012,0.0012590519263222567,0.0
S13013,0.0008278836267775295,0.0
S13014,0.0007417911046010541,0.0
S13015,0.0002737592990015873,0.0
S13016,0.0010073725027150968,0.0
S13018,0.0021172126614540485,0.0
S13019,0.002022067773951692,0.0
S13021,0.002343410100670084,0.0
S13022,0.0002843036163068295,0.0
S13023,0.0009618779615072372,0.0
S13024,4.7483729351750706e-05,0.0
S13025,0.0018921307443304743,0.0
S13026,0.0010569485092480591,0.0
S13030,0.0002662647840538063,0.0
S13032,0.004088115040408442,0.0
S13033,0.0011420055015830559,0.0
S13034,0.0005142372325621623,0.0
S13035,0.0010823136585763637,0.0
S13037,1.2825282100189967e-06,0.0
S13038,0.0004279832298939557,0.0
S13039,0.00035369880515830483,0.0
S13040,6.323753626856842e-06,0.0
S13041,0.00024231846670258675,0.0
S13044,4.0482298831330005e-05,0.0
S13045,0.0002861907313123685,0.0
S13051,0.0013559428165497477,0.0
S13052,0.003687233412899736,0.0
S13053,0.002141220317213537,0.0
S13054,0.002966500147232382,0.0
S13055,0.0031651844547088553,0.0
S13056,0.0005834796288790884,0.0
S13057,0.0003336054046019457,0.0
S13064,0.000293715029226735,0.0
S13065,0.0005335549110951291,0.0
S13067,0.0009275329274285427,0.0
S13068,0.0012921458470561856,0.0
S13070,0.004476781470575803,0.0
S13071,0.0010865820975421347,0.0
S13072,0.003562760931507012,0.0
S13073,4.002961651020154e-05,0.0
S13077,2.2207493668987287e-05,0.0
S13078,0.00019190559496397357,0.0
S13079,1.4458781430371954e-05,0.0
S13080,3.2992367908096394e-06,0.0
S13081,4.884262252538011e-05,0.0
S13082,3.130527606809352e-05,0.0
S13083,0.00023610514073960065,0.0
S13084,0.002409347665147037,0.0
S13087,2.3897068031448847e-05,0.0
S13091,0.0008216785922143973,0.0
S13092,0.000797364060295385,0.0
S13093,0.00015931302935690575,0.0
S13094,1.2011496000453367e-05,0.0
S13099,0.0008430949735029392,0.0
S13102,0.0001055147848934542,0.0
S13103,7.432362686985449e-05,0.0
S13104,0.00027622036159701045,0.0
S13107,0.0016411563048879451,0.0
S13112,0.00013175580895052321,0.0
S13113,4.814239668453767e-05,0.0
S13114,0.00021601558617881438,0.0
S13115,1.9080080176053002e-05,0.027620317883739
S13116,0.0002766630887749243,0.0
S13117,3.0287034472888692e-05,0.0
S13118,0.00012175290795796783,0.0
S13119,0.00025273321446622104,0.0
S13120,0.00044020345949494205,0.0
S13123,3.4638657002073035e-05,0.0
S13124,0.00234424055569522,0.0
S13125,0.003568530555918364,0.0
S13126,0.0013350770647069495,0.0
S13127,0.0027340691816465576,0.0
S13129,0.00201755760373215,0.0
S13130,0.00039994975280169417,0.0
S13133,0.0009525275241460934,0.0
S13134,0.0008459768337511272,0.0
S13135,0.0035855715620921862,0.0
S13136,0.0003984678110351937,0.0
S13138,7.0520884436204e-05,0.0
S13141,3.26766204357335e-05,0.0
S13145,0.0003345634858477002,0.0
S13146,0.0008689948892915832,0.0
S13148,0.00046242147425697817,0.0
S13149,0.0024693304166319855,0.0
S13150,0.0005409790358912405,0.0
S13153,0.0036935726729467825,0.0
S13154,0.002083162138670256,0.0
S13155,0.0004027041184776306,0.0
S13157,0.00023402318252180583,0.0
S13162,3.633414297479855e-05,0.0
S13163,2.4962571039691613e-05,0.0
S13164,6.968342434174602e-05,0.0
S13167,0.0008245339866371565,0.0
S13174,0.00038111027427233714,0.0
S13175,0.001021433764914149,0.0
S13178,0.00210121825991939,0.0
S13179,0.0016403159010441018,0.0
S13180,0.0016232180456933211,0.0
S13181,0.003017541197384872,0.0
S13182,9.429933877992268e-05,0.0
S13183,0.0006453743567754234,0.0
S13185,0.004184196612943034,0.0
S13186,0.001436376281373789,0.0
S13187,0.0009662364891940773,0.0
S13188,0.004197380509523518,0.0
S13190,0.0019453136639576627,0.0
S13192,0.0014182286819999926,0.0
S13193,0.0013155889502715645,0.0
S13194,0.001700131131565699,0.0
S13195,0.0009670502248354442,0.0
S13199,0.0015883847411061194,0.0
S13200,0.000498558867399276,0.0
S13202,0.001256873522480202,0.0
S13203,0.004018494955452402,0.0
S13204,0.003634999356354581,0.0
S13205,0.0013993412469441055,0.0
S13208,0.003384697734132059,0.0
S13209,0.0024163729955794903,0.0
S13210,0.0017133067188431113,0.0
S13215,0.0008847255824668251,0.0
S13218,0.002027340942856973,0.0
S13220,0.0048579082442518,0.0
S13222,0.0026517826792965696,0.0
S13223,0.003076255665053374,0.0
S13224,0.003434219582778647,0.0
S13227,0.0016521968080488955,0.0
S13228,0.0024936571938471686,0.0
S13231,0.0010456601896851267,0.0
S13232,0.0033838940783914636,0.0
S13233,0.0011554572720418798,0.0
S13234,0.0012315533955860275,0.0
S13236,0.002476368615307885,0.0
S13237,0.0011568083950604592,0.0
S13238,0.00019363513464906886,0.0
S13239,0.0008371342263793519,0.0
S13242,0.0004548970888840383,0.0
S13244,0.0028185416527986952,0.0
S13247,0.002298283764280216,0.0
S13251,0.0016068575931747395,0.0
S13252,0.0016491209820490558,0.0
S13254,0.0012456162167097705,0.0
S13256,0.0010038199701257273,0.0
S13257,0.001216705747483999,0.0
S13259,0.0017432493374449115,0.0
S13261,0.0016599791345993896,0.0
S13263,0.00279726509356783,0.0
S13264,0.00071925918273659,0.0
S13265,0.003510495943940437,0.0
S13266,0.0018221817734190827,0.0
S13267,0.0004563246173765892,0.0
S13268,0.002284515144254971,0.0
S13269,0.0029919757005061227,0.0
S13271,0.0023543015325217017,0.0
S13273,0.0009614617294177402,0.0
S13274,0.0009030469257214771,0.0
S13275,0.0028796510206260664,0.0
S13278,0.0011071570678907999,0.0
S13280,0.00466760239632375,0.0
S13282,0.002420028944937585,0.0
S13283,0.002016137655890802,0.0
S13286,0.0011151034150974541,0.0
S13287,0.000552462875413016,0.0
S13288,0.0003294657418302909,0.0
S13292,0.0015960614978573885,0.0
S13294,5.641929122387251e-05,0.0
S13295,0.0019021061264035501,0.0
S13297,0.0015340143324090157,0.0
S13298,0.002316080510272553,0.0
S13299,0.0013079295470617954,0.0
S13300,0.0008299360016098772,0.0
S13301,0.00016036093436584572,0.0
S13304,0.00010185283820972078,0.0
S13305,0.001466016557546388,0.0
S13306,0.0003357656001575889,0.0
S13307,0.0002511679706941749,0.0
S13314,0.0010147956583436341,0.0
S13315,0.0024322618705311778,0.0
S13316,0.0016388178290366495,0.0
S13318,0.003325086984440396,0.0
S13319,0.002391582256756177,0.0
S13320,0.00010323825842606138,0.0
S13323,0.0006653067997108816,0.0
S13326,0.0004400220684846757,0.0
S13327,7.803598942677527e-05,0.0
S13328,0.0012079257737573693,0.0
S13329,0.0030537701667840557,0.0
S13330,0.0019078724922555392,0.0
S13331,0.00041068402729830134,0.0
S13333,1.3682967305450319e-05,0.0
S13334,0.0003010702659039289,0.0
S13335,9.707643810345869e-05,0.0
S13336,0.000946052111407733,0.0
S13338,0.0001242504145901811,0.0
S13339,1.613751385861407e-05,0.0
S13340,5.402914690932608e-05,0.0
S13341,6.689592099150335e-05,0.0
S13342,7.944482696765255e-07,0.0
S13343,0.0002701664111622892,0.0
S13344,7.5297606773406765e-06,0.0
S13345,7.079400355247318e-05,0.0
S13348,0.0006559265155232937,0.0
S13349,0.0012043691058203586,0.0
S13350,9.290451338785944e-05,0.0
S13351,0.0004932529670771632,0.0
S13353,0.0012583136397648247,0.0
S13357,0.001640234762635142,0.0
S13358,0.00026629337143018735,0.0175848282206418
S13359,0.0013681563816299702,0.0
S13360,0.00177621872100949,0.0
S13362,0.0014057450228053415,0.0
S13364,0.0015044491035516225,0.0
S13365,0.0031598945661000933,0.0
S13366,0.0031337866662946925,0.0
S13368,0.002830078288021263,0.0
S13369,0.0019000739781385126,0.0
S13370,0.0034823799302442656,0.0
S13371,0.0024293507051540817,0.0
S13372,0.0005872713981815005,0.0
S13373,0.0010669400195380844,0.0
S13374,0.002245649998084506,0.0
S13375,0.003994819946528965,0.0
S13376,0.0019020346747825347,0.0
S13378,0.005314248691453792,0.0
S13379,0.003442016168138241,0.0
S13380,8.867315689348007e-05,0.0
S13382,0.0021356377239554183,0.0
S13386,0.00014884587474690841,0.0
S13387,0.0003132185298062609,0.0
S13388,0.00034739087091285284,0.0
S13390,0.0019128279619727078,0.0
S13392,0.0001644010068002679,0.0
S13393,0.0002748447989403228,0.0
S13394,0.000994899175823692,0.0
S13396,0.0003019956142641159,0.0
S13397,9.98917395012195e-05,0.0
S13398,0.00040357263605803517,0.0
S13400,0.00032671026439945477,0.0
S13401,0.0005034309897570123,0.0
S13403,0.0002055421547352923,0.0
S13405,0.0006616633992838985,0.0
S13406,0.00019137106156827695,0.0
S13407,0.0005953822900898778,0.0
S13409,0.00037822840920156725,0.0
S13411,0.003813717182981818,0.0
S13413,0.0012795125657111984,0.0
S13414,0.00048332883990878135,0.0
S13415,0.0008073944502895121,0.0
S13417,0.0006363256744690848,0.0
S13418,0.003647913143998515,0.0
S13420,0.0009456683312176622,0.0
S13422,2.0667303671717255e-05,0.0
S13425,6.552126494770124e-05,0.0
S13426,0.0003850085630949808,0.0
S13427,0.00021570732272228256,0.0
S13430,0.00019766788283187128,0.0
S13432,0.00010502992802439781,0.0
S13435,0.000375895132566997,0.0
S13436,0.0010628587391415954,0.0
S13438,0.0029498527368097527,0.0
S13439,0.0027681884333182146,0.0
S13440,0.0016072875138606099,0.0
S13443,0.00014605608636187253,0.0
S13444,0.00012708637253587424,0.0
S13445,0.004678241533252621,0.0
S13447,0.0014227967237791183,0.0
S13448,0.0009262746742804686,0.0
S13449,0.0003831679008523219,0.0
S13450,0.00011617106939439196,0.0
S13453,0.0012412577033303082,0.0
S13455,0.0023338053713918977,0.0
S13459,0.00373411724439308,0.0
S13460,0.0009726535205187036,0.0
S13462,0.0023556028939447898,0.0111782103617736
S13464,0.0017590194039102903,0.0
S13465,0.0015263417625490596,0.0
S13466,0.0020803924478412887,0.0
S13470,0.0005898468839682394,0.0018501973047427
S13475,0.0036302807951626636,0.0128756000162841
S13477,0.001701948593860699,0.0036834869354796
S13480,0.0004595870868934752,0.0168917387954864
S13484,0.0015832824330563923,0.0074477012527722
S13485,0.002325685360567046,0.0018982362062775
S13488,0.0011601170882233258,0.0055515839328001
S13489,0.00017442287186472506,0.0036949887180173
S13490,0.0006738365907495284,0.0
S13492,0.0011666965803022646,0.0129160689411422
S13493,0.001700410121197254,0.0025799351642048
S13494,0.003580469820838243,0.0103729676705695
S13495,0.0022501737453141,0.0051410956636875
S13496,0.0045995046059290915,0.0064405602380285
S13502,0.0023925517739728113,0.0
S13503,0.004465997460906144,0.0026292957508041
S13504,0.0017831279572910331,0.003999163152982
S13505,0.0039760023936759314,0.0051261026406648
S13511,0.0044513513589193665,0.006611486693219
S13512,0.0004921734433490356,0.0053408556652562
S13514,0.0022428658479992486,0.0115172488374608
S13515,0.001481486441138121,0.0066313882150758
S13516,0.0036503307610013134,0.0064117449751012
S13521,0.0015070368545767683,0.0053793991741485
S13522,0.002479528101759306,0.0065182550486967
S13525,0.0020034344278538813,0.0107666645003357
S13527,0.00036747289619567375,0.0089553007194614
S13529,0.0023633162432990093,0.0053014605683869
S13530,0.0016537613366325952,0.0
S13531,0.0012149959062991446,0.0106109007256297
S13532,0.0004493738035488068,0.0065312065517069
S13533,0.0011661942149489978,0.0079286580307574
S13534,0.0035130666939854815,0.006484982763255
S13535,0.0008332634312058944,0.0102666594366248
S13537,0.0019962262429045786,0.0039780367548184
S13538,0.0015350397768229722,0.0051603525029526
S13544,0.0029262017778049335,0.0
S13545,0.00235334101376917,0.0
S13547,0.0031301056642055016,0.0026763381017385
S13548,0.0026715968041559814,0.0039026918365423
S13549,0.0019976026152984227,0.0039352933258375
S13550,0.0027572336619171097,0.0018941342815438
S13551,0.0016994791459997208,0.0056680808357282
S13553,0.0027754149441988497,0.0064448697799148
S13554,0.002642999663542779,0.0036741739577211
S13556,0.002123065930433898,0.0
S13559,0.003070585800285727,0.0153352463821777
S13560,0.0019860171552408784,0.0078452419475773
S13561,0.003606708190863058,0.001339153396384
S13562,0.002124677942844337,0.0018790099092252
S13563,0.0023843684176411135,0.0066469264986345
S13567,0.0020963577460742623,0.0056045467872527
S13568,0.0011165673899934197,0.0013221495971035
S13569,0.0037003905981822707,0.0056941214211243
S13573,0.0023629945162287544,0.0051818198405313
S13574,0.0018870533922050081,0.0056008835196538
S13575,0.0014108064993051564,0.006535071109989
S13576,0.0031064862151222675,0.0055429157744468
S13577,0.0028392742622074182,0.0077816747040771
S13578,0.0029910637145680262,0.0092239818224721
S13579,0.001222344453796701,0.0
S13580,0.0032638335453381738,0.0129377989007147
S13581,0.0015688099915572766,0.0
S13584,0.003448363379433039,0.0026501154426545
S13585,0.0017511678123148973,0.0
S13587,0.002981109740879859,0.0039442566227005
S13591,0.0016746536615048482,0.0018800547750365
S13592,0.003990102036537603,0.0
S13593,0.004348856595544575,0.0037465465057988
S13594,0.0028110911901600083,0.0013185087321357
S13596,0.0016975594917971802,0.0193863460833339
S13598,0.00485734071843806,0.0038411005487286
S13601,0.002161243555860605,0.0074082355133221
S13603,0.0029952064968071265,0.0053640715137582
S13604,0.0026702534356471967,0.0
S13605,0.0016557252897814049,0.0
S13606,0.0012086548925195303,0.0056295591500158
S13607,0.001102626840232337,0.0064782372937913
S13608,0.0044399126261628905,0.0206545991028548
S13609,0.0031610703870537096,0.0102231821454283
S13611,0.0006274580504492323,0.0240505206106993
S13612,6.052634637392186e-05,0.0
S13613,1.5278303672278934e-05,0.0039566598466694
S13616,0.0006536234192130929,0.0018658257311258
S13618,0.001280593607472544,0.001840924833224
S13620,0.00391561094154321,0.0075417871152284
S13622,0.004698837151100766,0.0018577911349346
S13625,0.0017232919947874146,0.0
S13626,0.00276297126513213,0.0018732097090306
S13627,0.0010513519364894457,0.0
S13629,0.0020913660889623313,0.0
S13630,0.0038103009578506026,0.0018656576349317
S13632,0.0014334957339246215,0.0018828967058778
S13634,0.0020435965213375347,0.0091658183213089
S13635,0.0012894311310498883,0.0018845030902817
S13637,0.0016932891478349708,0.0074437692131995
S13638,0.0010386864248799054,0.0056288578062177
S13639,6.421634768498818e-05,0.0036655566741526
S13640,0.00045764866033928597,0.0018883050467516
S13642,0.00015786403792772906,0.0018667087333423
S13643,0.0006978567102420896,0.001885532615541
S13645,0.00045985606165997923,0.0018795215350812
S13646,0.0016928850096649154,0.0018795428588716
S13647,0.0007255300890537611,0.0056217903762188
S13648,0.0007558038758428544,0.0
S13649,0.0004827328421928023,0.0056564690885914
S13650,0.004114757662005644,0.0056413166855845
S13652,0.001130395312131489,0.0
S13654,0.00010612033153467545,0.0
S13655,0.0009171133442271713,0.0
S13656,7.084492572370616e-05,0.001893008817536
S13657,1.2454702685352467e-05,0.0
S13658,0.00038102922945702116,0.0
S13660,0.00016537636055225324,0.0
S13661,0.004477284943847658,0.0018988889398315
S13662,0.0041668341953961805,0.0018883050467516
S13663,0.0028167481202576628,0.0
S13664,0.0002322743561445545,0.0055726235059314
S13666,0.00041779863971843766,0.0
S13667,0.001936709606048583,0.0037731265325954
S13668,0.0027517275945497335,0.0
S13673,0.004633966808635359,0.0018923601195575
S13675,0.0016081425437597266,0.0
S13677,0.0019181860696496468,0.009332071532112
S13678,0.003508151697328531,0.0
S13680,0.0020770002413549094,0.0
S13681,0.0039586046482956655,0.0036887770627834
S13682,0.0014539928517393384,0.0018655315826614
S13683,0.001242470723964097,0.0018821693800959
S13684,0.004237701890207474,0.0
S13686,0.0026716799290027985,0.0018530117966384
S13687,0.002050131329654435,0.0036884074911036
S13688,0.004382662016636575,0.0111135957066189
S13689,0.0020398717594345413,0.0018947625256383
S13690,0.004180787770324315,0.0037023379854662
S13691,0.003260163068220046,0.0093125571494955
S13692,0.0015145408671559185,0.0
S13694,0.0024394506724631187,0.0074099751385642
S13695,0.004926498677879119,0.0037042419906015
S13697,0.001274711290056958,0.0037687060902138
S13698,0.0017631143220034852,0.0037604082728982
S13699,0.0016890485872813853,0.0026215776411603
S13702,0.0007245449388588605,0.0104046454543789
S13704,0.0011969893888335295,0.0012964180256883
S13705,0.00317360674097296,0.0076905222437137
S13707,0.004472539181142854,0.0013453521736776
S13708,0.003069701105060111,0.0129639773586874
S13711,0.0040183377701868694,0.0038912029062666
S13712,0.0025837832940253957,0.0039981015051203
S13714,0.0022667708377158667,0.0026281069962111
S13716,0.0036217305099155907,0.0118579904245335
S13717,0.0005807980009984799,0.0157159119655957
S13718,0.00024795539972063334,0.0101986374456209
S13719,0.0028960146793649034,0.0039273945648652
S13720,0.0023687666377816704,0.0102201075990201
S13723,0.0007844360452184207,0.0051432903087267
S13725,0.0032864857616952915,0.0051218632452207
S13726,0.00029420504680772997,0.0264316009200537
S13727,0.0017119505262879037,0.0013479245487707
S13728,0.0009413881644682185,0.0
S13730,0.0012665017268401056,0.0092369861777091
S13731,0.0012638415719818789,0.0
S13732,0.0028843043722456304,0.003967430350443
S13734,0.0018457612446958007,0.0052410818563131
S13736,0.0016469063560884476,0.0106903273509444
S13739,0.000426093598259332,0.0130352791831574
S13741,0.00020452768740410445,0.0079648074103157
S13742,0.0012111123154153647,0.0
S13749,0.002077846323753444,0.0093705137217827
S13750,0.0008347585208284599,0.0
S13751,0.0006850444281224982,0.0103016123474255
S13752,0.001995018766241363,0.0064405602380285
S13755,0.0027193983997603893,0.0148057273005478
S13757,0.0027955742650890153,0.0182814684028544
S13758,0.002431710676870493,0.0165703631322884
S13759,0.0016878745408885993,0.0
S13761,0.0009036838923314069,0.0
S13763,0.0025858185364983463,0.0
S13764,0.0009045161606940774,0.0077781429488082
S13766,0.001271440177909998,0.0013226562770286
S13767,0.0007612374005866643,0.0104085676962666
S13768,0.0015688366411971315,0.0077566563660767
S13769,0.0031209630659847715,0.0053587361145928
S13770,0.0020766040535388393,0.0128920466188856
S13771,0.0031632453547290077,0.0026440459755439
S13772,0.003549945681959622,0.0040298713198031
S13774,0.001904845462408508,0.0103389812879
S13777,0.001914965992865398,0.0102083782645756
S13780,0.002193223071558412,0.0025820059640701
S13781,0.0022295428907742774,0.0090001991995798
S13782,0.0022297836585794335,0.0079084717713703
S13784,0.0029469147852178926,0.0115401583579074
S13785,0.0024426595684740753,0.0091484499701538
S13787,0.001221797043513234,0.0
S13788,0.0026821420125312237,0.0051123403357994
S13789,0.000320420909237179,0.0157160362069647
S13791,0.0022965151703680325,0.0080733587284053
S13792,0.0018841979969574738,0.0103318079884416
S13794,0.001782374642723831,0.0038992931060184
S13795,0.0019254300494417442,0.0105306371088421
S13797,0.00048409235678829204,0.007736371843965
S13798,0.0003669116136512178,0.0013390235096964
S13801,5.5590145921922476e-05,0.0013414848104511
S13802,0.0029817864839346083,0.0013020116997671
S13803,0.0008804698604615607,0.0120482901286443
S13804,0.001136753642636856,0.0184085762058966
S13805,0.0006069231026611863,0.0104932015877037
S13808,0.0007001503769003577,0.006554514570277
S13810,0.0015851590802615275,0.0079350507316372
S13812,0.003106929245365894,0.0079055155684574
S13814,0.0006919914184396761,0.0
S13819,0.00047692516320407065,0.0012913350637742
S13822,0.004833913762814402,0.0036662867596885
S13824,0.005348127671213535,0.00376245793731
S13826,0.00202084190819469,0.0
S13827,0.0019826184650794196,0.0036901327928068
S13829,0.0008530556621071208,0.0056629787040096
S13831,0.0007824638260075109,0.0
S13833,0.0018129524542866275,0.0056323024444419
S13838,0.0006773876246046448,0.0074995378805883
S13839,0.0007757876577240196,0.0056489469317238
S13840,0.0006168384069372307,0.0037861474235914
S13841,0.0009177384209569691,0.0018585831388739
S13842,0.0010026945461941565,0.0
S13843,0.0014460488059643863,0.0018823404650176
S13845,0.000535093979511751,0.0074995378805883
S13846,0.0006183778928095776,0.0037476482941413
S13848,0.0005301342277465208,0.0
S13849,8.674499784801364e-05,0.0
S13850,0.00011524376592959305,0.0
S13853,0.00016522187800791112,0.0040431815038682
S13855,1.7868600027269372e-05,0.0018487726307253
S13856,9.906479979683187e-05,0.0
S13857,0.0030554622982666797,0.0039826590058577
S13858,0.0016679927013382653,0.0141461344594349
S13859,0.003206814889992982,0.0130304603396833
S13861,0.002117910700550038,0.0076998752837101
S13863,0.0037880729410975384,0.0208533291374924
S13864,0.0032398650521332207,0.0437509061910975
S13866,0.0032819074871309967,0.0104743765032548
S13867,0.0028892321011268493,0.0025700294234756
S13868,0.0035854272224131625,0.0038324812424333
S13869,0.005571005883765592,0.0
S13870,0.0030871806811038063,0.003926525775232
S13873,0.0028337996265482197,0.0253388395600385
S13875,0.0023647844190169158,0.0013483304576184
S13878,0.0028034774058797885,0.0065902882753865
S13879,0.001915493026712797,0.0065202047632916
S13880,0.0012601181242411165,0.0025878542678767
S13881,0.0031710450005499255,0.0026206031078138
S13882,0.002374500429433683,0.0052572147868421
S13885,0.003143822373013609,0.0
S13886,0.0032939198122365816,0.0078908929251873
S13887,0.003243214079831843,0.0127914099376643
S13888,0.0021871715449712477,0.0090394159066697
S13889,0.0020204463284259474,0.0064004986464941
S13891,0.0029568609948372403,0.0026472569996511
S13894,0.004295513988580149,0.0064362064455305
S13896,0.0014797202999361954,0.0121121039805036
S13897,0.005880329915648616,0.0093428077299045
S13898,0.005069218549979872,0.005274076903894
S13899,0.0005014278256584015,0.0104124110912081
S13900,0.002009941241385927,0.003864877054917
S13901,0.002960533911832479,0.0089847886159964
S13902,0.0037297307794536255,0.0090860181354728
S13906,0.0008404975745938657,0.0074834464508211
S13907,0.0008146427562680238,0.0
S13908,0.0018756701917427752,0.0
S13910,0.0024362062214847483,0.0018569789903564
S13913,0.0043109473433907645,0.0018611095508247
S13914,0.005188320341857446,0.0018603571736046
S13915,0.0014498412039769585,0.0037749320208418
S13917,0.0010656905411212027,0.0
S13921,0.0018347017122852466,0.0
S13922,0.00502254912244768,0.0056753300141597
S13923,0.0029708607523521533,0.00738808244327
S13924,0.000917453767143084,0.003759768210668
S13926,0.002216437919608293,0.0037898284664157
S13929,0.0021678756454383144,0.0094587753455212
S13933,0.0026742747754776594,0.001862134598236
S13936,0.001596738345458662,0.0116180309346631
S13938,0.004233450696615932,0.006732611033896
S13939,0.000663020931710756,0.0066077420933114
S13942,0.003589699502511431,0.0157707685473123
S13944,0.0037691212024368015,0.0104755355670252
S13945,0.002810834272365924,0.016685906723173
S13946,0.0028946200785151277,0.0026064200793987
S13947,0.002428706746814045,0.0079862450186399
S13948,0.003085465022295395,0.0064734782767262
S13949,0.003714269222711487,0.0093142176351686
S13950,0.0024713182273695686,0.0105578170597966
S13951,0.0038079545571908196,0.0052923574950217
S13953,0.000631498985204615,0.0146070627967435
S13954,0.0015633612554547894,0.0026423590896886
S13955,0.0048860349751039,0.0078714592291671
S13957,0.002638215472254452,0.0156667428463351
S13959,0.002533863120051475,0.0051812121117348
S13961,0.0009102860977535067,0.0107044012965894
S13964,0.004190006410708523,0.0
S13967,0.0021073917536395858,0.0066703709370461
S13968,0.001851660334406643,0.0063899817429093
S13969,0.0015418890008193724,0.0026893066242438
S13971,0.0012969821612064047,0.0064663023679417
S13972,0.004468846879214914,0.0052940487222914
S13973,0.0008821398720250235,0.0117945797142721
S13974,0.0026945039983429587,0.0065908126458731
S13975,0.0034959632291188024,0.008038559205525
S13978,0.0010414628596970735,0.0026718059957046
S13979,0.0042731902070285285,0.0077630777401165
S13980,0.0010932214846978935,0.005232143468111
S13981,0.0020770352780395164,0.0
S13982,0.0033777295481393944,0.0051628853984874
S13983,0.0010276488794914555,0.0169527992716147
S13984,0.0013350008951550762,0.0039148654609616
S13985,0.003913156824928351,0.0093593814145659
S13986,0.00084467332790287,0.0073727113257158
S13990,0.0009818961270451308,0.0
S13991,0.0017467095318799664,0.0074643117288817
S13993,0.0014363324925401556,0.0036899273151138
S13995,0.0038424060472781437,0.0056306433888089
S13996,0.003414271093019213,0.0074700334423026
S13997,0.003914378549071448,0.0
S13998,0.0018698122036120194,0.0037772559033873
S14001,0.003019316445463632,0.00183300140149
S14002,0.0019110473871722237,0.0
S14003,0.001985559579362815,0.0018426857979719
S14005,0.003470326993111781,0.0
S14007,0.004129490367766259,0.0075099919158034
S14008,0.0027662908343400795,0.0055107720624923
S14009,0.0008886938427945538,0.0
S14010,0.0031272435403196766,0.0037753621537035
S14011,0.0017479824697170633,0.0037881819394424
S14013,0.001749266322153325,0.0056096707563461
S14016,0.0018719147527656577,0.0018746298831845
S14017,0.002002998951567208,0.0018675925717163
S14018,0.001917630092117277,0.0055242477797414
S14019,0.0017424021599828738,0.0
S14020,0.003584753743767768,0.0018810580857111
S14025,0.002225471249232871,0.0
S14026,0.0021834236316474265,0.0
S14027,0.0016686784736188124,0.0
S14028,0.005020196140956078,0.0018535300984198
S14029,0.0030947510622782834,0.0018348691594305
S14032,0.002479689025197026,0.001879628158872
S14033,0.0014435777655960576,0.0018867996158065
S14034,0.002208651179268353,0.0018386161176714
S14037,0.0023991124237838024,0.0073997148802012
S14038,0.003030447996999731,0.0037826462540766
S14040,0.003422299629149882,0.0
S14041,0.0001027403475949757,0.0
S14043,0.0005454903354800856,0.0073314377805067
S14045,0.001236822609093603,0.0036865607429495
S14048,0.002144036383002505,0.0026288576634903
S14049,0.002884472868366823,0.0025824084466059
S14050,0.002555501344685663,0.0
S14051,0.0022929528704649775,0.0093195771124687
S14052,0.00027937189312575076,0.0094282609343707
S14053,0.0012507172212137716,0.0018839244762348
S14054,0.0015923945215338834,0.0018610886432401
S14055,0.003047637969376822,0.0052349127602315
S14056,0.0011026799491281204,0.0107638663288068
S14057,0.002827194452797602,0.0038649672216562
S14059,0.0015681138521447646,0.001858729107997
S14060,0.0019418608756526904,0.0
S14062,0.002304725171426347,0.0092315448707742
S14063,0.0015288286120003847,0.003987995891642
S14064,0.003455639777319918,0.0040422607380175
S14065,0.0015182011331136694,0.0144231276580027
S14067,0.0019668996611222483,0.0092501748200616
S14069,0.003544386898891004,0.0037456147292342
S14070,0.0015687609761351762,0.0
S14072,0.0018848437523642074,0.0
S14073,0.00195613897946826,0.0013405295766138
S14074,0.0008878354563484143,0.0025606149597617
S14075,0.0007062219523568993,0.006618777084382
S14076,0.0005583820013709109,0.0
S14078,0.0020446505266679647,0.0079383460448029
S14079,0.0009516984076391393,0.01666795655651
S14080,0.004386664629023811,0.0
S14081,0.0014191169989069777,0.0118283579129413
S14082,0.0006866784036657306,0.0078431991415089
S14090,8.553504179051292e-05,0.0026331614096155
S14092,0.002714094261959426,0.0039627485687859
S14093,0.00411794478032157,0.008036219581211
S14095,0.0014579678612636423,0.0076588203567438
S14096,0.0010011430430603323,0.005174536491154
S14098,0.00048229137878938715,0.0056371576022231
S14099,0.0007486241772407675,0.0179711088210301
S14101,0.004023161520190544,0.0052847603249542
S14102,0.0020560111182722756,0.0026818186723648
S14103,0.0030760108123552236,0.0103345471747645
S14104,0.002772518229204344,0.0105347386717114
S14105,0.0016909731904612563,0.0051216653141142
S14106,0.004373797647790637,0.0
S14107,0.0018630615870741177,0.0064117946058358
S14108,0.0005721286297900609,0.0080690987612228
S14109,0.0029119380494712754,0.0018734215386935
S14111,0.003207103770265746,0.0
S14112,0.0017569358580991972,0.0
S14117,0.0011430740387462742,0.0
S14118,0.0026203860854357806,0.0
S14119,0.0029098898798971297,0.0
S14120,0.0041226907400179575,0.0
S14121,0.0018995575059483796,0.0
S14125,0.0011142724911507311,0.0
S14126,0.001440500121256606,0.0
S14127,0.004051543526906137,0.0
S14128,0.001094342383523194,0.0
S14129,0.002766007618047159,0.0
S14131,0.0010831324691080205,0.0
S14132,0.0015094438766445064,0.0
S14133,0.0017855665467622012,0.0
S14134,0.0021341294649656496,0.0
S14135,0.0007653879580443645,0.0
S14141,0.0012878685606110146,0.0055725610234675
S14142,0.005085520881599371,0.0
S14144,0.0007583380120436145,0.0
S14146,0.0026741829915317063,0.0
S14147,0.003158839229092932,0.0
S14148,0.0014407642107458086,0.0
S14150,0.002239298835105126,0.0
S14152,0.0018842861180275359,0.0
S14154,0.0032112269940033473,0.0
S14155,0.0005526005498456555,0.0
S14157,0.002860976823467416,0.0
S14158,0.0019346776608303233,0.0
S14159,0.0019383478238678771,0.0
S14166,3.7150811958292304e-05,0.0
S14167,0.00012747405385347805,0.0
S14170,0.0005059441496787971,0.0
S14173,2.1597466468087637e-05,0.0
S14174,0.0001107828724203246,0.0
S14175,0.00016755446919411617,0.0
S14176,8.377564138771599e-05,0.0
S14179,0.00020202361422759689,0.0
S14180,0.001358304936853115,0.0
S14181,0.00019958693384074534,0.0
S14184,9.060113270904824e-05,0.0
S14185,0.0008597970753739118,0.0
S14187,0.0003181755879444104,0.0
S14189,0.00031940547374525796,0.0
S14190,8.008896513301406e-05,0.0
S14191,0.00012157761104319509,0.0
S14193,5.860310092389232e-05,0.0
S14195,0.0001894204157871025,0.0
S14196,0.00010867624082541052,0.0
S14197,4.832722463635213e-05,0.0
S14198,0.0007438482891976505,0.0
S14199,0.00027219751805457445,0.0
S14201,0.0007560569760648229,0.0
S14203,0.0006754691722218413,0.0
S14204,9.460503626227119e-05,0.0
S14205,0.002230679913871123,0.0
S14207,0.0018732760861910102,0.0
S14208,0.0024805784332944487,0.0
S14210,0.0012960782207875822,0.0
S14211,0.0006339682871661375,0.0
S14212,0.0016907389132988914,0.0
S14213,0.0006943027549707163,0.0
S14215,0.0009462378306843454,0.0
S14218,0.0008682451688388764,0.0
S14221,0.0006371945173336748,0.0
S14222,0.002158126648784702,0.0
S14224,0.0006563909063020821,0.0
S14226,0.0005664907776055947,0.0
S14227,0.00018376891700151845,0.0
S14229,8.839495814217127e-05,0.0
S14230,0.00012762512178264308,0.0
S14231,0.0009753885046459925,0.0
S14235,2.3337560168028425e-05,0.0
S14237,0.0001751405437826385,0.0
S14238,5.121462967813417e-06,0.0
S14241,3.6541470729999884e-06,0.0
S14243,0.00041500595913449484,0.0
S14244,1.0406157720855954e-05,0.0
S14245,0.0010508836064585768,0.0
S14246,6.314838435544772e-05,0.0
S14247,7.139393518656228e-05,0.0
S14248,3.8410483146509325e-05,0.0
S14250,0.0001708486156350411,0.0
S14256,4.458172460210389e-06,0.0
S14258,2.870376405630793e-05,0.0
S14260,6.601581202204505e-05,0.0
S14261,0.0004774394096053064,0.0
S14262,0.00038206852683457125,0.0
S14264,0.0008741906551201844,0.0
S14265,0.00011934492100604017,0.0
S14266,5.3517123484170666e-05,0.0
S14268,0.0002490810684725696,0.0
S14269,0.0004793977484479156,0.0
S14271,0.002724434273174545,0.0
S14272,0.00236405520214519,0.0
S14274,0.0015469977294752168,0.0
S14276,0.004502020998473562,0.0
S14280,0.001074500473264866,0.0
S14282,0.0019129773868377163,0.0
S14283,0.0031199114709569552,0.0
S14284,0.001211693559450089,0.0
S14285,0.0009077509271845009,0.0
S14286,0.001963703531712557,0.0
S14287,0.0019779734530695984,0.0
S14289,7.710092220766477e-05,0.0
S14291,0.00014718035160247246,0.0
S14292,6.771113888265074e-05,0.0
S14295,0.002888006973795906,0.0
S14297,0.0027866296655684446,0.0
S14298,0.005180072399967143,0.0
S14299,0.0027842614817030283,0.0
S14300,0.0011533233267518918,0.0
S14303,0.003293724443873472,0.0
S14306,0.0011390010972404524,0.0
S14308,0.0017382840609248013,0.0
S14309,0.000764043199436496,0.0
S14310,0.004568302997294389,0.0
S14312,0.0027103557357554386,0.0
S14313,0.0017138353882822524,0.0
S14316,0.002928077718443343,0.0
S14317,0.0020679317176336455,0.0
S14318,0.003821271072777864,0.0
S14321,0.0014779165422374421,0.0
S14322,0.004342947511580621,0.0
S14323,0.0004344157886885665,0.0
S14324,0.003300580584539365,0.0
S14325,0.0029507445578985255,0.0
S14327,0.00018990812833030022,0.0
S14328,0.0017265353756306424,0.0
S14330,0.0005043920806045018,0.0
S14331,0.000640428122197177,0.0
S14332,0.002989905653194688,0.0
S14333,0.0019596213965405425,0.0
S14334,0.0008210020672207188,0.0
S14335,0.00023626165969972522,0.0
S14336,4.231077505005525e-05,0.0
S14337,0.00016798295325303606,0.0
S14338,0.0008780579511087183,0.0
S14339,0.001117959186364956,0.0
S14340,0.0005435902534053432,0.0
S14341,0.00011767607624376036,0.0
S14342,0.0011518571271603687,0.0
S14344,0.0009041914305834235,0.0
S14347,0.002415807596668862,0.0
S14352,0.0003749233545458475,0.0
S14353,0.0010909672205537764,0.0
S14354,0.001779678417263006,0.0
S14355,0.0007375887441387925,0.0
S14358,0.0013622912177078386,0.0
S14359,4.595168253967851e-05,0.0
S14364,0.0001248651375326879,0.0
S14365,0.00032445279432441937,0.0
S14366,0.0016109417058531958,0.0
S14368,0.0008443654298523068,0.0
S14369,0.0018597083375300183,0.0
S14370,0.0013315811735071853,0.0
S14371,0.005149638938078612,0.0
S14373,0.0015653482807702446,0.0
S14374,0.001052640922719209,0.0
S14375,0.0034068349433960575,0.0
S14376,0.001288473230153209,0.0
S14377,0.0020103428369040634,0.0
S14378,0.0019179579170475333,0.0
S14380,0.003102998534600439,0.0
S14381,0.002154065706425296,0.0
S14382,0.0021603933994671144,0.0
S14384,0.005088856542494704,0.0
S14386,1.7018383183129973e-05,0.0
S14389,0.001241991982172383,0.0
S14390,0.00044600866163138067,0.0
S14391,0.0008770078099501784,0.0
S14394,0.0009437750116236706,0.0
S14396,0.0036675531162857823,0.0
S14397,0.0005454729737821723,0.0
S14398,0.0011446781693170468,0.0
S14399,0.0014820652201275285,0.0
S14401,0.002764246966003419,0.0
S14404,0.0034956179258097218,0.0
S14411,0.003232802982075461,0.0
S14412,0.0026416862744873823,0.0
S14414,0.005121215181450602,0.0
S14415,0.0026550815220052616,0.0
S14416,0.0008926257046323453,0.0
S14418,0.001095284098943097,0.0
S14419,0.0017128091490312826,0.0
S14422,0.0029831991866108836,0.0
S14423,0.0032654235992033336,0.0
S14424,0.0007580575868338533,0.0
S14429,0.00014804974082600672,0.0
S14431,0.0010984014567068105,0.0
S14433,0.002798668251002707,0.0
S14434,0.0021101885268105416,0.0
S14436,0.0017035015615854026,0.0
S14437,0.004709448863036117,0.0
S14438,0.0007323836759352597,0.0
S14439,0.002575232971029611,0.0
S14442,0.002655729624678934,0.0
S14443,0.0017882320714221,0.0
S14444,0.0035230724283280873,0.0
S14445,0.0023403999755444577,0.0
S14446,0.0031145600936453377,0.0
S14447,0.0005569017741951363,0.0
S14448,0.003528389740352492,0.0
S14449,0.0028880205496199345,0.0
S14451,0.0016018331109375623,0.0
S14453,0.0023259151050414174,0.0
S14455,0.001716534110374848,0.0
S14457,0.0020289259872426826,0.0
S14458,0.0026712370252302024,0.0
S14459,0.0011737390941262823,0.0
S14460,5.37908093760944e-05,0.0
S14461,0.0007431146912130239,0.0
S14462,0.0001152265168365727,0.0
S14463,0.0003179557977590386,0.0
S14465,0.0018716990678239707,0.0
S14467,0.0010159656266971364,0.0
S14468,0.003356695572701212,0.0
S14471,0.005461160550269294,0.0
S14474,0.003393350277758853,0.0
S14477,0.002269449154751829,0.0
S14478,0.0034410407755530626,0.0
S14480,0.0009673895952876093,0.0
S14483,0.003934332722607427,0.0
S14484,0.001677367650929154,0.0
S14485,0.0023330943080839333,0.0
S14486,0.002187891632219576,0.0
S14489,0.0019096504228172852,0.0
S14490,0.003975902048559719,0.0
S14493,0.0034569013484768937,0.0
S14495,0.0026767061318976157,0.0
S14497,0.0027583331239440473,0.0
S14498,0.003635836755280534,0.0
S14503,0.0017919283789267384,0.0
S14508,0.001609495872171133,0.0
S14510,0.0019857550303835516,0.0
S14513,0.0023545139055648847,0.0
S14514,0.001643943595785032,0.0
S14515,0.002943280088241882,0.0
S14517,0.0013956241423245823,0.0
S14518,0.0036297330922770484,0.0
S14519,0.0035222988012990146,0.0
S14521,0.0038222750242007477,0.0
S14522,3.767895739549583e-05,0.0
S14523,3.9192595951555e-05,0.0
S14524,5.6939701103489885e-05,0.0
S14525,3.842175107630083e-05,0.0
S14526,0.003514834435048718,0.0
S14527,0.0015617131837617954,0.0
S14528,0.0024115543203463534,0.004050331687122
S14530,0.0021209900780598057,0.0
S14532,0.002101886686948764,0.0
S14535,0.0008830097165765429,0.0
S14537,0.00152465801201246,0.0
S14539,0.0015938893630332988,0.0
S14540,0.0007546093413976293,0.0
S14541,0.0015593559204190935,0.0
S14542,0.0015815386194329723,0.0
S14543,0.004003411357276332,0.0
S14550,0.0005256271565864741,0.0
S14551,0.0006867656376065294,0.0
S14554,0.00024628628501127285,0.0
S14555,0.0005220485323032027,0.0
S14556,0.001390639437531231,0.0
S14557,0.0008486457801502172,0.0
S14558,0.0014288204139130342,0.0
S14559,0.001509447364779119,0.0
S14560,0.000375401844340491,0.0
S14562,0.0011134532472930317,0.0
S14564,0.004298418342983984,0.0
S14567,0.005596976563731751,0.0
S14570,0.0023308966841435277,0.0
S14571,0.0038882749252243686,0.0
S14572,0.002137564981098402,0.0
S14573,0.0028276591228590256,0.0
S14575,0.0018097176757900636,0.0
S14576,0.006305172154284298,0.0
S14578,0.0026630756331545973,0.0
S14579,0.0018224635007757022,0.0
S14580,0.002421594404681042,0.0
S14581,0.000694095587259855,0.0
S14586,0.0030586212883640666,0.0
S14587,0.0023909887073351216,0.0
S14588,0.002122153102349954,0.0
S14591,0.003575012293940418,0.0
S14592,0.003351753763183749,0.0
S14593,0.003721732944537727,0.0
S14594,0.0038991046920249938,0.0
S14595,0.0013603922572427444,0.0
S14597,0.0035091915535640137,0.0
S14598,0.002874072529962573,0.0
S14599,0.002202566317192387,0.0
S14600,0.00456948010680839,0.0
S14601,0.0002848657883695519,0.0
S14602,0.00019069160091349477,0.0
S14605,0.0010393290169217688,0.0
S14607,0.00011234366616333694,0.0
S14608,1.3075718415002744e-05,0.0
S14609,0.0001398731427691188,0.0
S14611,4.9678778480300616e-05,0.0
S14612,0.0003190939132699964,0.0
S14613,0.0004589212947135493,0.0
S14614,0.0004960450989317536,0.0
S14616,0.0004079787728432456,0.0
S14617,3.269389889329222e-05,0.0
S14618,0.0002642447242526741,0.0
S14619,0.001630906158324065,0.0
S14620,0.002459400222983307,0.0
S14622,0.0036269266123388896,0.0
S14625,0.0012168011433905026,0.0
S14626,0.0011493002214519438,0.0
S14631,0.005064570617024846,0.0
S14632,0.0019715222217583997,0.0
S14634,0.0020441017461392697,0.0
S14636,1.3061541833882192e-05,0.0
S14638,0.000272899479136226,0.0
S14640,3.483861747957786e-06,0.0
S14641,1.6768115992449047e-05,0.0
S14642,4.074593947496544e-06,0.0
S14645,0.0005675149569584307,0.0
S14646,0.0006439808242931465,0.0
S14647,7.32716475730236e-05,0.0
S14649,0.00035616165361712323,0.0
S14650,0.00040102903367235463,0.0
S14651,0.00013585573963382865,0.0
S14655,0.000169783409788376,0.0
S14656,0.0015101628962033448,0.0
S14657,0.0004604391979104867,0.0
S14658,7.62311997106616e-05,0.0
S14659,0.00010173835642554826,0.0
S14664,0.0002595982246908756,0.0156574885010396
S14666,0.00022821708658638077,0.0
S14667,9.217413207513795e-05,0.0
S14668,0.00032861530230829687,0.0
S14670,0.0006826835117010149,0.0
S14671,0.00014840634862811782,0.0
S14672,0.0001912817947769178,0.0
S14673,0.0010696496128201538,0.0
S14675,0.0001886399644087085,0.0
S14677,0.0006642157257661733,0.0
S14678,4.303929938951253e-05,0.0
S14680,6.925142562532427e-05,0.0
S14682,0.00020663904086938226,0.0
S14684,0.0012071661437819913,0.0
S14685,1.9052621662562045e-05,0.0
S14686,0.0001234560760109832,0.0
S14687,4.776009286226345e-05,0.0
S14688,1.5658776070638558e-05,0.0
S14689,0.00036392410985894487,0.0
S14690,0.0003782141402486838,0.0
S14692,0.00012935288747033513,0.0
S14695,0.00047531579077780763,0.0
S14696,0.00037256940138619035,0.0
S14697,0.0017648786149843203,0.0
S14699,0.00017470996580616226,0.0
S14701,0.00012214506942947556,0.0
S14702,0.0007487920994071927,0.0
S14704,0.0009133277527984114,0.0
S14705,0.0004972829146929077,0.0
S14707,0.0024870356832950294,0.0
S14709,0.0020674606921879286,0.0
S14710,0.0017597902521779242,0.0
S14711,0.002259006303162286,0.0
S14712,0.0005425377562208506,0.0
S14713,0.00033102599973582563,0.0
S14715,0.003230263484285405,0.0
S14717,0.002586913715630716,0.0
S14718,0.002731743279668199,0.0
S14719,0.00043229692159498276,0.0081671555456958
S14720,0.001994808295935625,0.0
S14721,0.0019185287158276633,0.0040570766191572
S14723,0.001135658279605574,0.0
S14724,0.004026575636275292,0.0
S14725,0.0018240436498487736,0.0
S14726,0.0034071423761272597,0.0
S14733,0.001635211321521377,0.0
S14737,0.00015863874126489756,0.0
S14738,0.0020841942944929315,0.0
S14740,0.0008424436645095457,0.0
S14741,0.0007795423223308003,0.0
S14743,7.05269629937976e-05,0.0
S14744,0.00017561192581839205,0.0
S14746,0.0004775758803123959,0.0
S14747,0.00013156264355466838,0.0
S14748,0.0007220424618614738,0.0
S14752,0.0031383162308365143,0.0
S14753,0.0014669924604835544,0.0
S14754,0.004008567502560057,0.0
S14755,0.0026428984950594083,0.0
S14756,0.00034202900216236847,0.0
S14757,0.0003394047617431219,0.0
S14759,0.0010487094851729588,0.0
S14760,0.0031999217077330745,0.0
S14761,0.000852529738726741,0.0
S14762,0.0005384168280045773,0.0
S14763,0.0011708992828133801,0.0
S14764,0.0005868916608111987,0.0
S14766,0.0017301560888627649,0.0
S14768,0.0004750657557720467,0.0
S14769,0.0015926418620041,0.0
S14773,0.002648168096210054,0.0
S14774,0.0028647152379358562,0.0
S14781,0.0019541272090144025,0.0
S14782,0.0026127637808686264,0.0
S14784,0.0028056825900035177,0.0
S14785,0.0016616763935705591,0.0
S14789,0.0016358633017354756,0.0
S14790,0.004365521749669276,0.0
S14791,0.002859501093865983,0.0
S14793,0.003910187389707393,0.0
S14797,0.0036242182096528986,0.0
S14799,0.0017358614933600594,0.0
S14801,0.000565489101351945,0.0
S14802,0.00189318420720777,0.0
S14803,0.003667820077125061,0.0
S14804,0.0013126960393729371,0.0
S14806,0.0014833947881140357,0.0
S14809,0.004486335497605569,0.0
S14811,0.003163851215092565,0.0
S14813,0.0024004030154234583,0.0
S14814,0.003203755159256602,0.0
S14815,0.0032392882258137886,0.0
S14816,0.001510314017621913,0.0
S14817,0.004761365127787409,0.0
S14819,0.001746426769833452,0.0020936806231332
S14820,0.0023974321210654724,0.0
S14822,0.002920756762228613,0.0020935747894841
S14823,0.0015819656250693204,0.0
S14824,0.0015405096641154835,0.0
S14825,0.0014814940541014834,0.0
S14826,0.004162904558343518,0.0
S14828,0.0013137903459127058,0.0
S14829,0.0018780070194558854,0.0
S14838,0.0024563347281829234,0.0
S14842,0.002570112677536055,0.0
S14843,0.0022400191297658775,0.0
S14844,0.002716892596114316,0.0
S14845,0.0025499033029658144,0.0020611972362538
S14846,0.00371088311989394,0.0
S14848,0.001040698122392065,0.0
S14849,0.00035678495345166963,0.0
S14853,4.2752014066172e-05,0.0
S14854,0.0004816454404063291,0.0
S14855,3.611062401364999e-05,0.0
S14857,8.100918559261956e-05,0.0
S14858,3.47173267890319e-05,0.0
S14859,0.00016603247311546747,0.0
S14860,3.355078682733357e-05,0.0
S14862,0.0002821413339786959,0.0
S14865,0.0003104855742247421,0.0
S14867,0.0008793275034551214,0.0
S14869,0.001125567312929861,0.0
S14870,0.000586443491119263,0.0
S14871,0.00026829077923743106,0.0
S14873,0.00012309112196107376,0.0
S14874,0.0003266064840072876,0.0
S14876,0.00011583443190830186,0.0
S14877,0.00014196099282442906,0.0
S14879,0.0006062722178706625,0.0
S14880,7.808185069111427e-05,0.0
S14881,2.9850278541438447e-05,0.0
S14882,0.00030871980379254413,0.0
S14884,7.796700324286699e-05,0.0
S14885,0.00040672704858559655,0.0
S14888,0.0011737788753451504,0.0
S14890,0.000646106569626554,0.0
S14891,0.0012184256912514116,0.0
S14892,0.0015794908043033034,0.0
S14893,0.0021161391083545722,0.0
S14894,0.00016255046647310824,0.0
S14895,0.0010397573894063879,0.0
S14896,0.0005847806208043723,0.0
S14898,0.0017407134510855498,0.0
S14899,0.0037988842658593686,0.0
S14901,0.0015072543977272812,0.0
S14904,7.569351699003932e-05,0.0
S14905,0.0009362324221035092,0.0
S14906,0.0014378858602860033,0.0
S14908,0.0004959734466044271,0.0
S14909,0.0007621160899096444,0.0
S14911,0.00125558035853845,0.0
S14913,0.001470580201838524,0.0
S14916,0.0012630321137280245,0.0
S14917,0.0015072069693257623,0.0
S14918,0.0007849037805496102,0.0
S14920,0.00021003242705035062,0.0
S14921,0.00011687389848680647,0.0
S14922,2.7953752329638476e-05,0.0
S14923,0.001507698172846295,0.0
S14924,0.00019743378619866992,0.0
S14925,0.001914429607340767,0.0
S14927,0.00011012261581544368,0.0
S14930,0.0032062036425666626,0.0
S14932,0.0007908903542077297,0.0
S14933,5.9171389762466015e-05,0.0
S14934,0.0015635863712117927,0.0
S14935,0.0020280446450686054,0.0
S14936,1.579122949651785e-05,0.0
S14939,0.00040424683014644457,0.0
S14941,0.0003317955102014201,0.0
S14942,0.00013784476743436126,0.0
S14944,0.0002702026540555319,0.0
S14945,0.0004471686656865142,0.0
S14947,0.0006576133864984474,0.0158578220222711
S14951,0.0027886074531485276,0.0
S14952,0.0024953688128887307,0.0
S14953,0.0010718610255276272,0.0
S14955,0.0018282274579501415,0.0
S14960,0.0017438964010537943,0.0
S14961,0.001122210033310734,0.0
S14962,0.0011609527853269996,0.0
S14963,0.001464637634616284,0.0
S14964,0.0005837307272751489,0.0
S14965,0.0003403420987386526,0.0
S14967,0.003906807830523626,0.0
S14969,0.0029856756240436775,0.0
S14970,1.4157083862361723e-05,0.0
S14971,3.409951137977721e-05,0.0
S14972,0.0003509824109767164,0.0
S14973,0.002880187049361758,0.0
S14975,9.593987209679126e-05,0.0
S14976,0.0023175269917672763,0.0020582266948275
S14977,0.0035169278298306165,0.0
S14978,0.0019041840998649333,0.0
S14979,0.0018887006602667914,0.002042921912701
S14981,0.0028396545446376506,0.0
S14983,0.003299511418032027,0.0
S14986,0.003731780362475825,0.0
S14989,0.0013472705118840259,0.0
S14991,0.0011774752563569165,0.0020396772631388
S14992,0.003987874612295833,0.0020449645320034
S14994,0.004490102155672998,0.0
S14996,0.001767913926472107,0.0
S14997,0.002421767726420552,0.0
S14999,0.0019826576987642384,0.0
S15001,0.004138921256499496,0.0
S15002,0.002281080388662804,0.0020478715733175
S15004,0.003479312870405544,0.0020600950876887
S15005,0.0035744423717032478,0.0020497972886584
S15010,0.002240353043431488,0.0
S15011,0.004131455031090645,0.0
S15013,0.0014700008302677623,0.0
S15015,0.004177235730045251,0.0
S15016,0.0028791878425318135,0.0
S15018,0.0009624592596416599,0.0
S15019,0.001180507258350426,0.0
S15021,0.0004901279085454835,0.0
S15022,0.0006829455512241761,0.0
S15023,0.001449595860744932,0.0
S15024,0.00032302919444970597,0.0
S15025,0.0005866006148908613,0.0
S15027,0.0027341961510512543,0.0
S15032,0.0005374641765767505,0.0
S15033,0.0019495840238590632,0.0
S15035,0.0005728711671987469,0.0
S15037,0.0006373678475555631,0.0
S15039,0.0007498913089536963,0.0
S15040,0.0008317344861913507,0.0
S15042,0.0016008146718527799,0.0
S15043,0.004545629675343999,0.0
S15044,0.0011279163372233266,0.0
S15045,0.0012569972130327288,0.0
S15046,0.0003139004063756707,0.0
S15047,8.220341785776851e-05,0.0
S15048,7.977232681615213e-06,0.0
S15049,0.0003872062920705957,0.0
S15050,3.481544164132824e-05,0.0
S15051,0.00044243266444807835,0.0
S15052,0.0003875778392515031,0.0
S15055,0.0003737275176033828,0.0
S15056,0.00016211795738402612,0.0
S15057,0.00021271753356062463,0.0
S15058,0.00027759014968372226,0.0
S15059,0.00014087091234142503,0.0
S15060,0.0001844493402322073,0.0
S15061,2.974835572610589e-05,0.0
S15062,0.0010844937024190192,0.0
S15063,1.9458960525407587e-05,0.0
S15065,0.0002500800855638483,0.0
S15066,0.0007167785253464872,0.0
S15067,9.608356389286575e-05,0.0
S15068,0.0006451355800495446,0.0
S15069,7.414083883291184e-05,0.0
S15071,0.0005329765285970726,0.0
S15072,0.001853500591502505,0.0080043806670854
S15073,0.00238364750930749,0.0
S15075,0.0001795666535315575,0.0
S15076,0.00042030549144415414,0.0
S15078,0.0008795442571677435,0.0
S15079,0.004149247389551016,0.0
S15080,0.002077586199376834,0.0
S15083,0.0025884515781201263,0.0
S15084,0.0010119354516312043,0.0
S15086,0.00018219332914682116,0.0
S15087,0.0019057840058589889,0.0
S15088,0.00196467820705576,0.0
S15089,0.00026181822990355424,0.0
S15090,0.0010049954377342211,0.0
S15091,0.0006631456260561054,0.0
S15095,0.002770831476330404,0.0
S15096,0.0009859326561891598,0.0
S15097,0.001332584909598126,0.0
S15098,0.0007130794830281433,0.0
S15100,0.000707143269255511,0.0
S15101,0.0010714680479667466,0.0
S15102,0.0024748079298630384,0.0
S15103,0.0006020716552849514,0.0
S15104,0.0019351690257878266,0.0
S15106,0.0009616934572896096,0.0
S15107,5.37376596242049e-05,0.0
S15108,0.00020228435956108482,0.0
S15109,0.0004364926312925019,0.0
S15110,0.0004102064016535243,0.0
S15111,0.002239059115526064,0.0
S15113,0.0016387641412750082,0.0
S15114,0.00194944909007026,0.0
S15115,0.003625436368020657,0.0020979493284029
S15116,0.002681553273206855,0.0
S15118,0.0026150706090798752,0.0
S15119,0.0023170711032746215,0.0
S15120,0.0031426278972694994,0.0
S15121,0.002724137741855866,0.0041780154006523
S15122,0.0018274393754973868,0.0
S15123,0.0013916139941152368,0.0020854313528029
S15125,0.002293375098098839,0.0
S15127,0.0050309746467912635,0.0
S15129,0.0014961038911112286,0.0
S15130,0.00174408440977263,0.0
S15131,0.002552319335345146,0.0
S15132,0.003809903413843589,0.0040896766522252
S15133,0.005775222978113813,0.0041871495789682
S15135,0.0032549408404318955,0.0
S15137,0.002569161837215955,0.0
S15138,0.003564843120944612,0.0
S15139,0.002875808839414732,0.0
S15140,0.003232336129049758,0.0041070646470155
S15144,0.0029670123706083597,0.0
S15145,0.002591225223108656,0.0
S15146,0.003292001312600697,0.0041975996824351
S15147,0.005587215531910694,0.0
S15148,0.002007590676963969,0.0
S15149,0.0036891253164644706,0.0
S15150,0.002844767733554075,0.0020859302535433
S15151,0.0025278261567694836,0.0
S15152,0.00397328327483612,0.0020772207872541
S15153,0.0021187795105125635,0.0041392865768849
S15154,0.0018174124128068148,0.0
S15155,0.002725948341720159,0.0062532241220951
S15156,0.003854680429673683,0.0081440697407662
S15158,0.004196203451293885,0.002079959154122
S15159,0.0032904605521625547,0.0061124092977493
S15160,0.003274196181686042,0.0041460199876537
S15162,0.003757922524127622,0.0
S15165,0.003070292385161196,0.0020770124453582
S15169,0.002254579687659568,0.0020352420381904
S15172,0.0018272315110621977,0.0062834241500941
S15173,0.004350670174208563,0.0
S15179,0.0029147348538315025,0.0
S15180,0.0021822970885730817,0.0
S15182,0.004129777258991085,0.0
S15183,0.003104334031028578,0.0081430689703195
S15185,0.004275456377936375,0.0
S15186,0.004408349921689471,0.0020450655079333
S15187,0.0011294677576924215,0.0
S15188,0.0028155760439295334,0.0
S15189,0.002135889760103463,0.0
S15191,0.002953311861318394,0.0
S15192,0.0012312945255727658,0.0
S15193,0.0009702006634615981,0.0
S15194,0.0022475674533772075,0.002036167580279
S15195,0.0014206937125430653,0.0
S15198,0.0016083748706603256,0.0020577153976731
S15202,0.0026620944696230217,0.0
S15203,0.003587709973139863,0.0041346377824365
S15204,0.002180546104527521,0.0
S15205,0.00016175104241367507,0.0020380211921398
S15206,0.0014995990745243913,0.0040791536371769
S15207,0.0019045760234193997,0.0122548113079606
S15208,0.0018895579999503066,0.0
S15209,0.0017865257132089652,0.0040984789447859
S15210,0.0012900007376666891,0.0020845129495648
S15211,0.0024163261240975078,0.0
S15213,0.0025352521047286563,0.0
S15216,0.0017370028133445537,0.0020856676444545
S15217,0.0023713548818779665,0.0020788368552259
S15219,0.0036932059336384345,0.002038572916923
S15221,0.005650774077171535,0.006212810640532
S15223,0.0034341972737163885,0.0041414595936869
S15224,0.0010144980562556915,0.0
S15225,0.0014610496405598437,0.0
S15226,0.0014346344523024405,0.0
S15228,0.0023745725321379636,0.0
S15229,0.003200515357723817,0.0020517012194618
S15230,0.0006040219682744768,0.0020676543148242
S15231,0.003265652841107349,0.0
S15232,0.001330328882756768,0.0020421412487878
S15234,0.0032644707998861263,0.0
S15235,0.0014415869433622875,0.0021034098940677
S15236,0.00254953402400569,0.0
S15237,0.001162814260929746,0.0
S15238,0.00038075887325041927,0.0
S15241,0.0032913393760642885,0.0020537359812891
S15242,0.0027245330068223325,0.002043602332256
S15243,0.002388394734771649,0.0
S15245,0.0036554625522615793,0.0082653561836339
S15246,0.0010474317012732558,0.0
S15248,0.0012736447293702042,0.0
S15249,0.0016108164689035125,0.0062383110118113
S15250,0.00469311501312115,0.0061894443199083
S15252,0.0012570466251613256,0.0
S15255,0.00227838282435131,0.0
S15256,0.000906363899934846,0.0
S15257,0.0007562866541549264,0.0
S15259,0.0003161983033846232,0.0
S15260,0.0045137162173255405,0.0
S15262,0.0009270005493439175,0.0
S15263,0.000663131915464627,0.0
S15264,0.00021632509726697156,0.0
S15265,3.503777414547209e-05,0.0
S15266,7.943883177348572e-05,0.0
S15269,0.00039040628261104474,0.0
S15271,0.0011469217462850307,0.0
S15273,0.0018938090046176645,0.0
S15274,0.0007499128469323605,0.0164286658733306
S15276,0.0020744481595611638,0.0016821512582288
S15278,0.0033775851551870774,0.0083561993920318
S15279,0.0027727206091220733,0.0033385056660553
S15282,0.0022493240641968306,0.0016900795391557
S15284,0.0012420957995774263,0.008262676641729
S15286,0.002227775716645413,0.0100573695020893
S15287,0.000222481511731545,0.0049651341685148
S15288,0.0006317934092593715,0.0033574842512371
S15292,0.0016454219890256932,0.0
S15293,0.0010821537476922223,0.0
S15294,0.0024295314776119907,0.0
S15295,0.0028222804174975902,0.0
S15298,0.0010337706132450878,0.0
S15299,0.0030678920996152943,0.0
S15300,0.0017711884599375923,0.0
S15303,0.0009484107578816456,0.0
S15304,0.0009996916612685467,0.0
S15305,0.0012228162743304117,0.0
S15308,0.002222426629349502,0.0
S15309,0.00026434647452339453,0.0
S15310,1.2660048186111994e-05,0.0
S15312,5.460917329526968e-05,0.0
S15313,0.00016132075763234343,0.0
S15315,0.0001716341115309324,0.0
S15316,0.00010756342937131692,0.0
S15317,0.0001146980654834079,0.0
S15318,5.130004402953051e-05,0.0
S15319,3.257655577950443e-05,0.0
S15320,3.842492021550507e-05,0.0
S15321,1.486482706080119e-05,0.0
S15322,9.113673357968195e-06,0.0
S15323,0.0006218266624654287,0.0
S15324,8.0243090651334e-05,0.0
S15326,7.327944017105123e-05,0.0
S15330,0.0002744945694534202,0.0
S15331,0.0008375388065278644,0.0
S15332,0.0005268438117653257,0.0
S15333,0.00022616162257914102,0.0
S15334,0.004268909568508412,0.0
S15335,0.0001682312198125821,0.0
S15338,0.0007311572889867157,0.0
S15339,0.0008311623054870737,0.0
S15341,0.0025040583764895053,0.0
S15342,0.0006414061240092235,0.0
S15343,0.0006034955613140391,0.0
S15344,0.0011088352128283748,0.0
S15348,0.002496945607957334,0.0
S15349,0.000929472973837598,0.0
S15350,0.0009240583126181657,0.0
S15351,0.0002684028958450358,0.0088139320422785
S15353,0.0023808440018749473,0.0082347483182556
S15356,0.0003233001392947971,0.0
S15357,0.0003521013096590671,0.0
S15359,0.0003167069094698775,0.0
S15360,0.0004152802181539687,0.0
S15361,0.00044233524001213725,0.0
S15364,0.0018363166982003068,0.0
S15371,0.00017211383181063266,0.0049214742637593
S15374,0.0011949587317847843,0.0033815734862865
S15375,0.002902869676757464,0.0016928254175863
S15380,0.0006921545874205143,0.0016491958096489
S15381,0.0028671030401444934,0.0066196498378385
S15386,0.0009720493825666394,0.0099451714891743
S15390,0.000945379198645638,0.0
S15391,0.002935461685818746,0.014921638878325
S15392,0.0010108508094594723,0.0083515656244853
S15395,0.0011962963267851709,0.008423757368669
S15396,0.001322616047114786,0.0049670694290368
S15397,0.00415411321480676,0.0
S15399,0.0020423011588281146,0.0
S15400,0.0013271318949913972,0.0
S15405,0.0022121534049760225,0.0
S15406,0.003839843604871134,0.0
S15407,0.001689254015640741,0.0
S15409,0.004023433239791897,0.0
S15411,0.0023601747245558776,0.0
S15412,0.00466518674304478,0.0
S15413,0.004056511478399702,0.0
S15414,0.003185002585850213,0.0
S15415,0.004100945443215024,0.0
S15417,0.003860328185634725,0.0
S15418,0.004504252438706609,0.0
S15419,0.0028373817440680896,0.0
S15420,0.0034455885907919304,0.0
S15421,0.002652483071762727,0.0
S15422,0.0032210411964301642,0.0
S15424,0.0039055822817860193,0.0
S15425,0.002829544375310535,0.0
S15426,0.001081621145277106,0.0
S15427,0.003216442062712171,0.0
S15428,0.0009304465199550921,0.0
S15429,0.0017537936832375412,0.0
S15430,0.0027877049786587836,0.0
S15431,0.0013233954979510684,0.0
S15433,0.0008931765067207205,0.0
S15436,0.0010135643710565507,0.0
S15437,0.003426380670184917,0.0
S15438,0.0010096507451771177,0.0
S15441,0.0012287170076804646,0.0
S15442,0.0006504207181395114,0.0
S15443,0.00039870621499692253,0.0
S15444,0.0009374496972229437,0.0
S15446,0.0008314081798449143,0.0
S15448,0.00018239348397784745,0.0
S15449,0.0003115792360906129,0.0
S15450,0.0016801646342349279,0.0
S15451,0.0007951754247658444,0.0
S15454,0.0003953236161051262,0.0
S15455,7.245973364165134e-05,0.0
S15457,0.0020622707801273735,0.0
S15458,9.277849221899166e-06,0.0
S15461,0.0004862465084460623,0.0
S15462,0.0001222477214550885,0.0
S15463,0.0005890218064744146,0.0
S15464,5.564310912161063e-05,0.0
S15466,0.00014066861695926443,0.0
S15468,1.2257805695862762e-05,0.0
S15469,0.0002938659231826376,0.0
S15471,0.0010955593226047934,0.0
S15472,0.0006190128017412521,0.0
S15473,3.1623218262589926e-05,0.0
S15474,0.0015950388232120816,0.0
S15475,0.0019725798633464325,0.0
S15477,0.001005961589922185,0.0089207186832516
S15478,0.0013855394701612165,0.0
S15481,0.0028153492021446213,0.0
S15484,0.0007575445534675208,0.0
S15486,0.0004996461052471529,0.0
S15488,0.0027011513344429366,0.0
S15490,0.0022407856473501448,0.0066281248541345
S15491,0.0015004747801328593,0.0016493107407628
S15492,0.0020881482013304234,0.0147527358359883
S15493,0.0019955909199766476,0.0016907177215792
S15494,0.0008308543552008117,0.0033513713987086
S15495,0.002416790215690152,0.0
S15497,0.0016272864687639727,0.0032893865988933
S15498,0.0006440634636882284,0.0
S15499,0.001060294486430991,0.0049110186658234
S15501,0.002757732482445658,0.0
S15503,0.004073652245959453,0.0066809157021682
S15504,0.0015115933136012867,0.0133564450894236
S15505,0.0028624533851904907,0.0
S15506,0.003235554785635106,0.0033603104737564
S15507,0.0018576829337341894,0.0016465568078663
S15509,0.0012161238042624136,0.0
S15512,0.002193169657268366,0.0049474396750816
S15514,0.002188904636720745,0.0066800401877669
S15516,0.0048087866355944016,0.0016391928706653
S15517,0.0012409780569240722,0.0033854778666721
S15518,0.0010425798150167519,0.0049150497438636
S15520,0.0011820392207097955,0.0033035877494723
S15521,0.0013757032032879807,0.0033023365526131
S15523,0.0019903741784782084,0.0196658390131468
S15524,0.0007444967834174766,0.0131804454698848
S15526,0.000317616691586435,0.0098326277054564
S15529,0.0005798557240791337,0.0
S15533,0.0030774761824545137,0.0
S15534,0.0010177189481233662,0.0232228263227632
S15535,0.0002681509661795823,0.0050177185029631
S15536,0.0003837000481228068,0.0
S15537,0.0033091522890464236,0.0
S15538,0.0005066387333657142,0.0016589892516189
S15539,0.0012525075338056038,0.0099191697435385
S15540,0.0007398919977758443,0.0016389820503434
S15542,0.0009432505824972733,0.0049852548799325
S15544,0.00036122659772260186,0.0016729444158327
S15548,0.0011333900449311467,0.0
S15551,0.000742174498121836,0.0032990813021082
S15552,0.0009462583246982105,0.0
S15553,0.0001319506072175474,0.0016600199068785
S15554,0.0024609734873000423,0.0016735697208472
S15556,0.00031834183249828817,0.0100819539110678
S15557,0.0014656889916028443,0.0067398283852551
S15558,0.002477908891677997,0.0
S15559,0.0048180302861816696,0.0016441220156869
S15563,0.0015856159083474403,0.0016423942605425
S15566,0.0017403572104512997,0.001661868314491
S15568,0.0017804925382263273,0.0
S15569,0.004058319966339127,0.0066687464568091
S15573,0.0023766032742255387,0.006670626092617
S15576,0.0023584995849666368,0.0050892930285901
S15578,0.002463602368714934,0.0
S15580,0.0005161748773527997,0.004893466188807
S15581,0.003323857946620051,0.0
S15582,0.004408833376098078,0.0
S15583,0.0012889039082580119,0.0033625953552883
S15584,0.0013395934748171878,0.0033082386458187
S15585,0.004721670948477707,0.0016692360138509
S15587,0.0037626543303139045,0.0066261365757406
S15588,0.0013615988608927942,0.0049692546118082
S15589,0.004067226369780453,0.0049439945884646
S15590,0.00273931760278056,0.0065760312262247
S15591,0.0036685119464296197,0.0114496531205981
S15592,0.0017024579954243724,0.0115457499095654
S15593,0.003173817352983952,0.0166196834568941
S15594,0.002766180006427705,0.0016735020977702
S15595,0.003036490408859599,0.0016970566140818
S15597,0.001517804031790015,0.0032834213647009
S15598,0.005098840118291013,0.0114704912627761
S15599,0.0011502921668776636,0.0016577110246121
S15600,0.0009403748134255893,0.0134115900964717
S15602,0.005541122045920264,0.0033171480535949
S15603,0.0029405134658332895,0.0
S15605,0.0014226233035400928,0.0115249812830858
S15608,0.0009366680905424636,0.0016712398784063
S15609,0.0025861006451866446,0.0
S15610,0.0032558279058813627,0.0033612990710776
S15611,0.003549494033831135,0.0016383985231337
S15612,0.006658780700198261,0.0230568368591273
S15613,0.0023533152527216005,0.0016372003544522
S15614,0.0023900947972563093,0.0033530332469775
S15615,0.003553203185928253,0.0016687988341912
S15616,0.0021480664672293395,0.0032920338741674
S15618,0.0030294560928902986,0.0066681425130981
S15622,0.0036779142464038552,0.008188510383097
S15626,0.0009526169239607151,0.0
S15627,0.0035727184142286413,0.0065687304639744
S15630,0.003417587209017809,0.0
S15632,0.002117550130482237,0.0066297826645189
S15633,0.0019878286662140354,0.0
S15634,0.0023843147406629925,0.0
S15636,0.0019318180561910471,0.0
S15638,0.004150489925068668,0.0
S15639,0.0024055041810281032,0.0049144179331757
S15641,0.002498859941374227,0.0
S15645,0.00022720358085621465,0.0033788836766605
S15648,0.0027396878560332753,0.0016550943270559
S15649,0.0010409172016772827,0.0066668008075279
S15650,0.0032921374401692844,0.0117083644636498
S15651,0.0018177257374554188,0.0
S15652,0.003708518504890047,0.0099093800157513
S15653,0.00294512040410565,0.0067169423721483
S15654,0.00357476244676055,0.0082782835803493
S15655,0.0034955744012096905,0.0016377668373634
S15656,0.004404426733903084,0.0
S15657,0.0021388804799258765,0.0
S15660,0.004071318305767622,0.0
S15661,0.002235918040166118,0.0049858050018558
S15663,0.0018189753213873165,0.0117362102060162
S15666,0.005180581156368681,0.0066088228449852
S15667,0.002224888345627148,0.0
S15668,0.0015668808358429757,0.0033658404442638
S15670,0.0018299082535917495,0.0
S15671,0.002618735045298643,0.0081832521594235
S15675,0.002829135145205347,0.0082085534117522
S15676,0.003306427963705852,0.0147177857185161
S15678,0.0023740450462190078,0.0
S15679,0.0011826878704148753,0.0066109985999847
S15680,0.0017664641426089877,0.0016929292103524
S15681,0.0026222955303325576,0.0067694340303671
S15682,0.0031992426112559106,0.0049308979790263
S15684,0.0017728360421140124,0.0032857331746661
S15685,0.0018401051045670177,0.0033763357585885
S15686,0.0022811438071928926,0.0082854046845044
S15687,0.0025925438629574972,0.0
S15688,0.0036407685979979783,0.0066142319106745
S15690,0.003669323598354298,0.001633326431954
S15693,0.0016957015578371723,0.0033839910668082
S15697,0.0038471330213986563,0.0016836556670088
S15698,0.0030136392866325556,0.0
S15699,0.0038904056970134916,0.004993770346851
S15700,0.0016633584938630119,0.0100247087892693
S15701,0.002360166979128885,0.0049959288708396
S15705,0.00282473426657046,0.0
S15707,0.0013280934907875619,0.0
S15711,0.0036248089591649,0.0
S15712,0.0009373879188423541,0.0
S15713,0.002818053869768179,0.0
S15715,0.0026111927547517568,0.0
S15718,0.0030023921812697973,0.0
S15720,0.00024169631930817589,0.0
S15721,0.001449993314074183,0.0
S15723,0.00022451243059567433,0.0
S15724,1.8328758469356567e-05,0.0
S15725,1.9302385703555472e-05,0.0
S15726,1.7597410744279051e-06,0.0
S15728,0.0009372884867449923,0.0
S15730,0.0004348622555922714,0.0
S15732,1.915023996991277e-05,0.0
S15734,0.003133979563385069,0.0
S15735,0.002230218007348026,0.0
S15737,0.004206586551974298,0.0
S15742,0.001138544843512138,0.0037860608969231
S15743,0.004035020213263439,0.0037140412430455
S15744,0.0026909941286470456,0.0
S15745,0.00304236896265,0.003682013327851
S15746,0.0017938201007884173,0.0036889824123866
S15747,0.000554140118026447,0.0
S15748,0.0006628210702957253,0.005653637894162
S15749,0.0014731984077808336,0.0018990848474427
S15752,0.0016891995826491923,0.0
S15754,0.002001830236107577,0.0
S15755,0.00212929672290218,0.0036788245526379
S15756,0.00297838159385099,0.0036699009052914
S15758,0.0003017668237156924,0.0
S15760,0.0010231248025421875,0.0056025882379465
S15761,0.00019234029480738474,0.0018439984713735
S15763,0.0014352884554463324,0.0
S15764,0.0007910912015090398,0.0037073090679884
S15768,0.002136832814382708,0.0111827376331747
S15771,0.0023778619389254866,0.0036998161258384
S15773,0.0016403818876575592,0.0037585740106329
S15774,0.0011425932403328468,0.0
S15775,0.002378060552468631,0.0
S15777,0.0026751046654346776,0.0037417232254105
S15778,0.0032233236276143174,0.005622362749867
S15780,0.003512374431427451,0.007510417493077
S15782,0.00356406026020714,0.0
S15783,0.00241194432312801,0.0018404340017404
S15784,0.0020306796485986284,0.001889769767486
S15785,0.0018501493052076434,0.0
S15787,0.0046927449143445085,0.0018713476715464
S15789,0.0027215313096755145,0.0
S15790,0.001526341876645913,0.0
S15791,0.0025460222262229143,0.0113766424026003
S15792,0.0035281976025430596,0.0
S15793,0.0032739352428601785,0.0
S15794,0.0035811928377884146,0.0
S15795,0.0044244426789550005,0.0
S15797,0.00164452344023695,0.0
S15798,0.0005415164304530644,0.0
S15799,0.0032880123041037945,0.0
S15800,0.0011544272569753945,0.0
S15801,0.003939439838536859,0.0
S15802,0.003668784535374056,0.0
S15803,0.0020240934436866315,0.0
S15804,0.0027197831021565978,0.0
S15806,0.0009813156426949532,0.0
S15808,0.0002469221469355131,0.0
S15809,0.0032830853508615406,0.0018513965564769
S15810,0.0010484669638904827,0.0037501509115054
S15811,0.002130957632071543,0.0
S15812,0.0034900149898055184,0.0018396165306386
S15816,0.0015618237590383777,0.0
S15818,0.002413491333273077,0.0
S15819,0.0017348213769601685,0.0075912921616471
S15820,0.001140766095951842,0.0018610468294801
S15823,0.0037975273600483854,0.0
S15826,0.0011574747429934063,0.0037078484034616
S15828,0.000513443136418622,0.0036717716852471
S15830,0.002160443685247245,0.0
S15831,0.002091984597543336,0.0037776004256451
S15835,0.002244730250246107,0.0
S15836,0.002107858602049031,0.0
S15838,0.000814303227150372,0.0037928218747376
S15839,0.0033852354013133358,0.0
S15843,0.0021117118189967516,0.0018376779441671
S15844,0.0018745763160300918,0.0056150578452639
S15845,0.002226273738068908,0.0036946179006839
S15846,0.0027017992509621794,0.0018352147053501
S15848,0.0032127790445664033,0.0260546556127225
S15850,0.0024931972734433612,0.0056233169649928
S15851,0.0021253046957742513,0.0110598052851182
S15853,0.0015264760676510097,0.0091953257402514
S15856,0.0020070345110364367,0.0
S15857,0.0020777992262847847,0.009241697348358
S15859,0.0036543908336028564,0.0111905432029271
S15860,0.004121557964929532,0.0
S15861,0.0019645661595606026,0.0
S15862,0.002812934587271825,0.0
S15867,0.0036899419235826977,0.0
S15869,0.005502982394371532,0.0
S15871,0.001749310486189686,0.0037453183520599
S15873,0.0009074932359595335,0.0
S15875,0.001972169678823886,0.0075165511582975
S15876,0.0023729200738132495,0.0
S15877,0.0009327097139325036,0.0113739086654537
S15878,0.0027407195091702055,0.0
S15880,0.0037817603907106135,0.0055052781993198
S15881,0.0033321079955861022,0.0111852543688883
S15882,0.002866453541861301,0.0
S15885,0.0040246167208949565,0.0093925993120913
S15887,0.0008079172963135947,0.005638500635324
S15888,0.003490814400392814,0.0
S15889,0.0021088110752406817,0.0
S15890,0.0011232849956755884,0.0
S15891,0.0007978600770023879,0.0
S15892,0.0025310921136538775,0.0
S15893,0.003463010209183006,0.0
S15897,0.001329566753264805,0.0055857131618283
S15898,0.0026427991070629535,0.0
S15902,0.0009112929733179996,0.0
S15903,0.0019718000080238764,0.0
S15905,0.0010147977406529858,0.0
S15906,0.0023106120131593834,0.0
S15907,0.0019927192642047813,0.0
S15908,0.0036129673009009404,0.0
S15911,0.0006937226156172529,0.0
S15912,0.0034714870503749057,0.0
S15913,0.0001096553553251722,0.0
S15917,0.002009224360549424,0.0018394735478522
S15920,0.004241923794914802,0.0
S15921,0.004079067475326461,0.0
S15922,0.003781871357026476,0.0037285859506581
S15923,0.005817021629844969,0.0
S15924,0.004026278590816229,0.0
S15925,0.0005658050020256765,0.0074776197998946
S15926,0.002902041542802729,0.0018784133643252
S15927,0.0014627361558317538,0.0037857148297951
S15928,0.0030721409124715043,0.0
S15929,0.0040167090296966525,0.0
S15930,0.003350886945009509,0.0056058743246444
S15931,0.003818902504441861,0.0
S15932,0.0008492604403518965,0.001875011789561
S15933,0.0048139634936963886,0.0
S15936,0.002379175079305972,0.0
S15937,0.0028011496170096137,0.0073538931613972
S15939,0.001962598890305368,0.0055190334473415
S15941,0.0015336320503880046,0.0
S15942,0.002906444685594094,0.0056611080736285
S15944,0.002361843557547949,0.0037564008087221
S15945,0.001040843172287558,0.0
S15946,0.002482273429669898,0.0018922088206627
S15947,0.002867990914350922,0.0
S15948,0.0024693620994806135,0.0
S15950,0.0018955470717968344,0.0056387565237122
S15952,0.002375523160429234,0.0
S15953,0.003940444519525535,0.0037672920219821
S15955,0.0016139258355810327,0.0055620838229533
S15956,0.0009668667298648948,0.0036853306045573
S15957,0.002285850305169054,0.0
S15959,0.003993599121877739,0.0
S15961,0.0021006946564489076,0.0018978230404117
S15964,0.0015791230221906946,0.0094179088073554
S15965,0.004073534916425584,0.0018891232871505
S15967,0.003627941951688629,0.0
S15970,0.001625010028356683,0.0
S15971,0.003502132450490493,0.0036714868783127
S15973,0.00376411697378114,0.0075238051985406
S15974,0.003000389021754528,0.0075075245184119
S15975,0.004533144720009747,0.0
S15978,0.0016403112102204344,0.0
S15979,0.004023783965991911,0.0018723840308623
S15981,0.004212420186992785,0.0018430547984321
S15983,0.005238529203814443,0.0
S15985,0.004782871984002254,0.001856375548135
S15986,0.003381218577930711,0.0018923601195575
S15988,0.0027594655702016923,0.0
S15989,0.0033356822820322617,0.0
S15992,0.0034505523089990503,0.0018339145034224
S15993,0.0029822224023517132,0.0
S15994,0.00043255177896875174,0.0018987148336618
S15995,0.0012629348178239768,0.0037449796927157
S15999,0.0029246647535535815,0.0
S16000,0.0016718552112195573,0.0037228882721528
S16001,0.0022349323942106388,0.0
S16004,0.0013515167305998433,0.0018752664802719
S16005,0.0015382908063376146,0.0018357230976072
S16006,0.0011394656494874145,0.0
S16007,0.004537711505496197,0.0018546298576748
S16008,0.0011815492995992652,0.0
S16009,0.00240097240105169,0.003675804405788
S16011,0.002402583504183914,0.0
S16012,0.002070232330527333,0.0
S16013,0.002811113865818913,0.0056115075422274
S16015,0.0032661724493334796,0.0
S16017,0.004365383039804084,0.0
S16020,0.0015658940728003109,0.0018884557219828
S16021,0.0029376193185253066,0.0036893110193113
S16023,0.0021799247684846593,0.0018352147053501
S16026,0.0022221377458251862,0.0037792377650028
S16028,0.0010251365984151346,0.0037210068430588
S16029,0.0015087631511213806,0.0073704152717377
S16030,0.002731921557663714,0.0
S16031,0.0012873332275816082,0.0018657206674549
S16036,0.0017415557252527226,0.0
S16040,0.001443492232189089,0.0
S16046,0.0023437499101561926,0.0
S16047,0.0026575359818531525,0.0
S16049,0.0013992682766643264,0.0
S16050,0.0017405039773952715,0.0
S16051,0.001371246768489472,0.0
S16053,0.002294183311492974,0.0
S16054,0.0019165271490494697,0.0
S16055,0.003453712551255124,0.0
S16056,0.0016115949444588447,0.0
S16058,0.0018751785849020276,0.0
S16059,0.0028718995735191113,0.0073293294843293
S16061,0.00422648326441943,0.0036994443389941
S16063,0.003712109209616939,0.0036825862573586
S16064,0.003300537359871017,0.0
S16065,0.003008974049888327,0.0037339223464358
S16067,0.0006933523471082674,0.0018680979980905
S16070,0.001772067404426145,0.0
S16071,0.003642662074570779,0.0018777107796466
S16072,0.002057510921976772,0.0036905027103289
S16074,0.0033726488119924652,0.0
S16076,0.0002077646836827184,0.0
S16079,0.0008615947853154619,0.0
S16080,0.0014164455955965598,0.0018942858885229
S16081,0.0015535022299689137,0.0
S16083,0.0005797980740956405,0.0
S16084,0.000364504484608657,0.0018958683801959
S16085,0.001776065235251402,0.0
S16087,0.001120613792844729,0.0
S16088,0.0029399822695215854,0.0
S16091,0.0023492852879717493,0.0073447642692735
S16092,0.0012095172069976595,0.0
S16093,0.0012765929110111558,0.0
S16094,0.00019037588771118582,0.0
S16096,0.0025260105095313177,0.0074039313832837
S16097,0.0009145305356706777,0.0
S16099,0.002831467981905015,0.0
S16100,0.0005224564789177015,0.0
S16101,0.0011338468590385083,0.0
S16103,0.003085003887404251,0.0
S16106,0.0025812987445854325,0.0
S16107,0.0004065945698551441,0.0
S16112,0.0017950958063033266,0.0
S16113,0.0023881683189574546,0.0018733156178737
S16114,0.0020276717442090715,0.001856375548135
S16116,0.0013866708689151564,0.0
S16117,0.0006569930358166404,0.0018414773316734
S16118,0.0021613645372471095,0.0056156923007389
S16119,0.001212370667553821,0.0
S16120,0.0006006913106935837,0.0
S16121,0.0013944074239832516,0.0
S16122,0.0029004105143728923,0.0037227209569714
S16125,0.0011846148820211992,0.0037754912126771
S16127,0.0006528001877078434,0.0018537375003263
S16128,0.0019931809554045395,0.0
S16130,0.0030230813260296078,0.0
S16132,0.003348893365910045,0.0
S16134,0.003938097360723527,0.0
S16138,0.0033923403408416446,0.0
S16139,0.004070777532057028,0.0
S16140,0.0034528145301005453,0.0
S16143,0.0009005727018388793,0.0
S16144,0.0017880785071384983,0.0
S16146,0.0028338507881154867,0.0
S16147,0.0026595633470268922,0.0
S16148,0.0013347769547150533,0.0
S16152,0.0035609627414085786,0.0
S16153,0.0019104658158061462,0.0
S16156,0.0016084854414656943,0.0
S16158,0.00035113305998428805,0.0
S16163,9.23250941008558e-06,0.0
S16164,0.00023530207978903538,0.0
S16167,1.7958347806074543e-05,0.0
S16168,0.00038239378308664406,0.0
S16169,0.0006961728625643551,0.0
S16170,5.430425002702347e-05,0.0
S16174,1.6806929761904543e-06,0.0
S16178,0.00037289815505327516,0.0
S16179,3.545944725694387e-05,0.0
S16181,0.0009451412208969989,0.0
S16182,1.8494214515497896e-06,0.0
S16183,0.000746283124605164,0.0
S16184,5.5679931818439595e-05,0.0
S16188,5.652333683208768e-06,0.0
S16190,2.043060599404509e-05,0.0
S16191,0.0006507108796091026,0.0
S16192,0.00025602068457188305,0.0
S16193,2.9413039815083567e-05,0.0
S16195,3.053985290910281e-05,0.0
S16196,7.202836193545278e-06,0.0
S16197,0.00024528538045595887,0.0
S16198,0.0001728317610454181,0.0
S16199,0.0006920192384094906,0.0
S16203,0.002558308655596213,0.0
S16205,0.0026847896026822755,0.0
S16207,0.0012907858295432937,0.0
S16208,0.003993992771428407,0.0
S16209,0.00389111962089085,0.0
S16211,0.0018884860448285736,0.0
S16213,0.00163866191687614,0.0
S16216,0.0017353848099308765,0.0
S16218,0.0015046140587185721,0.0
S16219,0.00028589875550026216,0.0
S16220,0.0003377046235093571,0.0
S16223,0.0019496998403330478,0.0
S16227,0.0023336354411161433,0.0
S16228,0.001202180037986526,0.0
S16229,0.000282063426571085,0.0
S16231,0.0002508386434521348,0.0
S16232,0.00037964767091952403,0.0
S16233,0.0006862162817139273,0.0
S16235,0.0007505983533489588,0.0
S16237,0.0017121743049024498,0.0
S16239,0.001609845862132416,0.0
S16240,0.000725942652325806,0.0
S16241,0.0015219833138274178,0.0
S16242,0.0009272656076250806,0.0
S16245,8.927084378323154e-05,0.0
S16247,0.00018564422565949115,0.0
S16252,5.1755063261578574e-05,0.0
S16256,2.2723033916231107e-05,0.0
S16257,0.0040522809947184275,0.0
S16259,6.333071846289659e-05,0.0
S16260,0.00020234490644063547,0.0
S16262,0.00018825582506600195,0.0
S16263,3.3253467258162766e-05,0.0
S16264,0.0003055298987407267,0.0
S16267,0.0008881257490165253,0.0
S16268,1.4463758865014226e-05,0.0
S16271,6.922711685446945e-05,0.0
S16272,0.0007677445927195606,0.0055271966992515
S16275,0.0014912849501044255,0.0036968026747892
S16277,0.0033467130926813243,0.0018805669701303
S16278,0.002416810050011731,0.0036778445019184
S16280,0.003701568846466939,0.0055986121750101
S16281,0.0015353773236148247,0.0
S16283,0.0010760006172353788,0.001885532615541
S16286,0.002219841766119235,0.0
S16287,0.0021819005615398065,0.0055717488789237
S16288,0.0015748663125017988,0.0
S16290,0.0010643146376568251,0.0018626789595982
S16297,0.000826506898623175,0.0
S16299,0.00026002683875656155,0.0
S16302,0.001422847202302937,0.0037645953817428
S16304,0.0016511896945673593,0.0018323323710823
S16305,0.0005353485742956499,0.0
S16306,0.0010632754394822063,0.0
S16309,0.001430874810196885,0.0
S16311,0.001963333572032222,0.0018927060364755
S16312,0.0016708158362796852,0.0094894413258487
S16313,0.0006393235485921234,0.0
S16317,0.0018567020134649687,0.0036820951640088
S16319,0.0004408692901218205,0.0037710223112497
S16320,0.0028743367119113843,0.0
S16322,0.0019354790837531554,0.0018623020601482
S16323,0.0004920040495730628,0.0
S16324,9.55016418296575e-05,0.0
S16325,0.0006938914852881252,0.0
S16326,0.00043535254030126165,0.0
S16327,0.0014745332088502822,0.0
S16329,0.000151518052494291,0.0
S16330,0.0019580148042992697,0.0
S16333,0.0012265763595180233,0.0
S16335,0.0013703078194410197,0.0018500113531883
S16336,0.002118901626279279,0.0018447992991989
S16337,0.0005117221042867606,0.0073374449599356
S16340,0.002556424168928097,0.0
S16341,0.0023011617823024554,0.0
S16342,0.0003205121256849057,0.0
S16343,0.001187501334890948,0.0
S16344,0.0034423767331687857,0.0093723009847516
S16347,0.0018889315397381764,0.0
S16348,0.0009354762359712062,0.0018705025140758
S16349,0.0011393730529017342,0.0
S16350,0.002623667723864377,0.0036718937588888
S16352,5.2207742756187254e-05,0.0
S16354,0.0018296184091237,0.0
S16355,0.002010778996435757,0.0
S16357,0.0003312129895393226,0.0
S16358,3.172115641292294e-05,0.0
S16360,0.001110001201395123,0.0
S16361,0.0024069626671910935,0.0
S16363,0.004718569641761446,0.0
S16364,0.0006979161175927051,0.0
S16365,0.0035359964911488816,0.0
S16367,0.0001039536643872435,0.0
S16368,0.0018671609352772004,0.0
S16370,0.0025489216623493026,0.0
S16372,0.00020747425549080402,0.0
S16373,0.001350364105134203,0.0
S16375,0.0003889321586452374,0.0
S16376,0.0003086562731130009,0.0
S16377,0.0019353555496498995,0.0
S16380,8.667418831201972e-05,0.0
S16381,0.00012413535226846761,0.0
S16383,4.674701196569624e-05,0.0
S16384,9.35946776648537e-05,0.0
S16385,0.0007977956812527815,0.0
S16387,6.526329464004342e-05,0.0
S16388,0.0002935930634501688,0.0
S16389,0.00016687551306121136,0.0
S16390,6.244996097610984e-05,0.0
S16391,2.503951118706728e-05,0.0
S16393,0.00011509026802797004,0.0
S16394,0.0016111923541989185,0.0
S16395,5.8749784911650286e-05,0.0
S16396,0.000470285390065836,0.0
S16398,1.958001761223525e-05,0.0
S16402,0.00012997884360115968,0.0
S16404,0.0001661542352921401,0.0
S16408,0.00016477826772102878,0.0
S16411,9.74204722305137e-05,0.0
S16413,5.025786518980934e-05,0.0
S16416,0.00012658138053911044,0.0
S16418,8.510245642725631e-05,0.0
S16419,0.00020891459071319284,0.0
S16420,4.159997364774064e-05,0.0
S16421,1.0206557615778416e-05,0.0
S16422,5.766233480492286e-05,0.0
S16423,0.0012831566223738193,0.004356439115038
S16428,0.003903734355963864,0.0
S16429,0.0008373655688356319,0.0
S16432,0.0032203801967893696,0.0
S16437,0.0018473303072743224,0.0
S16438,0.0038428061285192003,0.0
S16439,0.003588685340392022,0.0
S16442,0.001640636251828483,0.0
S16443,0.0021198515997352127,0.0
S16444,0.0028564731515185963,0.0
S16445,0.002795281382773621,0.0
S16446,0.003091399363151265,0.0
S16447,0.0019765053685853774,0.0
S16448,0.0026479500726672,0.0
S16449,0.0039603943893001415,0.0
S16457,0.0004944014230720406,0.0
S16458,0.0011986815451469524,0.0
S16461,0.000877075758252128,0.0
S16462,0.0033891519475661137,0.0
S16466,0.0034482307264820555,0.0
S16468,0.001611357440124573,0.0
S16470,0.0029335743506263365,0.0
S16471,0.00473549659653481,0.0
S16474,0.0019221008433625893,0.0
S16475,0.0025746335018589778,0.0
S16479,0.0013298951811906892,0.0
S16480,0.0022597351100365776,0.0
S16482,0.0014840219401077482,0.0
S16483,0.003283220654158839,0.0
S16485,0.0014401563204166,0.0
S16487,0.0016246291086640528,0.0
S16488,0.00016410472871188674,0.0
S16491,1.5416243100374967e-05,0.0
S16492,0.0016890392590507286,0.0
S16494,0.000343867050833573,0.0
S16497,2.548528446100376e-05,0.0
S16500,0.0022483662920576653,0.0
S16502,0.00277508385152138,0.0
S16503,4.659534430427992e-06,0.0
S16504,0.00016062825455708636,0.0
S16505,0.00012233848975323086,0.0
S16507,7.793873952243426e-06,0.0
S16508,3.8282441361490484e-05,0.0
S16509,5.351000960230667e-06,0.0
S16511,1.5609827683326027e-05,0.0
S16513,2.106837581218977e-05,0.0
S16514,0.00011913097842328664,0.0
S16515,0.002683410195193168,0.0
S16516,0.001326005443094882,0.0
S16517,0.0022223166104470473,0.0
S16518,0.0013203195979223554,0.0
S16519,0.0019034621985596543,0.0
S16522,0.00024264317629147622,0.0
S16523,0.0017970521574130443,0.0
S16525,0.005374031957835119,0.0
S16526,0.0014103624988512779,0.0
S16527,0.002433117470099563,0.0
S16528,0.001766481897180598,0.0
S16529,0.0006211674654128513,0.0
S16532,0.002252773836417505,0.0
S16533,0.0008918956758241919,0.0
S16535,0.0030864498156051336,0.0
S16536,0.002649948627560584,0.0
S16537,0.0005012312122325342,0.0
S16539,0.00283699733605426,0.0
S16541,0.0013239892564516817,0.0
S16542,0.001876065443695126,0.0
S16544,0.001081497098376501,0.0
S16547,0.002215151709253645,0.0
S16550,0.0001844908668081151,0.0
S16551,0.0009583532492277284,0.0
S16552,0.0006262800493440128,0.0
S16553,0.0012647863953290644,0.0
S16554,0.0008337409438263011,0.0
S16555,0.001699191358738961,0.0
S16557,0.0009519640111808913,0.0
S16561,0.0004089455498877848,0.0
S16564,0.0020671405999337423,0.0
S16565,0.0030655197074930546,0.0
S16566,0.0015057180257620716,0.0
S16567,0.0006751114785136755,0.0
S16568,0.0013858751038463531,0.0
S16569,0.0019081262022531474,0.0043696533291131
S16573,0.0029007371585669734,0.0
S16574,0.0005880522416426176,0.0
S16578,0.00114695714248249,0.0
S16579,0.0005486071926267541,0.0
S16580,0.0005842699674884461,0.0
S16582,0.0012411288567687345,0.0
S16583,0.0022770584507889784,0.0
S16584,0.0007954430746347781,0.0
S16586,0.00118171361936359,0.0
S16591,0.005140816380663323,0.0
S16593,0.0002689439902820899,0.0
S16594,0.0014782880608450223,0.0
S16596,8.134609304101091e-05,0.0
S16597,8.135520483359912e-05,0.0
S16598,0.0001992328610403299,0.0
S16599,2.210821076814252e-05,0.0
S16600,1.4354709479220413e-05,0.0
S16601,5.278654196625721e-06,0.0
S16602,5.013419268853719e-05,0.0
S16603,6.854154266864071e-06,0.0
S16604,0.0001247116645185786,0.0
S16605,0.004003187216447388,0.0
S16607,0.0014044587934901702,0.0
S16608,0.004551154159964526,0.0
S16609,0.0006117034941954464,0.0
S16611,6.475251150301106e-05,0.0
S16613,0.0037884503247040905,0.0
S16614,0.0005116429729617388,0.0
S16616,0.002329930101963428,0.0
S16620,0.0020105343029866046,0.0
S16621,0.0006656997941161725,0.0
S16623,1.6902357002986464e-05,0.0
S16625,0.00018097382267065275,0.0
S16629,1.751734178835137e-05,0.0
S16630,0.00031116002254705265,0.0
S16631,7.154903848113548e-05,0.0
S16632,6.835724123587573e-06,0.0
S16633,3.357006411904282e-05,0.0
S16635,8.303892235490713e-05,0.0
S16637,0.0049318613128190355,0.0
S16638,0.0010923235811896707,0.0
S16639,0.0028459459107121584,0.0
S16640,9.91103458039744e-05,0.0
S16641,5.683347663839116e-05,0.0
S16643,0.00010600192896339616,0.0
S16644,0.0001236088193498025,0.0
S16645,0.00019062652324426373,0.0
S16647,0.0013674853845800435,0.0
S16648,0.0015653897181991162,0.0
S16650,0.0003930932501011144,0.0
S16653,0.0015077008012140804,0.0
S16654,0.0014490254930555379,0.0
S16656,0.0009652460970368679,0.0
S16657,0.0022360859257542316,0.0
S16658,0.00046388093149035074,0.0
S16660,0.0008850866274003235,0.0
S16661,0.0010639181490725582,0.0
S16664,0.0006302077616190013,0.0
S16666,0.0021357723924960337,0.0
S16667,0.0014811305838742356,0.0025601796761913
S16668,0.0025931769231980844,0.0
S16671,0.0001629865077261311,0.0
S16672,0.003548870537655028,0.0050796181598904
S16674,0.002235769603930071,0.0
S16676,0.0026335082008162223,0.0
S16677,0.0015390432439832298,0.0
S16678,0.0018322222813063813,0.0
S16680,0.0006006219560182586,0.0
S16682,0.0011669122619342408,0.0
S16684,0.00015864716057310737,0.0
S16685,0.002361727422632043,0.0
S16690,0.0019999390905131387,0.0
S16691,0.00037280012115756424,0.0
S16692,0.00023914478071000657,0.0
S16693,0.002163123969863598,0.0
S16694,0.0022233456901241204,0.0
S16695,9.523250912882124e-05,0.0
S16698,0.0010103819791725777,0.0
S16699,0.0002337891303577002,0.0
S16700,0.0003446802765466725,0.0
S16701,0.0015780403012198496,0.0
S16703,3.520332905489783e-05,0.0
S16705,0.00020832799572781076,0.0
S16706,6.274725434454064e-05,0.0
S16709,3.2493971865345425e-05,0.0
S16710,6.657663587969881e-05,0.0
S16711,0.0014264243305041968,0.0
S16712,3.851047624594664e-05,0.0
S16713,2.0220273544685587e-05,0.0
S16714,0.00013075719996973924,0.0
S16715,0.0006279860727656428,0.0
S16716,0.0011956640545131838,0.0
S16718,0.0012090833130210968,0.0
S16719,0.0021038124006238002,0.0025388749259281
S16720,0.004205415548626643,0.0025643010086938
S16721,0.0016713750301753372,0.0
S16724,0.0028985983507467034,0.0
S16725,0.0017964986539357206,0.0
S16726,0.0015540466805735497,0.0
S16727,0.0022423446410524675,0.0
S16728,0.000762341692373824,0.0
S16730,0.004369674437655099,0.0
S16731,0.002399407035646574,0.0
S16732,0.0011683515493759527,0.0
S16734,0.001683422678043425,0.0
S16735,0.0019457048812303334,0.0
S16737,0.004697081785074273,0.0025592304800745
S16739,0.004021789662207899,0.0
S16740,0.0013897893023790573,0.0025545738179313
S16742,0.0014436208118038785,0.0
S16743,0.001622893221473378,0.0025749827730025
S16744,0.0014513815601300275,0.0
S16746,0.00518615421090805,0.0
S16748,0.004512332279695716,0.0
S16750,0.0025559571700150864,0.0
S16751,0.0020480259856606674,0.0
S16752,0.004141910529633024,0.0
S16754,0.002297736692172872,0.0
S16755,0.0034274109741071184,0.0
S16757,0.0009981963960930301,0.0
S16758,0.0020114903554787652,0.0
S16760,0.0006021105485443392,0.0
S16765,0.0007707071550147482,0.0
S16766,0.0002494222713262074,0.0
S16767,0.001345488162088641,0.0
S16768,0.0006617367963459211,0.0
S16770,4.933176473582546e-05,0.0
S16772,0.0011521376726897992,0.0
S16774,0.0011599796391619569,0.0
S16775,0.002775303956656242,0.0
S16776,0.0025407466297061687,0.0
S16777,0.0015580032360952307,0.0
S16779,0.003216736398372183,0.0
S16782,0.002155905946286423,0.0
S16783,0.0026394763625279156,0.0
S16785,0.0015613728318122548,0.0
S16790,0.0005585701969360113,0.0
S16791,0.0008892910569698364,0.0
S16792,0.000218139605336478,0.0
S16795,0.0006943066880658264,0.0
S16797,0.0029930393396284177,0.0
S16798,0.001361417491175586,0.0
S16800,0.002862018674728202,0.0
S16802,0.0006731910515852334,0.0
S16803,0.002491669861003796,0.0
S16804,0.002501085736902713,0.0025435916332724
S16805,0.002215441569380524,0.0
S16806,0.0011036872043480395,0.0
S16808,0.003394748036140309,0.0
S16809,0.0006864358411422027,0.0
S16811,0.00329649006233361,0.0
S16812,0.0023336065987203266,0.0
S16813,0.004138581282663052,0.0
S16816,0.0018484193348432016,0.0
S16817,0.001307016643415143,0.0
S16818,0.0006259124340538426,0.0
S16821,0.0020348860664825604,0.0
S16824,0.0034985718891853913,0.0
S16826,0.0037616198452011264,0.0
S16827,0.0033753709181339577,0.0
S16828,0.0016241570678296629,0.0
S16829,0.0031258106278779134,0.0
S16830,0.0015087876700699175,0.0
S16833,0.0037032454701920355,0.0026313002964845
S16834,0.0009189761862693257,0.0052428649039247
S16836,0.0017958844098134928,0.0
S16837,0.002691189183543816,0.0
S16838,0.003261165059533411,0.0
S16844,0.0003593403699206112,0.0
S16845,5.4344948368647936e-05,0.0
S16846,0.00018171538329803347,0.0
S16847,0.00031475096330375814,0.0
S16848,0.0001784175658861281,0.0189647606509835
S16849,6.63661292882437e-05,0.0
S16851,9.836842413875701e-05,0.0
S16852,0.00011436037713946276,0.0
S16856,0.0001335056550878568,0.0
S16857,0.00010888049950473361,0.0
S16859,0.00015913353602049887,0.0
S16860,7.871443911944718e-05,0.0
S16861,0.00032419204981371484,0.0
S16862,2.8175520922800535e-05,0.0
S16863,0.0007131549991643136,0.0
S16865,0.0006814490547760925,0.0
S16868,0.0030468162746690795,0.0
S16869,0.001148841207030448,0.0
S16871,0.0021625476476457477,0.0
S16872,0.003082533420276458,0.0
S16873,0.0013495806283750852,0.0026065020951661
S16875,0.0011070551605111357,0.0
S16877,0.00510977602251144,0.0092739452520012
S16881,0.001594413538263055,0.0052934566698086
S16882,0.003511416254289616,0.0
S16883,0.0023206195566013764,0.0
S16884,0.006260374054247729,0.0
S16885,0.0015454783398901166,0.0
S16889,0.0015534913966502835,0.0
S16890,0.002027006429941853,0.0
S16891,0.004613233623832053,0.0
S16892,0.0026147114745885994,0.0
S16893,0.0022826386655882135,0.0
S16894,0.007041784502427168,0.0
S16895,0.0019155628970350042,0.0
S16896,0.00128332696980554,0.0
S16897,0.0010588767368940465,0.002634187191596
S16899,0.0007249863221740847,0.0
S16900,0.0011848887605030028,0.0
S16902,0.003923840171251927,0.0031026625464306
S16903,0.0019625629479855145,0.0
S16904,0.002838415409733939,0.0
S16905,0.0012702240740470187,0.0
S16909,0.0002167911319661369,0.0
S16910,0.0004363451767981561,0.0
S16911,0.0019988613469369035,0.0
S16912,0.0010282208572140582,0.0031111695368301
S16914,0.0028176719610304175,0.0
S16915,0.0003207427949231513,0.0
S16916,4.420015890436439e-05,0.0
S16917,0.0011033869070283084,0.0
S16918,0.00026613330850354264,0.0
S16919,0.0016058244957411186,0.0
S16922,0.002132405967977038,0.0
S16923,0.0017844233453327275,0.0
S16924,0.002502507624194438,0.0
S16928,0.0009906358959940928,0.0
S16930,0.0036102868406432164,0.0
S16932,0.00014770793598345387,0.0
S16933,0.001991306736492644,0.0
S16934,4.631636226717027e-05,0.0
S16935,0.0003823870032693938,0.0
S16937,0.00026088358171811384,0.0
S16938,0.0006057000248232703,0.0
S16940,0.0002257455972610325,0.0
S16941,0.0018347371792823213,0.0
S16942,0.0011539691418493256,0.0
S16943,0.0019887733434429643,0.0
S16945,0.003580311842134928,0.0
S16948,0.0018553915579043664,0.0
S16949,0.0037661512033483418,0.0
S16950,0.0021650919423873774,0.0
S16951,0.002324247079686755,0.0
S16953,0.00251361735597377,0.0
S16956,0.0021012698381965727,0.0026596456303146
S16957,0.0028093508655617364,0.0
S16959,0.003912425026611268,0.0
S16961,0.002219356273690645,0.0
S16962,9.308167491966929e-05,0.0
S16963,0.00500926669141372,0.0
S16964,0.001099630442035236,0.0
S16965,0.00024887704292114916,0.0
S16966,0.0008240006046505295,0.0
S16967,0.0002105847570272736,0.0105270404083729
S16968,9.320085341307085e-05,0.0
S16970,0.0024275441491354295,0.0079316948611554
S16971,0.0007549513842228315,0.0
S16972,0.001663122845754209,0.0
S16974,0.001112511341227704,0.0
S16976,0.0033078399404465695,0.0
S16977,0.0025027151690302954,0.0052780255724055
S16979,0.0001910087027840916,0.0052112823739121
S16981,0.002427886522399267,0.0
S16984,0.0003750984122418518,0.0
S16985,0.0010045095001463267,0.0
S16988,0.005131369347391991,0.0
S16989,0.0014297800176948131,0.0
S16990,0.004194057485741868,0.0052342511703343
S16993,0.0017734357385117507,0.0
S16994,0.0028934691529775413,0.0
S16995,0.0028157527283403654,0.0
S16996,0.0019407099137808035,0.0
S16997,0.002361771138036893,0.0031425662815916
S16998,0.0017244580990399103,0.0
S16999,0.001083703211974045,0.0
S17000,0.002425534381619308,0.0
S17002,0.004021140837222043,0.0
S17004,0.0038419010156214278,0.0
S17007,0.0019851278783750066,0.0026194843252587
S17008,0.002475056868761624,0.0
S17013,0.0029202356296106954,0.0
S17015,0.004481390026030051,0.0
S17019,0.0002824440772764733,0.0
S17020,0.00035306980981187865,0.0
S17021,0.00013900193326921086,0.0
S17023,0.0004362287787769747,0.0
S17027,0.001709227739508092,0.0
S17030,0.0007561162897537745,0.0
S17033,0.00039458556075554793,0.0
S17034,0.0014212791335717965,0.0
S17035,0.0005257345592437606,0.0
S17037,0.0020678013700327507,0.0
S17039,0.0009548065530037655,0.0
S17040,0.0025138760508312376,0.0
S17042,0.0011290207759267414,0.0031284423881912
S17043,0.0005792986831718763,0.0
S17044,0.0017878717033364912,0.0
S17046,0.0012529333462167529,0.0
S17047,0.00040237580727007816,0.0
S17049,0.0018761266286599454,0.0
S17050,0.004254542408385808,0.0
S17051,0.002561556961139957,0.0
S17053,0.002958852660410885,0.0
S17055,0.0007617488256113429,0.0
S17057,0.0011356308983308011,0.0
S17058,0.00016693606906330484,0.0
S17059,0.001433310041867587,0.0078434466977037
S17060,0.0020871672753597914,0.0
S17062,0.00251686899177392,0.0
S17063,0.002727521179269524,0.0031162023713234
S17064,0.005664171973046475,0.0
S17065,0.004511319452040732,0.0
S17067,0.0024517646305225608,0.0026460942158616
S17069,0.002477851667446521,0.0
S17070,0.0032400524947437098,0.0
S17071,0.0011015572202442937,0.0
S17072,0.002336617705420474,0.0
S17073,0.0002772478138993253,0.0
S17075,0.0010125644603866423,0.0
S17076,0.00033533608008312025,0.0
S17078,0.0004941911193902437,0.0
S17080,0.0027325327587931626,0.0
S17081,0.0009063239823497318,0.0
S17082,0.001851779070974187,0.0
S17083,0.0007317594059489739,0.0
S17084,0.0009667201942682854,0.0
S17089,0.0010407324472825482,0.0
S17091,0.0005041467910580113,0.0
S17092,0.0014963103192186958,0.0026709660083299
S17094,0.001332626166818804,0.0
S17095,0.0016528331867795018,0.0
S17096,0.0016866462276818662,0.0
S17098,0.0018316695397502727,0.0031298608880744
S17102,0.0005051036878792273,0.0
S17103,0.0034723308648102924,0.0
S17104,0.0009742948505074864,0.0
S17105,0.0004000114082618769,0.0
S17108,0.0011648792859609975,0.0
S17110,0.002538322444185086,0.0026235081107046
S17111,0.001061638015843856,0.0026100747836316
S17112,0.003542951861802509,0.0
S17113,0.003263056969385532,0.0
S17114,0.004720676628365245,0.0
S17115,0.002658132920458483,0.0
S17116,0.0020630589398910443,0.0
S17117,0.0011644371992016527,0.0
S17118,0.0020136363937366206,0.0
S17120,0.003590709126259154,0.0
S17124,0.0008566362037315872,0.0
S17126,0.0013649730916838777,0.0
S17128,0.0019996452796052617,0.002616051078792
S17129,0.002432852329872706,0.0
S17131,0.0011938994985524784,0.0
S17132,0.001771884749488741,0.0
S17133,0.0034067107570474246,0.0
S17134,0.0025725310413308583,0.0
S17135,0.004818325336137124,0.0
S17136,0.0017307485979874949,0.0
S17139,0.0028166940664861324,0.0
S17140,0.003543110004101826,0.0
S17142,0.0020648775664811507,0.0
S17143,0.0019678175524100476,0.0
S17144,0.003781540583453569,0.0
S17146,0.003410277446930861,0.0
S17147,0.0033007723720785333,0.0
S17148,0.002116803464573087,0.0
S17150,0.003515892515995973,0.0061881727458927
S17151,0.002258693675413723,0.0
S17152,0.0026357976012731663,0.0
S17154,0.0008540037402716429,0.0
S17155,0.0052404562113817724,0.0
S17156,0.004749757496778596,0.0
S17157,0.003827950521573773,0.0
S17160,0.005230963697646728,0.0
S17162,0.003570916680048799,0.0
S17163,0.0019201621845784966,0.0
S17165,0.0008686375739932941,0.0
S17169,0.0014949555298461356,0.0
S17170,0.00012646250749131203,0.0
S17171,0.0015838078023608204,0.0
S17172,0.0014693590378320582,0.0
S17173,0.0005031593847228324,0.0
S17174,0.0019326215494179684,0.0
S17175,0.0009506018756479278,0.0
S17176,0.0013947158182436776,0.0
S17178,0.00024115771344931052,0.0
S17179,0.0009398845093760214,0.0
S17180,0.004967757247884868,0.0106500380358501
S17182,0.0037006218093294865,0.0
S17183,0.0013083282590784233,0.0
S17186,0.0023067556234301653,0.0
S17188,0.0034036611753130944,0.0
S17190,0.003445267073661053,0.0130976287230734
S17191,0.0017032301079805195,0.0026303394037544
S17193,6.155849113027878e-05,0.0
S17194,0.00016736639029072846,0.0
S17196,1.0653649097445387e-05,0.0
S17197,1.728688519696143e-05,0.0
S17203,0.0027875182102814087,0.0
S17206,0.0013199334841050585,0.0
S17210,0.001834616051616682,0.0026110209249423
S17212,0.004240276989966445,0.0
S17216,0.0018859847655141421,0.0
S17217,0.002505771813861676,0.0026129564787651
S17218,0.003347114082174504,0.0
S17220,0.003440237107290926,0.0
S17221,0.003612061958453032,0.0
S17222,0.004250864761949415,0.0
S17224,0.002659177280442941,0.0
S17225,0.0032728191878997745,0.0
S17228,0.005881825583967005,0.0
S17230,0.0018925304695969019,0.0
S17232,0.0018798542477459503,0.0
S17233,0.0016554777273727484,0.0
S17234,0.004478524454011457,0.0
S17235,0.0026144934376945805,0.0
S17236,0.002484390820258326,0.0
S17238,0.0011015451158079962,0.0
S17239,0.0031524207791534553,0.0
S17240,0.002178476718842406,0.0
S17243,0.0033712606271906684,0.0
S17244,0.001971424266287628,0.002650963574587
S17247,0.0026738633995056294,0.0
S17248,0.004444701695157858,0.0
S17249,0.0013359380895084081,0.0
S17250,0.0016512766008562022,0.0
S17251,0.00018811171713420215,0.0052813066186354
S17253,0.002479300098224403,0.005266448379269
S17254,0.0002644307294012408,0.0
S17255,0.0022626041684353695,0.0
S17256,0.001099476273419031,0.0
S17257,0.0035486845721990996,0.0
S17258,0.0039993398455366,0.0
S17261,0.004303706329038665,0.0
S17262,0.0009668672158914117,0.0
S17264,0.0033258121683719987,0.0
S17265,0.005283426676332308,0.0
S17266,0.0037772179517121395,0.0
S17267,0.002249852283912999,0.0
S17268,0.0033368375245216857,0.002664136541018
S17269,0.0030240242217177546,0.0
S17270,0.001385300844490413,0.0026350251573327
S17271,0.004749162427333658,0.0
S17272,0.00318319573685236,0.0
S17273,0.002381233113722044,0.0
S17275,0.0025133480864167005,0.0
S17276,0.002850759100772956,0.0
S17277,0.0029327159698464087,0.0
S17278,0.0019872920220701668,0.0
S17279,0.002716846332222728,0.0
S17282,9.354127596261426e-05,0.0
S17284,9.953841035275232e-05,0.0
S17285,2.983068300138758e-05,0.0
S17287,7.323738032284489e-05,0.0
S17289,0.0003270292539686399,0.0
S17290,1.5050771084828619e-05,0.0
S17292,7.809903584943406e-05,0.0104819150057998
S17293,0.00020996913164621602,0.0
S17294,0.0005398484032329384,0.0
S17295,9.421244483275852e-06,0.0
S17296,1.3882868518195117e-05,0.0
S17298,0.0012987934218889258,0.0
S17299,0.001053728713768274,0.0
S17300,7.923577183357059e-05,0.0
S17304,0.0005219996341632001,0.0
S17305,0.0004677946343032407,0.0
S17306,0.001528255146501444,0.0316308101695078
S17307,0.0017928816097754294,0.0229711563095077
S17308,0.002043276749656317,0.0264531490069867
S17309,0.0008757923962656026,0.0217971889636005
S17310,0.002294938042288751,0.0720963649131549
S17312,0.003506522142876282,0.0321727470291764
S17313,0.0013811581333637662,0.0167737919344798
S17315,0.00030688839720253985,0.0186038403374466
S17316,0.000937580944794629,0.0024343413563738
S17317,0.0005035113575065956,0.0169458584935575
S17320,0.003165354637102795,0.0186874723031678
S17321,0.0025288575097709687,0.0235860109328516
S17322,0.00227104059956924,0.0118596999877704
S17323,0.0017153939764821657,0.0193667803214807
S17326,0.0029257611986767077,0.0079551820728291
S17327,0.0034145571320901573,0.0128623188405797
S17328,0.0028185756925374257,0.0359025502208291
S17333,0.00037250718380700803,0.0337719298245614
S17335,0.0012477741631257517,0.0145909863227852
S17336,0.002332120359817197,0.0159353096964916
S17339,0.0007562600722945095,0.0208216751303973
S17340,0.002041375430344984,0.0
S17341,0.0016868962225784182,0.0295195392852424
S17344,0.0013274216085150561,0.0194975076437977
S17347,0.002622895102850157,0.0104890907915754
S17348,0.004119896383708626,0.0142170096365294
S17349,0.0025136089599718738,0.017726452230269
S17350,0.0025459236474980524,0.0046202687564783
S17351,0.0026306960283109643,0.014211739613479
S17352,0.001423038223238835,0.0129510436404382
S17354,0.0029314155550738135,0.0291619909198831
S17355,0.0004899050120004991,0.0178560022993644
S17359,0.003251344140969145,0.018722739954327
S17360,0.0021830898261753734,0.0011605695898075
S17363,0.003139958810913243,0.0032496913773983
S17365,0.0016831665455080296,0.0115055284990436
S17366,0.0023164336283600304,0.0107537351378836
S17367,0.0016663872420381682,0.0195465049288783
S17368,0.0012889486705110551,0.0182970273015295
S17370,0.0005124956163943681,0.0278148978114028
S17371,0.0018043081547354115,0.0289125404905136
S17373,0.0010651143880011013,0.0333161695428907
S17374,0.00202233205117752,0.0205896365298857
S17375,0.0014976433267685288,0.0214858104045243
S17378,0.0017372861869656693,0.0096722050887544
S17383,0.00011496796645083059,0.0
S17384,0.0004947473337438597,0.0
S17389,6.10726846227272e-05,0.0
S17390,7.811386005910257e-05,0.0
S17393,0.001900466115391569,0.0
S17395,0.004160227901292759,0.0060888506651181
S17396,0.00221075089699198,0.0039590552435575
S17397,0.0016826956244141299,0.0186002297895591
S17399,0.0021812580057988446,0.0456163741673067
S17404,0.0025133398451319434,0.0169727038255624
S17406,0.0035867334460476753,0.0011135869936624
S17409,0.003477963001378186,0.0262464312815538
S17410,0.0030005600968797193,0.0136968586897993
S17412,0.0032664655971589105,0.0060685164620478
S17414,0.003104100674390209,0.0060611480814494
S17415,0.0014044304586043124,0.002529320009873
S17416,0.004322350079514376,0.0079100954781947
S17417,0.0038616047090198466,0.0191594717287126
S17418,0.003794668583478911,0.0125445836561219
S17420,0.0033344757214963296,0.0044054927465758
S17421,0.001880327544227634,0.0071443899904611
S17423,0.0034768012090906474,0.0179787706841131
S17425,0.0038064182136214758,0.0017335979657256
S17426,0.0033804884141025635,0.0093490105473746
S17427,0.0025267560112338023,0.0167010458509752
S17428,0.0027428311818586265,0.0092075867011256
S17429,0.0025025072253427316,0.0173262933711953
S17430,0.0013997437274608148,0.0190758508529282
S17431,0.0025708841713060074,0.0463034940155412
S17432,0.002952120069252313,0.0053901153940197
S17433,0.0022720733447551818,0.0180277639086257
S17434,0.002407295693649704,0.0217591967631188
S17435,0.0036367380823599587,0.0125642315235411
S17436,0.002034927708538713,0.0159493142803439
S17438,0.003847665117963101,0.0147447992689902
S17440,0.0015342644139216492,0.0047802825368199
S17441,0.0008763068581006011,0.0175900146288518
S17443,0.0024161722003654138,0.0279155385179029
S17444,0.003686161122962665,0.0
S17446,0.00128824221485729,0.0348083193994265
S17449,0.0023906033163417317,0.0029469577256838
S17450,0.0016097950416516125,0.0092135997923695
S17451,0.003624876794249464,0.005167765206695
S17452,0.00351353715179564,0.0210478950781487
S17453,0.0021978405618803274,0.0308721451595051
S17454,0.0017955361505937754,0.0063087478341446
S17455,0.004915137180253017,0.0006619993713003
S17458,0.0037563218626579164,0.0174025147222664
S17459,0.001269477297277026,0.0285272919661396
S17461,0.0018675373233201077,0.0077496715745321
S17463,0.001518584744734531,0.0087191671303188
S17465,0.00022226325719458512,0.0189553151273465
S17466,0.0029364250082750485,0.0143612028474461
S17468,0.0023027612214153058,0.029052803871335
S17469,0.002517308001846921,0.0203513638465094
S17470,0.0018831395513738709,0.005041322104473
S17471,0.003582114974698372,0.0111947442515251
S17474,0.0029711862774949244,0.0115250533996717
S17475,0.004079987712757116,0.0177458804206166
S17476,0.0037566793586279322,0.0195853868187785
S17477,0.0016211460535735943,0.0159739685380315
S17478,0.0018130410603312734,0.0311842561766898
S17482,0.001979546822842122,0.0255391974512189
S17484,0.003443349741822346,0.0082877389208649
S17489,0.0028877593563221577,0.0089536713498965
S17490,0.0030506491622736306,0.0261525086366652
S17491,0.004806840209876586,0.0172306521767648
S17492,0.0026895657942773935,0.0257208786926767
S17494,0.004657824706288368,0.0010792019117291
S17497,0.00074441511658509,0.0228427329162096
S17498,0.003363238147862679,0.0134991882638158
S17499,0.0028024370559577537,0.0229860907392284
S17500,0.0029467193104842555,0.0012510414857439
S17503,0.002766792735340097,0.0185408629941675
S17504,0.0022957539075493935,0.0219167277739559
S17505,0.0030924952180609714,0.0276047972479107
S17506,0.0019219890846065347,0.0157525639963887
S17507,0.0051449981257349125,0.0305502334269958
S17510,0.001488708612738945,0.021355390544224
S17511,0.0034014446523029282,0.0068338343551428
S17512,0.0041049300598841095,0.0115216138267795
S17514,0.0027413064444482393,0.0054434494602551
S17515,0.004943680972796287,0.015464828561329
S17516,0.0015390071372550574,0.0107282758445549
S17517,0.004107925784213481,0.0185336124828861
S17518,0.003468673922691427,0.0047726661630452
S17519,0.0031707255618267744,0.0222530101369849
S17520,0.0004453691863049353,0.0248235844682669
S17522,0.001869317767300489,0.0228091511966773
S17523,0.0024967757816826445,0.0207090393233102
S17524,0.0008416602513398449,0.0158654737480554
S17525,0.0028163023671486224,0.0085055909680918
S17526,0.0003730806790503449,0.0120176846153325
S17527,0.005024485866210968,0.0114896216912432
S17528,0.0008508884937429939,0.0071008165939082
S17529,0.0039652506501143235,0.0390838494052885
S17530,0.0018547989666740559,0.0127232
S17531,0.003919229158379415,0.0148849099957112
S17532,0.0054669617312758535,0.0194658428288664
S17534,0.002167625542255607,0.0171437371030829
S17535,0.002828908907993417,0.0068185531496676
S17536,0.005872905468550643,0.0056473271278906
S17538,0.001189601375311148,0.0263058072142485
S17539,0.0007657823549954289,0.0221522365126003
S17540,0.0034843062861405496,0.0109824260385795
S17541,0.002960782709299458,0.0145631067961165
S17542,0.001902450366110425,0.0327150246118556
S17543,0.001220911981873332,0.0017522767257457
S17548,0.0023091977403194444,0.0320735740342981
S17550,0.001264902583873906,0.0139992113120387
S17552,0.0016360606827139229,0.0077622532712353
S17556,0.004594830177328913,0.0136207379339517
S17557,0.0033679430110366707,0.0061653212801133
S17558,0.0037815239403823555,0.0306616391117986
S17561,0.0032503713952228928,0.0912452541833989
S17562,0.0029866193972007964,0.0176868327402135
S17563,0.0026733612745849715,0.0368251329680135
S17566,0.0005472575601430081,0.0215605466054068
S17571,0.002650195491475171,0.020811780122767
S17572,0.0017122299629909281,0.004370279087354
S17573,0.0012318453770796837,0.0136340879631852
S17574,0.003905202666483318,0.0163986713886628
S17578,0.003377643877325618,0.0016589477197813
S17580,0.0035307770447349607,0.033568302891933
S17581,0.00257745352849065,0.0268820943152754
S17583,0.0016101019787783236,0.0194044539066707
S17584,0.0013528484281745913,0.0206854213562061
S17585,0.0015516765929487922,0.024066864237705
S17586,0.0029927544924983887,0.0075192082544869
S17587,0.000643270372104229,0.0018993170865928
S17588,0.00330101332508861,0.0
S17589,0.0015358015783529665,0.0172008879791552
S17590,0.005347379040903497,0.0089979772244359
S17592,0.0005082480383507765,0.0033139298407046
S17597,0.003371702190212314,0.0332567700892926
S17598,0.0016190841851259129,0.0064615860658561
S17601,0.0014256068061457656,0.0
S17602,0.0007988431834620579,0.0249849491951038
S17604,0.0007286102949797794,0.0400376959365752
S17606,0.00039955369707554884,0.0192042504377226
S17608,0.0005541090142958995,0.0175104816263256
S17612,3.572893603343564e-05,0.0389129196193146
S17613,4.4923583818224e-05,0.0
S17614,0.0007485369090216044,0.0
S17615,5.288628073046899e-05,0.0
S17616,0.00015589329371219475,0.0
S17617,8.503650885430779e-05,0.0314077172099008
S17618,0.0001915994256641258,0.0319965302925956
S17620,0.0016743816970130913,0.0128128282964996
S17621,0.0034818964206743664,0.0240698114473781
S17622,0.003793257941648951,0.0266779968668528
S17624,0.0019417546306745388,0.0212322883023956
S17626,0.0024555199276492397,0.0045474872730974
S17627,0.0025267443010853355,0.0140973711381145
S17628,0.0014849099565082075,0.0275429232490397
S17630,0.002633799249809337,0.0
S17633,0.0015131333465894959,0.0116932647265728
S17634,0.001020513135215197,0.0150215989249361
S17635,0.0012486791771699837,0.0296449171194922
S17636,0.00070864203040697,0.0253160430362544
S17637,0.0015616382671355682,0.0054534855810444
S17638,0.00017590465069100626,0.0162873959946301
S17639,0.0012624010079646888,0.0073332767721778
S17640,0.0011069510951012328,0.0245856778085813
S17641,0.00026792532492126055,0.0026706502522877
S17642,0.0013511725175252827,0.0277731209835149
S17643,0.0011871022883286138,0.0518536776855731
S17644,0.0027615100752883437,0.0037464476590355
S17646,0.0003424044603608091,0.0280591745596817
S17647,0.0013626103477393954,0.0797786782940276
S17648,0.003593740842503957,0.0017631428642379
S17649,0.002997964447327116,0.0050541105070584
S17650,0.0029012204161033292,0.0259367720067312
S17651,0.0014371262038912903,0.0314598651324443
S17652,0.0016237541689741993,0.0335343876299507
S17654,0.0018313998138009724,0.0312734327888623
S17658,0.001960655481600421,0.0216919063438382
S17660,0.0025164367854355802,0.0252018752391886
S17661,0.0007194365751156053,0.0251134885055037
S17664,0.001977568561004674,0.0171680776323411
S17665,0.000718437491856549,0.0305990016229168
S17666,0.002629385302927252,0.0297286904507583
S17668,0.002789887920991825,0.0391563009012673
S17669,0.0036676458397720615,0.0187975486875199
S17670,0.0023938995636301227,0.0249881218434898
S17671,0.0031252550596720867,0.0220332376421148
S17672,0.00303429681602741,0.0216204862030349
S17673,0.002529635016905256,0.0319348700892668
S17674,0.0016797747440470369,0.0228899245914198
S17676,0.0015442394494833167,0.0474754529592054
S17677,0.001844515940285005,0.0165200590108191
S17678,0.0014820622110350797,0.0554528356020274
S17679,0.0007147793706486927,0.0214315949918728
S17680,0.0025224061293573382,0.0111972985473595
S17682,0.0022046366390722594,0.0009641087716439
S17685,0.003008747925718753,0.0091994787579037
S17690,0.000881187358436865,0.0235410248540172
S17695,0.001953127493636431,0.0025978981592558
S17696,0.0018939265418563835,0.0308672485760644
S17699,0.0023426943547854816,0.0236990970099434
S17701,0.0027843920392816523,0.0116709131256677
S17705,0.0013869890091507578,0.0221385257940903
S17706,0.0013112504616125383,0.0140369904353585
S17708,0.0008827111624648225,0.021082922940935
S17709,0.00150268788046181,0.0030883069366977
S17710,0.0024966722319648064,0.0215498650138181
S17712,0.003633745614582918,0.0133496030421285
S17714,0.003375861453716631,0.0
S17716,0.0013013341640553944,0.0279938807742307
S17717,0.0005169195233782934,0.0057114401179828
S17718,0.00017602876774984192,0.0144871331799833
S17721,0.002773408498590881,0.0039426191577973
S17722,0.001760700958404507,0.0091023307094689
S17723,0.003846784318632963,0.0070265474839799
S17725,0.0012407753253214442,0.0255093457277691
S17726,0.0012240342899424049,0.012930081300813
S17728,0.0009436882383711523,0.0268532050771043
S17729,0.0028915287189592398,0.0213938272136369
S17730,0.0028481601776797275,0.01095495972083
S17732,0.0021406347497886446,0.017623584671491
S17736,0.0033272277685651845,0.0017851530580174
S17739,0.0034838554741434963,0.0
S17743,0.0007047499193699393,0.0
S17744,0.0027515905700991085,0.0
S17745,0.0005669976863816789,0.0
S17747,0.0004236677862076339,0.0
S17748,0.00016943240968701368,0.0
S17749,0.00020616245416141515,0.0
S17752,7.710910552351254e-06,0.0
S17753,0.00011208829641483802,0.0
S17754,0.0001451930959355122,0.0
S17755,0.00012149110645460398,0.0
S17756,0.00018258494272187098,0.0
S17757,0.0001679196084700866,0.0
S17758,1.887575055443929e-05,0.0
S17759,3.352913741569211e-05,0.0
S17760,0.0021861508238106616,0.0
S17761,0.0026398963195487504,0.0
S17762,0.001760593776007957,0.0
S17763,0.0006429800706989491,0.0
S17765,0.002682007873501328,0.0
S17771,0.0009955805153017859,0.0
S17772,0.0005628431663458873,0.0
S17773,0.001458356120420922,0.0
S17774,0.00013235970707046362,0.0
S17775,0.00028023853237022097,0.0
S17777,0.0008192246716952827,0.0
S17778,0.0009855241358457114,0.0
S17780,0.0007241253815804341,0.0
S17783,0.00031950627059020714,0.0193202580302895
S17784,0.0011838862697356011,0.0257954851413204
S17785,0.0023598769785371414,0.0263807107640007
S17790,0.002170400446445428,0.0247411389884508
S17792,0.0008936596570582186,0.0278809688215926
S17794,0.0015382472521863208,0.0222023676569131
S17795,0.0027073619882446655,0.0066164993127227
S17797,0.001401449295559741,0.0
S17799,0.0016377823513755584,0.0071311340611262
S17800,0.001428669606001065,0.0100361462813755
S17802,0.0009347767042342583,0.0141740008327581
S17805,0.001674206446220862,0.0107448699305218
S17807,0.0004954540534953869,0.0207035058331751
S17809,0.0009926948234142083,0.0310527960012496
S17814,0.0011732127108639422,0.011036913374142
S17815,0.001974520137396552,0.0258657762608983
S17816,0.003117888605824211,0.0302342422522722
S17817,0.0024817103912587015,0.0248414010534814
S17818,0.0019274135777900463,0.0227476690635061
S17820,0.0016909329298159964,0.0121884478864149
S17821,0.0011010969301544615,0.0397511622997305
S17823,0.001586712330115724,0.0
S17824,0.0017358787032302197,0.0
S17825,0.0005063210628693652,0.0
S17827,0.0009624084086663667,0.0
S17828,0.00015832009726292071,0.0
S17829,0.0005068608949385933,0.0
S17830,0.0005953999604733633,0.0880512175927134
S17834,0.003435677043550532,0.0303655165039942
S17835,0.0036556902249749845,0.0221891698482411
S17837,0.0009854239197739595,0.0128499247719541
S17838,0.0022432222385331806,0.0227089351307014
S17839,0.0019226398290913727,0.0308300885631394
S17840,0.0027039574445917505,0.0289422397527777
S17844,0.0014475173496298448,0.0240977583508793
S17845,0.000318225582475232,0.0235879793533027
S17849,0.003173817428096753,0.0721272713435947
S17850,0.004621468987207293,0.0238397449615892
S17852,0.0020083776155044525,0.0107240984133225
S17853,0.0029057081395171165,0.0137556392585491
S17854,0.0011210874362349169,0.0153677372753898
S17855,0.0022686780160883478,0.0270136100763845
S17856,0.0012127475238170975,0.0330292092075112
S17858,0.001794896020195876,0.0420682869023308
S17862,0.00041277525218980554,0.0297750700269837
S17863,0.002276483793528425,0.0263730432475457
S17864,0.0026769628748163072,0.026842133688588
S17865,0.0005711421941351146,0.0422792065205255
S17866,0.0016844892693630852,0.020520601889485
S17868,0.0028529890850573243,0.0122286859171514
S17869,0.0014902198033412252,0.029628064014394
S17870,0.0007576538090434668,0.013292776626888
S17871,0.004073791627229522,0.0111850278162864
S17872,0.0020950559651834663,0.0216369731285644
S17873,0.0020012687135729517,0.0128675518733587
S17874,0.0017599220433651996,0.0974170661603387
S17875,0.0022618843113260787,0.0177453332078252
S17877,0.0046155634955465825,0.0275640225725496
S17878,0.002161536648775152,0.0255866832553949
S17879,0.0034142389433683713,0.0177725057956044
S17883,0.001479922250808135,0.0
S17884,0.003154272338088421,0.0
S17885,0.0011665899702742425,0.0
S17886,0.0019830357864656922,0.0
S17889,0.0011252536766050228,0.0
S17891,0.0012927008139380527,0.0
S17893,0.0009663477368838914,0.0
S17894,0.0018159911580481838,0.0
S17895,0.00019871684563304307,0.0
S17896,0.0006373700734953986,0.0
S17897,5.097908250709355e-06,0.0
S17899,0.0016187800298529428,0.0
S17900,0.00012965606642069286,0.0
S17901,0.0003477040020802896,0.0
S17902,0.0001314519388044119,0.0
S17903,0.00023530440210766044,0.0
S17904,0.001550534834792204,0.0
S17908,9.502925737714976e-05,0.0
S17911,7.368201881246317e-06,0.0
S17912,0.0001017571092116794,0.0
S17915,0.0027764726561131155,0.0
S17917,0.0007257540647402029,0.0
S17918,7.102792521183065e-05,0.0
S17920,0.001031117811998254,0.0
S17921,0.0006203373556176721,0.0
S17922,0.00011987237974419992,0.0
S17924,0.0010921519363600086,0.0
S17925,0.00014462540969491385,0.0
S17927,9.511376896176698e-05,0.0
S17928,5.8489961387373985e-06,0.0
S17930,0.001058729375601696,0.0
S17932,0.00028212141027010855,0.0
S17933,0.00020803032352385812,0.0
S17934,5.7439878844498176e-05,0.0
S17938,0.00036541755822843493,0.0
S17939,4.748449644593623e-06,0.0
S17940,0.0003328207413584279,0.0
S17942,1.4200148475464331e-05,0.0
S17944,1.3106342923461464e-05,0.0
S17947,4.430716062787799e-05,0.0
S17949,0.00025117054948361426,0.0
S17951,4.3644236813907066e-06,0.0
S17952,0.00013012856518897944,0.0
S17953,7.925290673458671e-05,0.0
S17955,0.0001695230096719512,0.0
S17957,0.00013328569978590272,0.0
S17959,0.00018126586127827912,0.0
S17960,4.349613776354806e-05,0.0039318064949962
S17962,0.00409865221726044,0.0
S17964,0.001351969222480723,0.0
S17965,0.0013348097711433117,0.0
S17966,0.002199085416498305,0.0
S17967,0.002556559624036746,0.0
S17970,0.0016156353186345762,0.0
S17971,0.00307226034747333,0.0
S17973,0.0029537323864997026,0.0039641709139926
S17976,0.004108673335546913,0.0
S17979,0.002953648105646686,0.0
S17980,0.006489128831891136,0.0
S17982,0.002287789676675157,0.0
S17983,0.0030024880928287605,0.0
S17984,0.0017916730534556522,0.0
S17985,0.0022431894075715334,0.0
S17986,0.002237317250120419,0.0
S17988,0.0029963841117819356,0.0
S17989,0.0011979065969467363,0.0
S17990,0.0027499901263367942,0.0
S17993,0.0015810040500216906,0.0
S17994,0.0024809102663173764,0.0
S17995,0.001303890052985186,0.0
S17996,0.0038538291487334934,0.0
S17998,0.0017954575702771097,0.0
S18001,0.0007356954456716123,0.0
S18002,0.0021937990450796147,0.0
S18004,0.0009096164774734014,0.0
S18006,0.0017769937122127527,0.0
S18007,0.0006984896473161991,0.0
S18008,0.001117173186207114,0.0
S18009,0.001014426417449176,0.0
S18010,0.0011169498434794138,0.0
S18012,0.003154516105029866,0.0
S18013,0.0012515999818735505,0.0
S18014,0.004093455167280544,0.0
S18015,0.0024944799030092563,0.0
S18017,0.0020266491221339004,0.0
S18019,0.002227172045283592,0.0
S18021,0.003368098861519633,0.0
S18023,0.0016581704093644655,0.0
S18024,0.0017307429206148994,0.0
S18025,0.002927390230290779,0.0
S18029,0.0028159563855088394,0.0
S18030,0.0027721153065045443,0.0
S18031,0.0016217323338210514,0.0
S18032,0.0022394859516166126,0.0
S18033,0.0033227043714202514,0.0
S18036,0.0036623556214200837,0.0
S18038,0.003030834205470717,0.0
S18039,0.003128359697330886,0.0
S18042,0.0023616655542676754,0.0
S18043,0.0015808853960901851,0.0
S18045,0.0040676430925734,0.0
S18048,0.0030391616517780806,0.0
S18049,0.004354738813203456,0.0
S18050,0.002391232185514651,0.0
S18053,0.00303421202682436,0.0
S18055,0.0025258070594520858,0.0
S18056,0.0006137687800712819,0.0
S18059,0.0013268457876466251,0.0
S18060,0.0006879144020770111,0.0
S18061,0.0027855067319306663,0.0
S18065,0.0007639926670552141,0.0
S18068,0.00022228389740713654,0.0
S18069,0.0001898441118610842,0.0
S18070,0.00012468655759259318,0.0
S18073,0.00042140532888223755,0.0039364777632569
S18074,0.0024669091957396413,0.0
S18079,0.004928893027390536,0.0
S18080,0.0010081737885506057,0.0
S18081,0.0035866724739094663,0.0
S18082,0.0016831182026924099,0.0
S18086,0.0018377460290960937,0.0
S18087,0.0003068569140641821,0.0
S18088,0.0011970756256848964,0.0
S18089,0.0017471245076652003,0.0
S18091,0.000379462660070074,0.0
S18092,0.0021379702640376393,0.0
S18094,0.000311457276731048,0.0
S18096,0.0006090791096067062,0.0
S18097,0.0024165264903330194,0.0
S18098,0.0006920674075703503,0.0
S18099,0.000747132077762467,0.0
S18101,0.0011323019944194683,0.0
S18103,0.0012781271975982134,0.0
S18105,0.0034730228827958482,0.0
S18106,0.0007349364779043125,0.0
S18108,0.0020662521229823315,0.0
S18110,0.0008378544965228234,0.0
S18111,0.000475984074515197,0.0
S18112,0.0005298031111294306,0.0
S18113,0.0028629935372745854,0.0
S18114,0.003376956543024144,0.0
S18115,0.0032797540817885162,0.0
S18116,0.0025876289352985546,0.0
S18117,0.0014061597322200647,0.0
S18118,0.0016834684409385557,0.0
S18119,0.0028576048176006726,0.0
S18121,0.001576944372813392,0.0
S18122,0.002845722905953116,0.0
S18123,0.0019102374776946108,0.0
S18124,0.004343544544988295,0.0
S18125,0.002838222393293426,0.0039701559304703
S18126,0.0025592910399039707,0.0
S18127,0.0028743629000206675,0.0
S18128,0.002933263071513901,0.0
S18129,0.003813999647516343,0.0
S18130,0.004661803869552436,0.0
S18131,0.0046450737461749695,0.0
S18133,0.0008022061732145541,0.0
S18134,0.000866554847566619,0.0
S18135,0.0012539346814177607,0.0
S18138,0.0009731406726573326,0.0
S18139,0.0011372671122934772,0.0
S18142,0.0007134356152382112,0.0
S18145,0.005089484652220812,0.0
S18146,0.0025419086812065225,0.0
S18147,0.0008282391440746367,0.0
S18148,0.0032938332300612174,0.0
S18149,0.002166698339540761,0.0
S18151,0.0003329152068110221,0.0
S18152,0.0015013830713484053,0.0
S18153,0.00034638305823293835,0.0
S18154,0.00010778028200598489,0.0
S18156,5.7710746322498486e-05,0.0
S18157,7.675279990846878e-05,0.0
S18159,2.01308357952734e-05,0.0
S18162,7.722295313020772e-05,0.0
S18163,0.00016044035489018034,0.0
S18165,0.00012769454530014044,0.0
S18166,0.0005393682609955582,0.0
S18167,0.00026676485412066174,0.0
S18169,0.00010180528113155095,0.0
S18171,0.0019437352228998078,0.0
S18172,0.0033979442036283923,0.0
S18175,0.0005723010710759526,0.0
S18176,0.0015640328901540537,0.0
S18180,0.0005657611042399102,0.0
S18181,0.0013613333081521103,0.0
S18186,0.0026236800097247065,0.0039624642222169
S18188,0.0020023113038829072,0.0
S18189,0.002266667932697724,0.0
S18191,0.002893064779221475,0.0
S18192,0.0006543161447845219,0.0
S18195,0.0006473652818024068,0.0
S18199,0.0022184722418247395,0.0
S18200,0.0028222478627068074,0.0
S18202,0.0030386973128911305,0.0
S18203,0.0028551904135324345,0.0
S18208,0.0034696897992598846,0.0
S18210,0.0026949802471063996,0.0
S18212,0.0016463368603321878,0.0
S18213,0.0033585263760726783,0.0
S18214,0.0017642136850442463,0.0
S18216,0.0008861685843804643,0.0
S18217,0.0029210657812261667,0.0
S18218,0.0020248393534174234,0.0
S18221,0.0038672671622719955,0.0
S18222,0.0027826316734604795,0.0
S18223,0.0032365026347667683,0.0
S18224,0.0037170273689520828,0.0
S18226,0.0004782385872750219,0.0
S18227,0.0002036103019970211,0.0
S18228,0.0001343828251454389,0.0
S18230,0.0004235785220789338,0.0
S18231,0.0011415203784479221,0.0
S18232,0.0002565196238314727,0.0
S18235,0.00041745988645175674,0.0
S18237,0.0017944824125791068,0.0
S18239,0.0034196914719077966,0.0
S18240,0.001398550068473459,0.0
S18242,0.0003305539387479223,0.0
S18243,0.0015458547890374306,0.0
S18244,0.0038659120731538285,0.0
S18245,0.00021337844090381575,0.0
S18246,0.0008288718250858457,0.0
S18247,0.0010178361383900002,0.0
S18248,0.0017518500818681335,0.0
S18249,0.0008296392429202707,0.0
S18250,0.001840237485198778,0.0
S18251,0.0005132247263803446,0.0
S18252,0.0065707640128523604,0.0
S18253,0.0037712486881407922,0.0
S18254,0.004661083122252531,0.0
S18257,0.002598365438541867,0.0
S18258,0.0005798539018485714,0.0
S18262,0.0017720902100956928,0.0
S18264,0.00034177350534266915,0.0
S18265,0.0005231506124031783,0.0
S18266,0.0020060621557175815,0.0
S18268,0.0002748980491339436,0.0
S18271,2.8360167433107156e-05,0.0
S18272,0.0018087483990455308,0.0
S18273,3.5825813578661914e-06,0.0
S18274,0.00292807402874836,0.0
S18279,0.000573226318201483,0.0
S18281,0.00024003939294775544,0.0
S18282,0.00046553363478512634,0.0
S18283,0.00017856040651088124,0.0
S18284,0.0033757806018787024,0.0
S18285,0.0020265170028520444,0.0
S18290,0.0006278465514227973,0.0
S18291,0.00013785371479064457,0.0
S18292,0.0011115829721473963,0.0
S18294,0.0029622783609801317,0.0
S18296,0.0014539929632297857,0.0
S18298,0.0010916877775045428,0.0
S18299,0.0002613460420542447,0.0
S18300,4.6019190586850874e-05,0.0
S18303,0.0012365959774434255,0.0
S18305,0.000865812293483944,0.0
S18306,0.0002040468524967506,0.0
S18307,2.6885452166222648e-05,0.0
S18308,0.0006030513754474316,0.0
S18314,0.00036776264368676626,0.0
S18315,0.00010517656391357355,0.0
S18318,1.0694309582249159e-05,0.0
S18321,0.00039032813285101687,0.0
S18322,3.161240648988181e-05,0.0
S18325,0.0016059242934699782,0.0
S18326,0.0030848642384955095,0.0
S18327,0.0034426946852547744,0.0
S18330,0.002957662111738055,0.0
S18331,0.006130554491717961,0.0
S18332,0.0019431649621884707,0.0
S18334,5.594071844646611e-05,0.0
S18335,0.001311042255858962,0.0
S18336,0.0008006942375833895,0.0
S18337,0.0004127093472947522,0.0
S18338,0.0014419042998802553,0.0
S18339,0.0010113689456974781,0.0
S18342,0.0028986367489151794,0.0
S18347,0.0022426401809492623,0.0
S18350,0.001069004513444632,0.0
S18351,0.003621992909560062,0.0
S18352,0.0018768324751343743,0.0
S18353,0.0010297592268794127,0.0
S18355,0.0016169902952897853,0.0
S18357,0.003513544610537279,0.0
S18359,0.003702354991023433,0.0
S18360,0.0028511981190324515,0.0
S18361,0.0027072841850789876,0.0
S18363,0.0014668930439508403,0.0
S18364,0.005340383528827088,0.0
S18366,0.004705229230354585,0.0
S18368,0.002609190363360455,0.0
S18370,0.0023475206718258238,0.0
S18371,0.0005333964621446625,0.0
S18372,0.0026687711389823997,0.0
S18373,0.0015338914256835712,0.0
S18374,0.001228068109800586,0.0
S18375,0.0032283232820777405,0.0
S18376,0.0028371828927393097,0.0
S18377,0.00043018376864611767,0.0
S18378,0.0025480799817165474,0.0
S18381,0.005427356657967051,0.0
S18382,0.0028017468273507785,0.0
S18383,0.005430008266011633,0.0
S18384,0.002895144334112412,0.0
S18385,0.002567343575789341,0.0
S18388,0.000813712958081455,0.0
S18390,0.001244131794253777,0.0
S18391,0.00010939752939685495,0.0
S18392,0.00050421433251217,0.0
S18393,0.00028737051429534384,0.0
S18394,0.0013058094065810653,0.0
S18397,0.002147916822184201,0.0019926947889227
S18398,0.0015911958268759368,0.0020101762645505
S18399,0.0004880521102866254,0.0040430663851976
S18401,0.0012527114217536735,0.0
S18402,0.00042082105997718315,0.0
S18406,0.0007427205537996475,0.0078765115136531
S18408,0.0019411931125918804,0.002033418434145
S18410,0.002243347339625283,0.002033568196139
S18411,0.0020293892583140754,0.0078907676430896
S18414,0.002115620966516612,0.0039663538274915
S18415,0.001622367064633954,0.0099657515018808
S18416,0.00228134979367508,0.0
S18417,0.002061623222350641,0.0040339108237862
S18418,0.001297540626171842,0.0040161616161616
S18419,9.515426278847501e-05,0.0
S18421,0.00022849888208579047,0.0
S18422,0.0011152284061664562,0.0
S18423,0.0007035775540018972,0.0
S18426,0.0008926241099992015,0.0
S18428,0.002141978891370168,0.0
S18429,0.0032973355381071064,0.0
S18430,0.001434934152567826,0.0
S18431,0.0032292256733198743,0.0
S18432,0.001606934584448702,0.0
S18434,0.0015619689901256227,0.0
S18435,0.0015768213992618163,0.0
S18436,0.0032364744772634194,0.0
S18439,0.0005874912319421852,0.0
S18441,9.879220178647707e-05,0.0
S18442,0.00024110832869214116,0.0
S18445,0.0004800192169619398,0.0
S18448,0.0004130747198837221,0.0
S18449,0.0011743740363769446,0.0
S18450,0.002542190368730211,0.0040621500788727
S18454,0.0024243246299741625,0.0
S18458,0.0016622796474484664,0.0101193966640604
S18461,0.004370071316198156,0.0020089087219783
S18467,0.0027704992035593287,0.0
S18468,0.004613592191955106,0.0
S18469,0.0031540419525317304,0.0
S18470,0.002419946243671929,0.0099116131399671
S18472,0.002608140120264329,0.0019807109835804
S18478,0.003773041345831754,0.0019741023196695
S18479,0.002094239408975695,0.0
S18481,0.002774942447170235,0.0
S18483,0.001023721840834959,0.0
S18484,0.0019392121674432746,0.0
S18487,0.001836559140220282,0.0
S18489,0.0021076217584707294,0.0
S18490,0.005648268858688925,0.0
S18491,0.0029070336019247304,0.0
S18493,9.606700768041326e-05,0.0
S18494,0.000494909541991963,0.0
S18495,0.00022711833033987617,0.0
S18496,0.002116825767926314,0.0
S18498,0.001017272748818405,0.0
S18499,0.002159813360056064,0.0
S18500,0.0011436763776129797,0.0
S18501,0.0012225970948908532,0.0
S18502,0.003890932205469653,0.0033444365936543
S18503,0.00272839200336469,0.0096654998055231
S18505,0.0018222024801182264,0.0127097784739315
S18506,0.0037169457691483897,0.0063113114702054
S18507,0.0034864760478219062,0.0
S18508,0.003862135303436603,0.0178632212997084
S18509,0.0011768540433513806,0.0083798588322573
S18510,0.0014853905044044868,0.0010857692139642
S18514,0.0034774322583649023,0.0071876304165478
S18515,0.0012494201877309937,0.0113305229822881
S18516,0.002656887768135823,0.009378125255524
S18517,0.0030500288163523804,0.0033132228925702
S18520,0.004306239403873494,0.0123803533507289
S18521,0.002670904076512502,0.0213368365241992
S18522,0.003288390352880622,0.0077797083559747
S18523,0.0025804398884523255,0.0044428651563606
S18524,0.004598526288585668,0.0116433352714045
S18525,0.0027042828317606917,0.0096637457222855
S18526,0.002457745722237067,0.0201098021176731
S18531,0.001249029817539419,0.0137610966279882
S18532,0.0034254768601380227,0.0010814456992405
S18537,0.004685730669577759,0.0118312590216866
S18538,0.0015027933914211452,0.0053398485932668
S18539,0.003155056355699057,0.0076725947881931
S18544,0.0015005823058977894,0.0
S18548,0.0018667882564151457,0.0
S18549,0.003243892308483454,0.0258041336456827
S18552,0.004145848697836002,0.00668779309556
S18553,0.0019473345038946415,0.0146056495609698
S18554,0.002153379620053059,0.0103458253449822
S18555,0.0025701046768810735,0.0199171787336361
S18556,0.002735393869168938,0.0117342021837163
S18557,0.0020960040992306665,0.012457467274083
S18559,0.003937311514630126,0.0054280634155078
S18561,0.004045854089847858,0.0022222222222222
S18563,0.002041934425697156,0.0165486837636435
S18564,0.0037026800342509483,0.0097331383659294
S18565,0.00320709057810408,0.0
S18566,0.0035641784437985173,0.0131138024749993
S18570,0.00249157780282447,0.0051840818438224
S18571,0.0009144811971188668,0.0086157953358556
S18575,0.00018193702484097524,0.0
S18576,0.0001417961981147679,0.0
S18578,0.00012183731872158529,0.0
S18579,0.0007814101478838763,0.0
S18580,0.0016429619419964393,0.0
S18582,0.0006618447615632834,0.0
S18584,1.6494558258939125e-05,0.0
S18586,6.694789904389512e-05,0.0
S18588,0.00014818221468141654,0.0
S18590,0.00044740899716058386,0.0
S18591,0.00021671281836321376,0.0
S18592,9.178394369472527e-05,0.0
S18600,8.157034801110044e-05,0.0
S18601,6.929960159172404e-05,0.0
S18602,0.0002945785193403464,0.0
S18604,7.430670198298673e-05,0.0
S18608,6.151936353470889e-05,0.0
S18610,0.00013621462692732077,0.0
S18611,2.4747584944688856e-05,0.0
S18612,2.6486188185612652e-05,0.0
S18613,5.420468367851863e-05,0.0
S18614,8.366853991338265e-05,0.0
S18615,6.243502231239298e-05,0.0
S18617,0.00032909119929188806,0.0
S18618,0.0003455955230050227,0.0
S18619,0.0013292892016967563,0.0
S18620,0.00034655418817394865,0.0
S18621,4.971262538271671e-05,0.0
S18623,0.00025227012150406324,0.0
S18624,0.003183079533768313,0.0
S18625,0.0006766253624059945,0.0
S18627,0.00018782620565535547,0.0
S18628,0.0004157864188120581,0.0
S18629,4.971825664623182e-05,0.0
S18631,0.0009138759371307749,0.0
S18632,0.003740206596981775,0.0
S18633,0.000707843894626021,0.0
S18634,0.00208818118472331,0.0
S18635,0.0018269723967348495,0.0
S18637,0.0006479101130511252,0.0
S18640,0.002816312514910868,0.0
S18642,0.0027175224473519766,0.0
S18643,0.001134112888218191,0.0
S18644,0.001160935633144549,0.0
S18646,0.00322872557310306,0.0088145182386925
S18648,0.0029437275776774403,0.0032684466657898
S18649,0.002198392038140194,0.0096951647722839
S18650,0.0012332674482168678,0.0
S18652,0.003076567518617548,0.0
S18653,0.0013176744680692518,0.0082849385401754
S18654,0.0026629938267058928,0.0
S18656,0.0023138001261492564,0.0064005151320025
S18659,0.0019530702078019307,0.0086000294165996
S18661,0.002979740041171462,0.0173344755950551
S18662,0.003220697902103665,0.0097674418604651
S18663,0.0010645582988709347,0.0077234391615439
S18666,0.003112251524863285,0.0
S18667,0.0021353797841180415,0.0073883884011434
S18668,0.002714772655435096,0.0032043222890595
S18669,0.0024300722720328118,0.0065304942546104
S18670,0.0023244402142060575,0.0032210398060895
S18672,0.0038178737519335773,0.0
S18673,0.0037627122857587605,0.0071880313802301
S18674,0.002885581619972943,0.0135595710298222
S18675,0.0025401410683656566,0.0010802257824029
S18676,0.0032435065597116444,0.0103302134841502
S18677,0.0017363025907980692,0.0131438016528925
S18678,0.006516434374622649,0.0061599097703357
S18679,0.002719674581373449,0.0082652530921941
S18682,0.003274638269311533,0.0153209629438796
S18684,0.0026384396752669546,0.0085901632260643
S18688,0.004146228543059779,0.0022193345568698
S18689,0.0026787406417157276,0.01113381184082
S18690,0.002636207776539598,0.0054977754473994
S18691,0.002391610711958667,0.0114600627190555
S18692,0.0025686893361586824,0.023571767343595
S18693,0.0029034099133175948,0.0086441735530901
S18695,0.004175603688923198,0.0088936011255684
S18696,0.0015234268280249887,0.0108152335938129
S18697,0.0026595475819089047,0.0117649590582867
S18700,0.002114269159795859,0.0100239337385037
S18702,0.003124634644741409,0.0075676004898601
S18703,0.004749412878270387,0.0085665654019348
S18704,0.002555691027816201,0.0043282126310655
S18705,0.0008913417348513185,0.0208291423590156
S18706,0.0024197896098473314,0.0076363692236101
S18707,0.001636905771480411,0.0021662003016117
S18709,0.0020558562203445725,0.0107733860513914
S18711,0.0014098519163916062,0.0
S18712,0.003868264414390535,0.0
S18714,0.0018845185126112511,0.0044428949438604
S18715,0.002974408833101418,0.0125703446095478
S18716,0.0023037422555323636,0.0
S18718,0.0014652041757091748,0.0
S18720,0.00081932275149099,0.0093057800690287
S18723,0.0037533062889716735,0.0062049764660349
S18726,0.0033066262737369463,0.0074405812165425
S18727,0.0021932376187190836,0.013674508185445
S18728,0.001250393804565243,0.0097845560200284
S18729,0.0021466382750213444,0.0197117241235348
S18732,0.0028704215139568967,0.0107127075991248
S18733,0.0018195187751480185,0.0055696009610643
S18734,0.0016395857621884294,0.0073268636221958
S18735,0.0017841678704411663,0.0
S18741,0.003057670737791028,0.0197183922086979
S18743,0.0029190028245577415,0.0087784953358723
S18744,0.0016547360976486827,0.0086599321319202
S18746,0.0033746718083598097,0.0246194866758416
S18747,0.003315192354828427,0.0010291389192591
S18751,0.004205690944000841,0.0166317522571663
S18753,0.003363690073429185,0.0133763961781725
S18754,0.003085793429634919,0.0110901358039567
S18756,0.003660218514642776,0.0131160519891799
S18760,0.003440941892685908,0.0265114175126849
S18761,0.002242620575366536,0.0
S18762,0.0018416357073047633,0.0031554954508803
S18763,0.0026845804204983247,0.0119902972242692
S18764,0.005701630597908375,0.003201329485726
S18765,0.004192826461736579,0.0041052072943834
S18766,0.001992980767740303,0.0119236901280046
S18767,0.0019655298394418807,0.0066314855461635
S18768,0.0016544475157614013,0.0
S18770,0.0033757643141415503,0.0133848619096993
S18772,0.0034929214268265433,0.0
S18773,0.0020862557080341218,0.004390789061016
S18774,0.004725087941080684,0.0
S18778,0.00537014388700031,0.0074031514996754
S18779,0.0022499107954327474,0.0
S18780,0.001002764280635622,0.0085641297370881
S18781,0.0030626584865018373,0.0073421253120772
S18784,0.0013235727478528526,0.0200499816337666
S18785,0.0020989119685515213,0.0
S18786,0.006771143635314683,0.0093637545452832
S18787,0.0027780774519577107,0.0123765766438808
S18788,0.004795512870001917,0.0071926679857014
S18790,0.0014875886558388491,0.0088217348376432
S18791,0.0012694158896462385,0.00625830295475
S18794,0.0015200190407492387,0.0021557426468355
S18796,0.0019205857023034453,0.0116712993206864
S18797,0.0028461386757554037,0.0114857043213728
S18799,0.0003280040060853077,0.0
S18801,7.935607713083592e-05,0.0
S18803,9.367294611574142e-05,0.0
S18806,0.002423172696122449,0.0
S18807,4.73805173707053e-05,0.0
S18808,0.0033968381087531576,0.0
S18809,0.00016813143514246245,0.0
S18810,0.00021334496246787108,0.0
S18811,0.00020982954409456348,0.0
S18814,0.0013691074777903843,0.0
S18815,0.0006882641279175695,0.0
S18816,0.00030451957858263667,0.0
S18817,0.0015769494110579674,0.0
S18819,0.0009081675584578985,0.0
S18820,0.0029225851470158115,0.0
S18822,0.0007342265499945651,0.0
S18825,0.002697152851853746,0.0098720147252587
S18826,0.002587212327632404,0.0074840380677026
S18827,0.001613033505283349,0.010723108622717
S18828,0.0035407111345623927,0.0072586231357919
S18829,0.0009721532535249565,0.0032417553746608
S18830,0.0022775801338179398,0.0042678894985873
S18831,0.0020427527909589204,0.0061657176175766
S18833,0.005036051667288792,0.0
S18834,0.002457953795765121,0.0053924791733123
S18838,0.0017234421577766766,0.0020573448660552
S18840,0.0026586987959918455,0.0104193527422604
S18841,0.0019292505315918879,0.0181879630945154
S18842,0.002956326128100888,0.0065977246478779
S18843,0.003096338652793781,0.0086528082454124
S18844,0.0029869240324088085,0.0075143959324201
S18845,0.0013602645231051017,0.0010551546534018
S18847,0.001322898961574115,0.0073986172518145
S18849,0.0010931244776118182,0.0099001354545696
S18850,0.0027767174945008367,0.0116883672204049
S18851,0.0027436375223257553,0.0113892274199764
S18853,0.005047899355289192,0.011593778761775
S18854,0.0017251579921235142,0.0162069797624715
S18856,0.0008382904731191259,0.0092844555423404
S18859,0.0023766268303405114,0.0
S18860,0.002340057109901953,0.0226332361819506
S18862,0.0007343475164965263,0.0164841360919662
S18863,0.002987609875118244,0.0053273821008536
S18864,0.0025892454548447747,0.0087227414330218
S18865,0.005099946183991819,0.009852705033404
S18867,0.0009492754882975932,0.0095905830894413
S18869,0.0024542194245258343,0.0172655997255568
S18871,0.0020447113914528366,0.0100038915205109
S18872,0.001064777812018713,0.0116754868167587
S18873,0.0015819512327818624,0.0159960347857432
S18875,0.0024896942218650834,0.0053459139791885
S18876,0.0021028527310588017,0.0022169586182593
S18877,0.00171109997528985,0.0117552449206461
S18885,0.003371767811194829,0.0162604285947979
S18886,0.002471575493197215,0.0118855060742827
S18888,0.0024498065154361145,0.0117422167810389
S18892,0.0017747939528278648,0.0074709718705775
S18893,0.003040980494501743,0.0142114003541302
S18894,0.0024253242166784625,0.0044057647259583
S18896,0.0019225129041671222,0.0192321335285354
S18897,0.001165843629583187,0.0062936487333557
S18900,0.0031091677327141297,0.0
S18901,0.0017917858256538302,0.0
S18904,0.001377857877227887,0.0
S18905,0.002297297334393905,0.0
S18906,0.0001234407624915231,0.0
S18907,0.0012995339383307456,0.0
S18909,0.00030829782520529566,0.0
S18914,0.001059507550019843,0.0
S18916,0.0022575024092658697,0.0
S18917,0.004200573302008529,0.0
S18922,0.0002962860439396915,0.0
S18923,0.00023279011775048438,0.0
S18925,0.0005759063262200975,0.0
S18926,0.0025726185181105823,0.0
S18928,0.0007363925890739176,0.0
S18929,0.00028729830483260237,0.0
S18930,0.0015477670036455765,0.0
S18931,0.0009490501434108465,0.0
S18933,0.0003707741694353333,0.0
S18935,0.0035938528561285806,0.0
S18936,0.0014164682356332752,0.0
S18938,0.003124466721047977,0.0
S18939,0.002877367402563059,0.0
S18940,0.004001043749213655,0.0253942653524118
S18941,0.0016258227636160277,0.0121625920759611
S18942,0.002070838669953019,0.0063979608913376
S18943,0.0020458171262333212,0.0097424873073228
S18949,0.0018158159574711303,0.0
S18953,0.0016124564768343773,0.0123305938905256
S18956,0.0016671327377791921,0.0
S18957,0.0029887789517122447,0.0210231269981209
S18958,0.002649059004563181,0.0043951865190697
S18961,0.0006101952193946808,0.0042361594995024
S18968,0.0015010055763054917,0.0
S18969,0.0008540924676631456,0.0
S18972,0.0023341575230147707,0.0
S18974,0.0024917191567129884,0.0
S18975,0.002867176494219023,0.0
S18976,0.00105299875654953,0.0
S18977,0.0028722317939192474,0.0
S18979,0.0028449879389295775,0.0
S18980,0.003167746718704253,0.0
S18981,0.005036106542808446,0.0
S18982,0.001039351546752347,0.0
S18985,0.0025718603255650563,0.0
S18986,0.0007248502195254733,0.0
S18989,0.00018481369696333634,0.0
S18992,0.000164475123217879,0.0
S18993,3.093586873473366e-05,0.0
S18995,0.001479381328674706,0.0
S18996,0.0006047085673362408,0.0
S18997,0.0005012542444759,0.0
S18998,0.0004912032668185446,0.0
S19000,0.00018212894948749046,0.0
S19001,0.003373236960617175,0.0
S19002,0.0013142876362759316,0.0
S19005,0.0013362744552594223,0.0
S19006,0.00041354434575154313,0.0
S19007,0.00021365259835006502,0.0
S19008,0.0009743055560635282,0.0
S19009,0.0009095188338894434,0.0
S19010,0.00015897465769680892,0.0
S19012,0.0011477992080960694,0.0
S19014,0.0011268445769359382,0.0
S19015,0.001787544348733485,0.0
S19016,0.0006429060290719669,0.0095966324895248
S19019,0.0009033655305193609,0.0104464874999474
S19020,0.0018223117031958298,0.0
S19021,0.0012262685698314578,0.0177600366593726
S19022,0.0006417443675003542,0.0
S19023,0.0023368169494706274,0.0094482500776264
S19028,0.003160527906051526,0.0
S19030,0.004288048015885559,0.0
S19031,0.001100694580066324,0.0115485198375982
S19036,0.001864705054193934,0.0191620614316925
S19038,0.001117251649713262,0.0
S19040,0.00046588384437806416,0.0
S19041,0.0001932944276759574,0.0
S19042,0.0007359060245427877,0.0
S19043,0.0008951195260571984,0.008293596659199
S19045,0.0015866284898302036,0.0
S19046,0.00207988164307521,0.0
S19051,0.0006180627599591106,0.0
S19057,0.0027006190379147877,0.0
S19059,0.0004835675257337742,0.0144832997085855
S19061,0.001533005997293035,0.0
S19062,0.0032475484931290977,0.0
S19063,0.0023658629582451636,0.0338983423761182
S19064,0.000879418286381217,0.0173101370530971
S19065,0.0036018091726170024,0.0063749005925963
S19067,0.0014675230930203333,0.0108423431677967
S19068,0.0005501428703567387,0.0095213768000255
S19070,0.0025307004297331188,0.0064639475600873
S19071,0.0020282138543781664,0.006619209024499
S19072,0.002389203723025973,0.0155950924095516
S19073,0.0032798357742184502,0.0043655080941965
S19075,0.0012741412314483465,0.0051458544292657
S19078,0.0021428847844138627,0.0066747695055701
S19079,0.00011361293374035588,0.0119164388876537
S19081,0.002224425245290981,0.0160368104494179
S19082,0.0037263826868393713,0.00832584719055
S19083,0.003597178826234814,0.0
S19084,0.0019827067279103005,0.0
S19087,0.0018264535080946163,0.0116419963670668
S19090,0.002798076546725039,0.0103269293903994
S19094,0.0023154815610697743,0.004330984841553
S19096,0.0020063016330318473,0.0076464899556024
S19098,0.004662711170880449,0.0096766028698818
S19100,0.003266278594689174,0.016694322586713
S19101,0.002738969132040067,0.0072363836801763
S19102,0.0025118954621598222,0.0122445597154657
S19103,0.003261137039425277,0.0031559162316963
S19104,0.0011157361413398586,0.0191742594247722
S19109,0.0016760379689311053,0.0052769832219539
S19115,0.0007533562368003116,0.0097243781224319
S19116,0.0019978916758303824,0.015689319897972
S19120,0.003517393889824072,0.0
S19122,0.0025122743958839364,0.0
S19123,0.00120612366276628,0.0
S19124,0.0026367408901588826,0.0
S19125,0.0010031740396340932,0.0
S19126,0.002547462458859903,0.0
S19127,0.0016592089583122665,0.0
S19128,0.002526172161695808,0.0
S19129,0.002374910201588561,0.0
S19130,0.0002977814929768571,0.0
S19132,0.0005815941361229319,0.0
S19133,0.0033860282238351845,0.0
S19136,0.003536697579539737,0.0
S19137,0.0003456616685161371,0.0017117684945047
S19138,0.0018810462593616172,0.0017373491617377
S19139,0.0029711501204343392,0.0
S19140,0.0016138109836632479,0.0017576432726822
S19141,0.004340849827863024,0.0017372216338272
S19142,0.001359976945747496,0.0068175582990397
S19143,0.0008908091593474211,0.0087278423439085
S19144,0.003162266152910864,0.0
S19146,0.0031616817210908914,0.0017032505697493
S19148,0.002080896033745551,0.0
S19149,0.003838743228747393,0.0175481337895141
S19150,0.0008786509821116653,0.0034343601862984
S19151,0.004506822865166864,0.0034648512797989
S19152,0.004474685846105111,0.0
S19153,0.0032462615546696434,0.0052415655090224
S19154,0.0022714298283090257,0.001706847997802
S19159,0.002952089688394564,0.0
S19162,0.0011952083799888174,0.0
S19163,0.0012146205162112558,0.0
S19165,0.00409868969346116,0.0017396113351254
S19166,0.003635146368506462,0.0
S19167,0.0014469345514614765,0.0
S19169,0.004398911847103058,0.0
S19170,0.004385649732268113,0.0029307528555675
S19178,0.002691877574886388,0.0
S19180,0.004492600900523086,0.0
S19181,0.0025311724682067485,0.0
S19183,0.001561791122749373,0.0
S19184,0.0007676673258827091,0.0
S19186,0.002163927883455629,0.0
S19191,0.003531429911515822,0.0
S19192,0.002848935028515092,0.0
S19193,0.004445925217219053,0.0
S19194,0.0009621537937313444,0.0
S19195,0.0022262865368009874,0.0
S19197,0.0007976513403796363,0.0
S19198,0.0032553229877058825,0.0029588617014943
S19199,0.0034330454316850107,0.0
S19200,0.0030488164538562735,0.0
S19203,0.00032458105845861214,0.0068139830610139
S19204,0.002062018399514085,0.0034073068564337
S19211,0.002803589320963921,0.0
S19212,0.004317581855747545,0.0
S19213,0.0010076920830634373,0.0
S19216,0.0014188204230173667,0.0
S19217,0.0002652346801919708,0.0
S19218,0.0023086046710102575,0.001709895720444
S19219,0.0009886844723789412,0.0
S19221,0.00159221032116732,0.0
S19222,0.0006422346820044759,0.0034614125627685
S19223,0.0012480780020553278,0.001746912148245
S19226,5.204289900414319e-06,0.0068675814229849
S19227,2.8725217451120712e-05,0.0121475584420119
S19229,0.0003013774357908611,0.0051887038680377
S19232,7.809836312990874e-06,0.0
S19235,0.00022246258741926616,0.0
S19237,0.0007014507300339766,0.0034372103960053
S19238,0.0011305112803005996,0.0052027175562929
S19240,0.00040489429317049606,0.0068910056431374
S19242,0.0003581984371397383,0.0016989884694404
S19244,0.001356206533868543,0.0
S19247,0.0015706323359995764,0.0
S19248,0.00254521947867512,0.0034202150537634
S19251,0.004227332352235947,0.0
S19252,0.0025437334392051595,0.0051114859305578
S19253,0.0018715169101024137,0.0
S19255,0.003041791632430206,0.0017130606223545
S19256,0.0038732416097025874,0.0
S19259,0.0036712266217539956,0.0035111516153416
S19260,0.006145762500516957,0.0
S19261,0.0005842245571786979,0.0
S19262,0.0019256356000540225,0.0069467740131946
S19264,0.0018304819116239065,0.0
S19266,0.0005920628262661613,0.0
S19267,0.002350330510169075,0.0
S19268,0.004728331233616717,0.0
S19269,0.0023019391023380775,0.0051970051865484
S19270,0.001970548778182254,0.0034866182609
S19272,0.0031741051670065488,0.005091430620294
S19276,0.0024883413168835895,0.0158618708709667
S19279,0.004453701332356758,0.0222771594466741
S19281,0.0010329218580408693,0.0085123145959647
S19282,0.0037263044230974344,0.0
S19283,0.004532798680879941,0.0140469881646352
S19284,0.004091378476803487,0.0067891305609911
S19285,0.0040949618514446486,0.0051841575483211
S19287,0.003381051334157424,0.0017424290231879
S19288,0.0039061095186201534,0.0068057951962314
S19290,0.004168128926745228,0.0
S19291,0.00434647276201136,0.0
S19292,0.0035299416957389313,0.0034090948064464
S19295,0.003955815075035748,0.0
S19296,0.004657603404835291,0.0017617179053634
S19297,0.0038512839859590102,0.0136938649693988
S19299,0.0020035420441988044,0.0035217879628547
S19300,0.0010737780424786164,0.0087594997391537
S19301,0.0025012940094178474,0.0
S19303,0.002649061318525405,0.006804467399824
S19305,0.0049812780587893245,0.0085389026908711
S19310,0.0029538351600626508,0.0034806115231352
S19313,0.0035928150859710385,0.0
S19314,0.0019422841809710878,0.0
S19315,0.0017995751368563135,0.0
S19316,0.0012932585199634972,0.0
S19317,0.0003177201644008935,0.0
S19318,0.0023138976965096825,0.0
S19319,0.0024510161065912596,0.0
S19321,0.003474748648413656,0.0029874072070447
S19322,0.00045847669537982586,0.002987946012565
S19323,0.0002934446087971304,0.0
S19324,0.0013678930393856564,0.0
S19325,0.0028460474008692393,0.0
S19326,0.0011688591747499378,0.0
S19329,0.003095918931874449,0.0
S19331,0.0028655370390966183,0.0
S19333,0.0016925478429754615,0.0
S19336,0.002300338747768908,0.0
S19337,0.0017303125068908237,0.0
S19338,0.0012359553344739554,0.0
S19339,0.002373550178786794,0.0017363112643629
S19340,0.0014261849223779783,0.0068344334433443
S19343,0.0008148204024341903,0.0
S19344,0.0033362388293177257,0.0052445523136178
S19346,0.0014284691060113459,0.0069719159442246
S19347,0.002371484571582245,0.003446685599165
S19350,0.0016769452405906563,0.0
S19351,0.002049619139988815,0.0051123797767834
S19352,0.001247182039757642,0.0138172138297243
S19354,0.0025618057093647205,0.0
S19355,0.0023939768502003033,0.0
S19357,0.002455676985453103,0.0
S19359,0.0020522186739420564,0.0034214158603621
S19360,0.0005331968426424511,0.0068848484848484
S19361,0.0006840492843392472,0.0068525967825886
S19368,0.0031427139139716715,0.0
S19369,0.0029528761561204205,0.0050975927464434
S19371,0.0025374777834703058,0.0068030702790011
S19372,0.0034285766528537103,0.0017496611571702
S19374,0.0012968865714078318,0.0051632072139458
S19375,0.004566928074616676,0.0
S19377,0.0038558579634318598,0.0034108495211428
S19379,0.0028412070207879028,0.0
S19381,0.0002886376661984836,0.0070147210342832
S19383,0.0008886582622207311,0.0
S19384,0.0010692513849155465,0.0034863614522063
S19386,0.0020121072827903475,0.0
S19387,0.0035654126556308955,0.0087631138146874
S19390,0.0025047583110163443,0.0087575549329527
S19391,0.0029747022306563136,0.0069737502148602
S19392,0.001706144161857686,0.0034499873315354
S19394,0.0029175312577162196,0.0088120567375886
S19395,0.0004073616672222775,0.0103616140767843
S19397,0.0010485792096050122,0.0
S19398,0.003054507374950534,0.0017399036576485
S19400,0.0010036254500462938,0.0034044360418122
S19401,0.0023859800465499525,0.0
S19402,0.0031769917013426416,0.0034815624299484
S19405,0.0031132786387275055,0.0017240601790663
S19406,0.003266044130706933,0.0
S19407,0.0014705260582458766,0.0017478152309612
S19408,0.0033569704681211112,0.005179511229222
S19409,0.003169805111315834,0.0017577738165973
S19410,0.002880745414191939,0.0017440248725317
S19411,0.0016536718348208474,0.0029244411492994
S19414,0.00011991647742949632,0.0052789786185433
S19416,0.00013376051383140122,0.0189260578617397
S19418,0.00032321367049981353,0.0
S19419,0.0009656303236506415,0.0
S19423,0.001400663079871495,0.0
S19426,0.0007739511842294806,0.0
S19427,0.0013250780042245076,0.0
S19429,0.002227585958927914,0.0
S19431,0.0012088430356267772,0.0
S19433,0.002351875123423798,0.0
S19435,8.064737235847817e-05,0.0
S19436,5.550778604029059e-05,0.0
S19438,0.002151361502050795,0.0034692773502259
S19441,0.001060900119133073,0.0034087090114743
S19443,0.0013344236070170208,0.0052396866730625
S19444,0.0006406411631090535,0.0034791130711748
S19445,0.0011039832797409533,0.0087294059788527
S19447,0.0029587508621753376,0.0017379688494436
S19449,0.0018363693248440957,0.0
S19450,0.0024940550099326504,0.0017040915340595
S19451,0.001701121302033804,0.0034441060396591
S19452,0.0008172832648754824,0.0
S19453,0.0025158216198328063,0.0051832924857902
S19458,0.002051727023820378,0.005159830151265
S19459,0.0015975299654380735,0.0
S19460,0.00029230481501192726,0.0087565365695519
S19461,0.00032345425638054823,0.0
S19463,0.0012156291657105204,0.0085398710599749
S19464,0.002677112932786262,0.001723593814483
S19465,0.002336912396594523,0.0
S19466,0.0012433859410166746,0.0029647923452282
S19468,0.000990465807067294,0.0
S19471,0.002222216739525452,0.0
S19473,0.0015787995711268397,0.0
S19476,0.0008941315614646582,0.0
S19477,0.000727458575381634,0.0
S19478,0.001809627437681094,0.0029246476593991
S19481,0.0012735074191555246,0.0
S19482,0.0015443864351256332,0.0017619989647812
S19484,0.002528499598047054,0.0
S19485,0.001964272107084701,0.0052770168397358
S19486,0.0012043450984775901,0.0
S19489,0.0012325636714705086,0.0
S19490,0.002051180936693382,0.0017368391624031
S19491,0.002479053767704982,0.0
S19496,0.0009844931711457225,0.0
S19497,0.0017090136200359892,0.0
S19498,0.002204522571157805,0.0
S19500,0.004792636468732895,0.0
S19501,0.003650384459433687,0.0
S19502,0.0019989876657370907,0.0
S19503,0.0036119399280904853,0.0
S19505,0.003940972564485055,0.0
S19506,0.0001114688008836116,0.0
S19507,0.0006132936902304354,0.0059468255677603
S19508,0.0015384111785997062,0.0
S19509,0.0006636721535810011,0.0
S19512,0.0014255393050064628,0.0
S19515,0.0010745575746108674,0.0029868147453695
S19516,0.0009724298403264132,0.0
S19518,0.0019911461553913947,0.0
S19519,0.0015545962055164596,0.0
S19520,0.0005133878070169113,0.0
S19522,0.0032425678888059143,0.0
S19523,0.000354402226731064,0.0
S19524,0.0007023901463495601,0.0
S19526,0.00121089602688931,0.0
S19528,0.003998227751326999,0.0
S19529,0.0018369003516467567,0.0051930411159291
S19531,0.00025276066699662323,0.0
S19532,0.0029039812327388225,0.0
S19533,0.0011784387867915236,0.0
S19534,0.00016486749610015593,0.0086239805656775
S19536,0.0008829217553546361,0.0070242385697123
S19538,0.0010039282054305858,0.0070161321630368
S19540,0.002607377413946051,0.0
S19541,0.002081331715358507,0.0
S19544,0.001170141762067677,0.0
S19545,0.0015689467570133096,0.005138384872264
S19546,0.0015403746207038925,0.0029695752969575
S19549,0.0006209120382835023,0.0087926007699275
S19552,0.0025661744245056607,0.0034441418404329
S19554,0.0031658342809118482,0.0085886602035702
S19558,0.0008673484900869805,0.0170430190490886
S19559,0.0024633152461643595,0.0
S19560,0.0016362322329476096,0.0035072491381834
S19562,0.001160233552360999,0.0102973168963016
S19563,0.0016742654733708298,0.0
S19565,0.0004236834355630873,0.0
S19566,7.857585455028047e-05,0.0
S19567,0.0016742724597351157,0.0
S19569,0.0015141294252150406,0.0
S19570,0.0011732417255220973,0.0
S19571,0.0014187574768365551,0.0
S19572,0.0015801101577212176,0.0
S19574,6.109857472279615e-05,0.0
S19575,0.0007912503632670764,0.0
S19579,2.967584620322436e-05,0.0
S19580,0.00025440105983124415,0.0
S19582,7.75323458828012e-05,0.0
S19588,0.00039017171450352143,0.0
S19589,0.003245136407389409,0.0
S19590,0.00041271628778902946,0.0
S19591,6.593301285958073e-05,0.0
S19592,0.0014005774432826292,0.0
S19593,0.00028924979844259697,0.0
S19595,0.000128721569096585,0.0
S19596,0.00010517210564732165,0.0
S19598,0.00022780953619890628,0.0
S19600,8.403445346077719e-05,0.0
S19602,0.0007735810668386887,0.0
S19604,0.000846278750235161,0.0
S19607,0.0005272918866087971,0.0
S19609,0.0015447561400184207,0.0
S19610,6.41442408847907e-05,0.0
S19611,0.0005176955386669445,0.0
S19613,0.002624939826031813,0.0
S19614,0.0020680158810602828,0.0
S19615,0.003418126082455821,0.0
S19616,0.002001149263916481,0.0
S19617,0.0006569253675482375,0.0
S19620,0.0006594200260027429,0.0
S19622,0.002917627143437245,0.0
S19624,0.00268829350071496,0.0
S19625,0.0007325949916898899,0.0
S19626,0.002204279729596112,0.0
S19629,0.002111848073349554,0.0
S19630,0.003103813589730421,0.0
S19631,0.003091391245780236,0.0
S19633,0.001135357391198266,0.0
S19634,0.003259861306982028,0.0
S19635,0.002518857593446721,0.0
S19636,0.0009953841312588733,0.0
S19641,0.0005465986064799893,0.0
S19642,0.0001945002958289525,0.0
S19644,5.27330205213068e-05,0.0
S19645,9.567441892285102e-05,0.0
S19646,0.00045918938947219477,0.0
S19647,3.110624164717295e-05,0.0
S19648,0.0005150947741709364,0.0
S19649,2.051754145666615e-05,0.008458638618706
S19650,4.263796921990574e-05,0.0
S19651,0.000564173771058341,0.0
S19654,0.0030152615788365646,0.0
S19655,0.005672907761681447,0.0
S19656,0.004585560196337106,0.0
S19657,0.002365011227518287,0.0
S19658,0.0033909366322455565,0.0
S19660,0.0010580389277809563,0.0
S19661,0.003903381912120513,0.0
S19663,0.0042799002770245705,0.0
S19664,0.0016332985345947652,0.0
S19665,0.0003422262123449705,0.0
S19667,0.0027183736467127463,0.0
S19669,0.0008622537749436925,0.0
S19671,0.002157439004434775,0.0
S19674,0.0010429689700802046,0.0
S19675,0.0014618971423946531,0.0
S19676,0.0026679535344527393,0.0
S19677,0.0033004194240306615,0.0
S19679,0.0021798309811077035,0.0
S19681,0.0012361586373725005,0.0
S19682,0.0021730831589620043,0.0
S19684,0.0018168061899511952,0.0
S19687,0.003036696563116899,0.0
S19688,0.002325583418876923,0.0
S19689,0.0033396920529986888,0.0
S19691,0.0016214569029385814,0.0
S19692,0.0018662629398217695,0.0
S19693,0.002259242286605843,0.0
S19694,0.0034637112282675095,0.0
S19695,0.002619571119871601,0.0
S19697,0.0046749798522755645,0.0
S19699,0.0020241640090325787,0.0
S19700,0.003402990148961911,0.0
S19701,0.0033853191032224123,0.0
S19703,0.0021463989566508066,0.0
S19706,0.0027300449533455796,0.0
S19707,0.0015274503351842923,0.0
S19709,0.001102097125488817,0.0
S19711,6.930389493567697e-05,0.0
S19713,0.0009873380014515805,0.0
S19714,0.00030069015862849564,0.0
S19716,0.0012605652208681247,0.0
S19717,8.942087051798549e-05,0.0
S19718,0.00033269596271792224,0.0
S19720,7.442400346205945e-05,0.0
S19722,0.0004551415302219376,0.0
S19723,0.0004419098605372587,0.0
S19724,0.0022592999821310325,0.0
S19725,0.00011266081532030194,0.0
S19728,0.0005268631740363607,0.0
S19729,0.0017898168684349362,0.0
S19730,0.0010133771064336533,0.0
S19732,0.0007723955473479022,0.0
S19734,0.001478872691342863,0.0
S19736,0.0017554481735623099,0.0
S19737,0.0007322444446085269,0.0
S19738,0.001568573508026211,0.0
S19739,0.000356062435060444,0.0
S19740,0.0018850667985190028,0.0
S19741,0.0004899190488659805,0.0
S19742,0.0028409167718646882,0.0
S19743,0.00016683195639041366,0.0214294337800313
S19747,0.00158697386575812,0.0
S19748,0.0023532113847472822,0.0
S19749,0.0016182625749286157,0.0
S19751,0.003262078677345805,0.0
S19752,0.0035674058311593207,0.0
S19754,0.002440452292282224,0.0
S19755,0.0015323870727305385,0.0
S19758,0.0025653088824873225,0.0
S19760,0.003600824923740742,0.0
S19762,0.0022039501519457326,0.0
S19766,0.0019612646844336056,0.0
S19767,0.0016868688621563574,0.0
S19768,0.0023599551921826573,0.0
S19769,0.002362591541565558,0.0
S19770,0.0030245699251272313,0.0
S19771,0.004808081076548759,0.0
S19774,0.003267733008872639,0.0
S19776,0.0017477091239389616,0.0
S19777,0.0025880102541486864,0.0
S19779,0.0048381323257866825,0.0
S19780,0.0029696762221170727,0.0
S19783,0.0017876833157827272,0.0
S19784,0.0037338827193250145,0.0
S19785,0.0012992027052689675,0.0
S19787,0.0038481171024450766,0.0
S19789,0.002341801453562095,0.0
S19790,0.0020443296890562115,0.0
S19791,0.001676845427942044,0.0
S19793,0.001997604235735059,0.0
S19796,0.0034657395093657777,0.0
S19798,0.002213358976974939,0.0
S19799,0.0023316267818789364,0.0
S19800,0.0011737613474620046,0.0
S19801,0.0017333209831402816,0.0
S19802,0.0015769332129897116,0.0
S19804,0.0023005296602112667,0.0
S19805,0.0041367812671207526,0.0
S19806,0.0011980302239628258,0.0
S19808,0.0020444871768061077,0.0
S19809,0.00243179133602211,0.0
S19811,0.0009823708422970422,0.0
S19813,0.0009298484638061883,0.0
S19815,0.0018362846245215854,0.0
S19819,0.0047099188181398115,0.0
S19820,0.0008904692433484899,0.0
S19822,0.0022064569703127757,0.0
S19825,0.004356617263998761,0.0
S19826,0.0021584425416462196,0.0
S19827,0.0015355160144985168,0.0
S19828,0.0030990963810747386,0.0
S19829,0.0030339143187065767,0.0
S19830,0.0023450551186945424,0.0
S19832,0.0011971439803090652,0.0
S19833,0.0028758825352435684,0.0
S19834,0.003739018685856906,0.0
S19837,0.00011652088470530405,0.0
S19840,9.7414526254112e-05,0.0
S19842,0.0028765098129332136,0.0
S19843,0.0014946799130368356,0.0
S19845,0.0007206047557412124,0.0
S19846,0.0010016930214031274,0.0
S19847,0.0018552360766948776,0.0215193435950726
S19848,0.0006424098626438168,0.0
S19852,0.000260945974845821,0.0
S19853,0.0010505450692611384,0.0
S19857,0.000573272566139814,0.0
S19858,0.001139299470158398,0.0
S19859,0.00023607678914659615,0.0
S19860,0.0011184711023279304,0.0
S19862,0.0039120786501495065,0.0057997736104465
S19863,0.003968874539591043,0.0
S19864,0.001030004228047146,0.0019654367857001
S19865,0.002916429606984408,0.0057471928952206
S19867,0.0037737512669707733,0.0019158417368242
S19868,0.0023977417687029543,0.0038122852233676
S19871,0.00290793381560108,0.0
S19873,0.0014447908228079754,0.0019025525594499
S19874,0.0008203508783890537,0.0076344086021505
S19875,0.0017066369049386551,0.0019667667857807
S19877,0.0016456843958360095,0.0
S19878,0.0010585843225282992,0.0078214752215035
S19880,0.0027460717113065632,0.0
S19881,0.0008446565422319543,0.003843952542268
S19882,0.00027964866987079915,0.0
S19883,0.0007352980534106647,0.0
S19884,0.0004605059365440154,0.0
S19887,6.126536647830588e-05,0.0
S19889,0.00012996995177497179,0.0
S19893,6.800583384711596e-05,0.0
S19894,0.00032121034435420297,0.0
S19897,0.00015057951420370777,0.0
S19899,0.00045420887589043256,0.0
S19901,0.002677139369492719,0.0
S19904,0.0037148630451826234,0.0
S19905,0.002826733220834059,0.0
S19906,0.001265471038849228,0.0
S19907,0.001997944599942251,0.0
S19908,0.0006176354510383555,0.0
S19909,0.0008144562162902497,0.0
S19910,0.00031887375010043663,0.0
S19912,0.000180131706034663,0.0
S19913,3.355968731444328e-05,0.0
S19915,0.002283899182338347,0.0
S19918,0.00047671893195556675,0.0
S19919,0.0005875211904443632,0.0
S19920,0.0010511123738734098,0.0
S19921,0.000454477024049929,0.0
S19925,0.0013397229798761436,0.0
S19926,0.0013710646555985238,0.0
S19928,0.002393146782361944,0.0
S19929,0.002114823868768814,0.0
S19930,0.003295411005047236,0.0
S19933,0.0011542252295472372,0.0
S19934,0.001952349242183168,0.0
S19935,0.0003647445478239037,0.0
S19936,0.0006640636228699322,0.0
S19938,0.0013139471809296148,0.0
S19940,0.0013127910478304555,0.0
S19941,0.00040560180522927015,0.0
S19942,0.0009984453688555853,0.0
S19945,0.0018825719198312502,0.0
S19947,0.00032863113494444637,0.0
S19948,0.00048069599432478804,0.0
S19950,0.0002223011748881501,0.0
S19955,0.000994776077595453,0.0076825573486675
S19956,0.0028213422744544697,0.0019236500582513
S19957,0.0020178117710314713,0.0
S19960,0.003674823284860641,0.0038752436647173
S19961,0.002683096172543844,0.0
S19963,0.0018879333849285119,0.0038917208923551
S19964,0.001151177033391804,0.0019001957545727
S19968,0.0018449398433745044,0.0
S19970,0.004754727940093576,0.0
S19971,0.002806786412349918,0.0314179151653075
S19972,0.002055176391877569,0.0
S19973,0.002710301220056305,0.0
S19974,0.003642152258722163,0.0
S19976,0.0017308684000263436,0.0
S19978,0.0015472465624902434,0.00195407721947
S19979,0.0033813294429703607,0.0038468087741296
S19980,0.004039304119264761,0.0037990842448842
S19982,0.001189888040199242,0.0
S19983,0.002329622807619945,0.0
S19984,0.0016275804455921643,0.0
S19986,0.0021118250204122876,0.0
S19987,0.0015537249154254332,0.0
S19989,0.004043954561603157,0.0
S19990,0.0008881206715444214,0.0
S19991,0.0006929683130489887,0.0
S19992,5.4778791399554596e-05,0.0
S19996,2.7640200814418852e-05,0.0
S19997,1.890015270181984e-05,0.0
S19998,3.1407517096357506e-05,0.0038996908494578
S20003,9.08074617051194e-05,0.0
S20004,5.2816185559866684e-05,0.0
S20005,0.00016856778618598955,0.0
S20006,0.00020833918523437917,0.0
S20007,5.226871291003888e-05,0.0
S20009,0.00018501095537578705,0.0
S20010,0.0003082872979864005,0.0
S20011,6.47232133030943e-05,0.0
S20012,4.887315202674469e-05,0.0
S20013,0.0002142522399453134,0.0
S20014,0.0005406467140189252,0.0
S20015,0.00011421087071503523,0.0
S20017,0.0003091467877509127,0.0
S20018,0.002335623386416999,0.0
S20019,0.0024167809967914353,0.0
S20020,0.0028610803116763863,0.0
S20021,0.0031019319819882915,0.0
S20022,0.002894536475335826,0.0
S20024,0.0022360125787268727,0.0
S20025,0.0034941476635557845,0.0
S20026,0.001189366246694876,0.0
S20027,0.0015094531428108725,0.0
S20030,1.8521924528044238e-05,0.0019438284424732
S20034,0.003213704257032539,0.0057152713891444
S20035,0.0031813134763218538,0.0038573330073615
S20036,0.003604614134204356,0.0019318150899246
S20041,0.002319648537495241,0.0
S20042,0.0048457954329837755,0.0
S20043,0.002937287670007245,0.0019516600891402
S20045,0.003860714403388271,0.0
S20047,0.0035537094061179582,0.0117145146843916
S20048,0.0012269088437300766,0.0
S20049,0.0015938002622740584,0.001925304387912
S20050,0.0029372292187614057,0.0
S20055,0.004198158690677985,0.0
S20056,0.003599315967252016,0.0
S20057,0.0035664498944773296,0.0
S20060,0.0029835331649108914,0.0038708973939592
S20061,0.003119517843181055,0.0
S20062,0.0053946091415555605,0.0019011115956331
S20063,0.002998316170612078,0.0
S20064,0.003283690368220617,0.0077668385685263
S20065,0.0028245964421851405,0.0019470954194286
S20066,0.0010916952021386508,0.001955576540951
S20067,0.0038831426401659207,0.0
S20068,0.003920220032677033,0.0038021795592684
S20070,0.0005982543180441263,0.0
S20072,3.472543058214146e-05,0.0019621777409293
S20077,0.002253654800495292,0.0
S20078,0.0012097297185403033,0.0
S20080,0.0016439814821095516,0.00193617253362
S20081,0.0009359786349813452,0.0095940759958921
S20085,0.0006067472024741447,0.0019186818617004
S20087,0.002259122327254723,0.0019568238819133
S20088,0.00281918180173382,0.0117927606211961
S20089,0.0014964991445923555,0.0
S20091,0.004321800973602736,0.0039333000941776
S20094,0.0038323842180881633,0.0116021196629082
S20096,0.0017608902496015866,0.0019481715802141
S20097,0.0018735860338760448,0.0018996945963817
S20098,0.0025489344192370054,0.0077473159135636
S20099,0.004403973917094511,0.0
S20102,0.001773311081079489,0.0019021156731269
S20103,0.0023521161916588104,0.0019523730957487
S20105,0.002733779626049304,0.0
S20107,0.0018755249165446697,0.0019226454363283
S20108,0.002318563554499553,0.0058089928351858
S20112,0.002716100142795263,0.0
S20113,0.006396236914654664,0.0019443759805014
S20114,0.001876784941625929,0.0038586806728234
S20115,0.004042360099237231,0.0
S20117,0.0013451164150152111,0.0
S20118,0.0014093378581454936,0.0
S20119,0.003968321913827582,0.0
S20121,0.0026887724515229704,0.0019498454247289
S20122,0.005336501516173383,0.0
S20124,0.0038177762632178027,0.0019017008169278
S20125,0.0022864839050956935,0.0
S20126,0.002424509781530836,0.001958558941984
S20128,0.005188756115326693,0.0019607379002351
S20130,0.00342386561058303,0.0019280604565274
S20131,0.0018298752244517613,0.0
S20132,0.003730140120874274,0.003857737208147
S20133,0.004150531825678763,0.0019664399523622
S20134,0.0018822369626810304,0.0
S20138,0.0022147593402958026,0.0
S20139,0.0014876649228831465,0.0
S20140,0.0016509732768017343,0.0
S20141,0.0010511800514158916,0.0
S20143,0.0009841018061622487,0.0
S20148,0.0022648333692099443,0.0037991278058699
S20152,0.001996945746442166,0.0039273324957131
S20154,0.0023088946372587064,0.0019452207062286
S20156,0.0028921243545870453,0.003865027335153
S20162,0.0031641131182500665,0.0
S20163,0.0035642673326849146,0.0058412862582859
S20167,0.0046047952743455125,0.0
S20168,0.004587462725460204,0.0
S20172,0.00398449569140954,0.0
S20173,0.0011875874627593974,0.0
S20174,0.005238232383071206,0.0
S20175,0.002489137489093033,0.0
S20176,0.005019339933013945,0.0
S20180,0.001265033967484913,0.0
S20182,0.00270521311503326,0.0
S20183,0.0025063561294782952,0.0
S20184,0.0022553163575823603,0.0
S20185,0.0038719761052641985,0.0
S20186,0.0008746427772503169,0.0
S20187,0.00249568955210196,0.0
S20188,0.002900124620451628,0.0
S20190,0.0040203486118002875,0.0
S20193,0.0020581011182538296,0.0
S20194,0.0011723696328675296,0.0
S20195,0.003108486714289759,0.0
S20196,0.0010503770647754083,0.0
S20198,0.002493313230645392,0.0
S20200,0.0035546556813889807,0.0019537776310151
S20204,0.002697118744009766,0.0019491342627997
S20205,0.0032654248346428655,0.0058983396826527
S20206,0.0011307531498196217,0.0019084262587165
S20207,0.004652244905795534,0.0057466612707405
S20208,0.0043710209898152235,0.0
S20209,0.0023095429104989253,0.0
S20212,0.0033808826270454785,0.0
S20213,0.004213201130477531,0.0
S20214,0.004211006635963115,0.0
S20215,0.00434600139514804,0.0
S20216,0.0035155971532060165,0.0
S20218,0.004968664210043709,0.0
S20221,0.0032499269009615746,0.0
S20222,0.004064815361477124,0.0
S20223,0.001996629316372601,0.0
S20224,0.002268073698553536,0.0
S20226,0.0028531400149749793,0.0019093720586257
S20228,0.0013254767572011502,0.0038943281500374
S20229,0.0015685474607391426,0.0
S20230,0.0017489747956186755,0.0019181264882847
S20233,0.004350514675024406,0.0
S20235,0.002879976260649478,0.0
S20236,0.0005735212835093512,0.0
S20237,0.0016387363351352902,0.0
S20238,0.005040878222647168,0.0
S20239,0.0019957342186182002,0.0077316781008385
S20240,0.0006315254762149416,0.0038904414124572
S20241,0.004474595922040335,0.0
S20242,0.0008563656018010023,0.0
S20243,0.0023921215696497996,0.013394627518471
S20244,0.00163022253464474,0.0
S20247,0.0026173937130418113,0.0
S20248,0.0029711237518926133,0.0
S20250,0.0012793656958637496,0.0
S20251,0.0017909689490134034,0.0
S20253,0.0029800616710371946,0.0019575869294638
S20255,0.0030755485363652187,0.0
S20257,0.005157844303072599,0.0038616938616938
S20261,0.0025111530348545744,0.001908646128559
S20262,0.002939171445759554,0.0078466663509054
S20263,0.0018856840207805568,0.0019184152423301
S20264,0.00045753170739502565,0.0
S20268,0.0024351020949691074,0.0
S20269,0.0012586955746360386,0.0114217426775598
S20273,0.0013389279257819268,0.0
S20274,0.0028121446694723547,0.0038923152227116
S20276,0.000584593930340124,0.0078527103305801
S20277,0.00219768202393636,0.0077455953744613
S20278,0.0016660726884355993,0.0
S20279,0.0021389432026019447,0.0
S20283,0.0016935360066062193,0.0
S20284,0.004175789570994835,0.0019211070524342
S20287,0.0022763841705088217,0.0
S20289,0.001560986694055017,0.0
S20290,0.001643516275790037,0.0077880155446909
S20291,0.0016682272480870854,0.0
S20292,0.001999774570445902,0.0
S20295,0.0015660133969323097,0.0
S20298,0.002422953719570434,0.0
S20299,0.0022281267073831295,0.0
S20301,0.004348271360005439,0.0019095921464661
S20302,0.0038924255083299646,0.0019509476031215
S20305,0.00031436660640919706,0.0038722998110598
S20308,0.0018593293866654148,0.0038385195826285
S20309,0.0012267227368268642,0.0038367416259447
S20310,0.00012183831183613129,0.0
S20312,0.0006083863139309454,0.0019001957545727
S20321,0.0007806057972710289,0.0
S20322,0.003609866261768889,0.0019223331012609
S20324,0.0002606857641044471,0.0
S20325,0.0018380933810554574,0.0
S20327,0.003384713771482902,0.0
S20329,0.0011202371046510177,0.0039119842890932
S20330,0.0015034857039460119,0.0019075253217269
S20331,0.0033740732701569172,0.0
S20332,0.002101986729871657,0.0039128620578347
S20333,0.0009443938440006421,0.0
S20335,0.0006483864312755794,0.0
S20336,0.0013527860850607771,0.0078266483992378
S20337,0.002529358339140497,0.0038704452180143
S20338,0.0004341602861605813,0.0
S20339,0.0003990006540568818,0.0054567413263065
S20341,0.0020645894541781165,0.0
S20342,0.0008430248437540434,0.0
S20346,0.001014650373832966,0.0058468524640306
S20347,0.0011891957785896512,0.0
S20348,0.00283388220528355,0.0077140373750543
S20349,0.0023726596444367137,0.0038441755326348
S20352,8.373809645988419e-05,0.0
S20354,0.0011643846244760983,0.0
S20355,0.00033402521308793917,0.0
S20356,0.0010356124328239312,0.0054949307329154
S20357,0.0003545749428133592,0.0039108299300457
S20358,3.7217992417356335e-05,0.0
S20359,0.0008004696452855402,0.0
S20360,0.00012634590015212784,0.0
S20361,9.580612696201692e-05,0.0
S20362,0.0005581274277423921,0.0
S20363,0.0007805177861131349,0.0
S20364,0.0012525659863207167,0.0
S20366,0.0023417749197478304,0.0038237681427027
S20367,0.0023151120741407363,0.003835009703269
S20372,4.4592900616813286e-05,0.0
S20373,0.0013143693150020805,0.0
S20374,0.001185009133271308,0.0
S20375,0.0004082361458710333,0.0019089760283312
S20376,0.00042039290913051567,0.0
S20378,0.0006241618142953336,0.0117980795480172
S20380,0.0007571760611017445,0.0
S20382,0.0012046754562563195,0.0155939914499745
S20384,0.0017105771559344503,0.0
S20385,0.00457759414674314,0.0
S20386,0.001037546803186147,0.0
S20389,0.0015474611737496629,0.0
S20390,0.003024634567748897,0.0
S20391,0.0035986731456910856,0.0
S20392,0.002530165194879596,0.0
S20393,0.0011722763630719352,0.0
S20396,0.0013115456972579483,0.0
S20397,0.00026275969375893295,0.0
S20398,0.001253065587470565,0.0
S20399,0.0004760571185099996,0.0
S20402,0.00042415895797571026,0.0
S20404,0.0010557347599875675,0.0
S20405,0.0016465742716336158,0.0
S20412,0.0033868585892384735,0.0058578096270802
S20413,0.0026681175087146227,0.0
S20414,0.0027030011446425323,0.0019523270796015
S20415,0.0035015512708839345,0.0171944553359319
S20416,0.00010377705679219393,0.0
S20417,0.00012025124682745776,0.0
S20418,4.039879700041254e-05,0.0
S20419,5.697367990936681e-05,0.0
S20421,8.366346616008852e-05,0.0
S20423,0.00022428652114940708,0.0
S20428,0.0008195539500040321,0.0
S20431,0.00015541166879674454,0.0
S20432,0.0003036172847990766,0.0063159232431058
S20433,0.0005251489521977483,0.0
S20434,0.0016290444221028157,0.0
S20436,0.0015761477768256498,0.0
S20440,0.0009500174751634356,0.0
S20441,0.0026663577005928687,0.0
S20443,0.0034957155045290166,0.0
S20444,0.0037743595124258775,0.0
S20445,0.0019072508550420772,0.0
S20446,0.0034027355950964934,0.0
S20447,0.002377540525225287,0.0031633887085481
S20448,0.004897854497352631,0.0
S20449,0.0014580177368510765,0.0
S20452,0.0036860714148285643,0.0
S20455,0.0021117962575096655,0.0
S20458,0.0006353009089376542,0.0
S20459,0.00169145440505006,0.0
S20465,0.0033671716954972153,0.0
S20466,0.004240710166186822,0.0030974416503069
S20467,0.004469768522749144,0.0
S20468,0.0016230062193768814,0.0092857276311118
S20469,0.0017280187412270244,0.0
S20471,0.0010470862114096762,0.0
S20472,0.0013484184441006518,0.0
S20478,0.0012618412598208483,0.0
S20480,0.0022632426948500537,0.0
S20481,9.6594535442303e-05,0.0
S20482,0.004417514712831409,0.0
S20483,0.002868572662544979,0.0
S20485,0.0007451652218646355,0.0
S20486,0.00022239652875724028,0.0
S20487,0.0018353284749150673,0.0
S20488,0.0008586263955118268,0.0
S20490,0.0015422425683063068,0.0
S20491,0.0009252539223779574,0.0
S20492,0.00047128949441337754,0.0
S20494,0.0026531893389152416,0.0
S20495,0.0024894928595677558,0.0
S20496,0.0019118797573023088,0.0
S20497,0.0012502756065863544,0.0
S20498,0.0018056089253742737,0.0
S20499,0.0014918765974628646,0.0
S20501,0.002886300514576505,0.0030932198115438
S20503,0.0013253085027075896,0.0
S20504,0.004375442892546998,0.0
S20507,0.0031564754950546485,0.0
S20508,0.0016599073196445055,0.0
S20509,0.0020288080223697796,0.0
S20510,0.002610795520515673,0.0
S20511,0.0017019490414675136,0.0
S20513,0.0025440161670699742,0.0
S20515,0.0009582050031130777,0.0
S20519,0.0005469887884619625,0.0030976733170035
S20520,0.0010952577930757178,0.0
S20521,0.0017498203409840756,0.0
S20522,0.002929475933859396,0.0
S20525,0.002391058916188669,0.0
S20527,0.00359018787617514,0.0
S20528,0.001974669289165143,0.0
S20531,0.002112550148494794,0.0
S20532,8.548928377393425e-05,0.0
S20533,0.0028164317552579468,0.0
S20536,5.443932701940349e-05,0.0
S20538,0.0012277379247328524,0.0
S20539,0.0002649628750555589,0.0
S20541,0.002238083585215063,0.0
S20542,0.0026422024337272023,0.0
S20543,0.0024183103562904927,0.0
S20544,0.000995976615784619,0.0
S20547,0.0010730715300418922,0.0
S20550,5.0553281522539664e-05,0.0
S20552,0.0005651437659312706,0.0
S20556,0.000639140993632421,0.0
S20558,0.0008533192905404658,0.0
S20559,0.001981572409618768,0.0
S20562,0.002167084942750668,0.0062646927212337
S20563,0.004233609871128806,0.0123440691963315
S20565,0.0009986211690078217,0.0
S20566,0.0009835543889129034,0.0062840597301773
S20568,0.0036893218028883645,0.0
S20569,0.0029811464653286355,0.0
S20570,0.0013689286239369695,0.0
S20571,0.004020584126714013,0.0
S20572,0.0026045840261663894,0.0
S20573,0.0037855919139401853,0.0
S20575,0.0032793745584672645,0.0
S20576,0.0024030413913168885,0.0
S20577,0.0004275318305001968,0.0
S20579,0.0008633391796488382,0.0
S20580,0.0027867341301238183,0.0031392910381768
S20581,0.0018714514869242315,0.0
S20583,0.0007481127352352764,0.0
S20587,0.0006280206852929152,0.0
S20588,0.0024739399287218933,0.0
S20590,0.003157837148351698,0.0
S20593,0.0016245700553256,0.0
S20594,0.0013825403825515822,0.0
S20596,0.0042553941611684866,0.0
S20603,0.0030761651869928735,0.0
S20604,0.0026938850229462708,0.0
S20605,0.00384426027023442,0.0
S20606,0.0036803708235826696,0.0030895855479507
S20609,0.0024979463826201114,0.0
S20611,0.00028777787572656626,0.0
S20612,0.0007814286269547768,0.0
S20616,0.003938104442336533,0.0
S20617,0.0035121003418564357,0.0
S20618,0.004537515139654095,0.0
S20619,0.001033648807764639,0.0
S20625,0.001643985587889815,0.0
S20627,0.0031041582185697986,0.0
S20629,0.0036945213120268446,0.0
S20631,0.003477347043765947,0.0062050926706244
S20632,0.0030000676913551592,0.0
S20635,0.0032283782651245456,0.0
S20636,0.003808091154430067,0.0
S20639,0.0038383974017110805,0.0
S20640,0.003468478784216223,0.0
S20642,0.0028375742238876765,0.0
S20645,0.001962796281404776,0.006260549719094
S20646,0.0018034027476357911,0.0
S20647,0.003959970943649535,0.0
S20649,0.0015962542941403478,0.0
S20650,0.0026403602264000754,0.0
S20651,0.0039005098101469087,0.0
S20652,0.002576123311167733,0.0
S20655,0.001510236964470076,0.0
S20656,0.0032016107832346066,0.0
S20659,0.0012911216843958016,0.0
S20662,0.0005924386649572113,0.0
S20663,0.0013430810280222083,0.0
S20668,0.0020332282066312522,0.0
S20669,0.0018283512877860903,0.0
S20671,0.0020003248883086874,0.0
S20674,0.0015028825081290532,0.0
S20678,0.0026114631915203964,0.0
S20679,0.001871224237046169,0.0
S20682,0.004506895055753314,0.0
S20684,0.001889696963121738,0.0
S20685,0.0025233480842819915,0.0
S20686,0.0004710482232129336,0.0
S20691,0.00029652742047723044,0.0
S20695,0.0025016361772724587,0.0
S20697,0.0018516051078311558,0.0
S20700,0.003502249274196862,0.0031164368529631
S20701,0.0025990834620759316,0.0
S20702,0.0030359910858439683,0.0
S20704,0.0018231962736513312,0.0
S20705,0.0038310079795971556,0.0
S20706,0.0032839752777890216,0.0
S20707,0.003978314385201142,0.0
S20709,0.002830785684015397,0.0
S20710,0.002580171863271426,0.0
S20711,0.001553901625498498,0.0
S20712,0.002717906492592929,0.0
S20714,0.0035890787799642836,0.0
S20715,0.0032081553681994612,0.0063291945240369
S20716,0.002744599022850328,0.0
S20718,0.0036577684615166388,0.0
S20719,0.0022782051464368333,0.0
S20723,0.003984722265626282,0.0
S20725,0.002528077294005328,0.0
S20727,0.003953262192148881,0.0
S20728,0.005326421108619205,0.0
S20729,0.0018199961705658635,0.0
S20730,0.00421064048065062,0.0
S20731,0.0031745078835342016,0.0
S20732,0.0015870078724555588,0.0
S20734,0.002384785339714001,0.0
S20735,0.0029100862684293873,0.0
S20737,0.0015795998078331802,0.0
S20740,0.0024118747229969813,0.0
S20741,0.002486879040363039,0.0
S20744,0.003671451137822884,0.0
S20746,0.002387819933839868,0.0
S20747,0.0014031601180422193,0.0
S20749,0.001100573342572046,0.0
S20750,0.00096377546700158,0.0
S20751,0.00244672625704817,0.0
S20753,0.002809970426116589,0.0
S20757,0.0007843483389852103,0.0
S20758,0.0018372502569823507,0.0
S20761,0.003615192636307947,0.0
S20762,0.003957227900347974,0.0
S20764,0.0017456385525607492,0.0
S20765,0.0027458252490642375,0.0
S20769,0.0031507440765690155,0.0031563972614919
S20771,0.002115475943980584,0.0
S20772,0.0015450685230418233,0.0
S20774,0.0035149889044850165,0.0
S20775,0.0010801499593594457,0.0
S20776,0.000869145558779848,0.0031071433036998
S20777,0.0008824022733938155,0.0
S20780,0.0029686505210435536,0.0
S20781,0.0027591113510876232,0.0
S20782,0.0014190684862345748,0.0
S20783,0.003137070577046877,0.0031027787662552
S20784,0.001419616292864656,0.0
S20786,0.0031019198903155186,0.0
S20787,0.0032679764705899807,0.0031141521611088
S20788,0.002652301669400615,0.0
S20790,0.0017432852999407398,0.0
S20792,0.0016701874438124003,0.0
S20794,0.0012683273377273904,0.0
S20795,0.0013799047834305443,0.0
S20796,0.0019625213293304844,0.0
S20797,0.0016349850437607444,0.0
S20798,0.001858908643377873,0.0
S20801,0.0012952555879876726,0.0
S20807,0.00018069009140412345,0.0
S20810,0.0008840483259836878,0.0
S20811,0.0005144120611704806,0.0
S20812,7.230803295875142e-06,0.0
S20815,7.300212972749442e-05,0.0
S20817,0.000575929844533795,0.0
S20818,9.921637887349937e-05,0.0
S20820,8.298245160668246e-05,0.0
S20822,4.9247197455974366e-05,0.0
S20823,4.212627985226417e-05,0.0
S20824,0.0006695779562570423,0.0
S20825,0.003182849850120733,0.0
S20826,2.6246671204555266e-05,0.0
S20828,0.0003220904277394289,0.0
S20829,0.0006690084452923916,0.0
S20830,0.0011628426382493601,0.0
S20832,5.30111328710745e-06,0.0
S20836,1.3665086903333949e-05,0.0
S20837,6.624284013046218e-05,0.0
S20839,2.3012908301083217e-05,0.0
S20840,0.00017457757442769208,0.0
S20841,9.113762622007866e-05,0.0
S20845,0.0004346404440877087,0.0
S20846,0.00031320085062819464,0.0
S20848,0.0006158720320906946,0.0
S20849,0.0014685400563441858,0.0
S20850,0.00037647833073558033,0.0
S20855,0.003126345768516418,0.0
S20856,0.00020016465264340301,0.0
S20859,0.004696825570873583,0.0
S20861,0.00047587688501545894,0.0
S20862,0.0009325272114037499,0.0
S20863,0.0036268782787734883,0.0
S20864,0.001581421393433273,0.0
S20865,0.0006173509630432274,0.0
S20866,0.00010640164295530813,0.0
S20867,0.0011083399691224408,0.0
S20868,0.0003367107332735754,0.0
S20869,0.0021499271450506133,0.0
S20870,0.0011138208177713731,0.0
S20872,0.0019738274491579192,0.0
S20873,0.0029489925662559762,0.0
S20874,0.0018574496365487867,0.0
S20875,0.0027359208290697046,0.0
S20878,0.002522522523051009,0.0
S20879,0.0023541287241476984,0.0
S20880,0.00437552434379451,0.0
S20881,0.0035233670591100406,0.0
S20882,0.003253980614187051,0.0
S20883,0.00326581029224028,0.0
S20884,0.003459463883463735,0.0
S20887,0.0018368043579067182,0.0
S20888,0.0031594934231076338,0.0
S20889,0.0007831200816950745,0.0
S20890,0.0009272046803211496,0.0
S20892,0.004146179261415526,0.0
S20893,0.002871986714461684,0.0
S20894,0.00105908618651358,0.0
S20897,0.0018157990086328127,0.0
S20898,0.00010422267529448769,0.0
S20900,2.1832310103904798e-05,0.0
S20901,0.0004458711007647376,0.0
S20902,2.3551284049993144e-05,0.0
S20905,8.337508150307697e-05,0.0
S20908,0.000668186412932875,0.0
S20911,0.00018697123328767701,0.0
S20913,0.0003857357451109654,0.0
S20914,0.0021306847367718383,0.0
S20915,0.0026208265407476417,0.0
S20916,0.0005356974532592433,0.0
S20917,0.0008127305834603448,0.0
S20920,0.0024793710321066877,0.0
S20921,0.000858699134607717,0.0
S20922,0.0019257272165842127,0.0
S20923,0.001674819557961039,0.0
S20924,0.0003255468231115505,0.0
S20926,0.0020795284354389832,0.0
S20928,0.0014282229912947792,0.0
S20930,0.0005742962283822519,0.0
S20932,0.0015395134723001614,0.0
S20933,0.0008333941341632363,0.0
S20935,0.0007702389207912076,0.0
S20936,0.00290112367289437,0.0
S20937,0.0024780355717148672,0.0
S20938,0.001579435972025072,0.0
S20939,0.0035505161226379706,0.0
S20941,0.0014311256514588323,0.0087703044901488
S20943,0.0015482156443538493,0.0
S20945,0.0028188459503060283,0.0
S20947,0.0038008387641132284,0.0
S20948,0.0021009088311029285,0.0
S20949,0.0020370032451126107,0.0
S20951,0.0024516747188521666,0.0
S20957,0.003493443606818185,0.0
S20958,0.004332292344440485,0.0
S20959,0.00500212067457641,0.0
S20960,0.0038112190216954495,0.0
S20961,0.004997653982587972,0.0
S20966,0.0028415925353747432,0.0
S20970,0.0027913869446031065,0.0
S20973,0.003662146987320015,0.0
S20974,0.0011640809833465633,0.0
S20976,0.0004108048853877223,0.0
S20977,0.0030898282086343778,0.0
S20979,0.0006085420881836933,0.0
S20982,0.0015408017264223134,0.0
S20983,0.0036352365047392973,0.0
S20986,0.0012208428440238287,0.0
S20987,0.004782288436941016,0.0
S20989,0.00316497405054198,0.0
S20990,0.0018764991317006532,0.0
S20991,0.0036580743994154034,0.0
S20992,0.0013070927370590155,0.0
S20994,0.002570482340764444,0.0
S20995,0.0020642764425158012,0.0
S20996,0.002734665422223077,0.0
S20997,0.00021195463775205625,0.0
S20999,0.001363638263532583,0.0
S21002,0.0012026991843036587,0.0
S21003,0.0007826745179375327,0.0
S21006,0.0006870664756720745,0.0
S21008,0.002337810446159468,0.0
S21010,0.00045745992227239524,0.0
S21012,0.0001920675086062552,0.0
S21013,0.0001308266933414832,0.0
S21014,0.0005239432692048879,0.0
S21015,0.001983475213876587,0.0
S21016,0.0020234998709412135,0.0
S21017,0.002165330183438016,0.0
S21019,0.0014188162091043949,0.0
S21020,0.0011226463366887072,0.0
S21022,0.0017586010472506828,0.0
S21023,0.0030233432280754296,0.0
S21025,0.002083872541229231,0.0
S21028,0.004727896764504954,0.0
S21029,0.0006901458783951414,0.0
S21033,0.0017981257070395476,0.0
S21034,0.0035898118613778944,0.0
S21036,0.0040135476154427715,0.0
S21037,0.004031987312000373,0.0
S21038,0.0029945044208267817,0.0
S21039,0.0018066607427940507,0.0
S21041,0.002537295199463874,0.0
S21043,0.002220748970006621,0.0
S21044,0.0029233035645517044,0.0
S21045,0.002385775031064468,0.0
S21046,0.0023757715169904874,0.0
S21047,0.0032839102279055444,0.0
S21048,0.003146687081729572,0.0
S21049,0.0016642282443352224,0.0
S21050,0.0028324763355696597,0.0
S21051,0.002021266669409682,0.0
S21056,0.002970185206661865,0.0
S21058,0.0035411099083835574,0.0
S21059,0.0022663446857964435,0.0
S21060,0.0015841699834738085,0.0
S21061,0.002635303941358719,0.0
S21062,0.0026361860633532168,0.0
S21064,0.005366015295653833,0.0
S21065,0.003468689901092116,0.0
S21066,0.004337629975158636,0.0
S21068,0.004200382633285851,0.0
S21069,0.00436750870582503,0.0
S21070,0.0023711786738028775,0.0
S21074,0.0021863216319608055,0.0
S21075,0.003740077082870963,0.0
S21076,0.003675124975804904,0.0
S21080,0.003491846208151781,0.0
S21081,0.00281716616113843,0.0
S21083,0.001903190056411605,0.0
S21084,0.0021880271985119585,0.0
S21085,0.0013052371317869812,0.0
S21086,0.0032601909603745278,0.0
S21089,0.0027208886775648127,0.0
S21091,0.0024805283134631526,0.0
S21093,0.0030674691435477425,0.0
S21096,0.004172236832149111,0.0
S21097,0.003483901915197213,0.0
S21098,0.000942882334207102,0.0
S21099,0.0018867995455544581,0.0
S21102,0.0022403109667070505,0.0
S21103,0.0026673193250604686,0.0
S21105,0.0016793430570627836,0.0
S21106,0.002799485092604703,0.0
S21107,0.0014817206741131821,0.0
S21108,0.0016921755833693413,0.0
S21110,0.0013827394521472283,0.0
S21111,0.002048405934918756,0.0
S21113,5.3356373120830716e-05,0.0
S21114,6.51214759134173e-05,0.0
S21115,0.0006700684479769629,0.0
S21117,0.00043468607506361764,0.0
S21118,0.0006506120249253159,0.0
S21119,0.0021399239210641804,0.0
S21120,0.0008374726758872778,0.0
S21123,0.00379146126683703,0.0
S21124,0.003292681373059633,0.0
S21127,0.004135367934863863,0.0037502358045651
S21128,0.00248511546637143,0.0
S21129,0.0029985493744791834,0.0
S21130,0.003165110732698733,0.0
S21131,0.0022477080374991684,0.0
S21133,8.381586854160875e-05,0.0
S21135,6.795106396172421e-05,0.0
S21136,0.0008341672682301441,0.0
S21137,7.735965226681498e-05,0.0
S21138,0.00013656640347921588,0.0
S21139,6.5170537400975275e-06,0.0
S21141,0.0010454368813955328,0.0
S21142,0.0003857778292969795,0.0
S21143,4.879765497463053e-05,0.0
S21144,1.274302383431037e-05,0.0
S21145,9.858231412607842e-05,0.0
S21149,0.00026278832943083907,0.0037255254715001
S21151,0.00014063520141177084,0.0074845452423441
S21152,0.001817165016719834,0.0
S21153,0.001675344633347196,0.0
S21155,0.002546917672841084,0.0
S21156,0.0028310841488291133,0.0
S21159,0.001402511382370925,0.0
S21160,0.001514782917948828,0.0
S21165,0.0035879985766805057,0.0
S21166,0.005217733572452564,0.0
S21168,0.0024421300821759534,0.0
S21169,0.002101094757895882,0.0
S21173,6.071393281032271e-05,0.0
S21175,0.00025661854235328773,0.0
S21176,9.850976453824563e-05,0.0
S21177,0.0010150188084118615,0.0
S21178,0.0005541931810112177,0.0
S21179,0.0009626293499821949,0.0
S21181,0.0002983797218289919,0.0
S21182,0.0009193577144368873,0.0
S21183,0.00012996011513355933,0.0
S21187,0.001106552569773962,0.0
S21188,0.004904951876582341,0.0
S21189,0.00045771083556775535,0.0
S21190,0.0010435552114845216,0.0
S21191,0.0006919809385320166,0.0
S21193,8.884227862751865e-05,0.0
S21194,1.227152281552458e-05,0.0
S21195,0.00032232035214291164,0.0
S21196,1.2444830831448885e-05,0.0
S21198,1.0718344825773873e-05,0.0
S21199,6.476617131113106e-05,0.0
S21200,3.759590493114079e-05,0.0
S21201,0.0012867962475916577,0.0
S21202,0.0001712405600295759,0.0
S21203,0.0006223398106222789,0.0
S21205,0.00010580424738132394,0.0
S21206,0.0007031426709462774,0.0
S21207,0.0007845918586164403,0.0
S21208,0.00010194863275157913,0.0
S21211,1.3277596535448837e-05,0.0
S21212,0.0005523808544089984,0.0
S21213,0.0010811140075780033,0.0
S21214,0.0013810769408686156,0.0
S21215,0.000438501224536449,0.0074473664493893
S21216,0.00015044418463561773,0.0
S21217,0.0005147017414364395,0.0
S21218,0.0007908171964963479,0.0
S21220,0.00040677366110803786,0.0
S21221,0.00187999213579602,0.0
S21223,0.002653137444140963,0.0
S21224,0.0013354189566989892,0.0
S21226,0.002698873462406928,0.0
S21227,0.003702658273916597,0.0
S21228,0.0015009147298267196,0.0
S21229,0.0010867640184863694,0.0
S21231,0.0029751412736046838,0.0
S21233,0.006038518200159885,0.0
S21234,0.0022073561352049676,0.0
S21235,0.00040198076400078616,0.0
S21239,0.0030073270446319576,0.0
S21240,0.0029382591354144834,0.0
S21242,0.003791659672691379,0.0
S21244,0.0012651875549619005,0.0
S21245,0.0021584175750136714,0.0
S21246,0.0028164515323113983,0.0
S21247,0.0026119896115716,0.0
S21248,0.001778074824480973,0.0
S21249,0.000553270159320277,0.0
S21250,0.0006829130516854133,0.0
S21251,8.264211381740949e-05,0.0
S21252,0.0006064897262235175,0.0
S21253,0.002655174297879303,0.0
S21254,0.0013237206271639263,0.0
S21255,0.000265289238034752,0.0
S21256,0.0012937262144559357,0.0
S21257,0.0005708256040349791,0.0
S21259,0.0010712770165722755,0.0
S21260,9.508036695883527e-05,0.0
S21261,0.0028430724185816696,0.0
S21262,0.0030102465026128227,0.0
S21263,0.001817360904063896,0.0
S21264,0.0014539689554307804,0.0
S21265,0.004277930815136095,0.0
S21266,0.003999258566389771,0.0
S21267,0.0028344599704973957,0.0
S21268,0.003723350230240524,0.0
S21271,0.004197405306729764,0.0
S21275,0.0005988859136819082,0.0
S21276,0.001996110805163674,0.0
S21278,0.0014093112553921108,0.0
S21281,0.0019193884662143722,0.0
S21283,0.001819141637090666,0.0
S21284,0.0015948604954294967,0.0
S21285,0.0011871176787890676,0.0
S21291,0.001775286850455444,0.0
S21294,0.0018467480885401165,0.0
S21297,0.003948830911642956,0.0
S21298,0.0013608180165822653,0.0
S21299,0.0034978634614398147,0.0
S21300,0.0029613204505353117,0.0
S21306,0.0019285624403201133,0.0
S21311,0.0005261879499606673,0.0
S21312,0.00021991924276486282,0.0
S21313,0.002730887489136376,0.0
S21314,0.002220328559915201,0.0
S21320,0.0009177215750590665,0.0
S21322,0.000567904920345886,0.0
S21323,0.0008607889145168399,0.0
S21325,0.003197254423351458,0.0
S21327,0.0011721698227924583,0.0
S21328,0.0023581384951797974,0.0
S21329,0.0025032342754599595,0.0
S21330,0.005441097079381138,0.0
S21331,0.0006398817893809633,0.0
S21332,0.0015107312154944274,0.0
S21335,0.00019717511306997134,0.0
S21336,0.003275167081569617,0.0
S21341,0.0002563363446160338,0.0
S21342,0.00018700344589912623,0.0
S21344,0.0014185712137169274,0.0
S21345,0.0011238427665260437,0.0
S21346,0.0011922854577626942,0.0
S21351,0.0012223225769329256,0.0
S21352,0.002921451110430825,0.0
S21353,5.495060769717483e-05,0.0
S21354,1.7453523678669267e-05,0.0
S21355,4.2756438291009086e-05,0.0
S21356,9.642576580685808e-05,0.0
S21357,5.481128533574406e-05,0.0
S21359,0.0001674646755289155,0.0
S21360,3.5389425791475845e-05,0.0
S21362,8.29841103078732e-05,0.0
S21364,0.0004640409599879779,0.0
S21365,0.0015216360623643331,0.0
S21367,0.0006564177762883995,0.0
S21368,0.0025452564909106837,0.0
S21371,0.0018696579524332916,0.0
S21373,0.00014243860421051324,0.0
S21374,0.0033165615426703093,0.0
S21375,0.00041463520485094795,0.0
S21376,0.002885761916620474,0.0
S21377,0.0011110308564492458,0.0
S21378,0.0005469622586069852,0.0
S21379,0.0014620391806652677,0.0
S21380,0.0007234080851922173,0.0
S21381,0.0022418074278479096,0.0
S21382,0.0027463483161759526,0.0
S21383,0.004287567412656794,0.0
S21384,0.0019479773682285204,0.0
S21385,0.002339976320431768,0.0
S21386,0.0013661913839466506,0.0
S21388,0.0023833826955437357,0.0
S21389,0.0009040313003895585,0.0
S21390,0.00043034723504873967,0.0
S21393,0.00010799652473071878,0.0
S21396,0.001308728023565783,0.0
S21397,3.3150209240986e-05,0.0
S21398,0.0017890336599502503,0.0
S21399,0.0015743897097077824,0.0
S21401,0.002473534477013637,0.0
S21402,0.00027888503159277493,0.0
S21403,0.0018287460880430997,0.0
S21404,0.0026696554157561716,0.0
S21408,0.0019496380524534778,0.0
S21409,0.0009192377861677051,0.0
S21410,0.0012820856905526264,0.0
S21412,0.0005566070427466761,0.0
S21413,0.0003942453628260444,0.0
S21414,0.001357855777182552,0.0
S21415,0.0026907994311827044,0.0
S21417,0.0020042014197562226,0.0
S21420,0.0018375398783581057,0.0
S21422,0.0008274970875927352,0.0
S21423,0.0015271624307735788,0.0
S21425,0.0026838789293938655,0.0
S21426,0.0011517596525185878,0.0
S21427,0.0016314061372533183,0.0
S21429,0.0019818128643964354,0.0
S21431,0.003352134121872398,0.0
S21432,0.0016829613032917712,0.0
S21433,0.0012436305485680737,0.0
S21434,0.0037603630226234943,0.0
S21435,0.0027687335502391934,0.0
S21436,0.0018741099079663472,0.0
S21437,0.0031332067454760476,0.0
S21440,2.18492772196046e-05,0.0
S21443,0.004201947294686523,0.0
S21445,0.0015327741462177287,0.0
S21446,0.0009101892271868999,0.0
S21447,0.0001806765242299265,0.0
S21449,0.00011118841350385272,0.0
S21450,0.00011103828030789608,0.0
S21451,9.664762271247135e-05,0.0
S21452,0.0038978027667328444,0.0
S21453,0.0017589096227034018,0.0
S21454,0.001285799686881895,0.0
S21455,0.0016209386737630733,0.0
S21456,0.0032950334493635925,0.0
S21457,0.00288979165604961,0.0
S21458,0.004691805162238394,0.0
S21459,0.0015841451213248086,0.0
S21460,0.0030726624015573493,0.0
S21461,0.0011350570946726951,0.0
S21462,0.00035796196745306656,0.0
S21463,0.0010324602553828978,0.0
S21465,0.00012648150076140563,0.0
S21466,0.00038588822965325705,0.0
S21467,0.0006800230854928948,0.0
S21468,0.0007221027219576003,0.0
S21469,0.002081246936097876,0.0
S21470,0.000900486038703035,0.0
S21472,0.0004849590615445085,0.0
S21473,0.0006249984558221226,0.0
S21474,0.0011374917070857428,0.0
S21477,0.002393509622892571,0.0
S21478,0.0018088271762977928,0.0
S21479,0.0039849387365216305,0.0
S21480,0.0008395225890109376,0.0
S21481,0.0012105418091064057,0.0
S21483,0.0030756494539505392,0.0
S21484,0.002370298627250192,0.0
S21486,0.0014263817487278568,0.0
S21487,0.002810378587896419,0.0
S21489,0.0022886366526290035,0.0
S21491,0.004108636440700451,0.0
S21492,0.0029967845994311785,0.0
S21493,0.004202186488744906,0.0
S21494,0.0024908070948174038,0.0
S21495,0.0022264542545069694,0.0
S21496,0.0015966185693201502,0.0
S21497,0.004024589288390184,0.0041298964617506
S21500,0.0012387810560250162,0.0
S21506,0.0013726279193875565,0.0
S21508,0.0032803353530337577,0.0
S21511,0.0011421948081038699,0.0
S21512,0.004082228351871244,0.0
S21513,0.002287806894233644,0.0
S21517,0.0004392016248518549,0.0
S21519,0.0009956396828087728,0.0
S21520,0.0017352191154319564,0.0
S21521,0.0024460172481323515,0.0
S21522,0.00077586491697186,0.0
S21523,0.0016732068785374568,0.0
S21526,0.0016764828688551534,0.0
S21527,0.0022613591076015693,0.0
S21528,0.001973237159604151,0.0
S21530,0.0018323575570303404,0.0
S21531,0.0013253056811137367,0.0
S21532,0.0023080817970789476,0.0
S21534,0.0023229538347978767,0.0
S21535,0.0014710322561933076,0.0
S21537,0.0063336219797756575,0.0
S21538,0.0025334611955695266,0.0
S21539,0.004477846012919969,0.0
S21540,0.00367427992025705,0.0
S21542,0.001050252060213474,0.0
S21546,0.001557025011868626,0.0
S21547,0.0018077151201254735,0.0
S21550,0.003998350751396993,0.0
S21551,0.0009501893165983613,0.0
S21552,0.004909281952015499,0.0
S21553,0.002990672013811863,0.0
S21554,0.0027862447725653505,0.0
S21556,0.0016772148580631524,0.0
S21557,0.003265876019690246,0.0
S21560,0.003977757917838758,0.0
S21561,0.0016604416474276188,0.0
S21563,0.002840339479420838,0.0
S21566,0.0032580125540170608,0.0
S21568,0.0023352514904855927,0.0
S21570,0.0027337355664653674,0.0
S21575,0.0008436873769936848,0.0
S21576,0.0018068822774110534,0.0
S21579,0.0008970414061608199,0.0
S21581,0.002400006316051735,0.0
S21582,0.0004394585587802823,0.0
S21587,0.0028600129597413106,0.0
S21588,0.0027141993295256074,0.0
S21589,0.0027406871097385224,0.0
S21590,0.003161285250081452,0.0
S21591,0.0026885816175095415,0.0
S21592,0.0017022307510823895,0.0
S21594,0.0027351132127471974,0.0
S21596,0.0009987547097735602,0.0
S21598,0.0017892364070284683,0.0041360829546778
S21600,0.0021016460790365247,0.0
S21602,0.001666959608678328,0.0
S21605,5.077809861941663e-06,0.0
S21606,0.00020910361116528055,0.0
S21608,0.0027505989154128626,0.0
S21610,0.0023448598741203303,0.0
S21611,7.510400853246737e-05,0.0
S21614,3.260885297286791e-05,0.0
S21615,0.0005553301532404284,0.0
S21616,0.0003136759152598476,0.0
S21617,1.6518930039227218e-05,0.0
S21620,4.8513366988369e-06,0.0
S21621,0.00019459099590861032,0.0
S21623,0.00010099330342132821,0.0
S21624,0.00013230419660198174,0.0
S21627,0.0016580104901452379,0.0
S21628,0.001520204030882709,0.0
S21629,0.00011330008722633488,0.0
S21630,0.0009100945882758613,0.0
S21632,0.0010987123494379898,0.0
S21634,0.00044917360735047664,0.0
S21636,0.0005210683742943993,0.0
S21637,0.00025388092647560733,0.0
S21641,8.013799415645602e-05,0.0
S21642,4.641327241287508e-06,0.0
S21643,0.0002777222216185939,0.0
S21644,9.442901134751932e-05,0.0
S21645,5.4041403497829875e-05,0.0
S21647,4.570733159826891e-05,0.0
S21649,0.0003296707599380399,0.0
S21651,0.00012857846319880363,0.0
S21654,2.3817733787042436e-05,0.0
S21655,3.7265772144508686e-06,0.0
S21656,3.725605252408641e-05,0.0
S21657,0.0001754732146285089,0.0
S21658,0.0008127974277895492,0.0
S21660,5.034057392409633e-05,0.012422826005449
S21661,2.8335463179974436e-05,0.0
S21662,0.000382174203213134,0.0
S21664,1.2044203007839748e-05,0.0
S21665,0.0006204504502192739,0.0
S21666,0.00011375939391830777,0.0
S21668,0.0006088802772071235,0.0
S21670,0.00013278830135844417,0.0
S21671,0.0005832968965408377,0.0
S21672,0.0005504963682415127,0.0
S21673,0.0003508733903209369,0.0
S21674,1.6613033596307487e-05,0.0
S21678,0.0004988224524184284,0.0
S21679,6.66509800372341e-05,0.0
S21680,0.000683808709820584,0.0
S21682,0.001076780145129826,0.0
S21684,0.00018808135378900416,0.0
S21685,0.00024154408755988757,0.0
S21686,0.0003455738305855359,0.0
S21687,0.0002055975403854767,0.0
S21688,0.00017010432382459441,0.0
S21689,0.000500374365497646,0.0
S21690,0.00011959115918792154,0.0
S21691,7.252388465728311e-05,0.0
S21693,4.912536955860645e-06,0.0
S21694,0.00014523881104137198,0.0
S21695,0.00017561034651704328,0.0
S21698,0.0002876917570305427,0.0041031991744066
S21699,0.0022804886169717287,0.0
S21700,0.0009235617950990997,0.0
S21701,0.0009595342373825153,0.0
S21703,0.0020452081132125727,0.0
S21706,0.0003459463472694148,0.0
S21707,0.00254691220613514,0.0
S21711,0.0007737740280726614,0.0
S21712,0.0018050735499848594,0.0
S21715,0.002266169892915181,0.0
S21717,0.001234153608927092,0.0
S21718,0.00016432918283606308,0.0
S21720,0.0008940077296491417,0.0
S21721,0.0036437883940767806,0.0
S21722,0.002708995993090126,0.0
S21723,0.003426931701973791,0.0
S21725,0.0019387727746359492,0.0
S21727,0.004034468805251863,0.0
S21728,0.0006893792260577315,0.0
S21730,0.0010274160525598932,0.0
S21731,0.0009016799648585343,0.0
S21732,0.000279809839674374,0.0
S21733,0.0012951920764374036,0.0
S21735,0.0012428537034703349,0.0
S21738,0.0013439193684232564,0.0
S21739,0.001497183677359908,0.0
S21742,0.0003645004307340017,0.0
S21745,0.00020543066313715604,0.0
S21746,0.0016520494877585654,0.0
S21747,0.0008903719811332149,0.0
S21748,0.0008731846810775973,0.0040967053257169
S21751,0.00164250968922676,0.0
S21752,0.0006127457075005866,0.0
S21757,3.075308285095825e-05,0.004119012100116
S21767,0.0028647821748764768,0.0
S21768,0.001375513120259185,0.0
S21771,0.0034835905028872344,0.0
S21772,0.0029907288736175366,0.0
S21773,0.0021074512197786204,0.0
S21774,0.0024998398773752296,0.0
S21775,0.0008768358332851608,0.0
S21776,0.0015417333091810345,0.0
S21777,0.0029102015058583746,0.0
S21781,0.00028942390594605,0.0
S21784,0.00020686186368805393,0.0
S21785,0.0013616642751965264,0.0
S21787,0.0003422590563024165,0.0
S21788,0.0008160296103815316,0.0
S21791,0.0005772009165126965,0.0
S21794,0.002350425407692522,0.0
S21798,0.001132757525289114,0.0
S21799,0.002720334766847959,0.0
S21800,0.0009063106892230619,0.0
S21802,0.0018843079581364248,0.0
S21803,0.0025608886433693898,0.0
S21807,0.0005575207673611836,0.0
S21809,0.0024237108158775378,0.0
S21810,3.380014768615387e-05,0.0
S21811,0.0026557244101302396,0.0
S21812,0.001116508226685976,0.0
S21813,0.0030045493450958837,0.0
S21814,0.0014091008880291523,0.0
S21816,0.0007940394998187175,0.0
S21817,0.0019119485630334995,0.0
S21818,0.0003611102070093155,0.0
S21820,0.0011630286588865883,0.0044931427589885
S21821,0.0012733775586375872,0.0
S21823,0.00011507319802999323,0.0
S21824,0.0008067245674797639,0.0
S21825,0.0020544022643185058,0.0
S21827,0.0018722483778706202,0.0
S21828,0.0031386028644549086,0.0
S21830,0.0033865705236754105,0.0
S21831,0.003382334081896055,0.0
S21834,0.002183136962348727,0.0
S21835,0.002162187537484027,0.0
S21837,0.0025450745709769034,0.0
S21838,0.0020170997354792336,0.0
S21840,0.003932115775219293,0.0
S21841,0.002609611368710687,0.0
S21842,0.00316923593911191,0.0
S21843,0.0025536086652030577,0.0
S21844,0.0035156414688880065,0.0
S21846,0.0016541460105213108,0.0
S21847,0.0028508586524877582,0.0
S21848,0.0019429449940663768,0.0
S21849,0.004024136952316888,0.0
S21850,0.0014965787992514447,0.0
S21851,0.0012002420756235753,0.0
S21852,0.003378309732385366,0.0
S21853,0.0023250279141147547,0.0
S21854,0.0009929833113871247,0.0
S21855,0.002793672812155753,0.0
S21857,0.0010250494906240293,0.0
S21858,0.001692766400932888,0.0
S21859,0.0019721635495224175,0.0
S21860,0.0031905281711085277,0.0
S21861,0.0009586373819593384,0.0
S21862,0.0008603768429891427,0.0
S21865,0.0012829497697197456,0.0
S21866,0.002363378733968219,0.0
S21867,0.003227503253681235,0.0
S21869,0.003790257959427161,0.0
S21870,0.0030630061506663458,0.0
S21871,0.00476197424836025,0.0
S21872,0.0033816918472397333,0.0
S21873,0.0021018103765065143,0.0
S21874,0.0025626911395580133,0.0
S21876,0.004707836218464089,0.0
S21878,0.004050991695370988,0.0
S21880,0.005657543444840339,0.0
S21883,0.001997542769463433,0.0
S21885,0.0017478268974662756,0.0
S21886,0.002535478547779989,0.0
S21887,0.003647087974638211,0.0
S21888,0.0016745365759679586,0.0
S21889,0.0016546511682601264,0.0
S21890,0.0025457763415256567,0.0
S21891,0.00213617823070101,0.0
S21892,0.0037700803821979828,0.0
S21894,0.0016028683166889504,0.0134469696969696
S21898,0.002205839364112493,0.0
S21901,0.002656964925739206,0.0
S21903,0.0023562441352206675,0.0
S21905,0.002617147031635531,0.0
S21908,0.0011351853908886456,0.0
S21909,0.0008510327984072864,0.0
S21913,0.0008516029703223185,0.0
S21914,0.00121320888425181,0.0
S21916,0.0012893512662447615,0.0
S21917,0.00040843695962264126,0.0
S21918,0.0013114176323819507,0.0
S21920,0.0014828698744553262,0.0
S21921,0.001608304022159506,0.0
S21923,0.00020994614050010257,0.0
S21925,0.0003117339523934918,0.0
S21927,5.815477470231937e-05,0.0
S21930,0.0016028690034048422,0.0
S21935,0.002048216293500944,0.0
S21938,0.0007697300955963085,0.0
S21941,0.00349019400114142,0.0
S21942,0.0014896094414135039,0.0
S21943,0.0028904184144934297,0.0
S21944,0.0015739030040291951,0.0
S21945,0.00292482645665765,0.0
S21952,0.002321322438085488,0.0
S21953,0.0010325482375779214,0.0
S21955,6.777611826879828e-06,0.0
S21956,0.0005948432242331653,0.0
S21957,0.0002937268121024373,0.0
S21960,2.8098546666960744e-05,0.0
S21962,0.0001036347367756544,0.0
S21966,0.0011840525606097237,0.0
S21968,0.0012169915641213327,0.0
S21971,0.0005306033837768226,0.0
S21973,0.000992392991419916,0.0
S21974,0.00013093783446959116,0.0
S21975,0.0020018575169614746,0.0
S21976,0.0007628631196356797,0.0
S21977,0.0014465001342394447,0.0
S21978,0.0032385946564910412,0.0
S21979,0.0029363189209473135,0.0
S21980,0.0014831593273660778,0.0
S21981,0.003180828204645511,0.0
S21982,0.00319869117972203,0.0
S21983,0.0009229197068599667,0.0
S21984,0.0010935220469462446,0.0
S21988,0.004089449506802248,0.0
S21990,0.0019373830563451295,0.0
S21991,0.0016303967723243114,0.0
S21994,0.0017654541546275324,0.0
S21995,0.0039778236327368596,0.0
S21996,0.0015196897173017393,0.0
S21998,5.7928797648285806e-05,0.0
S21999,0.00016805493389395834,0.0
S22002,0.0001544286704545488,0.0
S22004,0.00029315232352644297,0.0
S22007,0.0030338473186619637,0.0
S22008,0.0037595666927333566,0.0
S22009,0.0012705760643790026,0.0
S22010,0.0030461692199990754,0.0
S22014,0.00214149777030686,0.0
S22015,0.0027224833471683318,0.0
S22016,0.0026674145432758326,0.0
S22017,0.004448196895361323,0.0
S22018,0.0031871935904904994,0.0
S22020,0.001979010596409632,0.0
S22021,0.0030635094518690533,0.0
S22024,0.0029384891976392824,0.0
S22030,0.0008016258623910117,0.0
S22034,0.00010354761276050453,0.0
S22035,2.7539090229912695e-05,0.0
S22036,0.0003782531628417877,0.0
S22038,0.00041733403746640845,0.0044375396208894
S22039,6.0960882276220695e-05,0.0
S22043,5.1431457683536553e-05,0.0
S22044,0.0007495181687127983,0.0
S22046,0.0009406379274031206,0.0
S22047,9.071958706248221e-05,0.0
S22048,3.887958669895714e-05,0.0
S22049,0.0006341447520421387,0.0
S22050,9.363397855808049e-05,0.0
S22051,0.00019717685504282457,0.0
S22052,0.0024100279459992663,0.0
S22054,0.0033794079495781232,0.0
S22055,0.0005994781492865554,0.0
S22056,0.0008760158326042134,0.0
S22058,0.0027972147740955257,0.0
S22066,0.0006475803736952517,0.0
S22067,0.0014793043293567518,0.0
S22069,0.0015559543449023849,0.0
S22070,0.0017184002490789364,0.0
S22072,0.00013675300005536124,0.0
S22074,0.0005117331983680971,0.0
S22076,0.0012929325281724443,0.0
S22077,0.0013053524317161564,0.0
S22078,0.0007535275383213555,0.0
S22080,0.0017757171592589654,0.0
S22081,0.0005781655266851596,0.0
S22085,0.0015473704684553467,0.0
S22087,0.0007056415247692976,0.0
S22088,0.0005122941727285143,0.0
S22091,0.002238363571219899,0.0
S22092,0.002180097715177827,0.0
S22095,0.0001986356368951302,0.0
S22096,3.970627187306809e-05,0.0
S22097,4.538605765833261e-05,0.0
S22102,0.0006639150684030624,0.0
S22103,0.0010533712183040456,0.0
S22106,9.28829550698852e-05,0.0
S22107,0.000419449898812652,0.0
S22112,0.0006625430818795074,0.0
S22113,0.0008868688893787279,0.0
S22115,0.0017455395173980566,0.0
S22116,0.0010934805081328075,0.0
S22117,0.0024843670009761704,0.0
S22123,0.002501967062922961,0.0
S22124,0.0015073622362916817,0.0
S22126,0.0011391161613164493,0.0
S22127,0.0010370919945306683,0.0
S22130,0.00039062512001415695,0.0
S22132,0.0014913667889004617,0.0
S22133,0.002171642408634533,0.0
S22134,0.00046441115062954353,0.0
S22135,0.00038289432371174306,0.0
S22137,0.002949544894535784,0.0
S22139,0.0005571080115730348,0.0
S22140,0.002166630208486491,0.0
S22141,0.0006851889839148656,0.0
S22143,0.0005772025715605395,0.0
S22144,0.0011018266867147842,0.0
S22146,0.0025113282711212697,0.0
S22147,0.0018358515165302833,0.0
S22149,0.0010387465141069043,0.0
S22151,0.002307037509036912,0.0
S22152,0.0028279253084928665,0.0
S22153,0.0029440491872682784,0.0
S22154,0.0015219282705128516,0.0
S22157,0.003898633631348022,0.0
S22158,0.003106441691381897,0.0045159238562536
S22161,0.0032297472140277775,0.0
S22162,0.0021667565253617764,0.0
S22163,0.0033693648552622943,0.0
S22165,0.001898998524044626,0.0
S22166,0.0036156282808860606,0.0
S22168,0.0034016485007073716,0.0
S22169,0.002790582854652724,0.0
S22173,0.0026387795422030272,0.0088556283130651
S22174,0.004141784440337918,0.0
S22175,0.0037301080392501086,0.0
S22176,0.0023838746716179746,0.0
S22178,0.0013354499771322404,0.0
S22184,0.00041089670604945626,0.0
S22185,0.002645065077454984,0.0
S22186,0.0010659193655387954,0.0
S22187,0.001512000404808829,0.0044941178598233
S22189,0.0019946203438633518,0.0
S22191,0.0009743606986038448,0.0
S22192,0.0010946944879201318,0.0
S22194,0.0007565560992781413,0.0
S22195,0.0006631301442614498,0.0
S22196,0.0010521468736823733,0.0
S22198,0.0026112235089819015,0.0
S22199,0.0009254519186925429,0.0
S22200,0.0021923900084101144,0.0
S22201,0.0021139889356271107,0.0
S22203,0.002892210334663664,0.0
S22205,0.0033985454047929637,0.0
S22207,0.0021722542311806005,0.0
S22208,0.002312320065215429,0.0
S22209,0.0032446794892721435,0.0
S22210,0.0016444129272440988,0.0
S22211,0.0035532245156480857,0.0
S22212,0.0047130486655470325,0.0
S22214,0.002755200006953463,0.0
S22217,0.0013458899067208552,0.0
S22218,0.001107154202151734,0.0
S22219,0.0004458578782181211,0.0
S22220,0.0013668162711700086,0.0
S22224,0.0012985280834686484,0.0
S22225,0.0011379049753859423,0.0
S22226,0.001175301722976092,0.0
S22227,0.0009561536293199143,0.0
S22228,0.00116780881398412,0.0
S22229,0.0006651013646163007,0.0
S22230,0.0017187517831788424,0.0
S22231,0.000795642168528848,0.0
S22232,0.001227977867991351,0.0
S22233,0.001557840882482925,0.0
S22234,0.0014663929275362106,0.0
S22236,0.0015814083804302358,0.0
S22237,0.0014814902724479822,0.0
S22240,0.003400264398676813,0.0
S22241,0.0012061211935047874,0.0
S22242,0.0007074782767631813,0.0
S22243,0.0023029306132848607,0.0
S22244,0.0030035658744792,0.0
S22247,0.0025025986350308204,0.0
S22248,0.005761311337414858,0.0
S22251,0.002997974672789803,0.0
S22253,0.004029953910252418,0.0
S22254,0.00357872526465021,0.0
S22255,0.0021928763307985408,0.0
S22257,0.001969662597041122,0.0
S22258,0.0005741325496996799,0.0
S22259,0.003452586425978155,0.0
S22262,0.004941388519104471,0.0
S22265,0.003231661648049206,0.0
S22267,0.0008553181034620629,0.0
S22275,0.0026100372441486682,0.0
S22277,0.0015270627416552787,0.0
S22278,0.0016888131062831918,0.0
S22279,0.0018373684784056005,0.0
S22280,0.0005619962624358312,0.0
S22283,0.0023782404013354724,0.0
S22284,0.0024598268701999286,0.0
S22286,4.639916614336534e-05,0.0
S22287,0.00018825090772386167,0.0
S22289,0.001060365182410759,0.0
S22290,0.00025463315756942256,0.0
S22291,0.0011166867922062752,0.0
S22295,0.0011020556785771528,0.0
S22297,5.973423574586282e-05,0.0
S22298,0.00028765402644810703,0.0
S22300,0.00048543951426358625,0.0
S22301,0.0007823930467978402,0.0
S22302,0.0010885639865041378,0.0
S22306,0.00025100255165456047,0.0
S22307,0.000740111669684836,0.0
S22308,0.0006705748188985548,0.0
S22309,0.00029023560295196534,0.0
S22310,0.00037614598377791464,0.0
S22312,3.252372691063101e-05,0.0
S22314,0.0013384297049938575,0.0
S22315,0.002880753353249055,0.0
S22316,0.0015642142254023081,0.0188543247344461
S22319,0.0007677251093975568,0.0
S22323,0.0006287802640490825,0.0
S22324,0.0019247329752362296,0.0
S22325,0.0028155840040185063,0.0
S22327,0.00013422661519043759,0.0
S22328,0.0022306330438026305,0.0
S22329,0.0020508067542715645,0.0
S22332,0.0020902798603129992,0.0
S22335,0.002545467846447836,0.0
S22337,0.0010264112232336886,0.0
S22339,0.0005634377161696366,0.0
S22341,0.00130955519099455,0.0
S22343,0.0008886324707803725,0.0
S22344,0.0004952994467969528,0.0
S22345,0.0008144427312672035,0.0
S22346,0.003528664760589908,0.0
S22348,0.0007234227211758682,0.0
S22351,0.002219552255347712,0.0
S22356,0.0025045760127854902,0.0
S22357,0.0015133564603969992,0.0
S22359,6.871260759553693e-05,0.0
S22360,7.595178105587936e-05,0.0
S22363,0.0007756170880641798,0.0
S22364,0.00012198122678310064,0.0
S22367,0.0001665433589278607,0.0
S22368,6.4270720737257e-05,0.0
S22369,1.7641785270769914e-05,0.0
S22370,2.4025117875837825e-05,0.0
S22371,7.955822895266451e-05,0.0
S22378,0.003058333451349051,0.0
S22379,0.0011234975711984238,0.0
S22380,0.0017812811190196852,0.0
S22383,0.0020253396474534426,0.0
S22384,0.000523677596825503,0.0
S22386,0.0027940130323145518,0.0
S22388,0.0016356537638604787,0.0
S22390,0.0027942630272366135,0.0
S22391,0.00185699220634162,0.0
S22394,0.003752635332034367,0.0
S22395,0.0022834407209764724,0.0
S22396,0.003406146817715665,0.0
S22398,0.002354828657001756,0.0
S22402,0.003669931108572771,0.0
S22403,0.0035274176625148435,0.0
S22404,0.004880417132535954,0.0
S22405,0.002404135653036353,0.0
S22407,0.002193583981814342,0.0
S22410,4.839290490599616e-05,0.0
S22412,0.0008118033677630777,0.0
S22414,0.0002597342108776766,0.0
S22416,0.00017937817259831246,0.0
S22417,0.00032139163552248444,0.0
S22418,0.0006847107487170902,0.0
S22420,0.00036577521338572753,0.0
S22422,2.1873697548977373e-05,0.0
S22423,0.0001598970379454146,0.0
S22424,0.0010768672189434537,0.0
S22426,0.00020202644538904683,0.0
S22427,0.00017197243496134336,0.0
S22428,9.60713166781931e-05,0.0
S22429,0.00022129942926159404,0.0
S22431,0.00011614746426458607,0.0
S22432,0.0008263751084200355,0.0
S22433,0.00033395281196482794,0.0
S22434,3.196391891548167e-05,0.0
S22435,0.0001919746327721495,0.0
S22438,2.1571289889616032e-06,0.0
S22439,4.473830770002438e-06,0.0
S22440,0.00013729928607807612,0.0
S22442,0.00041643263077145444,0.0
S22443,0.00010960588806795703,0.0
S22445,0.0003863531863513788,0.0
S22446,0.00036776223103982783,0.0
S22452,4.1142953304301045e-05,0.0
S22453,0.0004517156883343365,0.0
S22454,0.00018288929279224378,0.0
S22456,0.0014824800751450805,0.0
S22457,0.0030372378580975834,0.0
S22458,0.001962848038439569,0.0
S22459,0.0006411371838496765,0.0
S22460,0.002709087898011434,0.0
S22462,0.000921198666213771,0.0
S22463,3.9714145084369885e-05,0.0
S22464,0.0009166096391449289,0.0
S22465,0.003304783169944491,0.0
S22466,0.0016444189150087178,0.0
S22467,0.0021668417446749,0.0
S22468,0.001528390601618516,0.0
S22469,0.0010272532017081718,0.0
S22470,0.0021311072171387993,0.0
S22473,0.0011722193161304959,0.0
S22474,0.0015966607073529013,0.0
S22477,0.001333174892773309,0.0
S22479,0.000529659191187594,0.0
S22480,0.0010672781986927637,0.0
S22481,0.0014196060306379036,0.0
S22482,0.0015015901701392626,0.0
S22483,0.0012294849808553692,0.0
S22484,0.002217961050632145,0.0
S22485,0.002971083740537681,0.0
S22487,0.0012857475694206786,0.0
S22488,0.001098259969664939,0.0
S22489,0.00040039932246248126,0.0
S22493,0.0020652952022100755,0.0174650029071067
S22498,0.0002576729571910568,0.0129595405490855
S22500,0.0016843152886009353,0.0031527631082311
S22503,0.0022776758369349795,0.0187759727993955
S22504,0.0011851788839457296,0.0048270704441487
S22505,4.915955018883035e-05,0.0
S22506,0.00017236331139307395,0.0
S22507,0.0001819410089323386,0.0
S22508,0.001045423696401233,0.0
S22510,0.0001258344573108155,0.0
S22512,0.0001965591663242615,0.0
S22513,0.00034178584574874756,0.0
S22516,7.377502508919018e-05,0.0
S22519,0.0028472507201350783,0.0047936419139845
S22520,0.005991036631013421,0.0162119492177816
S22523,0.004090978129494763,0.003252894552547
S22525,0.0011728266966091162,0.0
S22527,0.0009967538895647896,0.0
S22529,0.0019067425940030318,0.0
S22530,0.003063228716963632,0.0
S22531,0.0012348208837612406,0.0
S22532,0.002634041885692512,0.0
S22534,0.00014554512162059631,0.0
S22536,0.0008040554142262901,0.0
S22537,0.0010497077499062994,0.0
S22538,0.0001806099354641265,0.0048898071625344
S22539,0.00018406218964999357,0.0047103200553486
S22541,1.7338177300238878e-05,0.0
S22542,7.761494855893994e-05,0.0109568936466393
S22544,0.0001636896842681009,0.0110900721699436
S22545,0.004605856013198086,0.0062925331560788
S22547,0.0020508232021019283,0.0127133954294448
S22548,0.0007823779037744753,0.0032211441867097
S22550,0.0008746522234302024,0.0
S22552,0.001065091387263834,0.0032224599623938
S22553,0.0013869604060220214,0.0031817367032854
S22555,7.168331119500774e-05,0.004819674356811
S22556,0.001358197476996209,0.0063730817440701
S22557,0.0005323505219842029,0.0032418822485747
S22558,0.00112399013187552,0.0064528274939788
S22562,0.0032658271173683197,0.0
S22566,0.0023162660751894692,0.0095661546752896
S22567,0.0038107201113631514,0.0063664690755489
S22568,0.002243015071439815,0.0016221632542487
S22570,0.00452790604286846,0.0
S22571,0.003064074529619208,0.0
S22572,0.0028045064651746852,0.0032530542382976
S22573,0.0038801263271948036,0.0047703604165666
S22574,0.002706615930082491,0.0079747119797182
S22576,0.0009623633909339308,0.0047819268182386
S22577,0.0016967680201615183,0.0015633502879773
S22579,0.0017786369962978802,0.0
S22580,0.0009118347653757008,0.0
S22581,0.0022367567922336614,0.0047079106160068
S22582,0.003045508185074356,0.004825898665838
S22583,0.004784121965991477,0.0016167964658195
S22588,0.0035722026396825695,0.0078909931537298
S22589,0.0016243900857658283,0.0097355533790401
S22590,0.0014161192862253923,0.0016024400938894
S22591,0.0011415429005310715,0.0094415790423541
S22594,0.002477006721776944,0.00324747454947
S22595,0.001954879456120397,0.0047994283175927
S22596,0.0011108469689509236,0.0032306922261874
S22597,0.0026937679549435063,0.0064741360219886
S22600,0.001892658175892566,0.0078398339280249
S22601,0.0016894026734614734,0.0097321218767134
S22602,0.0014241869793868967,0.0031455497117106
S22603,0.004331148579549536,0.0111209139671519
S22604,0.0011161310063369347,0.0016091954022988
S22606,0.0009746439400547253,0.0080113480664764
S22607,0.004966400474596681,0.0
S22608,0.0012819701702966421,0.0
S22610,0.0025335540163215244,0.0
S22611,0.0025086189509112445,0.0048316693077199
S22614,0.0027588264096299253,0.0064519479170723
S22619,0.002979236366757779,0.0016296952109258
S22622,0.002180976571389888,0.0015955875743216
S22623,0.00264689964527558,0.0047027876081073
S22629,0.0017512919824552611,0.0
S22630,0.0055088924402048175,0.0032207371405427
S22631,0.0010303839142877158,0.0
S22632,0.0014891017866821674,0.0
S22633,0.002136483764147207,0.0016057639494685
S22634,0.0005690465209495993,0.0113894918106312
S22636,0.004280188546262501,0.0048627282155646
S22638,0.0027202451378427217,0.001600984428252
S22642,0.004897337190129395,0.0015954953740264
S22646,0.0026330291867230847,0.0048238845373632
S22647,0.0026337494258371805,0.0080369993046459
S22648,0.002250357777231731,0.0
S22649,0.0002608228523251795,0.0
S22654,0.0021067562918121348,0.0016162759311472
S22656,0.0013038309380295474,0.0078653676940704
S22657,0.0036314642899282885,0.0016157399731468
S22658,0.0013908254586613702,0.0063818585718504
S22660,0.0011214384364906763,0.0178399527487624
S22662,0.001968483539332774,0.0032360879148068
S22664,0.003963367418927717,0.00784503142748
S22665,0.002638845046909002,0.0015779130274658
S22666,0.0008374047692912955,0.0095578761130021
S22667,0.001060673722847878,0.0080275748001989
S22671,0.00424064904123988,0.0126695217701641
S22673,0.0024712657396066175,0.0032543962178284
S22675,0.0014702103035011253,0.0112084074331812
S22676,0.0032429035443385964,0.00792663476874
S22679,0.0017659399210990488,0.0016089609737936
S22680,0.00437330700153642,0.0062754308045367
S22682,0.0011613351272855195,0.0031369430269291
S22683,0.000639601754145775,0.0064868110210527
S22685,0.0013423247185115838,0.0016008916032108
S22688,0.0009817494735522376,0.0032335298174389
S22689,0.0018439195282526268,0.0
S22690,0.002624940839705955,0.0031959462283654
S22692,0.0029458596874409482,0.0015792366916738
S22694,0.0018085188450291186,0.0063437360393132
S22700,0.0011832757860972254,0.0081247384390039
S22701,0.0026169826241057,0.0
S22705,0.0031057969043849372,0.0016265271191488
S22707,8.535564198508032e-05,0.0
S22710,0.00029936885048488596,0.0
S22712,6.003477755615983e-05,0.0
S22714,0.0001672335567911332,0.0
S22716,2.4793525162003136e-05,0.0
S22717,0.00021776508648478477,0.0
S22719,0.00017194771939519276,0.0
S22720,8.37117614539816e-05,0.0
S22721,0.00013918284498226635,0.0
S22722,4.273601769935209e-05,0.0
S22723,0.0002798060395076796,0.0
S22724,8.552140108522799e-05,0.0
S22725,0.00010586700571558636,0.0
S22727,0.001425260563347746,0.0
S22728,0.0009163979954560123,0.0
S22729,0.00037787244929394245,0.0
S22731,0.004174729838736771,0.0
S22732,0.002091055730759448,0.0
S22735,0.0011268193588758212,0.0
S22736,0.0020315801300881337,0.0
S22740,0.0002745064263563661,0.0
S22743,0.0042204958489602705,0.0113376024506688
S22744,0.0008986734950808385,0.0047028766086298
S22745,0.002012734431939694,0.0031317246224759
S22746,0.0013091262905523106,0.0
S22747,0.0037977958147148126,0.0079582392595795
S22749,0.0018782128324008355,0.0080077854364645
S22750,0.0029599291878568725,0.0095467686013119
S22751,0.001628311473519686,0.007862605322525
S22752,0.001048795528916727,0.0079308088786761
S22753,0.0019679101385626295,0.0016190876424845
S22754,0.0006765090277752364,0.0047928560407344
S22755,0.002792274176932484,0.0093959731543624
S22758,0.00032198452508759004,0.0063030671967837
S22759,0.002254325772214166,0.0031795078480105
S22760,0.0021212291654037077,0.0079685746352413
S22763,0.0033473286824738796,0.0032550036676097
S22764,0.002271414080847326,0.0063155620786713
S22766,0.0011451088779616929,0.0
S22770,0.0035317208452194625,0.0
S22771,0.00238753318168606,0.0048063904684538
S22776,0.0006509911965256561,0.0
S22777,0.0029964624540501396,0.0015634093018134
S22778,0.002566947960454449,0.0
S22779,0.006104100555751111,0.0016149367022797
S22781,0.0017998337710760878,0.0016180439574034
S22782,0.0028710001587254202,0.0080579524045773
S22783,0.0004931017384100275,0.0
S22786,0.005238453465563,0.0031395587561788
S22787,0.0024281004517461664,0.0048139789424744
S22789,0.0043153389888833035,0.0063531020906435
S22791,0.00022327447023577838,0.0064160284525688
S22792,9.544369841026528e-05,0.0
S22794,0.0011329365167503653,0.0
S22798,0.0015818873381540804,0.0048042068225536
S22799,0.0020780090671567754,0.0047316209371846
S22800,0.00017392007631630713,0.0047021202115481
S22801,0.0019689285567151197,0.0064328450454473
S22802,0.0008736766286887617,0.004784090252777
S22803,0.0011281587176669942,0.0096306631011897
S22805,0.00387607585313622,0.0
S22806,0.0029575949990419135,0.0079028128925567
S22807,0.003431459563075408,0.0094671174817848
S22809,0.0027393884681532242,0.0079560225650088
S22814,0.00025081667182262504,0.0062765601419487
S22816,0.002726044308068289,0.0130170734502119
S22819,0.0035814991089607832,0.0097195603707904
S22823,0.0019859377009430975,0.0063427645264622
S22825,0.0016287624713617224,0.0095035949212176
S22827,0.0018766875121001285,0.0047079998105432
S22829,0.000517482407049076,0.0
S22832,0.004107428332638849,0.0048647749185125
S22834,0.003080527432911871,0.0047362653070948
S22839,0.004137749197232445,0.0
S22841,0.002142406020052445,0.0097051357156805
S22842,0.00217561340169137,0.0
S22843,0.002578183973411572,0.0016155981614037
S22846,0.0029865871041488638,0.0047934107480421
S22848,0.001737212620706107,0.0031324648149198
S22849,0.003401676573869168,0.0016143544368761
S22850,0.0017399372948114274,0.0129942284186651
S22852,0.0008166597269220345,0.0031570288356788
S22854,0.0005934566685262019,0.0
S22855,0.004461217325772477,0.0
S22857,0.0013654816932880344,0.0031676226896112
S22858,0.002065777945317421,0.0031960695418431
S22860,0.0026967590619965307,0.0032545880195799
S22862,0.0029614835149262934,0.008134152967902
S22863,0.00360373840131252,0.0128528388740189
S22864,0.0017381748134988825,0.0
S22865,0.0018858914566151708,0.0144311736580266
S22866,0.0051656248609261435,0.0031437291459114
S22867,0.003887972910627115,0.0032387133771243
S22868,0.001371821502998973,0.0063994231505892
S22871,0.001745399701176821,0.0
S22873,0.0026354012827580556,0.00643084736442
S22874,0.0014621178987299455,0.0
S22876,0.0009816403326033058,0.0096979394317827
S22877,0.0014713981136273693,0.0031985686887799
S22878,0.0019785909053786754,0.0
S22879,0.0018296373816762475,0.009677639201254
S22880,0.001781617528856474,0.0064712277754991
S22881,0.0012647890276308556,0.0
S22882,0.0012396320149698251,0.0096429021837196
S22883,0.0011562249977516402,0.0
S22885,0.0001344394690577076,0.0
S22886,0.00015295089044146555,0.0032246239290452
S22887,0.0009397499290250468,0.0032579161791263
S22889,0.0012553983159373286,0.0015653148897035
S22892,0.0005611502459639884,0.0063471386792332
S22893,0.001080094027025825,0.0031635095223546
S22894,0.001617697322638455,0.0
S22896,0.0029971776561353966,0.0095693779904306
S22898,0.00024232186206989235,0.0095903363371476
S22903,0.0020536405921892306,0.0048833690333484
S22905,0.002720158750058927,0.0125831545234161
S22906,0.004550186330062818,0.0144174982594569
S22907,0.0009448484911624006,0.001603293041321
S22908,0.0012314001800548978,0.0079369642149911
S22909,0.0007787828714765738,0.0048495848091878
S22910,0.0009817978262838913,0.0031348951040129
S22911,0.004649948365267068,0.0
S22912,0.0020458509847788068,0.004739924084918
S22917,0.0013011194049484002,0.0047693533063997
S22921,0.0012925380828528797,0.004888508562267
S22922,0.00020529704626587246,0.0080139058196758
S22925,0.0006961624309026839,0.001619166764403
S22928,0.0009913541956037605,0.0016130183890587
S22929,0.00031125685674117246,0.0015952495586583
S22930,0.0015110230800308468,0.0080274192089519
S22932,5.438978678317372e-05,0.0015766515980648
S22935,1.1321379498766148e-05,0.0032352979468551
S22938,0.00013644737026086287,0.0
S22939,5.33684101638334e-05,0.0
S22940,0.00019197030352826618,0.0
S22941,4.996243602779107e-05,0.0
S22942,0.002877303147152229,0.0
S22944,0.002778341093494829,0.0
S22945,0.004844617092615878,0.0
S22946,0.0016365758588762613,0.0
S22948,0.0027381712119758594,0.0
S22951,0.0034967532554984826,0.0063629845854457
S22952,0.0024422317773326175,0.0
S22953,0.004332429057786529,0.0
S22954,0.003059935934463318,0.0
S22956,0.00044357938300567236,0.0
S22959,0.0019202882724573317,0.0
S22960,0.002933355191248804,0.0
S22961,0.003082316760393634,0.0
S22963,0.0008018355317385821,0.0
S22967,0.00359083528412567,0.0031900690646743
S22969,0.0018797119779667437,0.0
S22970,0.0006580599851307779,0.0
S22973,0.0013202362930984672,0.0
S22974,0.002281911761023664,0.0
S22975,0.0014406708475095615,0.0
S22977,0.0002146844645942921,0.0
S22979,0.0014525608923030638,0.0
S22983,0.003451146547495146,0.0
S22984,0.0039845518623449665,0.0
S22985,0.005832476470730291,0.0
S22986,0.0028581139158279124,0.0
S22987,0.0017344103444811823,0.0
S22993,0.00023069786541928707,0.0
S22994,0.00021317222910178827,0.0
S22996,0.00012601852132232728,0.0
S22997,3.130004693356242e-05,0.0
S22998,5.298430377700597e-05,0.0
S23000,2.279993506043815e-05,0.0
S23001,0.0006846011290018441,0.0064689535784246
S23004,0.0001315742631868677,0.0
S23005,0.002886090924705577,0.0
S23007,0.005646737075412736,0.0
S23009,0.001598288820514378,0.0
S23010,0.0022661472297956014,0.0
S23011,0.0014938084607892398,0.0
S23013,0.00230956325247258,0.0
S23014,0.004537631921385765,0.0
S23015,0.0013240582492643359,0.0
S23017,0.00329640054568033,0.0
S23018,0.0017495798648471408,0.0
S23019,0.0029804524443952764,0.0
S23020,0.00260026530722478,0.0
S23021,0.00317938099828953,0.0
S23022,0.0045623256787624385,0.0
S23023,0.0028440864724433228,0.0
S23028,0.001290372542521271,0.0
S23029,0.001976447688836191,0.0
S23030,0.0015306960710974166,0.0
S23031,0.003164601219744439,0.0
S23034,0.0032426631604330854,0.0
S23037,0.000814842097413803,0.0
S23039,0.004584506950708422,0.0
S23041,0.002268413958984669,0.0
S23042,0.0025487739747072752,0.0
S23043,0.0017063294994512025,0.0
S23044,0.004694039474352338,0.0
S23045,0.0029882293001152155,0.0
S23047,0.001765396899980266,0.0
S23048,0.0007739258348663662,0.0
S23049,0.00032777922153631544,0.0
S23051,0.00018316467582192846,0.0
S23052,0.00018343331438756401,0.0
S23055,0.0002955171882090387,0.0
S23056,0.0001059260891592447,0.0
S23058,0.0002755981848595508,0.0
S23059,0.00014228923937567893,0.0
S23060,3.349120510142669e-05,0.0
S23061,2.2880707506053344e-06,0.0
S23062,1.906053589399225e-05,0.0
S23067,9.515622169650737e-05,0.0
S23068,4.5888023903899075e-05,0.0
S23070,3.649595700668217e-05,0.0
S23072,6.448574121114349e-05,0.0
S23073,0.00028286892534373396,0.0
S23074,0.00010677761494949813,0.0
S23075,0.0019160931912261163,0.0
S23076,0.004486461912474562,0.0032227107082182
S23078,0.00045364689276191825,0.0
S23081,0.0029033903079458715,0.0
S23084,0.0016283616848424525,0.0
S23085,0.0006794753257473585,0.0
S23086,0.0019042769999130695,0.0
S23090,0.0016618932507518635,0.0
S23092,0.0006112846711997607,0.0
S23095,8.759002652353823e-05,0.0
S23096,0.00046348780973132616,0.0
S23097,0.0007736701744311768,0.0
S23100,0.0023436444061873986,0.0
S23101,0.0010153607026704566,0.0
S23103,0.00025907323654139706,0.0
S23104,0.0009266211681004234,0.0
S23106,0.0004307203672394596,0.0
S23107,0.0029357088788259083,0.0032157045433958
S23110,0.0001903961531303436,0.0
S23111,0.0012880665990142167,0.0
S23112,0.00044785722428359936,0.0
S23113,0.001435295350715712,0.0
S23114,0.00023991885894902978,0.0
S23116,0.0010977707719763115,0.0032080452870135
S23117,0.00013419939641755015,0.0
S23118,0.0001841030554903756,0.0
S23119,0.0002023426587547424,0.0
S23120,0.0015058061377052827,0.0
S23122,0.0007767191869064356,0.0
S23126,0.001272064674400403,0.0
S23129,0.0019683359032796836,0.0
S23133,0.004364496343523999,0.0
S23136,0.0022692643012919567,0.0
S23137,0.002542404823979101,0.0
S23138,0.004626715110875225,0.0
S23139,0.0003786656346860961,0.0
S23140,0.0016286238199842383,0.0
S23142,0.0018935837295173262,0.0
S23143,0.0006337329369205814,0.0
S23144,0.0012396285771620755,0.0128371528383151
S23145,0.0020393337591156795,0.0
S23146,0.0009475735422325438,0.0
S23147,0.0011712448625808578,0.0
S23148,0.0014278765800675496,0.0
S23149,0.002041692642118083,0.0
S23150,0.0010847061065365365,0.0
S23151,0.003362261735778394,0.0
S23152,0.0020547085731520112,0.0
S23153,0.0010266586231099713,0.0
S23154,0.0004025640371365878,0.0
S23157,0.00263942079209891,0.0
S23158,0.0022899206414115037,0.0
S23159,0.0027631127005098553,0.0
S23160,0.002361233868191011,0.0
S23161,0.0032057225514685963,0.0
S23164,0.004231190762306625,0.0
S23165,0.0009127753907825226,0.0031659277378586
S23166,0.0014052977839152546,0.0
S23167,0.0013379212499172977,0.0
S23169,0.0018236715823526592,0.0
S23170,0.0031058693970976935,0.0
S23171,0.001921008593044191,0.0
S23172,0.0038132438950031376,0.0
S23173,0.0036272006497147995,0.0
S23174,0.0016500068103457765,0.0
S23176,0.0013494213369524641,0.0
S23177,0.0016534796097780957,0.0
S23178,0.005089323151410877,0.0
S23179,0.0022031657233971074,0.0
S23180,0.0025741124449237445,0.0
S23181,0.00275466667165649,0.0
S23182,0.001125474462248794,0.0
S23183,0.0025018105477451025,0.0
S23187,4.0479905538042476e-05,0.0
S23188,4.928521152245733e-05,0.0
S23189,0.00044983207947763525,0.0
S23190,3.364133559609743e-05,0.0
S23191,0.00036844157881861614,0.0
S23192,9.703894536818718e-05,0.0
S23193,0.0008444355905371337,0.0
S23194,0.001972552930865144,0.0
S23195,0.003195221101907758,0.0
S23197,0.00023969270085455303,0.0
S23198,0.0011845124559123035,0.0
S23199,0.001133549478038763,0.0
S23200,0.000640141811886501,0.0
S23202,0.0003505641458996096,0.0032337191674311
S23206,0.0007169761224526813,0.0
S23207,0.0001982519954116165,0.0
S23210,0.001614783935145932,0.0
S23211,0.001959046827973522,0.0
S23213,0.0005894878076692497,0.0
S23216,0.0003120637341329907,0.0
S23217,0.0002834155508051778,0.0
S23218,1.372238579505339e-05,0.0
S23220,0.00048662273122996257,0.0
S23221,0.0023202807134079908,0.0
S23224,0.0005187339252166085,0.0
S23230,0.001350352552762806,0.0
S23232,0.0017935507667103338,0.0
S23233,0.001843246214270937,0.0
S23234,0.0018122896064940457,0.0
S23235,0.0029110596964237873,0.0064903689193601
S23236,0.002667103374792658,0.0
S23240,0.0020884075081750242,0.0
S23241,0.00250525518354913,0.0
S23242,0.002495465679730887,0.0064939307226947
S23245,0.0036771734512878406,0.0
S23246,0.001816765381179132,0.0
S23247,0.0036156537935058473,0.0
S23248,0.0032400289922465395,0.0
S23252,0.001036878852091051,0.0
S23254,0.0011645783620560296,0.0
S23258,0.0033543480436509223,0.0
S23259,0.0027495545153158286,0.0
S23260,0.0024643291793917644,0.0
S23261,0.0014360899790118048,0.0
S23263,0.0009429034172393087,0.0
S23266,0.002786857532907672,0.0
S23267,0.0008933809852763692,0.0
S23268,0.0018020962037926863,0.0
S23269,0.0012124012107367823,0.0
S23270,0.0004543523115654223,0.0
S23271,0.00250376985485291,0.0032323941829912
S23273,0.0005855829364914484,0.0
S23274,0.00031624222803185436,0.0
S23275,0.0003792242806007161,0.0
S23276,0.0004540270717136737,0.0
S23278,0.00031584769794519303,0.0
S23279,0.003191249257251348,0.0
S23280,0.0031325920134632427,0.0
S23281,0.002348573912376338,0.0
S23282,0.0017845707776608759,0.0
S23284,0.0016446488578508425,0.0
S23285,0.001965698534448357,0.0
S23287,0.00016778181159686527,0.0
S23288,0.000774060540037634,0.0
S23289,0.00021191335349027247,0.0
S23291,0.0017291064260937304,0.0
S23292,0.0016433520852588087,0.0
S23293,0.0007042823254281556,0.0
S23294,0.0016717299734076054,0.0
S23296,0.0015454752126662613,0.0
S23298,0.0014737185470918989,0.0
S23300,0.0029954989042141437,0.0
S23301,0.0022344649928592595,0.0
S23302,0.0021445895509870877,0.0
S23303,0.0018116038859711052,0.0
S23304,0.0018837920507056396,0.0
S23305,0.001196974188990311,0.0
S23307,0.0008026641737268607,0.0
S23309,0.0009056934111602679,0.0
S23310,0.003728813486837821,0.0
S23311,0.0026971236477376674,0.0
S23313,7.829364180959132e-05,0.0
S23314,0.0008787280568104515,0.0
S23315,0.0036695115015625526,0.0
S23316,0.0023300776534067214,0.0
S23319,0.0007076044392028075,0.0064150967750263
S23322,0.0033137867668108075,0.0
S23323,0.002600651940107332,0.0
S23325,0.0029308719500373563,0.0
S23327,0.00083056453682646,0.0
S23331,0.002106863013056516,0.0
S23332,0.004081906723699276,0.0
S23333,0.0018132265415730627,0.0
S23334,0.0021502455164442206,0.0
S23335,0.00037590014878071727,0.0
S23337,0.0019255164303578105,0.0
S23339,0.0015785887020419074,0.0
S23342,0.00010642355290156147,0.0
S23343,0.00018355794316089483,0.0
S23347,0.00010321645453767606,0.0
S23348,0.004075404727644472,0.0
S23349,8.391271240641682e-05,0.0
S23350,9.338058739363691e-05,0.0
S23352,0.004467605680661192,0.0
S23354,0.00013912904381052814,0.0
S23356,0.003002344850857232,0.0
S23358,0.000996663515059434,0.0
S23359,0.00014671420500833848,0.0
S23361,0.0010552739205823636,0.0
S23363,0.0005593034234291977,0.0
S23364,5.7067112420136935e-05,0.0
S23365,0.0002865733128147431,0.0
S23369,0.00040872096500568344,0.0
S23370,0.00039516814417834856,0.0
S23372,0.001699390754992885,0.0
S23373,0.0010377387350314292,0.0
S23374,0.0023583690433406847,0.0
S23376,0.00013060803182653573,0.0
S23377,0.0004162072216697915,0.0
S23381,6.250375450024786e-05,0.0
S23383,9.879221923023955e-06,0.0
S23384,0.0002235863110397954,0.0
S23393,0.0008950766471233314,0.0
S23397,0.0009572951775143687,0.0
S23400,0.001855799938733001,0.0
S23401,0.0019181779855699539,0.0
S23402,0.0020190338556965704,0.0
S23403,0.001670346787130305,0.0
S23404,0.0023872287103431423,0.0
S23407,0.004605933840833548,0.0
S23409,0.002352414782175194,0.0
S23410,0.0021826976350331297,0.0
S23411,0.0008986861312086428,0.0
S23412,0.0004644928148625481,0.0
S23413,0.0004687109720186392,0.0
S23414,0.00026447836436248404,0.0
S23417,0.002038722273680796,0.0
S23418,0.0006227269837331014,0.0
S23422,0.00340567515634232,0.0
S23424,0.0023638800800294926,0.0
S23425,0.003465299026873187,0.0
S23426,0.0006287322146850488,0.0
S23427,0.002180027634631704,0.0
S23430,0.001700120915870721,0.0
S23432,0.0018767074507278969,0.0
S23436,0.0004017727512647597,0.0
S23437,0.004337276231335608,0.0
S23441,0.003159294384910018,0.0
S23448,0.0007107088651989121,0.0
S23449,0.003915717395315445,0.0
S23450,0.0016834237414828169,0.0
S23452,0.001954324776514,0.0
S23453,0.0031760406954442423,0.0
S23454,0.0035947147065135835,0.0
S23455,0.0004038851030291373,0.0
S23457,0.0003765348297721362,0.0
S23461,0.0018311897791864074,0.0
S23468,0.0011664110993684787,0.0
S23471,0.001206364128286333,0.0
S23473,0.0011400821309182697,0.0
S23474,0.0017556379184238257,0.0
S23477,0.0013185764317435408,0.0
S23479,0.002216614070755911,0.0
S23480,0.0007707425482695932,0.0
S23481,0.003700243824560144,0.0
S23482,5.414014344870198e-05,0.0
S23483,0.00030123233116768943,0.0
S23484,0.00018698838915988912,0.0
S23485,4.153412593963404e-05,0.0
S23486,3.982626041287397e-05,0.0
S23490,8.413519064686336e-05,0.0
S23492,4.689789634258179e-05,0.0
S23493,0.00018850958182005959,0.0
S23494,2.0771333120661706e-05,0.0
S23495,9.250731614955104e-06,0.0
S23496,4.528067529153368e-05,0.0
S23498,0.00018647972375545447,0.0
S23500,9.923999174877204e-05,0.0
S23502,0.00048346603294816047,0.0
S23503,0.0018223670566030782,0.0
S23507,0.0025751863784369035,0.0
S23510,0.0018555745391408236,0.0
S23513,0.0023845847076993795,0.0
S23514,0.0019147872928799096,0.0
S23515,0.0005344826141709645,0.0
S23516,0.0017704368195371816,0.005822467460959
S23518,0.0004460663195545723,0.0
S23519,0.0008534823317809835,0.0
S23520,0.000928275321843553,0.0
S23521,0.0008590749751775028,0.0
S23522,0.0008684866989106614,0.0
S23524,0.0005640271475254846,0.0
S23534,0.0064651261343159645,0.0
S23535,0.0016224967476113664,0.0
S23537,0.0011786716490508563,0.0
S23539,0.001839547514062167,0.0
S23540,0.002293975550768919,0.0
S23541,0.0020141843668805685,0.0
S23542,0.0004947382207994186,0.0
S23545,0.0015881950973334828,0.0
S23546,6.936775556835115e-05,0.0
S23549,0.00014232400981110558,0.0
S23552,0.00018237607153832799,0.0
S23556,8.137368131829209e-05,0.0
S23557,1.6880341711182527e-05,0.0
S23558,2.4285184750986877e-05,0.0
S23559,0.00024871255525590067,0.0
S23561,0.00022938423427670506,0.0
S23562,0.00018317860395168102,0.0
S23563,0.00013036422402790552,0.0
S23564,0.00012435907397342766,0.0
S23567,0.00040183303480220163,0.0
S23570,0.0026249882433926775,0.0
S23572,0.00041260427641402774,0.0
S23574,0.001177053561761683,0.0
S23575,0.0033123136687804606,0.0
S23576,0.000631282603366517,0.0
S23577,0.0016911606164504215,0.0
S23579,0.0010694408248289901,0.0
S23580,0.0017531892730287325,0.0
S23583,0.0006607109013039114,0.0
S23586,0.0032439759906920354,0.0127054733236188
S23588,0.003333902364649404,0.0
S23590,0.004210757447446337,0.0
S23591,0.004760027942895722,0.0
S23596,0.004160203688407795,0.0
S23597,0.0007273940870105112,0.0
S23600,0.0017294343771302768,0.0
S23601,0.0012856746777989247,0.0
S23602,0.002765137011302676,0.0
S23603,0.00316934632885527,0.0
S23604,0.0035093565099667645,0.0
S23606,0.0028295574829672434,0.0
S23607,0.0023070654212502145,0.0
S23609,0.0020343650945251,0.0
S23610,0.0019192765957967645,0.0
S23611,0.003212360701508911,0.0
S23612,0.0021106711623031676,0.0
S23613,0.0010160658608924125,0.0
S23614,0.004115394583913235,0.0
S23617,0.001187765847502824,0.0
S23618,0.004947949213274381,0.0
S23620,0.003206384366138786,0.0
S23621,0.0014157247718856552,0.0
S23622,0.0019466368568909155,0.0
S23623,0.0014460021454151782,0.0
S23624,0.002500905336455192,0.0
S23625,0.0015767435762907732,0.0
S23628,0.0035940113874346116,0.0
S23629,0.003017395768183514,0.0
S23631,0.003686196880132167,0.0
S23633,0.000127940730423032,0.0
S23634,0.0005782908308053338,0.0
S23635,0.0003454977655759915,0.0
S23638,7.188417174555691e-05,0.0
S23640,0.00042729734021535034,0.0
S23641,0.00045945203710670134,0.0
S23643,0.0011905586379150936,0.0
S23647,0.0019970789465226864,0.0
S23648,0.001511493322325014,0.0
S23650,0.0009686496014996784,0.0
S23651,0.0024979019135687374,0.0
S23652,0.00039370273342050055,0.0
S23653,0.0023728494753521958,0.0
S23654,0.0014105089104119034,0.0
S23655,0.001089191144472901,0.0
S23658,0.0005027182694396699,0.0
S23659,0.0022000610782749786,0.0
S23660,0.0008577613302762326,0.0
S23661,0.00046958410441473467,0.0
S23666,0.0008821454088772879,0.0
S23669,0.0007806469724924756,0.0
S23670,2.4382830598282605e-05,0.0
S23673,0.0017312493325464535,0.0
S23676,9.39873568781247e-05,0.0
S23678,0.0008750500861574018,0.0
S23681,0.0014132779750053125,0.0
S23682,0.00034887289328725554,0.0
S23683,4.669017050308092e-05,0.0
S23684,0.003439388945599206,0.0
S23685,0.0003970826667965551,0.0
S23686,0.0005859153377463835,0.0
S23687,0.0007819557595380672,0.0
S23688,0.0002787449279493449,0.0
S23690,4.473204435949097e-05,0.0062960007094085
S23691,0.0005877065041364601,0.0
S23692,0.00235271841211758,0.0
S23696,0.001829441357398751,0.0
S23697,0.0028283660689979225,0.0
S23698,0.002500297869396698,0.0
S23699,0.003255465832519483,0.0
S23700,0.0008859324860941041,0.0
S23704,4.8411486648338646e-05,0.0
S23705,1.630971095894683e-05,0.0
S23707,0.00029106542592902097,0.0
S23708,3.707600981138514e-05,0.0
S23709,0.0002499993819627576,0.0
S23711,0.0008881995209505323,0.0
S23716,0.002350878680739204,0.0
S23720,0.0014343465841163217,0.0
S23722,0.0021393563585807456,0.0
S23724,0.000736824529448278,0.0033387075104124
S23725,0.002573833848525447,0.0067910090865614
S23728,0.0015099294632109535,0.0
S23730,0.0017091674291091344,0.0068013246845663
S23731,0.00033733002298594447,0.0
S23732,0.0001204977496062753,0.0
S23735,0.00022856657602511162,0.0
S23736,0.0013466214702168556,0.0
S23737,0.0005065671237607085,0.0
S23739,0.0003135016256620348,0.0
S23740,0.0005237352848146395,0.0
S23742,0.0008005072496661444,0.0
S23748,0.0006913609796559553,0.0
S23750,0.0009339406844115556,0.0
S23751,0.0012156652250236227,0.0
S23755,0.00281995870443749,0.0
S23756,0.0006686484614658385,0.0
S23758,0.001532467966714785,0.0
S23759,0.0041837781058606865,0.0
S23760,0.0019647606470257267,0.0
S23761,0.003615873169225276,0.0
S23762,0.0015758183093998587,0.0
S23763,0.004232561342892339,0.0
S23765,0.00460783506094826,0.0
S23766,0.0027126188207909326,0.0
S23767,0.0027723584188611085,0.0
S23768,0.0007041032255175907,0.0
S23769,0.0013992394523780773,0.0
S23771,0.0006344701616248717,0.0
S23773,0.002804975464839581,0.0
S23782,6.792289164300007e-05,0.0
S23783,8.944903959350162e-05,0.0
S23785,0.003493682999326676,0.0
S23786,0.0031657512964308283,0.0
S23787,0.000661697229325044,0.0
S23788,0.0010816105902092315,0.0
S23790,0.000744521340942561,0.0
S23792,0.0001262985356568332,0.0
S23796,0.0011600554098766028,0.0
S23797,0.0005995654451249572,0.0
S23798,0.0003803725948879241,0.0
S23800,0.0017364932574026142,0.0
S23803,0.00014094548193082477,0.0
S23805,0.004721271917818121,0.0
S23806,0.0023732187551420837,0.0
S23807,0.0006513816405553754,0.0
S23808,0.0004864579896608672,0.0
S23811,0.001839278112630398,0.0
S23812,0.0013037957251132853,0.0
S23813,0.0009082755878491179,0.0
S23818,0.00377342713934555,0.0
S23819,0.0001555395887166208,0.0
S23820,0.000892954948908799,0.0
S23821,0.0010504493543270115,0.0
S23822,6.80798295742938e-05,0.0
S23823,0.0007711574390056625,0.0
S23824,0.0017720090356308036,0.0
S23826,0.0024483622217550075,0.0
S23827,0.0020602574840296243,0.0
S23828,0.003549521748220605,0.0
S23829,0.0019228711164445363,0.0
S23830,0.0033385037362624504,0.0
S23832,0.0009357072287328701,0.0
S23834,0.002576347689415558,0.0
S23836,0.0008924381076786481,0.0
S23838,0.002045452927642449,0.0
S23840,0.0011806475981885555,0.0
S23842,0.0021332647551351135,0.0
S23843,0.002483508758527806,0.0
S23846,0.0032616558041629346,0.0
S23847,0.0012236750591809642,0.0
S23849,0.0008500227296329926,0.0
S23850,0.0012717977511018253,0.0
S23851,0.0016483699210260991,0.0
S23852,5.973102503132238e-05,0.0
S23854,0.003121637765697423,0.0
S23856,0.003587056160708688,0.0
S23859,0.00031156712135461777,0.0
S23860,0.0010006557646289028,0.0
S23861,0.0009286145837880528,0.0
S23863,0.00041731785344962044,0.0
S23864,0.0002413513788217359,0.0
S23865,0.0008346591491557763,0.0033756477915656
S23866,0.0020275341570099503,0.0
S23868,0.001282553462175256,0.0
S23871,0.0011493784126191582,0.0
S23872,0.0017041549133817785,0.0
S23873,0.00016889934015645722,0.0
S23876,0.0010353013254817542,0.0
S23877,0.0020626171519866603,0.0
S23878,0.0010069890146572774,0.0
S23879,0.003920520589955114,0.0
S23883,0.0016738026319677306,0.0
S23884,0.0013569889358794214,0.0
S23886,0.0038864450431551805,0.0
S23887,0.003462534621273025,0.0
S23890,0.002521309785712635,0.0
S23891,0.002339766985055374,0.0
S23893,0.0006495036590012566,0.0
S23894,0.001171898782481798,0.0
S23895,0.0033761986618833575,0.0
S23898,0.0028790665041200153,0.0
S23899,0.0001542475005343187,0.0
S23901,0.002956989857969086,0.0
S23902,0.0016489384600020132,0.0
S23905,0.0011311279080930532,0.0
S23909,2.0027832869681516e-05,0.0
S23910,8.634712321973222e-05,0.0
S23916,2.1710142302203184e-05,0.0
S23918,0.0027469875532739885,0.0
S23921,4.926551500751635e-06,0.0
S23926,2.4871145539070764e-05,0.0
S23928,7.647275581794847e-05,0.0
S23929,0.002018193634347785,0.0
S23930,0.00169086800382292,0.0
S23931,0.003131906128386738,0.0
S23932,0.0016663565160074934,0.0
S23933,0.0021146691967666212,0.0
S23934,0.0021591955423205097,0.0
S23935,0.001860013681167357,0.0067665999537093
S23936,0.0021907186283833834,0.0
S23937,0.004750985683041932,0.0
S23939,0.0026099253556948095,0.0
S23940,0.004539393225871232,0.0
S23941,0.0017080967661569928,0.0
S23942,0.001982447893211896,0.0
S23943,0.0033200957438035265,0.0
S23946,0.0018481088031862655,0.0
S23948,5.7577713112965645e-05,0.0
S23949,0.0003294143196832253,0.0
S23950,0.0022720109542573746,0.0
S23952,2.9071638483695405e-05,0.0
S23956,0.00035792413302483125,0.0
S23958,3.991152590334467e-05,0.0
S23959,0.00014309090685596233,0.0
S23961,0.00011575307555558364,0.0
S23962,0.0008779028204979357,0.0
S23965,7.131552667650584e-05,0.0
S23967,0.0007254431908464684,0.0
S23968,4.395111208491816e-05,0.0
S23971,2.6602629553204053e-05,0.0
S23972,0.000594904543477296,0.0
S23974,0.0019330038714167853,0.0
S23975,0.0010506540074493543,0.0
S23976,0.0007194171900794435,0.0
S23977,0.001079015394263408,0.0
S23978,0.0038162103585327864,0.0033433566762863
S23980,0.0023069497145642263,0.0
S23982,0.00214086672342911,0.0
S23983,0.0019889237218270284,0.0
S23984,0.0030180564523676857,0.0
S23988,0.002692648605560316,0.0
S23989,0.005276617041062411,0.0
S23991,0.004223592196707484,0.0
S23993,0.0034448059117251585,0.0
S23994,0.004277757126068096,0.0
S23995,0.00281507570844731,0.0033603104737564
S23997,0.0021013956285461316,0.0
S23998,0.0020425282755517755,0.0
S23999,0.002137418761563933,0.0136880663196452
S24004,0.0017974521359145402,0.0
S24008,0.0053172286629270754,0.0
S24009,0.003628232959707637,0.0
S24010,0.0015851224107906372,0.0
S24011,0.0030586649147866327,0.0
S24012,0.0023403581923706514,0.0033810213813887
S24013,0.0002571325322779735,0.0
S24015,0.0009787987844351862,0.0
S24016,0.0006426624148079581,0.0
S24017,0.002063679716819574,0.0
S24018,0.0023119386302982857,0.0
S24020,0.003066925357487003,0.0
S24024,0.0030678239085298415,0.0
S24025,0.0009211336117047128,0.0
S24027,0.0032095918638031734,0.0
S24029,0.0014868985509937681,0.0
S24030,0.0031413429357899066,0.0
S24032,0.0031649296933904023,0.0
S24033,0.0014882710365015826,0.0
S24034,0.0019709341299488205,0.0
S24035,0.0013982504144836965,0.0
S24036,0.0009940609063959504,0.0
S24041,0.0019296756183202336,0.0
S24043,0.00251527851732942,0.0
S24045,0.002354371313432851,0.0
S24046,0.0033377643271139375,0.0
S24047,0.004514104270517276,0.0
S24048,0.0018094045784412733,0.0
S24050,0.0007215643138636808,0.0
S24051,0.0038471611361365382,0.0
S24052,0.0011869875547364176,0.0
S24055,0.0019784282266385304,0.0
S24057,0.0034623221778220005,0.0
S24059,0.0014995575104590922,0.0
S24061,0.0020396254575399814,0.0
S24063,0.00045232261654023055,0.0
S24064,0.0010377497601876946,0.0
S24065,0.001323552662508552,0.0
S24066,0.0005384323289012627,0.0
S24067,0.00020449808637822394,0.0
S24068,0.0003614525150457582,0.0
S24069,0.0017174755695071357,0.0
S24071,0.0017561254221718885,0.0
S24072,0.0003416557273103122,0.0
S24073,0.002076034361824381,0.0068199438761157
S24074,0.00013360193314563616,0.0
S24075,0.0011552691003041155,0.0
S24077,0.002746841280862672,0.0
S24078,0.002758211095885279,0.0
S24079,0.002909389120520154,0.0033385729447959
S24080,0.0008097945703360589,0.0
S24081,0.0026162220996652297,0.0
S24083,0.0026055235406165188,0.0
S24084,0.0027846327705898064,0.0
S24086,0.00042335880857549614,0.0
S24088,0.0026170837516283495,0.0
S24092,0.0012817842812575368,0.0
S24093,0.0028506021913426048,0.0
S24094,0.0016047197826963738,0.0
S24095,0.002072675528858694,0.0
S24099,0.0030763193651352993,0.0
S24100,0.0030956280651000287,0.0
S24101,0.0024117899725619174,0.0
S24103,0.003501795787972422,0.0
S24110,0.002057483470402958,0.0
S24112,0.0016096911271012526,0.0
S24113,0.0030789570051489652,0.0
S24114,0.00039735306969417326,0.0
S24115,0.0013650762903524582,0.0
S24116,0.004623410596825224,0.0033661140008669
S24118,0.0020011762194541045,0.0
S24119,0.0006536546414954379,0.0
S24120,0.0019429552479212772,0.0
S24122,0.002735632189767469,0.0
S24123,0.0032549665234908962,0.0
S24125,0.0015539487363332733,0.006704302489495
S24126,0.001674346580582109,0.0
S24127,0.005003335570987464,0.010068065796937
S24128,0.004046609570250676,0.0
S24133,0.001491969709439986,0.0
S24134,0.002139846974605332,0.0
S24136,0.003297847241476895,0.0
S24138,0.003294179895627655,0.0
S24139,0.0013535741849912957,0.0
S24142,0.0021520524663103664,0.0
S24143,0.002959183192597782,0.0
S24145,0.00041173581782518067,0.0
S24146,0.001280729571739523,0.0
S24149,0.003453206282985332,0.0
S24150,0.003917960014743059,0.0
S24151,0.001210041580532966,0.0
S24153,0.002463076201116885,0.0
S24155,0.0008638993621384007,0.0
S24157,0.003385547734216866,0.0
S24159,0.003208706034947422,0.0034109548614685
S24160,0.00023734019985437903,0.0
S24161,0.0012896606278882013,0.0
S24162,0.0014542286879133722,0.0
S24163,0.0026927711622055086,0.0
S24164,0.00019320420226247504,0.0
S24165,0.0006492496783250504,0.0
S24166,0.0012099969909329465,0.0
S24167,0.0014860496677156396,0.0
S24168,0.0018554721885194008,0.0
S24169,0.0020473484536951097,0.0
S24170,0.0032333634673271344,0.0
S24172,0.0038800993733167093,0.0139958997927367
S24173,0.0020568548105195598,0.0028298287868176
S24176,0.0015003440022393973,0.0
S24178,0.0013998227994913629,0.0
S24179,0.0021835092031425177,0.0
S24182,0.0033870758135390085,0.0
S24183,0.003353110576388782,0.0
S24184,0.001451991578570329,0.0
S24185,0.00237067039572174,0.0
S24188,0.0020269250932590847,0.0
S24189,0.0028226563172537304,0.0
S24190,0.002445959985934021,0.0
S24191,0.0001475840466445666,0.0027746607042167
S24192,0.0028195386363702307,0.0
S24194,0.0029764785139522716,0.0
S24195,0.0036092271106527205,0.0027828170843691
S24196,0.0012743997432139442,0.0
S24197,0.0013200659068442109,0.0
S24199,0.0008610617590879917,0.0
S24200,0.0019108032533719026,0.0
S24201,0.0017771495159507548,0.0027655821355636
S24203,0.0019160077999257454,0.0028278966025411
S24205,0.0008550812084246941,0.0
S24207,0.0006352463235741129,0.0028106726386391
S24209,0.0006573456781770791,0.0
S24210,0.0021829592375288537,0.0
S24211,0.0021249805681228893,0.0
S24213,0.001374413691853942,0.0
S24214,0.0010507071737688488,0.0028103388805012
S24215,0.0025182225692419805,0.0
S24216,0.00341549969525869,0.0028010257277312
S24217,0.00275685460810692,0.0
S24219,0.0015240435997904795,0.0
S24220,0.0021286722101499654,0.0
S24222,0.0034504135920863164,0.0
S24224,0.002610737340541842,0.0055719050421816
S24225,0.0023353444962270304,0.0028182751248943
S24226,0.002536041266248941,0.0
S24227,0.0006286875720329981,0.0
S24228,0.0023105605469332124,0.0
S24229,0.003493389380204615,0.0027577099355239
S24232,0.0017621079477947686,0.0
S24233,0.002612035148818326,0.0
S24235,0.001865828039364819,0.0
S24237,0.001563815606307453,0.0027739638100978
S24238,0.0005743744882697632,0.0
S24239,0.005718970970358013,0.0
S24240,0.0035147166647569897,0.0
S24241,0.003950831385102258,0.0
S24243,0.0029842312950322607,0.0
S24245,0.0038908334097506178,0.0
S24246,0.0017571249577949474,0.0
S24247,0.0028319084901006577,0.0028315216152776
S24249,0.005047322174419393,0.0
S24251,0.0037621053454468464,0.0027741496142983
S24256,0.004682951285697775,0.0028188985309965
S24257,0.0025332849426509896,0.0
S24258,0.003013575698448843,0.0
S24260,0.0017509070024103038,0.0
S24263,0.003405671422173053,0.0
S24264,0.003738519133463788,0.0
S24267,0.002787440084278574,0.0027676612427188
S24268,0.0029224112200550447,0.0
S24270,0.0036617519740306985,0.0
S24271,0.001186971621412613,0.0
S24272,0.0033312735431736424,0.0
S24273,0.0013164364120489382,0.0028064825794793
S24274,0.002014142965542979,0.0
S24275,0.00029563580009508246,0.0
S24276,0.002497667403813867,0.0
S24279,0.0018451579152400216,0.0
S24280,0.0018591317902485207,0.0027784299913907
S24284,0.002549586508159252,0.0
S24285,0.002157887345979449,0.0
S24287,0.002801883995694281,0.0
S24288,0.0014724449047918441,0.0
S24291,0.006342263505991529,0.0027631834987351
S24292,0.004865026348625752,0.0
S24294,0.003083553788117093,0.0
S24295,0.0017505786309779247,0.0
S24299,0.0025945078844782795,0.0
S24300,0.002069965800313524,0.0
S24301,0.003142604114636379,0.0
S24303,0.0019201998240767112,0.0
S24305,0.0020534354405172327,0.0
S24308,0.0035811627009155684,0.0
S24309,0.0012406139242218195,0.0
S24310,0.0017458958294856608,0.0027895646707527
S24311,0.003398030433489802,0.0
S24312,0.0015724304859886765,0.0
S24313,0.002880045534157631,0.0
S24316,0.002146614110827863,0.0
S24318,0.0026923441024779855,0.0
S24319,0.002760876083688883,0.0
S24320,0.0015626497302988083,0.0
S24321,0.0014029501116273346,0.0
S24322,0.0020042569046524374,0.0
S24323,0.00017494231249172171,0.0
S24324,0.0017068760253566248,0.0
S24325,0.0018801907158358354,0.0
S24327,0.0035655924658521726,0.0
S24328,0.0022643732477371217,0.0
S24329,0.0030311784550665567,0.0027620317883739
S24330,0.0024041728147166886,0.0
S24332,0.00453403270921591,0.0055562076926086
S24333,0.0011789185534512106,0.0
S24334,0.0010405471468644956,0.0083828093374713
S24335,0.0021282343249144995,0.0
S24336,0.001967221331570907,0.0
S24338,3.148861480028754e-05,0.0
S24340,0.0003684158485641138,0.0
S24342,0.004922234228375939,0.0
S24343,0.005250022475713203,0.0
S24346,0.003169580860757556,0.0
S24347,0.0031752567637111876,0.0
S24349,0.0029281715765452966,0.0
S24350,0.0011570609344694685,0.0
S24352,0.002244837161571287,0.0
S24353,0.004699148273077136,0.0
S24357,0.00231954689003716,0.0
S24361,0.0027869179863232413,0.0
S24363,0.002139224517842927,0.0139591057184586
S24366,0.00174275167979707,0.0
S24367,0.007828629740840044,0.0
S24368,0.0023969616311260494,0.0
S24371,0.0021801788982601937,0.0
S24372,0.0021587883628610516,0.0027745212973817
S24373,0.00129969077916244,0.0
S24374,6.795370033044228e-05,0.0
S24375,0.0002675462039212029,0.0
S24377,0.0005304156630298663,0.0
S24378,0.0014984843283360925,0.0
S24380,8.705017572110203e-05,0.0
S24382,5.742591326681227e-05,0.0
S24383,2.009762612741197e-05,0.0083574359319297
S24384,0.0002267255550771965,0.0
S24386,0.00012631664167610428,0.0
S24389,0.00037976822179763863,0.0028264491950022
S24390,0.0001929431351157091,0.0
S24391,2.0759240209770703e-05,0.0
S24394,0.00022127805875472503,0.0
S24395,0.00019779845469484,0.0
S24396,0.00019046127865620047,0.0
S24397,0.0015141749670186779,0.0
S24400,0.0010738885023980228,0.0
S24401,0.001706330098424546,0.0
S24402,0.0025746524637105263,0.0
S24403,0.0021495023196261833,0.0027918681923636
S24405,0.0026627794530616317,0.0
S24408,0.0024845956008125317,0.0
S24409,0.002360247412632222,0.0083511165627678
S24411,0.0010830138725908102,0.0
S24413,0.004453074856574947,0.0
S24414,0.0018079066683862259,0.0
S24415,0.0022312691741054897,0.0
S24417,0.0025082585741146033,0.0028331680176944
S24419,0.0031398988385911786,0.0
S24420,0.002602658972273235,0.0
S24422,0.00016363284166941676,0.0
S24423,9.818266395555453e-05,0.0
S24426,1.1016298386337686e-05,0.0247042449547668
S24427,1.2723623339098403e-05,0.0
S24431,0.000250841652403974,0.0
S24432,9.880189661444884e-05,0.0
S24434,0.0011400495740509912,0.0
S24438,9.45442781902921e-05,0.0
S24440,0.00027811705803609484,0.0
S24441,0.0007203644953406082,0.0
S24442,0.0007122781295687678,0.0
S24444,0.0012285905720960315,0.0
S24445,0.001275879190085242,0.0
S24446,0.00048349926565871153,0.0
S24448,0.003989451125549072,0.0
S24451,0.001733260437618179,0.0
S24455,0.001255873273747391,0.0
S24457,0.00020482492626887995,0.0
S24460,0.0006419855340774468,0.0
S24461,0.0013608985711687008,0.0
S24463,0.0008516607380120709,0.0
S24465,0.0007538786099306576,0.0
S24468,0.000329384891072453,0.0
S24469,0.00010672625437756205,0.0
S24470,5.1964407057141235e-05,0.0
S24472,0.00013920506758291379,0.0
S24473,0.0008706876861577209,0.0
S24474,0.0018524166531775693,0.0
S24475,0.0031026823109517533,0.0
S24476,0.0002997701249333836,0.0
S24479,0.0025825652135445217,0.0
S24480,0.0002650741691679139,0.0
S24481,0.00028705741824923875,0.0
S24482,0.0017617317511519496,0.0
S24483,0.0010901159929540744,0.0
S24484,0.0011734907456986392,0.0
S24485,0.00032280380908914955,0.0
S24486,0.0007797862983930691,0.0
S24490,0.003010113894630506,0.0
S24491,0.0025006640582531494,0.0
S24492,0.0024374795683653376,0.0
S24493,0.0021037119829140794,0.0
S24494,0.004504064397042443,0.0
S24495,0.0014918651927621858,0.0
S24496,0.001291257287080859,0.0
S24498,8.820785951713674e-05,0.0
S24500,0.0003378901463219947,0.0
S24501,2.1078806233406097e-05,0.0
S24502,0.0003386541211010532,0.0
S24506,0.0026808902240895503,0.0
S24507,0.00021541536937819093,0.0
S24508,0.0007280826792151944,0.0
S24510,0.0020468695003875966,0.0
S24513,1.6834323557765153e-05,0.0
S24514,1.94733896984941e-05,0.0
S24516,7.567520523439809e-06,0.0
S24518,0.0002214183875785024,0.0
S24519,0.0026514395214541062,0.0
S24521,0.003193182526345246,0.0
S24522,0.004028672185052522,0.0
S24523,0.0027878462880171068,0.0
S24526,0.00014159680430516218,0.0
S24528,0.0014749474167338166,0.0
S24529,4.553203911086939e-06,0.0
S24531,0.0003857503365447932,0.0
S24532,0.0003658120793297103,0.0
S24533,3.0597299711502854e-05,0.0
S24534,0.00012493150436369065,0.0
S24535,1.770802091777038e-05,0.0
S24536,0.0006358899327026477,0.0
S24538,4.669297767049043e-06,0.0
S24539,1.9210179299873035e-05,0.0
S24541,9.438720967947095e-05,0.0
S24542,0.0004108393604703049,0.0
S24543,1.3251549409708399e-05,0.0
S24546,0.00022072559264210912,0.0
S24547,0.00013179749093985156,0.0
S24548,0.00036520512564536137,0.0
S24549,0.0003438719339258486,0.0
S24551,7.444686797775341e-07,0.0
S24552,0.00012317112022601243,0.0
S24553,0.00015209003502415877,0.0
S24556,0.0002814775198127194,0.0
S24557,8.050966382231111e-05,0.0
S24560,1.2058049207925914e-06,0.0
S24561,0.0013039980355019692,0.0
S24562,0.0014739267979693286,0.0
S24564,0.00018145233214035832,0.0
S24566,3.609538795980158e-06,0.0
S24567,0.0003922779949063136,0.0
S24568,0.0006129282126792661,0.0
S24571,0.0015790613395267918,0.0
S24572,0.000882101985077794,0.0
S24573,0.004533511072615208,0.0
S24574,0.00300872931290682,0.0
S24575,0.0010122744088347532,0.0
S24576,0.0021913390682283458,0.0
S24577,0.0025169973111909996,0.0
S24578,0.0005976964013868179,0.0
S24579,0.0023421444419626752,0.0
S24581,0.0003337314652714867,0.0
S24582,0.0015438229079343135,0.0
S24583,0.0007932257087935554,0.0
S24584,0.001793009835145111,0.0
S24589,0.0021704912920430123,0.0
S24590,0.0024044904271177557,0.0
S24593,0.0018490840039471997,0.0020963830011599
S24597,0.004428964724670492,0.0
S24599,0.0021298931863925597,0.0
S24600,0.0017613969308399766,0.0
S24602,0.0019036008013487314,0.0
S24603,0.0002334477639461769,0.0
S24608,0.001673932485017876,0.0041800183348892
S24609,0.0029304003195302943,0.0
S24610,0.002012395821039013,0.0020478968881856
S24612,0.0011387810373701655,0.0
S24614,0.0018733261107099035,0.0041525671554497
S24616,0.0006357064525509465,0.0
S24617,0.004522779785337883,0.0
S24620,0.0010929829340473817,0.0
S24622,0.0013664364777661252,0.0
S24623,0.00016625687433349397,0.0
S24625,0.0030495782239036992,0.0062480357030611
S24626,0.003058550869737916,0.0
S24628,0.001520943255984078,0.0042046843737177
S24629,0.0027739867748715705,0.0
S24631,0.0006440429283837352,0.0
S24632,0.001302060098117383,0.0020571021763064
S24634,0.0017211108716974862,0.002094236425387
S24635,0.0034368191731048645,0.0
S24636,0.001668849969552981,0.004156995587897
S24639,0.0007849480197459409,0.0
S24640,0.002416822487059809,0.0040737871876524
S24644,0.001780227911001104,0.0
S24646,0.00022476226176225232,0.0020443588857627
S24647,0.0015782148416782081,0.0
S24648,0.0012350948500222396,0.0
S24649,0.002083965185059725,0.0
S24650,0.0012382426269500933,0.0061602915292892
S24651,0.0011808702766921845,0.0
S24652,0.0018166843852062092,0.0020937335439705
S24653,0.0027948737286380997,0.0081948291782086
S24654,0.001578416908841341,0.0
S24655,0.0015582183218894586,0.0042022313256475
S24657,0.0024353603908946974,0.0123761143483241
S24658,0.002179761059156062,0.0
S24660,0.00010547640544268141,0.0
S24661,0.0013625794105210512,0.0
S24662,0.00029452044682718457,0.0
S24663,0.0026117770511793256,0.0
S24667,0.0011049921215050857,0.0062801688190249
S24668,0.0016420192378447146,0.0
S24670,0.0019198382737969828,0.0
S24672,0.0030744047263917113,0.0
S24674,0.001956389549937399,0.0
S24675,0.002797050556280138,0.0
S24678,0.00022832274757651587,0.0
S24679,0.0013960852133980057,0.0
S24680,0.00022309001656382709,0.0
S24682,8.916954282636144e-05,0.0
S24684,0.00010037446953626276,0.0
S24685,0.0006012993973386918,0.0
S24686,0.003014603248602263,0.0
S24687,0.0016634536484897346,0.0
S24688,0.00017326513504766007,0.0
S24689,0.0002798427850272881,0.0020961177537377
S24690,0.0005036183066793213,0.0
S24692,0.0007658383555923544,0.0
S24693,0.0002463687738085053,0.0
S24694,0.00016458176289044482,0.0
S24695,2.7733461942028534e-05,0.0020608639041967
S24701,0.00022571363035452107,0.0102925400829201
S24705,0.00043209782681210396,0.0062542470993884
S24712,0.0033703907099275677,0.0020830451857347
S24713,0.0028022707783815987,0.0
S24714,0.0011796636842671226,0.0
S24715,0.0018047588126468535,0.0083187921850219
S24716,0.002024144633918343,0.0021019154074205
S24717,0.001409482042745631,0.0083325998298271
S24718,0.00010034948229116817,0.0
S24720,7.23476222660075e-05,0.0021011423111719
S24724,0.0005150047421898762,0.006199094458234
S24725,0.0008176311457558498,0.0020478968881856
S24729,0.0006508383875089696,0.0
S24730,0.0005293079214471831,0.0020723098541043
S24731,0.00045366610492670884,0.0
S24732,0.002171869350678803,0.0020541434180615
S24734,0.002576814792911459,0.0
S24737,2.391881073804788e-05,0.0020432746662719
S24739,0.00010572416744723957,0.0021020220860348
S24740,0.001026652965375232,0.0041287642782969
S24742,0.001011605822257612,0.0061675539505851
S24743,0.0017541109704942482,0.0
S24744,0.0006099573161729581,0.0020366431858508
S24745,0.0009142361427369806,0.0
S24746,0.0023749122674427,0.0020657721914642
S24747,0.0024335177917928384,0.0
S24748,0.005816498755773227,0.0
S24749,0.0024771696196895132,0.0
S24752,0.0033129291455976464,0.0
S24754,0.0018293211251480175,0.0
S24755,0.002208074275657127,0.0
S24757,0.002226283083893802,0.0
S24760,0.0035873420959840687,0.0061229518294936
S24762,0.0022815048764456324,0.0061840533545689
S24763,0.003521088972066062,0.0
S24764,0.0031339528442104266,0.0061832070565695
S24765,0.0015591145467048954,0.0020669577874818
S24766,0.0024862581140754304,0.0020831237635382
S24767,0.002437982987502237,0.0061247627732728
S24769,0.0015344420309589732,0.0
S24770,0.0019367992813194544,0.0
S24771,0.0022182894606260165,0.0020803248153031
S24772,0.0030726570645570484,0.0
S24775,0.0024307612925014255,0.0020831499574567
S24780,0.005002937048796264,0.0020932309040062
S24781,0.0020219743119939833,0.0
S24782,0.0025262563860449063,0.0
S24784,0.00243607065097052,0.0
S24785,0.003658553834730527,0.0020605563087434
S24786,0.0021938501234634745,0.0
S24787,0.0024054860702040397,0.0
S24788,0.0019386212190556523,0.0020976571238039
S24789,0.0005811006739252696,0.0
S24791,0.0013016019177708837,0.0
S24795,0.004327319431982002,0.0
S24796,0.002178315384507722,0.0021008492165142
S24797,0.0005421630077447208,0.0041474212136005
S24799,0.002117810313400178,0.0
S24800,0.0015776983110521625,0.0020507615051021
S24801,0.0037401391404806995,0.0
S24803,0.002472044808555239,0.002078993382359
S24804,0.003030382207280888,0.0
S24812,0.004496913598196288,0.0
S24813,0.0021507595942880414,0.008262676641729
S24815,0.0008702316291662473,0.0020746454944293
S24817,0.0013942456659440956,0.004087204664512
S24818,0.0008641173619887261,0.0
S24820,0.002024996030939927,0.0
S24821,0.0006964708131861748,0.0
S24822,0.0006899517627804803,0.0
S24823,0.0004270441588273503,0.0
S24824,0.0029887554418753758,0.0020366181484395
S24828,0.0010969007655212486,0.0041908568489309
S24829,0.003912352753203523,0.0
S24830,0.0004266313464132798,0.0143734790925579
S24832,0.0004930325108027367,0.0041355667057756
S24833,0.00010497865088542214,0.0
S24834,0.0006378688448261486,0.006167171291011
S24835,0.0013412766233620946,0.0
S24837,0.0015456917116417749,0.0041397003090198
S24838,0.0008214921092057513,0.0
S24840,0.0039435185555996176,0.0
S24841,0.0022061877899216035,0.0020826000234659
S24844,0.002666524756380424,0.0
S24845,0.0036937725332955485,0.0
S24846,0.002276613830129931,0.0020682222028022
S24848,0.002241736403152006,0.0020795675169043
S24849,0.002447219546323753,0.0
S24850,0.0021569556022271014,0.0163603221041283
S24852,0.0010526479753572625,0.0
S24855,0.002440077002353433,0.0
S24857,0.000886045254478079,0.0020570000082776
S24861,0.002912658731776335,0.0083527656981996
S24864,0.0049635439127914925,0.0
S24865,0.0028385629315965714,0.0
S24866,0.0020086848438967647,0.0063067864575402
S24868,0.0035206573285043504,0.0
S24869,0.0038438258857899825,0.006176445002299
S24870,0.0024009496643165084,0.0
S24871,0.0019180857021058434,0.0061643410852713
S24872,0.0035743299812208145,0.0041570477433169
S24875,0.001576421236759418,0.0
S24876,0.0019158644227567144,0.0
S24877,0.0015258432067246487,0.0020609151790342
S24878,0.0033010295530754873,0.0
S24879,0.0022071525151642064,0.0
S24880,0.002955983814098517,0.0020676027041081
S24881,0.0012632233441104606,0.0041879434416974
S24882,0.003440088359258759,0.0020354921017172
S24883,0.003963628391689009,0.0
S24884,0.0019534975059251605,0.0040731862232876
S24885,0.001657862622705034,0.0042023912197926
S24886,0.003649831882050666,0.0
S24887,0.0013667319746049965,0.0
S24888,0.0032213282962010987,0.0040777981530938
S24889,0.0013678773249774386,0.002097789933985
S24892,0.001359426222090085,0.0
S24899,0.00294654394062821,0.0021018887394588
S24900,0.001984065460842739,0.0020357422267005
S24904,0.0009725217681713365,0.0
S24905,0.002316183701669238,0.0020416379112031
S24906,0.0005303982736413282,0.004092657097919
S24907,0.001816364828374822,0.0062346329469617
S24908,0.0015671098208267676,0.0020626086812169
S24909,0.0013248451855696524,0.0
S24910,0.0017129962571238169,0.0020607100949916
S24914,0.0011886536700086133,0.0
S24919,0.003872862872079291,0.0
S24920,0.0010649303526792098,0.0186005314437555
S24921,0.002836503233400951,0.0020925699032028
S24922,0.0004231548741459611,0.0020585335951025
S24925,0.0005248210376371683,0.0082874770718692
S24926,0.004115681215116468,0.0
S24930,0.004808596388154799,0.0020566425000827
S24932,0.004193374299558549,0.0
S24936,0.001795653597877786,0.0020755812253864
S24937,0.002122376165135732,0.0103079099208966
S24938,0.003619612553827583,0.006195616943828
S24940,0.003546515167626864,0.0
S24945,0.0019406711563604694,0.0041000511475193
S24946,0.002262745143141191,0.0
S24948,0.0023274733377257844,0.0040996453023179
S24951,0.0019562048312809265,0.0062877963614281
S24952,0.0037395647421074657,0.0041967489972556
S24953,0.002623447784420336,0.0020451917418696
S24955,0.0018404738954030393,0.0041081849592487
S24959,0.002944202566429504,0.0
S24960,0.0018088335793898435,0.002085326351476
S24961,0.0003055465303031332,0.0
S24962,0.000435061423728739,0.0020586870795639
S24963,0.001827623919847555,0.0063079871555674
S24964,0.002266351113359419,0.0
S24965,0.0038800476760349244,0.0020659009947084
S24969,0.0025737261299907787,0.0020346421363333
S24970,0.0010617997512368104,0.0041886316995984
S24971,0.002706030665030001,0.0
S24974,4.8534902209520126e-05,0.0
S24975,7.321308565298279e-05,0.002040204759383
S24976,1.9173890482260857e-05,0.0
S24978,7.642714878696244e-05,0.0123216521426534
S24981,0.002547219229014373,0.0
S24982,0.001190376015432735,0.0020471124181875
S24983,0.0009907577263932562,0.0020745675549322
S24986,0.0023311683911614108,0.0
S24987,0.001338429420135629,0.0
S24988,0.0013954617909832524,0.0
S24989,0.001289539461240117,0.0
S24992,0.00030925482296841603,0.0
S24993,0.001214261329737735,0.0
S24996,2.408223805431494e-05,0.0
S24998,0.00035248401334299297,0.0
S24999,0.0003255566735468922,0.0
S25000,0.00010597695338484316,0.0
S25002,7.341100617094194e-05,0.0
S25003,0.00038383996520584035,0.0
S25004,0.00033746862833507153,0.0
S25005,0.0012113490240461247,0.0
S25006,0.00020772792537154352,0.0
S25010,6.723276660243023e-05,0.0
S25011,0.0008972143574651046,0.0
S25012,0.0002541012958223659,0.0
S25013,0.00014061774675319517,0.0
S25015,0.00030109951225629043,0.0
S25017,0.0018096364301063094,0.0
S25019,0.0004114170731968177,0.0
S25022,0.0010265727320040734,0.0
S25023,0.000681158964300356,0.0
S25025,0.0010881611539485553,0.0
S25028,0.0004812913068236841,0.0
S25029,0.0022732428436287805,0.0
S25032,0.0012587857858708308,0.0
S25034,0.0003294033450434199,0.0
S25036,0.0013679266647826042,0.0
S25038,0.0036650965010406418,0.0
S25039,0.0020343496699192385,0.0
S25041,0.001989732136814165,0.0
S25043,0.003985798162451322,0.0
S25045,2.846610724695255e-05,0.0
S25048,0.001075114053299938,0.0
S25049,0.0009843465084527691,0.0
S25051,0.0018867255744932413,0.0
S25052,0.0005664789669340945,0.0
S25055,0.00019861210068542124,0.0
S25056,0.00017278389446596793,0.0
S25057,2.6135708215872906e-05,0.0
S25061,0.0010403680016044955,0.0
S25062,4.201002405300322e-06,0.0
S25063,9.040390402787667e-06,0.0
S25064,0.00017971241049627912,0.0
S25065,1.5000057301163152e-05,0.0
S25066,0.00018326080739819036,0.0
S25067,0.00018271762605110258,0.0
S25068,0.00012911658659772523,0.0
S25070,0.0003671738831255109,0.0
S25073,0.004063927332682103,0.0
S25077,0.0014003257192965973,0.0
S25078,0.0020350083039047387,0.0
S25079,0.0023304466974017218,0.0
S25081,0.005495587114950437,0.0
S25082,0.002842440368687733,0.0
S25083,0.0023207782569577887,0.0
S25084,0.003243287538461758,0.0
S25085,0.0024512135080027673,0.0
S25087,0.0030448499401364458,0.0
S25090,0.0020467992150496046,0.0
S25092,0.002565849534980978,0.0
S25093,0.0008054300997989815,0.0
S25094,0.001655784369550925,0.0
S25095,0.0027390231330568153,0.0
S25096,0.002864405807278153,0.0
S25098,0.002212159155303469,0.0
S25101,0.0016223565615424444,0.0
S25102,0.0011930189930281527,0.0
S25103,0.002208058432060869,0.0
S25104,0.00012624882528643736,0.0
S25105,0.00016794780069170494,0.0
S25106,0.0008956195283850967,0.0
S25107,0.0009025253834626322,0.0
S25109,0.0009455442425184432,0.0
S25111,0.003342071465130124,0.0
S25112,0.0018660050401584018,0.0
S25113,0.0035393736356080898,0.0
S25114,0.0016874891298391602,0.0
S25115,0.0005761040045557564,0.0
S25116,4.61707297453207e-05,0.0
S25117,7.31943172813815e-05,0.0
S25120,0.00010505664758512735,0.0
S25122,2.3648627023351065e-05,0.0
S25124,0.0006539596375079994,0.0
S25125,0.0003044704975952876,0.0
S25126,1.6546340096347735e-05,0.0
S25127,4.192132363944585e-05,0.0
S25128,6.06999450583511e-06,0.0
S25129,6.051706441278693e-06,0.0
S25130,8.66960200992045e-05,0.0
S25131,3.105177931561579e-05,0.0
S25132,0.0014891019061868541,0.0
S25133,0.0001981301870805987,0.0
S25134,0.00010110019533567494,0.0
S25136,5.7157513756735425e-05,0.0
S25137,7.604921690170202e-06,0.0
S25138,3.101045785251314e-05,0.0
S25141,0.0031769634194982643,0.0
S25143,0.003214698876663041,0.0
S25147,0.0029575380397266282,0.0
S25148,0.002992795171008998,0.0
S25149,0.0022763322522888463,0.0
S25150,0.001655969215811275,0.0
S25154,0.00040672238884186776,0.0
S25155,0.001209347696794353,0.0
S25157,0.0007143004737270481,0.0
S25158,0.00021665586843215296,0.0
S25160,0.0001443696542956104,0.0
S25161,2.4606275638156672e-05,0.0
S25162,0.00014968715276283723,0.0
S25168,2.8295737234584947e-05,0.0
S25169,0.0014185508986146954,0.0
S25170,0.0002336410731915335,0.0
S25172,0.0004384249097241057,0.0
S25173,0.00017394024324615323,0.0
S25174,8.904458736051893e-05,0.0
S25176,5.942894328511656e-05,0.0
S25178,0.0006171205277655619,0.0
S25179,0.0008259226895210093,0.0
S25180,0.001452565853076506,0.0
S25181,0.0016907706797709,0.0
S25184,0.0006135674935378239,0.0
S25185,0.00032634098601109227,0.0
S25186,0.0015152609964757932,0.0
S25188,0.002883481621122997,0.0
S25190,0.0033733829655650843,0.0
S25191,0.005167254455317605,0.0
S25195,0.001672837769777489,0.0
S25199,0.0021544590119067708,0.0
S25200,0.002453474942080317,0.0
S25201,0.0013146878421011728,0.0
S25203,0.0018012819787857604,0.0
S25204,0.0035032185899472063,0.0
S25205,0.001431903037654826,0.0
S25206,0.005916316932355604,0.0
S25212,0.0017570178776544292,0.0
S25213,0.0027878547183145517,0.0
S25214,0.001200790798784334,0.0
S25216,0.000504871176610996,0.0
S25217,0.0052882208369787135,0.0
S25218,0.00010182057552887079,0.0
S25219,0.0002672253582599649,0.0
S25220,0.00011075431187547007,0.0
S25221,0.00063544783575721,0.0
S25222,0.0026416840816228934,0.0
S25223,0.0027797375677576907,0.0
S25224,0.003259973229548148,0.0
S25225,0.0032996107596348955,0.0
S25226,0.0014808340661811158,0.0
S25229,0.0003021470641939067,0.0
S25230,0.00321429054934073,0.0
S25231,0.0002459989870907202,0.0
S25232,9.22734456726067e-05,0.0060956165526038
S25233,0.0012526352198729796,0.0
S25234,0.0024787392855175573,0.0
S25235,0.004014908726953167,0.0
S25240,0.0001906894215182371,0.0
S25241,0.0002872785154763633,0.0
S25242,0.0003531808265521526,0.0
S25243,0.00017544066112881414,0.0
S25246,0.003405453874932193,0.0
S25247,0.0026407333338426646,0.0
S25248,0.003939432222220044,0.0
S25249,0.00324013268942462,0.0
S25250,0.0013640008677484046,0.0
S25252,0.0028014676523701685,0.0
S25254,0.0034954993935577636,0.0
S25255,0.0025880782006722264,0.0
S25256,0.0024769545260879032,0.0
S25257,0.0035568085871214255,0.0
S25260,0.003946058116452617,0.0
S25261,0.0031589667916579406,0.0
S25262,0.002057322023128032,0.0
S25263,0.0029492690100374405,0.0
S25265,0.0018708659524842325,0.0
S25270,0.001959514504761264,0.0
S25273,0.0027351090456392405,0.0
S25274,0.0034885459645248524,0.0
S25275,0.0016491331587998085,0.0
S25277,0.0024906990544422154,0.0
S25279,0.0013605253715619921,0.0
S25280,0.002575303725661451,0.0
S25282,0.0012590592665831038,0.0030356891991766
S25283,0.0024190214715090787,0.0
S25284,0.003623402499070764,0.0
S25285,0.0025388325060596486,0.0
S25287,0.002539184766395146,0.0
S25289,0.002042412923396892,0.0030224525043177
S25290,0.0018253905476243635,0.0
S25291,0.0021873992994762975,0.0
S25293,0.0016774315259364223,0.0
S25295,0.0009323369494479933,0.0
S25296,0.0033578656307083885,0.0
S25298,0.0032388495795936793,0.0
S25300,0.003758063125072063,0.0
S25301,0.0016087747139949672,0.0
S25302,0.002990203117389515,0.0
S25303,0.0026400608407546344,0.0
S25305,0.0008534442694032729,0.0
S25306,0.0019454172093927805,0.0
S25307,0.002444323911485072,0.0
S25309,0.0028980844912163462,0.0
S25310,0.003482302343203629,0.0
S25311,0.0011722038160078378,0.0061207273443802
S25313,0.0022042513240119544,0.0
S25315,0.0018398710290496796,0.0032096612741774
S25316,0.000579052703947961,0.0
S25317,0.0031554578653602327,0.0
S25318,0.003504015137358609,0.0
S25319,2.6154624395106142e-05,0.0
S25320,0.0001097857603547599,0.0
S25321,0.00013560786487496528,0.0
S25324,1.8138639719013803e-05,0.0
S25325,3.9127743084636554e-05,0.0
S25326,1.3939475783631527e-05,0.0
S25330,0.0033696732090596564,0.0
S25331,0.0016677920055590072,0.0
S25333,0.0022546738851936575,0.0
S25335,0.0017577538365868921,0.0
S25336,0.002506039606079719,0.0
S25337,0.002361533902462842,0.0
S25338,0.0005537845045431505,0.0
S25339,0.0015806634533018702,0.0
S25341,0.0019877733601688023,0.0
S25342,0.0026291211671858124,0.0
S25344,0.0026737407554965316,0.0
S25345,0.0035281763776864273,0.0
S25348,0.0031790345401254776,0.0
S25350,0.0013082384215651484,0.0
S25351,0.00135912784444078,0.0
S25355,0.0021198508666831636,0.0
S25356,0.002236110758584825,0.0030016971366104
S25358,0.002929173887297571,0.0
S25363,0.0032153366402774084,0.0
S25367,0.00042426052332892325,0.0
S25369,0.0041982547810881675,0.0
S25370,0.004011859026571393,0.0
S25371,0.0014818868907524288,0.0
S25373,0.0017153871852702018,0.0061384169800717
S25374,0.003181248873153161,0.0
S25375,0.004272706681441189,0.0
S25376,0.0014933929593843147,0.0
S25377,0.002501862703620175,0.0
S25378,0.0029270860526885933,0.0
S25379,0.0031614752411318987,0.0030381387274049
S25380,0.001767399144067297,0.0
S25381,0.0011598110850601473,0.0
S25383,0.0011503650075272527,0.0
S25384,0.0008698149804406512,0.0030667086256579
S25385,0.0028530690689146927,0.0030429378738619
S25388,0.0008489094313376247,0.0
S25391,0.000902144783956327,0.0
S25395,0.00041412756629832716,0.0030151363484696
S25396,0.0013661648755724477,0.0
S25397,0.003145529706004312,0.0
S25398,0.0020231861611018616,0.0
S25399,5.902144092347794e-05,0.0030275894418148
S25400,0.0022075085884780024,0.0
S25405,0.002906198049186446,0.0
S25407,0.0028249804529542856,0.0
S25410,0.0005439117616579471,0.0
S25412,0.0015654442852096747,0.0
S25413,0.0008526671903902439,0.0
S25415,0.0014666786865437053,0.0030487617855806
S25416,0.004220155989624686,0.0
S25417,0.003173042134714239,0.0
S25418,0.002164077021836256,0.0
S25421,0.001615060262768294,0.0
S25424,0.002374076701808321,0.0
S25426,0.0021288254653385763,0.0
S25427,0.002059075997202614,0.0
S25428,0.0017297041067161297,0.0
S25431,0.0012858839656682219,0.0
S25432,0.003037335591045591,0.0
S25435,0.0006292008522440405,0.0
S25437,0.0036027201789055915,0.0
S25440,0.004374671932789674,0.0
S25441,0.003091487815684224,0.0
S25442,8.586114682988493e-05,0.0
S25443,0.002214864429539154,0.0
S25444,0.00326831885231539,0.0
S25445,0.002107590060632756,0.0
S25446,0.001849626571907715,0.0
S25448,0.0014343045858189567,0.0
S25451,0.0022141653431736767,0.0
S25452,0.0018696624308391003,0.0
S25453,0.0009092727101723049,0.0
S25454,0.00293906438682815,0.0
S25457,0.004096316216059439,0.0
S25458,0.0015105487320764266,0.0
S25459,0.0024090056335819413,0.0
S25461,0.0027969547759588054,0.0
S25463,0.0028913415040777582,0.0
S25464,0.0030654520938095953,0.0
S25465,0.0031586915873188653,0.0
S25466,0.0015464491674019908,0.0
S25467,0.0024182691190772895,0.0
S25468,0.003558703134456,0.0
S25470,0.003476614623083047,0.003212150589756
S25474,0.002587994047412583,0.0
S25475,0.0051322728474556024,0.0
S25477,0.000918309957725099,0.0
S25479,0.0028390141237419507,0.0
S25481,0.0014163283132507948,0.0
S25482,0.0022789014250454522,0.0
S25484,0.004498847345217659,0.0
S25489,0.0016799855021911764,0.0
S25493,0.005310705520001225,0.0
S25495,0.003075209602315087,0.0
S25496,0.0031887509620098075,0.0
S25497,0.0026809802126005365,0.0
S25498,0.0025404391501797994,0.0
S25499,0.00151955310096183,0.0
S25501,0.0016227184667160393,0.0
S25502,0.0013028644569686428,0.0
S25503,0.002248325077198119,0.0
S25505,0.0021793895272078966,0.0
S25506,0.003985435248073563,0.0
S25507,0.004221719389908961,0.0
S25508,0.002878619582696694,0.0
S25509,0.002225616423948876,0.0
S25512,0.002649023244625781,0.0
S25513,0.0020064780734069905,0.0
S25514,0.0020763123312899927,0.0
S25515,0.003056335100074885,0.0
S25516,0.0010852969710222107,0.0
S25518,0.001996070672374343,0.0
S25528,0.0014013997182518584,0.0
S25532,0.00014008501077423526,0.0
S25533,0.0003458253994953093,0.0
S25534,0.002267351125387057,0.0
S25535,0.0017805827363025955,0.0
S25536,0.0008201932247679022,0.0
S25539,0.0035331426958202156,0.0
S25540,0.0008817954802101474,0.0
S25541,0.002981533229081739,0.0
S25544,0.0049202781155975595,0.0
S25546,0.0006650405287928991,0.0
S25548,0.003893648260225358,0.0
S25549,0.0021789919912782677,0.0
S25550,0.0024072229352522104,0.0
S25553,0.0029408541250505065,0.0
S25554,0.0020648525226283037,0.0
S25555,0.0014592795311413028,0.0
S25556,0.0023624485012485475,0.0
S25558,0.0032834202320475665,0.0
S25559,0.002483756223420241,0.0
S25561,0.00013219962138392885,0.0
S25562,0.00013814545303358883,0.0
S25563,0.004462453056726769,0.0
S25565,0.003989033747290229,0.0
S25566,0.0023914306535889316,0.0
S25567,0.0021122739651139944,0.0
S25568,0.0009970226200011248,0.0030477522060942
S25569,0.0028440445529168863,0.0
S25570,0.000738945048559957,0.0
S25573,0.0016626763493531936,0.0
S25575,0.00035888788974895963,0.0
S25576,0.0020727879810719767,0.0
S25578,0.0022716505236433505,0.0
S25579,0.0004236516576678158,0.0
S25580,0.0020501602367111564,0.0
S25581,0.0022661813028216965,0.0
S25582,0.0003137527817248483,0.0
S25583,0.0008990022686646313,0.0
S25587,0.0019142096788606225,0.0
S25588,0.005210284880378457,0.0
S25589,0.0009707001484173935,0.0
S25590,0.002190437990009457,0.0
S25591,0.0008613886325086248,0.0
S25593,0.00047345209785674703,0.0
S25598,0.0021797185969225667,0.0
S25601,0.002963157691397121,0.0
S25603,0.002483041014806213,0.0
S25604,0.0017285101087364321,0.0
S25606,0.00012677719591973606,0.0
S25607,0.0002658578136666775,0.0
S25609,0.003299953233149022,0.0
S25615,0.0013485079384345509,0.0
S25618,0.001852357148780082,0.0
S25619,0.0002577268847317113,0.0
S25620,0.0019793083902676124,0.0
S25622,0.0010690298515534647,0.0
S25623,0.0016104230748481677,0.0
S25624,0.0014610630199747732,0.0
S25625,0.0019471796646433291,0.0
S25627,0.0015986832113002243,0.0
S25630,0.0008047706591305037,0.0030414853708837
S25632,0.0034295141928909886,0.0
S25633,0.001351654438770784,0.0030147522686465
S25634,0.001121556615122251,0.0
S25635,0.0017976819658968015,0.0
S25636,0.003876123004128503,0.0
S25637,0.00204232285161232,0.0030043100061053
S25638,0.00047508642458437064,0.0
S25639,0.0015053962331915897,0.0
S25640,0.0011651271595695557,0.0030062726453384
S25641,0.0010040427274308913,0.0
S25642,0.0012978110757199716,0.0030218460621758
S25648,4.4592964705231846e-05,0.0
S25649,7.325337647156917e-05,0.0
S25650,1.6901486385228876e-05,0.0
S25652,4.383323639250906e-05,0.0
S25656,0.002639238236125515,0.0
S25657,0.0015663435387611735,0.0
S25658,0.0038135661623558735,0.0
S25659,0.0033117356355374435,0.0152905198776758
S25662,0.002549535224816885,0.0
S25663,0.003935493835413233,0.0
S25665,0.0026737038046693124,0.0
S25666,0.005069253450709922,0.0
S25667,0.0017328879724099091,0.0
S25668,0.003203924774002306,0.0
S25669,0.004042227971331701,0.0
S25670,0.0031775731573144015,0.0
S25674,0.003862844126371799,0.0
S25677,0.0002651767446266802,0.0
S25679,0.0006553909961868388,0.0030099868578038
S25681,0.003043950284437964,0.0
S25682,0.0015309389425103572,0.0
S25684,0.003256596935682898,0.0
S25686,0.0032159101949231408,0.0
S25687,0.0004025195834855607,0.0
S25690,0.001916413507623495,0.0
S25691,0.0035920885930336753,0.0
S25692,0.003569465159299724,0.0
S25693,0.002346212096601869,0.0
S25696,0.0008043250255422684,0.0
S25697,0.000676796597188626,0.0
S25698,0.001992486506379429,0.0
S25700,0.0008371767149465401,0.0
S25701,0.00034290468121110634,0.0
S25702,0.0028477059353709906,0.0
S25703,0.0026818897116721806,0.0
S25704,0.004401077728615128,0.0
S25707,0.0028928877427357924,0.0
S25709,0.0006843155693525691,0.0
S25710,0.0014062902856945233,0.0
S25712,0.001225447038178041,0.0030064363143631
S25713,0.0011902210563275836,0.0
S25714,0.002838584389992924,0.0030460710586475
S25715,0.0024098118173295218,0.0
S25717,0.002042599386225306,0.0
S25718,0.0009953949975919814,0.0
S25722,0.0023592227836856778,0.0
S25724,0.002142143989764356,0.0
S25725,0.0033026746985711916,0.0
S25726,0.0010584790629936376,0.0
S25728,0.003166349747902162,0.0
S25730,0.004017458335489025,0.0
S25732,0.003058814878774562,0.0
S25733,0.005439601510596516,0.0
S25737,0.002947400608943352,0.0
S25738,0.0007320384776817709,0.0
S25740,0.0010667010306934694,0.0
S25741,0.0021351506318948383,0.0
S25743,0.0006977604769141271,0.0
S25744,0.003029874084204661,0.0
S25745,0.0029996333722847107,0.0
S25747,0.0029886669630285337,0.0
S25748,0.0005712272748982781,0.0
S25753,0.0019958531834087,0.0
S25755,0.0024638658438130207,0.0
S25756,0.004972094567589938,0.0
S25757,0.0019705967969191798,0.0
S25758,0.002839708743915992,0.0
S25760,0.0027357927153815707,0.0
S25762,0.001199258502199046,0.0
S25763,0.0030109222530588196,0.0
S25764,0.0025804805902715187,0.0
S25768,0.0030015464086373582,0.0
S25769,0.0019775386325706855,0.0
S25770,0.0013050117019167426,0.0
S25772,0.0027552894129221754,0.0
S25773,0.0025208596336221555,0.0
S25776,0.0030585977297694763,0.0
S25780,0.00311363562662728,0.0
S25782,0.0008205394943782079,0.0
S25783,0.0015956738276239398,0.0
S25784,0.0011825627191753205,0.0
S25785,0.001330641944408601,0.0
S25786,0.0017500178508837053,0.0
S25788,0.0016179493602166283,0.0
S25789,0.001306499453184827,0.0
S25792,0.0008603519655505873,0.0
S25793,0.0007112445384481718,0.0
S25794,0.00013361835247100785,0.0
S25796,0.001975997003182296,0.0
S25797,0.0006146504042929064,0.0
S25799,0.0007222985604491479,0.0
S25801,0.00032420526633899057,0.0
S25802,0.0017672643728762903,0.0
S25803,0.0014968485844227425,0.0
S25806,0.0031021262740036125,0.0
S25807,0.00020411100586290338,0.0
S25810,0.00021907355857140405,0.0
S25811,0.001194567413780443,0.0
S25812,0.0001647296199951817,0.0
S25814,0.00020775575277711254,0.0
S25817,0.00014875996008628572,0.0
S25818,9.234264382758631e-05,0.0
S25822,0.0003966943919012522,0.0
S25824,0.0016433736340472295,0.0
S25825,0.0010199119560706518,0.0
S25827,0.001878526536385323,0.0
S25828,0.0007335192730218896,0.0
S25830,0.0029473692629246716,0.0
S25832,0.0023779317911726966,0.0
S25833,0.0021058462596975163,0.0
S25834,0.004549541750611046,0.0
S25835,0.0043713220743325796,0.0
S25840,0.0016884758825354601,0.0
S25841,0.004096978531538945,0.0
S25842,0.0004428068457990045,0.0
S25843,3.0257668778546558e-05,0.0
S25844,0.00034387588679454,0.0
S25845,0.0014268453445507039,0.0
S25848,0.00012018495993969982,0.0
S25849,5.6893864034935e-05,0.0
S25851,6.303575703318376e-05,0.0
S25852,0.0011713418740835933,0.0
S25853,2.635640070324173e-05,0.0
S25854,0.0004074619500435328,0.0
S25855,0.00017117939961382102,0.0
S25858,0.00010994062846296233,0.0
S25860,0.000166871963657676,0.0
S25861,0.000159767941711341,0.0
S25863,4.099775957250343e-05,0.0
S25864,0.0002795102401960946,0.0
S25865,5.5411110782964686e-05,0.0
S25867,2.1490328666923368e-05,0.0
S25868,0.0027234396065260653,0.0
S25869,0.0006881652395612356,0.0
S25873,0.0039541477493018895,0.0
S25874,0.000213494519760099,0.0
S25875,0.0023612567815203913,0.0
S25876,0.0009000109016065225,0.0
S25878,0.0017317872164048771,0.0
S25879,0.0018438245332270163,0.0
S25883,0.0012522112379910048,0.0
S25885,0.0033157791116398172,0.0
S25888,0.0025572995637719582,0.0
S25889,0.001199190865245807,0.0
S25892,0.0029119030860746404,0.0
S25894,0.00199188700480389,0.0
S25895,0.0005688733395011888,0.0
S25896,5.08133339675027e-05,0.0
S25897,0.0016898740706247429,0.0
S25898,1.7430559061539068e-05,0.0
S25899,9.515214563496353e-07,0.0
S25900,0.00010492190296744655,0.0
S25904,3.8589581711985716e-05,0.0
S25905,1.4003603482165315e-05,0.0
S25906,0.0029461696168227775,0.0
S25907,0.0023288985720990533,0.0
S25908,6.339193195987539e-05,0.0
S25909,0.00034176476404012174,0.0
S25912,1.165345500431009e-05,0.0
S25914,4.666707236292307e-05,0.0
S25917,0.0002571020621583718,0.0
S25918,2.101277992490073e-05,0.0
S25922,3.323762023324208e-05,0.0
S25924,3.63566353118592e-06,0.0
S25925,0.00022087489149884092,0.0
S25926,3.387516414457977e-06,0.0
S25928,0.000309845341746598,0.0
S25932,3.3599626127255984e-06,0.0
S25933,0.0005911723545342074,0.0
S25935,5.0997723512891275e-05,0.0
S25936,0.0009647692775828339,0.0
S25939,5.021731219029113e-05,0.0
S25940,3.608113528624821e-05,0.0
S25942,0.0004066828937617416,0.0
S25943,0.0013128294863442574,0.0
S25944,0.00014387756103169397,0.0
S25946,7.29065277811002e-05,0.0
S25947,0.0005089290750231259,0.0
S25948,0.00011699044884945828,0.0
S25949,0.0002565027842206544,0.0
S25951,0.00013555830407754256,0.0
S25952,0.0001307905120327764,0.0
S25953,9.186052544361245e-05,0.0
S25956,0.0003432373637192832,0.0
S25958,0.0004623453737767253,0.0
S25959,0.00023800057829156246,0.0
S25960,0.0003526594826476946,0.0
S25961,0.0001547973485507441,0.0
S25962,0.00036600880856458125,0.0
S25963,0.00014802254418953313,0.0
S25964,0.00028473982883496296,0.0
S25965,0.0009388791162674066,0.0
S25966,0.000264234858367615,0.0
S25967,0.002062737093505932,0.0
S25968,0.0006621908538170889,0.0
S25971,0.00011698384135567536,0.0
S25974,0.0014771565147763377,0.0
S25976,0.0005670607630096209,0.0
S25977,0.0005069923410215598,0.0
S25978,0.0027556455963173685,0.0
S25979,0.0027449617500296818,0.0
S25981,0.0012972114845276037,0.0
S25986,0.0007458503708750336,0.0
S25987,0.0008543985793771499,0.0
S25988,0.00031359281308394855,0.0
S25991,0.0004167508015698911,0.0
S25992,0.0004314546440150707,0.0
S25993,0.0021289994437797984,0.0
S25994,0.0009719633018819665,0.0
S25995,0.0006048826518150158,0.0
S25997,0.0005739136029395261,0.0
S25998,0.00010545161771645452,0.0
S25999,0.0013522878847297597,0.0
S26000,0.00012306926907768603,0.0
S26003,0.0004929389752064955,0.0
S26004,5.5829497907168664e-05,0.0
S26005,0.0008757442369719774,0.0
S26006,0.0012505613341377347,0.0
S26009,0.0025169840176585082,0.0
S26010,0.0032606189861713853,0.0
S26011,0.0033108919409817954,0.0
S26013,0.001171473636341699,0.0
S26015,0.0031623082689090152,0.0
S26016,4.410067361800891e-05,0.0
S26017,0.0022586565206366605,0.0
S26018,0.0006738678519225954,0.0
S26019,0.0013448441231534761,0.0
S26021,0.0018696262671087033,0.0
S26023,0.000967309117323948,0.0
S26024,0.0006163927636639311,0.0
S26028,0.000769254099218413,0.0
S26029,0.0011466071850127224,0.0
S26031,0.004772198106807223,0.0
S26035,0.0023817979700181007,0.0
S26038,0.0002578646308872204,0.0
S26039,0.002199072848688861,0.0
S26040,0.0017702100913141025,0.0
S26041,0.0035017936491453182,0.0
S26042,0.002720941818601554,0.0
S26043,0.003947979400690371,0.0
S26049,0.002822692503153932,0.0
S26050,0.0033533325470478698,0.0
S26051,0.0012458359693679122,0.0
S26054,0.001582977567618542,0.0
S26055,0.0034114008710446914,0.0
S26056,0.0029494746918319148,0.0
S26057,4.512051622487928e-05,0.0
S26058,0.0012016427265759955,0.0
S26062,0.0010028276336154322,0.0
S26063,0.00014876966927095738,0.0
S26065,0.0017236483083255675,0.0
S26066,0.00026802070223195173,0.0
S26067,0.000231075364955209,0.0
S26073,0.0002506854985299078,0.0
S26074,0.0005562850654852606,0.0
S26075,0.0002965172925135954,0.0
S26076,0.0003725414039596164,0.0
S26078,0.0008797202058331937,0.0
S26079,0.0004734418515520579,0.0
S26082,3.8385936039502465e-05,0.0
S26083,0.00023686622784469007,0.0
S26086,0.0010046315249840853,0.0
S26087,0.0006197933115742919,0.0
S26089,0.0029302798740738632,0.0
S26091,0.0022598980121626405,0.0
S26092,0.0040791952303873,0.0
S26094,0.0021540107393309333,0.0
S26095,0.003690615006033099,0.0
S26096,0.0007554104017045539,0.0186666666666666
S26097,0.003992193419217507,0.0
S26098,0.0025449877150527803,0.0
S26099,0.0025532715115503942,0.0
S26100,0.004372354729317747,0.0
S26102,0.0024310346304096675,0.0
S26103,0.001722588530504945,0.0
S26107,0.0010758923472217311,0.0
S26108,0.002310807356307358,0.0
S26109,0.00381032340272944,0.0
S26111,0.0033961387604805053,0.0
S26112,0.0026090671505671213,0.0
S26113,0.0030064147497380076,0.0
S26115,0.0005529391680319018,0.0
S26117,0.00029206845317712515,0.0
S26118,0.0017937710457624195,0.0
S26120,0.001413299257898019,0.0
S26121,0.0016758844299613882,0.0
S26124,0.0019928900292201608,0.0
S26125,0.0006003341239792,0.0
S26126,0.003715947065926809,0.0
S26127,0.004523625084466851,0.0
S26130,0.0029647907324854804,0.0
S26132,0.001730340603667764,0.0
S26133,0.0028748265097482987,0.0
S26134,0.00023547231522123163,0.0
S26138,0.0006513405024731598,0.0
S26139,0.0016368298829526615,0.0
S26140,0.0016100633835308784,0.0
S26145,0.00020924812310066292,0.0
S26148,0.0006343912379757991,0.0
S26149,0.003202700815506755,0.0
S26150,0.0039330438791003175,0.0
S26151,0.003386563029699091,0.0
S26154,0.0005611905483219911,0.0
S26157,0.00044027022214289933,0.0
S26160,6.461032258527154e-05,0.0
S26161,0.0009507271833847387,0.0
S26162,0.00039951905317718817,0.0
S26163,0.0001023979475935554,0.0
S26165,0.000868437735149178,0.0
S26166,0.001995215469950038,0.0
S26168,0.0007597674448827259,0.0
S26169,0.000283997704896142,0.0
S26171,0.002097373533227375,0.0
S26173,0.003305489084535716,0.0
S26179,0.0015169743409192554,0.0
S26180,0.0035680896949361694,0.0
S26181,0.0015044305258693144,0.0
S26183,0.0010077140817463727,0.0
S26184,0.0013278653798710896,0.0
S26185,0.0012049948796012048,0.0
S26186,0.0026591929372188736,0.0
S26187,0.001650691854575598,0.0
S26192,0.0009518369221025571,0.0
S26193,0.00015934442857638717,0.0
S26196,7.048905671216395e-05,0.0
S26200,0.00246193232862548,0.0
S26202,1.7320132934597917e-05,0.0
S26204,0.00018897927351625856,0.0
S26207,0.00010013071196569409,0.0
S26208,0.0001221902715622936,0.0
S26210,0.00011119901352645195,0.0
S26211,0.00011076709750594691,0.0
S26215,5.665057158137683e-05,0.0
S26216,0.00012422636760722652,0.0
S26217,0.00019648485169415061,0.0
S26218,0.00014614048030131243,0.0
S26219,0.0003235163260833204,0.0
S26220,0.0019128951828417775,0.0
S26222,4.532132120346322e-05,0.0
S26223,3.580088853736986e-05,0.0
S26224,3.734198955264561e-05,0.0
S26225,0.00033766005884907176,0.0
S26226,0.001888688483381009,0.0
S26228,0.0010978046670928956,0.0
S26229,0.003266978801188194,0.0
S26230,0.0015149982406161804,0.0
S26231,0.001569314618560837,0.0
S26232,0.0005936660452756765,0.0
S26233,0.0013621719664374152,0.0
S26235,0.0014517473964790245,0.0
S26236,0.00033111694420187414,0.0
S26237,0.0022117799126981155,0.0
S26239,0.002659044996887321,0.0
S26240,0.002853014016643007,0.0
S26242,3.11962454904644e-05,0.0
S26243,0.00014575608628305026,0.0
S26245,0.00012285135369219895,0.0
S26246,0.0002322613888075004,0.0
S26248,0.000850803335691197,0.0
S26251,0.0018465079618152202,0.0
S26253,0.002812739133672809,0.0
S26256,0.0014004332726694634,0.0
S26257,0.002789727303604177,0.0
S26260,0.0013004412106323955,0.0
S26261,0.003550657844618564,0.0
S26262,0.00010085348763184918,0.0
S26263,0.0037844841689657596,0.0
S26264,0.003638403600624291,0.0
S26267,0.0018169851730049807,0.0
S26268,0.0004179828091244054,0.0
S26269,0.0006581155515409503,0.0
S26270,0.0038082919313061486,0.0
S26272,0.0021467028904410806,0.0
S26275,0.0003603158253953007,0.0
S26276,0.0005144202309112627,0.0
S26277,0.0020980926005481583,0.0
S26279,2.0255988723311006e-05,0.0
S26281,0.00018938089004440955,0.0
S26282,0.00020868920022323854,0.0
S26283,0.00010526408536184556,0.0
S26284,3.935938257580427e-06,0.0
S26285,0.00027791144500330714,0.0
S26286,4.74971775017988e-05,0.0
S26287,6.662448549597707e-05,0.0
S26288,1.430171587944354e-05,0.0
S26289,0.00016597158096290002,0.0
S26290,0.00012155567050160356,0.0
S26291,8.914935113272866e-05,0.0
S26292,0.0011565159450197624,0.0
S26293,1.2204096127499173e-05,0.0
S26294,0.0003922499253625638,0.0
S26295,8.945971752949158e-05,0.0
S26300,0.0002671675298372557,0.0
S26301,0.00012646786943466557,0.0
S26302,0.00017973833682330376,0.0
S26303,2.141987006790373e-05,0.0
S26305,0.00040295077152873056,0.0
S26307,8.201070346328167e-05,0.0
S26308,8.241475834504523e-05,0.0
S26309,2.6284851037150613e-05,0.0
S26311,0.00010483284642556824,0.0
S26313,0.0027640281390684546,0.0
S26314,0.0029636657922612712,0.0
S26315,0.001724514026586179,0.0
S26316,0.0016568949347412368,0.0
S26317,0.003662811967359733,0.0
S26318,0.002702095039323933,0.0
S26321,0.0008514747351895881,0.0
S26323,0.0010736987611586952,0.0
S26324,0.0011173758512845792,0.0
S26326,0.00035615860897414984,0.0
S26327,0.000490153726339589,0.0
S26330,0.004713966903424929,0.0
S26331,0.0019988417097094877,0.0
S26332,0.0025661440544454705,0.0
S26333,0.0022764937119417843,0.0
S26334,0.003794638854362379,0.0
S26337,0.00039392644251308575,0.0
S26340,0.0005224093580065576,0.0
S26341,0.0018439603040159758,0.0
S26342,0.0017435422532698984,0.0
S26344,0.0038150288401170196,0.0
S26345,9.291940399249427e-05,0.0
S26347,0.0005788492338833651,0.0
S26348,0.00028937147756072227,0.0
S26350,0.0001683869243748862,0.0091276400367309
S26351,3.083273011386458e-05,0.0
S26352,1.8671906442382967e-05,0.0
S26354,0.00017363943576819858,0.0
S26356,3.216635113579659e-05,0.0
S26357,0.0002061531450771406,0.0
S26358,2.6340569611249453e-05,0.0
S26360,3.231791192875439e-05,0.0
S26361,3.5276558867949774e-05,0.0
S26364,0.0027815110307914423,0.0
S26366,0.003735291786135071,0.0
S26367,0.0036791261752249444,0.0
S26368,0.0008180909920298598,0.0
S26369,0.003346530658878231,0.0
S26370,0.0026329222863835646,0.0
S26372,0.0007664844338084617,0.0
S26373,0.0032842612702646923,0.0
S26374,0.0025882177945530573,0.0
S26375,0.0005962374432760619,0.0
S26376,0.00024894329534140894,0.0
S26377,0.0002391492793207733,0.0
S26381,0.00019385602714277114,0.0
S26383,0.001579055689427711,0.0
S26384,0.0015703457038607404,0.0
S26386,8.017388558275412e-05,0.0
S26387,0.0003849947659027381,0.0
S26389,0.0006455146421525244,0.0
S26390,0.001210890623306657,0.0
S26393,0.0004319369432540229,0.0
S26396,0.0018758696062135321,0.0
S26397,0.00014724798098435048,0.0
S26400,0.001797973042099902,0.0
S26401,0.0020445454873785386,0.0
S26402,0.0022085523239325487,0.0
S26403,0.0011344096057960172,0.0
S26406,2.039833194419895e-05,0.0
S26407,6.743572831671502e-05,0.0
S26411,9.627998702685957e-05,0.0
S26412,0.00010158985471301611,0.0
S26413,5.015939307739061e-05,0.0
S26414,5.151699090465194e-05,0.0
S26415,6.66002494670454e-05,0.0
S26416,2.3135304942926983e-05,0.0
S26417,0.00010450443600222072,0.0
S26418,0.00048423995496975065,0.0
S26420,0.0008166368228459558,0.0
S26421,0.001049226675901354,0.0
S26422,0.00215289021197179,0.0
S26423,0.003286533305361872,0.0
S26425,0.0006857162736369062,0.0
S26426,0.0005939298335580572,0.0
S26427,0.0015092375145008391,0.0
S26428,0.0025233686425957516,0.0
S26429,0.0014662080479703513,0.0
S26430,0.001973858459670469,0.0
S26431,0.00041000403581607596,0.0
S26432,0.00047773907092441735,0.0
S26434,0.0030530199789334535,0.0
S26435,0.0008795255328117535,0.0
S26436,0.0005488947017645592,0.0
S26438,0.0016687615431993953,0.0
S26439,0.0002583389686823958,0.0
S26440,0.0005805955703931766,0.0
S26441,0.00034356815277451406,0.0
S26442,0.0002245239231155826,0.0
S26443,0.0013094585075008084,0.0
S26445,0.0005745263984728513,0.0
S26448,0.0003339960595114837,0.0
S26449,0.0019760459051854813,0.0
S26452,9.591366703593234e-05,0.0
S26453,0.000185638666283205,0.0
S26454,0.0031159141948880163,0.0
S26455,0.0003369888558928097,0.0
S26457,0.0021076803262622215,0.0
S26460,0.004236446417285583,0.0
S26463,0.002003485786689377,0.0
S26464,0.0007150438603857375,0.0
S26466,0.0035733294122973942,0.0
S26467,0.0035438833874123997,0.0
S26469,0.0023364436392934096,0.0
S26470,0.0026481011655304335,0.0
S26472,0.0015524467161195986,0.0
S26473,0.003094876648560834,0.0
S26477,0.0021313260817415317,0.0
S26478,0.0008480382752323451,0.0
S26479,0.002161488966449291,0.0
S26481,0.002715604274862191,0.0
S26483,0.0006830682550372295,0.0
S26484,0.0014027737883317338,0.0
S26486,0.001263662558982438,0.0
S26487,0.003018264558027919,0.0
S26488,0.0020702908547214163,0.0
S26489,0.004412266083703859,0.0
S26490,0.0030088530387465734,0.0
S26491,0.00294717600091166,0.0
S26494,0.0015905631426167183,0.0
S26495,0.0030941927919722395,0.0
S26496,0.0013377289307185348,0.0
S26497,0.003806154475172741,0.0
S26498,0.0033489756833270734,0.0
S26499,0.003127726673499076,0.0
S26500,0.002466441227825811,0.0
S26501,0.0022728455735178013,0.0
S26502,0.0015196852908314258,0.0
S26503,0.0010461849549085317,0.0
S26504,0.0014749385994831477,0.0
S26506,0.0022460593371754337,0.0
S26507,0.00369218290723116,0.0
S26508,0.0018392478083290634,0.0
S26509,0.0009467421459615152,0.0
S26510,0.0008702809498987418,0.0
S26512,0.0014761469482557047,0.0
S26513,0.00023771845379450283,0.0
S26514,0.0001175909312423024,0.0
S26515,0.001941033014780008,0.0
S26516,0.0005414513952284432,0.0
S26517,0.0010816664902567306,0.0
S26518,0.002168207797687975,0.0
S26519,0.0016355754820405542,0.0
S26520,0.0030472037905322005,0.0
S26521,0.001777682463271296,0.0364122570837225
S26522,0.0018779209550346895,0.0
S26523,0.0020424018589257228,0.0
S26524,0.0009439715397669783,0.0275224277328607
S26525,0.001837189190127637,0.0
S26526,0.0024315734396256417,0.0
S26527,0.0012381076789325625,0.0
S26530,0.0033771392530620946,0.0
S26531,0.0034965028493858753,0.0
S26533,8.853744653552174e-06,0.0
S26534,1.1108853276091342e-05,0.0
S26535,2.382071541094817e-06,0.0
S26536,4.373818041087908e-05,0.0
S26537,8.336608870608108e-05,0.0
S26538,2.1023540093332903e-05,0.0
S26540,5.59229255709562e-05,0.0
S26541,0.0007501302836289367,0.0
S26542,0.00025232572506716074,0.0
S26544,0.00018919882668754615,0.0
S26545,0.00010194042259322952,0.0
S26548,0.0007179054183749302,0.0
S26550,0.0001265601939110595,0.0
S26551,1.8279179158151634e-05,0.0
S26554,4.3506067914913256e-05,0.0
S26556,0.00011449551795207205,0.0
S26557,7.520666354486108e-05,0.0
S26559,0.0008847858446880992,0.0
S26561,0.0002544985291376736,0.0
S26563,0.00037654343409164817,0.0
S26564,3.8096587921062642e-06,0.0
S26566,0.0003754210922022625,0.0
S26568,0.0006951863306249098,0.0
S26572,0.0001696061466048101,0.0
S26573,7.306789128638049e-05,0.0
S26575,0.0028055727870485844,0.0
S26576,0.0020478814493102037,0.0
S26581,0.0007023700980147581,0.0
S26582,0.0019862415330544245,0.0
S26585,0.00022210825895318964,0.0
S26586,0.0010907499237916476,0.0
S26588,0.0026742204125951674,0.0
S26592,0.0007812461512547867,0.0
S26593,0.00020262995264390957,0.0
S26594,7.17486896369417e-05,0.0
S26595,0.0005425633182709312,0.0
S26596,0.0031485995391012447,0.0
S26597,0.0008756454603011517,0.0
S26601,0.000969488168475892,0.0012473960294154
S26603,0.0001793510684465095,0.0012018155394507
S26604,9.286983401366304e-05,0.0
S26609,0.00200800371036685,0.0060761660248181
S26610,0.0023863959896809625,0.0127281201821376
S26611,0.003917258249580089,0.0073456598530868
S26613,0.001737185969526624,0.0236513732974668
S26621,0.000523445104648831,0.0125843493233063
S26622,0.004413006341218289,0.0161380161305228
S26625,0.0032004817684648714,0.0072146092207641
S26626,0.002407120404691516,0.0050577519971505
S26627,0.0027428294520620965,0.0050601851498328
S26629,0.0036149029547271824,0.0075110133822984
S26630,0.003646975532979502,0.0062722114530328
S26632,0.0039902993078339095,0.0075619256283853
S26634,0.0019993027109669755,0.0088122576249205
S26635,0.0007348312201041606,0.0075340129609277
S26636,0.0012309436853823177,0.0174388587297052
S26637,0.001677583472650544,0.0038185534059652
S26639,0.0011230072214231627,0.0050137449244659
S26640,0.004576132237989883,0.0024482638016561
S26641,0.002363760887004731,0.0037212575903921
S26643,0.004798289917417252,0.0072926296019133
S26645,0.0034411024152778196,0.0
S26646,0.001816715717472559,0.0110147454271445
S26647,0.003201961758138493,0.0049974107982282
S26649,0.0016756622331811335,0.0168859313836125
S26650,0.0012840728395597575,0.0059962020032381
S26651,0.001398005724514015,0.0101897769064185
S26654,0.0024042230612186005,0.007253727204396
S26657,0.0020570096966777596,0.0111092897803475
S26658,0.00201969991185736,0.0024295396828888
S26659,0.0021869269330532506,0.002427706135209
S26662,0.005524857717508509,0.0
S26663,0.003801626592176966,0.0076002018564678
S26666,0.0026741354152232553,0.009624927982493
S26667,0.0030796201563837054,0.0085751328541709
S26669,0.001225403635857989,0.0179789750898948
S26670,0.0017112119517895047,0.0050198217306769
S26671,0.0005056426535330821,0.0144945499617221
S26673,0.0012518490937568456,0.0120192017025187
S26674,0.003406951328840277,0.0074346661879758
S26675,0.0007438139658155382,0.0167892440738166
S26678,0.0014426215053958396,0.0097071260461527
S26679,0.0029422554745886674,0.0037637828668363
S26680,0.00167603194029356,0.0037285999369814
S26681,0.0009347006908333386,0.0063399488211777
S26682,0.0011308033077848387,0.0012674950014281
S26685,0.000993089081262551,0.003639585804883
S26686,0.0004651497375960431,0.0012291179780143
S26687,0.0008945618388764158,0.0072766138123892
S26688,0.0022970726272715345,0.0147807790392493
S26691,0.0014456937528584345,0.0037391193132659
S26692,0.0021404233070909037,0.0084245039495159
S26693,0.0017244843384014697,0.0060077702106466
S26696,0.002594192646322388,0.0085825580907693
S26697,0.0015781141590353197,0.0038089544918072
S26699,0.004087537587412777,0.0168295685699704
S26702,0.002115927867122623,0.0098242700982427
S26703,0.0007907985477395592,0.0144460996257675
S26704,0.0009162884857588974,0.00254271323362
S26705,0.0011661946370111489,0.0136792299396732
S26706,0.0007520491341857647,0.0012598033996948
S26708,0.001803521737172327,0.0062659959403406
S26709,0.0030614268322954313,0.0074850524857302
S26710,0.0040780663686887965,0.0097108956933545
S26714,0.0009910901103079572,0.0062788676308581
S26716,0.0011960919085976993,0.0036101607502161
S26718,0.002920064301895499,0.0025232525080216
S26719,0.0012441717568203153,0.0114444052133065
S26722,0.0006893921175665688,0.0061176308397525
S26723,0.0033312720586247155,0.0049856424531969
S26726,0.0006750857362018114,0.0036957168352171
S26728,6.28055869678204e-05,0.0061884270188964
S26730,0.001350183357365484,0.0072233122592834
S26731,3.238803994144509e-05,0.0061974556763456
S26733,0.000705703609769041,0.0088344785905464
S26734,0.0007127605092201111,0.0085498441908244
S26735,0.0005366438318885764,0.0
S26737,0.0005633632079591731,0.0
S26739,0.001383328508925982,0.0075560048954397
S26742,0.002037699196831654,0.0
S26743,0.000586366129598214,0.0099389812544214
S26745,0.00381395588648574,0.0
S26746,0.0016106322509312349,0.0072469579545206
S26749,0.0004546973813967966,0.0181722450949563
S26751,0.0013811679390408858,0.0
S26752,0.0022360882623971203,0.0063526879411411
S26756,0.0014078987936466916,0.014525792780944
S26757,0.0020122812381143805,0.0
S26759,0.001953784405667987,0.0
S26761,0.0016348528366429264,0.0169806301722223
S26764,0.003571659805412725,0.0060068988689625
S26766,0.0016289682195357843,0.0036739974126778
S26770,0.002864132160401073,0.0012615590026322
S26772,0.0008226108610979101,0.0
S26774,0.0012489254398572647,0.022859203958421
S26775,0.005740477047101779,0.0096986018011689
S26777,0.001481278523428503,0.0023968671933022
S26779,0.003666529501023091,0.0
S26780,0.003823158736953273,0.0098397331195121
S26782,0.005502539430962659,0.0146446750988957
S26783,0.001281614286425024,0.0075691810968459
S26784,0.0033352740392311366,0.0
S26788,0.003704605482757868,0.0
S26790,0.0016996465295090145,0.0
S26793,0.0007417634216731494,0.0
S26794,0.00043112567589379577,0.0087056179887745
S26795,0.0010647252049440466,0.0145455609698991
S26796,0.0004291013041257452,0.0088470820395842
S26798,0.0011744705312730077,0.0110779243937232
S26799,0.002310540956312443,0.0075335561568252
S26800,0.0009091554169236138,0.0062776304155614
S26801,0.0020293403223169146,0.0036180714296114
S26802,0.0017847129172229698,0.0097836571586054
S26803,0.001058477617859539,0.0063450480538448
S26806,0.00029646327982543773,0.0
S26808,0.002560548447853145,0.014514657029168
S26810,0.0039167504418789936,0.0225915936846571
S26811,0.00187926411525122,0.010913003381494
S26812,0.0007743835606059599,0.0060109963740508
S26813,0.0005913289878741934,0.0099421126989485
S26814,0.00033848862256766703,0.0100059139581996
S26817,0.0026127970263171464,0.0113882863340564
S26818,0.0023366703082403715,0.0073733949513756
S26821,0.0013935249054912021,0.004848449374189
S26822,0.0011034744853002532,0.00126452486178
S26823,0.0002935245956976248,0.0229758368065946
S26825,0.00030334525386972787,0.0
S26826,0.001808179487719402,0.0
S26827,3.1765561732485686e-05,0.0
S26828,2.0047914625359522e-05,0.0
S26831,9.539318946799488e-05,0.0
S26834,0.0008143568169507628,0.0
S26835,3.786460036090169e-05,0.0
S26836,9.362103420286762e-05,0.0
S26840,8.298798803819173e-06,0.0
S26841,7.739632156469138e-07,0.0
S26844,4.180839314392774e-05,0.0
S26845,0.0013644196710711624,0.0
S26847,0.0037000661633681264,0.0
S26848,0.003757523127394541,0.0
S26852,0.0038073954330133746,0.0
S26853,0.0032283754905151497,0.0012689221310742
S26854,0.005173647500953787,0.003816383573425
S26855,0.0027320605478276896,0.0
S26856,0.003784008796750152,0.0060189457519806
S26858,0.001052388892951811,0.0038223712545376
S26859,0.0012778957240653305,0.0062587048888418
S26860,0.0032522207507345046,0.0114594461651974
S26863,0.0015899248231222847,0.004959597244779
S26864,0.0022439380715115875,0.0114494144749472
S26865,0.004115288604815717,0.0063246518896329
S26866,0.0022637588535132968,0.0025085426729859
S26868,0.002550825411658868,0.0038010600139193
S26871,0.0012535086668262274,0.0025342144445124
S26872,0.004353222573743925,0.0
S26873,0.0036354779473127437,0.0125693590891387
S26874,0.0022402326234182805,0.004874735481846
S26876,0.0011560830794674906,0.0025172331707514
S26878,0.0010607465984131148,0.0059922546792636
S26880,0.0017979123925741692,0.0175370943066193
S26884,0.0038081295277474798,0.004810018775526
S26885,0.0018929722007544989,0.0228593330778075
S26892,0.001541120427228292,0.0050543572220357
S26896,0.002580593917017233,0.0074063587389817
S26897,0.0025311330314289784,0.0088333346028554
S26898,0.0007165265193953309,0.0050337014923861
S26899,0.0010912977458538639,0.0112155859786369
S26901,0.00447510715900544,0.014889043671033
S26902,0.0023381553298420154,0.0254021335163591
S26903,0.0015605212480487604,0.003723655325876
S26904,0.002267024555283144,0.007525684996328
S26909,0.0021951592532292955,0.0144267053701015
S26910,0.0036527233037905137,0.0061272243550387
S26912,0.0026840118644898096,0.0037943565626336
S26913,0.001556372388603677,0.0164478624906763
S26915,0.0024724949215117554,0.0063542961178702
S26916,0.00204434527614948,0.0124606374230298
S26918,0.0019756858025047966,0.0221438384138417
S26921,0.0012240192302015334,0.0127087872185911
S26925,0.0027085083859112553,0.006153442337169
S26926,0.002094865106968537,0.0071934115876163
S26930,0.002539247923368411,0.0084099633529622
S26931,0.0025533970462868136,0.0125860702338172
S26932,0.00316617693876583,0.005077672035513
S26934,0.0027099409135597175,0.0060576365223072
S26935,0.0005725006513218802,0.0300995495665997
S26939,0.0024861386947454284,0.0110140131340813
S26940,0.0009682962366484836,0.0101059395270338
S26941,0.0019305179759386193,0.0062473288583855
S26943,0.0001400153306045831,0.0120007437080607
S26945,0.0010114081305363032,0.0
S26947,0.0005995184976480163,0.0049731081926203
S26948,0.002122552421230539,0.0157114787903547
S26950,0.0009932421831224353,0.0
S26954,0.0015348409184169404,0.002539108400004
S26958,0.0025764713975920395,0.0098944607444237
S26959,0.0026270880499535106,0.0099696347392624
S26960,0.0007273972176821492,0.0036432676518883
S26962,0.003518479086104817,0.0107855122575791
S26964,0.003243272104259653,0.0110213404492803
S26967,0.002022823444197431,0.0101470246708469
S26968,0.0019292225839913411,0.0101962051447753
S26971,0.0014308988658978594,0.0096765793194755
S26972,0.0006431634411945148,0.003747634164549
S26973,0.0005511307319444172,0.0145577035735207
S26974,0.00012190140891989135,0.0048601128484955
S26976,0.0007998986976776596,0.0088855175513873
S26977,0.0019407053681422225,0.0037926192729159
S26979,0.00015690305069312294,0.0
S26980,0.0003119258303639521,0.0071957028478767
S26982,0.002698757364733217,0.0108149276466108
S26985,0.001046865226780455,0.004823428079242
S26986,0.0034012518004595373,0.0012302497877385
S26987,0.0029891975723119937,0.0182060618493256
S26988,0.0006746248125504554,0.0
S26995,0.002715097442296365,0.0035927537698613
S26997,0.000245273433225407,0.0037559040241828
S26998,0.000513217063710599,0.0050803970274055
S26999,0.0010930959030819986,0.0131873486361575
S27000,0.004018716623763883,0.0140078199865738
S27001,0.002406787126649629,0.0152284652801715
S27004,0.003252558194444025,0.0076372828483838
S27005,0.002872268251393322,0.0126243383017851
S27006,0.0007775632579665996,0.0222291797119599
S27008,0.004018728009560253,0.0089022290116964
S27009,0.003388418897589042,0.0127189345780998
S27011,0.002658671492213376,0.0088294338147773
S27012,0.0026861972368152237,0.0109505133741682
S27015,0.0020035167796173922,0.0073557706538791
S27017,0.0004386596895821226,0.0048069483132157
S27019,0.0013626800268118425,0.0050236653046165
S27020,0.002874206173368826,0.0025086946206924
S27021,0.00267208032238656,0.0073695136417556
S27022,0.00162654608953437,0.0075801482475673
S27025,0.004196678036517201,0.0108144569924059
S27026,0.002969709359660732,0.0084399547798916
S27027,0.0024818936143273774,0.0207984087949526
S27028,0.0019350546193258658,0.0151927368324519
S27029,0.0031422462547747426,0.0170751399410542
S27033,0.003497091024475824,0.0149062361753657
S27041,0.0037623948519202445,0.0050699800057126
S27045,0.002610860301180036,0.0050671886788605
S27048,0.0008609877488327574,0.0132677107071177
S27050,0.004781810377695854,0.0131963252084329
S27054,0.00392693422287725,0.00628415507828
S27060,0.0012425138544736947,0.0048461446579055
S27064,0.0027995877681157603,0.0024871327163042
S27065,0.0037282546378212987,0.0135645787586686
S27067,0.0009070827795356947,0.0107941012517103
S27069,0.0034493590771099304,0.0148399184849548
S27071,0.0026988335418106474,0.0037282922621056
S27072,0.00411999240224083,0.0211084628721899
S27073,0.0026521976116918597,0.0121338186860807
S27075,0.0017879854332298916,0.0232729513247073
S27076,0.0019237294293975881,0.0060810728138114
S27077,0.002044487926058452,0.0147089289413714
S27078,0.002070652940133753,0.0076080550474164
S27080,0.003354158704210706,0.0011996833029188
S27081,0.002199072419250695,0.003733277246539
S27083,0.003472561020804115,0.023688217601477
S27085,0.002846671004749309,0.0025023286257332
S27086,0.002459226641313121,0.0063070745833777
S27089,0.001510826977639247,0.0163385552984612
S27092,0.0020610112004220754,0.0185410402381609
S27094,0.0034169904806037395,0.0012651525565245
S27096,0.0014704176854595035,0.0049063160180852
S27100,0.0020918015871224807,0.0075277367564088
S27101,0.003997341681208048,0.00720880140985
S27102,0.002516282651109617,0.0088658853270744
S27103,0.0017545276870322923,0.0012210912182166
S27104,0.003702646615581837,0.0050848801548995
S27105,0.005118675159243841,0.00495718567503
S27107,0.001631066526511595,0.0024670583183795
S27114,0.0014360431949595896,0.0071855594832758
S27115,0.0024362088940852,0.0124962599222063
S27116,0.0019932364675681433,0.0188730832618156
S27118,0.0026097931806531556,0.0099392048636109
S27119,0.0035911742832087593,0.0072264631043257
S27122,0.002856555222844599,0.0122274953808606
S27123,0.004292792871496285,0.011358874930483
S27124,0.0020184142044199736,0.0074464180032512
S27125,0.0030368478118443253,0.0061571014794387
S27126,0.001825264531434388,0.0012345679012345
S27127,0.0030003354718768876,0.013676047529706
S27128,0.002504973502255894,0.0012464856378269
S27130,0.00328795574909065,0.0099790179602244
S27132,0.0023694901460123274,0.0049334921580305
S27133,0.002445817313480161,0.0012149391063719
S27134,0.0038581343790171697,0.0063164530256699
S27136,0.0025289433272750457,0.0120257452574525
S27137,0.003499870483780138,0.002468252904046
S27138,0.0034750011999834128,0.0036029374451766
S27139,0.0035547031697467655,0.007530816495064
S27143,0.0014706310191897915,0.0110533690164651
S27144,0.003972748525996387,0.011426425620943
S27145,0.001372735534637444,0.0037633553682712
S27146,0.0019338903527018855,0.0097483952905639
S27147,0.002541986792288392,0.001262068370078
S27148,0.0027422497022286715,0.0086250709665583
S27150,0.002928062980790085,0.0100761284959807
S27151,0.0007324556797109502,0.0109503525264394
S27152,0.001445886016802138,0.0011981995665265
S27153,4.5614685151039366e-05,0.0162063862342288
S27154,0.001314196703647907,0.0
S27156,0.0029770105460110246,0.0
S27158,0.001079376530214063,0.0158229863100923
S27160,0.00020803013154809216,0.0120014392067942
S27161,0.0032762585059666676,0.0085815419148752
S27163,0.0013470657560174517,0.0
S27164,0.001480455090474223,0.0037837837837837
S27165,0.0030751966359499824,0.0100137008381689
S27166,0.0014603640921672732,0.0084586077700542
S27167,0.0007032169289452581,0.0063389299580125
S27168,0.0018038835794769047,0.00762129669386
S27169,0.001890249562464301,0.0050752609113003
S27170,0.0014611761500414435,0.0122950109962422
S27171,0.003358506805918325,0.0100805735988357
S27172,0.002404599092666857,0.0224355598356832
S27173,0.0008166147152719122,0.0036217098551316
S27174,0.0028867038095425775,0.0114143540669856
S27175,0.003412601825057233,0.0061414890330552
S27177,0.003659950725376229,0.0073949529817878
S27179,0.0015679454685339198,0.0109812413000729
S27180,0.004834114817270005,0.0108969720888421
S27181,0.002310414517829879,0.0073605094598096
S27182,0.0038168025162529278,0.0132952011303474
S27183,0.004462045946904348,0.0
S27184,0.0034944254087378316,0.0
S27187,0.002908745523136287,0.0063378629287302
S27190,0.0017259463183234747,0.0148023499102775
S27192,0.0021976123206741364,0.0384494504803763
S27193,0.002017160791193971,0.0060306897798616
S27194,0.0011497290099284573,0.0164192721238319
S27197,0.000527599422772461,0.0075910892525755
S27198,0.0028303005130815243,0.0060256885895039
S27199,0.001509328029382893,0.01018351326085
S27201,0.002576281544512939,0.0111188998926142
S27205,0.004538812790009512,0.0073022729610202
S27207,0.0024653158004185522,0.0086168676608634
S27209,0.000737562525494002,0.0050464665849281
S27210,0.001972327403873984,0.0101950286414662
S27211,0.003038086953917258,0.0109337303013192
S27212,0.0029829225671962794,0.0
S27213,0.0015784444435878574,0.023582620335546
S27215,7.683365070957279e-05,0.0012108454722419
S27217,0.0020351105186543397,0.0
S27219,0.0027225214007172522,0.0
S27220,0.0033601211863082733,0.0
S27221,0.002016666832598407,0.0
S27222,0.0003371711078972643,0.0
S27224,0.0005338131277130584,0.0
S27225,7.293287244203e-05,0.0
S27227,0.0007809283057198278,0.0
S27228,0.0012217935522859684,0.0
S27230,0.0003293109299342675,0.0
S27231,0.00023716835204844444,0.0
S27232,0.0023783186228542577,0.0
S27234,0.0004315488049319347,0.0
S27236,0.0025536161520629255,0.0
S27238,0.0006829939873822087,0.0
S27239,0.0005455045337127814,0.0
S27241,0.0029448179976271156,0.0
S27243,0.0007710063739271222,0.0
S27244,0.0002266570330473491,0.0
S27245,0.0005809335429299519,0.0
S27247,0.00038755846755435795,0.0
S27248,0.0008559183714645298,0.0
S27250,0.0033702141068576476,0.0
S27252,0.0034826122165616757,0.0
S27253,0.003801059806280682,0.0
S27254,0.003093425197740452,0.0
S27255,0.002015149429785361,0.0
S27258,0.001896219061892504,0.0
S27261,0.0012056172142509416,0.0
S27263,0.0016834925416470486,0.0
S27264,0.004385390614966301,0.0
S27268,0.003137154991193515,0.0
S27270,0.000719424627764514,0.0
S27271,0.0015388283866310671,0.0
S27274,0.0005644715927989182,0.0
S27275,0.000811978262722107,0.0
S27276,0.0012314207799598291,0.0
S27277,0.003609642017251362,0.0
S27278,0.0006241526358780774,0.0
S27279,0.00010173219466350422,0.0
S27280,9.678076290319565e-05,0.0
S27281,0.00037813656467376873,0.0
S27283,0.002006563174214322,0.0712982887590941
S27285,4.2199387927695724e-05,0.0
S27286,2.446920174184624e-05,0.0
S27287,0.00028683913104252947,0.0
S27288,0.0019788585700139145,0.0
S27290,9.688756639463319e-05,0.0
S27293,0.0016383302740194295,0.0
S27294,9.720863941998398e-05,0.0
S27295,0.0010082469886341827,0.0
S27296,5.682774844377694e-05,0.0
S27300,0.0016778102673798625,0.0
S27301,0.0007984692765026034,0.0
S27303,0.000329219795099403,0.0
S27304,0.003039122905432905,0.0
S27308,0.0030123040062454334,0.0
S27310,0.0008351406357050405,0.0
S27311,0.00012012645606501492,0.0
S27315,6.555352882561795e-05,0.0
S27316,0.0004622168151926611,0.0
S27319,0.0043153873773295074,0.0
S27320,0.003538630707422438,0.0
S27322,0.003315207325984024,0.0
S27323,0.0031494109488214472,0.0
S27324,0.002181189282627987,0.0
S27327,0.002159769318242185,0.0
S27328,0.002507607381108141,0.0
S27330,0.003458356394088068,0.0
S27331,0.0022169046196617893,0.0
S27332,0.0018515587696988271,0.0
S27335,0.004152920601559195,0.0
S27336,0.002152097333595562,0.0
S27341,0.003518871724723965,0.0
S27342,0.0016662723765718123,0.0
S27344,0.002925192808290435,0.0
S27348,0.0021971738653349115,0.0
S27349,0.003412643527869986,0.0
S27350,0.00018338909371543057,0.0
S27351,0.0019582635922000763,0.0
S27352,0.0007210261502534977,0.0
S27353,0.0006423361906255522,0.0
S27354,0.00021797203039675839,0.0
S27356,0.00012925226048665067,0.0
S27358,4.538641379296436e-05,0.0
S27359,0.00024027060911949513,0.0
S27360,0.001345075456736941,0.0
S27361,0.0013150906435885651,0.0
S27362,0.00017156053294900247,0.0
S27364,0.00020903274185389133,0.0
S27366,0.0030617729140931414,0.0
S27367,0.0007905974109792147,0.0
S27368,0.0013456551006465988,0.0
S27369,0.0017502121995108355,0.0
S27372,0.002518216467608051,0.0
S27373,0.0008615021214476676,0.0
S27375,0.0013093922953882101,0.0
S27376,0.00018335414411827102,0.0
S27377,0.0007584314366016937,0.0
S27380,0.004753201827667359,0.0
S27385,0.0030162495648739587,0.0
S27390,0.0016887554110977066,0.0
S27394,0.0013957760122461354,0.0
S27395,0.00048521357910462614,0.0
S27396,0.0005706617165517597,0.0
S27397,0.003139147900319376,0.0
S27399,0.0009321628807477108,0.0
S27400,0.00042873200846015063,0.0
S27401,0.0010250315693379802,0.0
S27403,0.0017522420539908417,0.0
S27404,0.0015739978867052003,0.0
S27407,0.001749208502598688,0.0
S27409,0.0019522448642290578,0.0
S27412,0.0015679158946928624,0.0
S27413,0.0005321403254134869,0.0
S27414,0.00045622194553289735,0.0
S27415,0.0018178420872814586,0.0
S27416,0.0020843594566382876,0.0
S27417,0.0012893392430838662,0.0053615543113585
S27418,0.0015328685110340165,0.0
S27419,0.004390869554370383,0.0
S27420,0.002671574629341635,0.0
S27421,0.002590781577135381,0.0
S27423,0.002087372483177519,0.0
S27424,0.003214071983660881,0.0
S27426,0.0022338262373941195,0.0
S27427,0.003045763980918441,0.0
S27429,0.0016614388772102637,0.0
S27430,5.482113229262702e-05,0.0
S27431,0.00321380774326322,0.0
S27433,0.0011104413258702832,0.0
S27435,8.69434069606639e-05,0.0
S27436,0.0002686233665999049,0.0
S27437,0.0009488618972788802,0.0
S27439,0.0005586326512450729,0.0
S27440,0.0002059484351927321,0.0
S27441,0.0008202522145758224,0.0
S27442,1.544605121625256e-05,0.0
S27444,0.00027348845337005727,0.0
S27445,0.0005563752208838603,0.0052798759176041
S27447,0.001057278465511883,0.0
S27449,0.00045698114296578,0.0
S27450,0.003695094813846469,0.0
S27451,0.0015954359090271535,0.0
S27452,0.0009772092552739293,0.0
S27453,0.0006668609038023652,0.0
S27454,0.0015111115063372667,0.0
S27455,0.0027285954028018738,0.0
S27456,0.0007954332490272269,0.0
S27458,0.0003605382712308441,0.0
S27459,0.00325938788985006,0.0
S27462,0.0012167009936769491,0.0
S27464,0.0006998333571925644,0.0
S27465,0.00022554032607295047,0.0
S27468,0.0009937906845149565,0.0
S27470,0.0025153675538594185,0.0
S27471,0.0030266443660598,0.0
S27472,0.0029480163038062297,0.0
S27473,0.002099540780750956,0.0
S27474,0.002355579245827345,0.0
S27476,0.002007784686782564,0.0
S27478,0.002128921272987747,0.0
S27480,0.0012032530308173964,0.0
S27481,0.0007617190695756197,0.0
S27482,0.0006141873167687473,0.0
S27484,0.00315093227577677,0.0
S27487,0.0006495560433219669,0.0
S27488,0.003594143717260739,0.0
S27490,0.0031947081714239637,0.0
S27491,0.0015553889765693597,0.0
S27492,0.0018886031586651982,0.0
S27493,0.0011223269668860795,0.0
S27494,0.001808858224245919,0.0
S27496,0.0026572702947978617,0.0
S27497,0.0033888222329109276,0.0053077876030586
S27499,0.00042344422732069567,0.0
S27501,0.0005145409565207117,0.0
S27503,0.0007648571107344816,0.0
S27504,0.0020923516645946962,0.0
S27506,0.00034969420594579807,0.0
S27507,0.0009926815764902876,0.0
S27510,0.0013524994772641128,0.0
S27511,0.0012640911998950772,0.0
S27512,0.002720490157461314,0.0
S27513,0.0020038336841602072,0.0
S27514,0.002885594529129576,0.0
S27515,0.0033711221468520833,0.0
S27516,0.005463205397650444,0.0
S27518,0.001968434831144442,0.0
S27520,0.0022864326684614764,0.0
S27522,0.0031873041177782105,0.0
S27523,0.006412049109010732,0.0
S27525,0.0018131762057878224,0.0
S27528,0.003492718207971839,0.0
S27529,0.003514423225885706,0.0
S27531,0.00024250483462644743,0.0
S27533,0.0027244217415408065,0.0
S27535,0.001887788369108041,0.0
S27538,0.0010047388838884852,0.0
S27540,0.00454531358267442,0.0
S27542,0.000964116711182071,0.0
S27546,0.002149405472605813,0.0030378601728585
S27549,0.003489467222731661,0.0030125046218003
S27550,0.0024444533698389304,0.0
S27551,0.0010285765081335459,0.0
S27552,0.0002462796812545485,0.0
S27555,0.00014568565955620913,0.0
S27557,8.827665220832636e-05,0.0
S27559,0.0001815365352794404,0.0
S27564,0.00020996452692265794,0.0
S27565,0.0005266160876329145,0.0
S27566,6.963713132106158e-05,0.0
S27567,0.00024396978869050724,0.0
S27568,0.00041658609895635053,0.0
S27571,5.5736531647308794e-05,0.0
S27573,4.330876095722065e-05,0.0
S27574,8.435212730774872e-05,0.0
S27575,0.00027139109668280386,0.0
S27576,4.145198774922761e-05,0.0
S27577,8.441777816230482e-05,0.0
S27578,0.00011547079037403051,0.0
S27579,0.0003896645988129414,0.0
S27580,2.5886402993784914e-05,0.0
S27586,0.003394744250940296,0.0
S27588,0.004652295694454337,0.0
S27589,0.002037360856944654,0.0
S27590,0.0025066167373727116,0.0
S27591,0.003017849310540632,0.0
S27592,0.001735853635494137,0.0
S27593,0.0013505846075517161,0.0
S27595,0.0016956736933571148,0.0
S27596,0.005809634530071406,0.0
S27600,0.0017902482172897631,0.0
S27601,0.0018413982029206327,0.0061356888452682
S27603,0.0004272510948642184,0.0
S27604,0.001133089002449055,0.0
S27606,0.0007906584846569344,0.0
S27607,0.001118459571881962,0.0
S27608,0.0006320159770408699,0.0
S27610,0.002323445980580533,0.0
S27611,0.001856788293382837,0.0
S27612,0.0016522780201044596,0.0
S27613,0.003269922736247844,0.0
S27614,0.002210820099313899,0.0
S27615,0.0022118212791717162,0.0
S27617,0.00437004698463488,0.0
S27620,0.0041102143552425256,0.0
S27621,0.00364520105511219,0.0
S27625,0.005964474610732711,0.0
S27627,0.0016328052049164518,0.0
S27628,0.0038347733251046442,0.0
S27630,0.002690869441351869,0.0
S27631,0.002380238699033209,0.0
S27632,0.0006590706084252714,0.0
S27634,0.0007703153304425664,0.0
S27639,0.0015114322241252726,0.0
S27640,0.0031466003052739878,0.0
S27641,0.002082348727527459,0.0
S27643,0.000730162349052575,0.0
S27644,0.0023748150567385303,0.0
S27645,0.0028324019868849887,0.0
S27646,0.0035082154604219144,0.0
S27647,0.0029433581602641497,0.0
S27650,0.0024129193914466307,0.0
S27653,0.0012608270867683785,0.0
S27655,0.0006037557430368811,0.0
S27658,0.0014645212386795755,0.0
S27660,9.852069815400531e-05,0.0
S27663,0.00041440703597705125,0.0
S27664,0.0001329020490244582,0.0
S27665,3.4565656545927526e-06,0.0
S27666,6.898905922200178e-06,0.0
S27667,0.00040093328565515303,0.0
S27668,8.953598862575906e-05,0.0
S27670,0.0013305241081411228,0.0
S27672,8.33205850856847e-05,0.0
S27673,0.0020792418970731344,0.0
S27674,9.775048355028834e-05,0.015829537853935
S27675,0.00033525997800719104,0.0
S27676,0.00020616613540102997,0.0
S27677,0.00029806941762437056,0.0
S27678,0.00010863352560444675,0.0
S27680,0.0015295148900805623,0.0
S27684,0.00013523396924123007,0.0
S27686,8.459286322470926e-06,0.0
S27687,3.713750116257542e-05,0.0
S27689,0.00022819562760575694,0.0
S27690,9.163729356028737e-05,0.0
S27691,2.7607180477000564e-05,0.0
S27692,5.381962153641261e-05,0.0
S27693,0.001356072143327816,0.0
S27694,3.5609792015955326e-05,0.0
S27699,0.0003777133276292227,0.0
S27700,0.00019875086597911478,0.0
S27701,1.1493187952424735e-05,0.0
S27702,0.00029714898087020267,0.0
S27703,0.0022082625666529484,0.0023504152242589
S27704,0.0029434034911506495,0.0023377784049483
S27707,0.0010377756685333085,0.0
S27708,0.003394680894018202,0.0023359983455303
S27709,0.0018279216042833201,0.0047063056920731
S27710,0.0015285348951925306,0.0
S27712,0.0013726920626946399,0.0
S27713,0.001757284067416747,0.0
S27714,0.0023631722323587847,0.0046838186787296
S27715,0.0035159316362190557,0.0092685837902353
S27716,0.0016099125684301157,0.0023314944081663
S27717,0.0016671743843487822,0.0023229617996644
S27719,0.0011602638416277255,0.0
S27722,0.0020029708231584296,0.0023285123289339
S27723,0.0032008694433166116,0.0
S27724,0.0027488470167244825,0.0
S27725,0.0020567211142646065,0.0
S27726,0.0012700682650645721,0.0
S27727,0.0014518817422087393,0.0
S27728,0.0012189616998897154,0.0
S27730,0.000753892117457022,0.0
S27731,0.001531697304852811,0.0023633579655149
S27732,0.0023082348458720436,0.0023660244600275
S27733,0.0014037295711660457,0.0023739240917471
S27735,0.00015407770109085862,0.0023350764185471
S27737,0.001974814929807591,0.0023553609341825
S27739,0.0007343218212949099,0.0
S27740,0.0016400754945094364,0.0023184106059121
S27742,0.0014229624943851765,0.0046459235993288
S27743,0.0006544073238460745,0.0023323478342484
S27744,0.0015837856394292898,0.0
S27750,0.00021658687165185592,0.0047299547941946
S27753,0.00036297959948756715,0.0
S27754,0.0014578575853753763,0.0
S27756,0.0027862302319070407,0.0166024805890802
S27759,0.0023978010590124032,0.0
S27762,0.002293397211036321,0.0
S27764,0.0023735256958877264,0.0
S27765,0.0027798720271643702,0.0
S27766,0.002188379506149856,0.0
S27769,0.004321511093918975,0.0
S27771,0.0020119493957868034,0.0
S27772,0.002823315241863986,0.0
S27773,0.0035451703668263885,0.0
S27776,0.003105443463930457,0.0
S27777,0.0026125338783978386,0.0
S27778,0.00393807722378982,0.0
S27781,0.0012684642207879012,0.0046768107350215
S27784,0.001422795470921794,0.0
S27785,0.002910063229149157,0.0
S27786,0.0026853012710771965,0.0
S27788,0.0018495139255448882,0.0
S27789,0.0029627038937983267,0.0
S27791,0.0050852626869122165,0.0
S27792,0.0027070284004237504,0.0
S27793,0.0015074736611742064,0.0
S27796,0.0025256315054646393,0.0
S27797,0.007088200789775288,0.0023171783574608
S27799,0.0004373807641478181,0.0
S27801,0.000751523281150289,0.0
S27803,0.0017092577097638938,0.0
S27805,0.0029065909135157324,0.0
S27808,0.0035531169127132607,0.0
S27809,0.0009252551235446591,0.0023220501319877
S27813,0.0031497008887356424,0.0
S27814,0.0027802251754223627,0.0023260276408837
S27815,0.0018142655955634525,0.0
S27817,0.0020971657264613522,0.0
S27819,0.0004413532300938653,0.0
S27820,0.0019483743878784127,0.0
S27825,0.0010250283934197398,0.0
S27827,0.004653889747520477,0.0
S27828,0.0027059618966438566,0.0047250981622505
S27833,0.0003002624139292257,0.0
S27835,0.003140515205062259,0.0023401560417932
S27836,0.0028299081345068513,0.0023235808391072
S27837,0.002877745184441738,0.0023590838969977
S27838,0.0007742571623677607,0.0
S27841,0.002916399742646135,0.0
S27842,0.0024021853903158016,0.0023180537676535
S27843,0.0027974792607271173,0.0047091150274777
S27844,0.0016115259980566943,0.002332774781625
S27845,0.0030050284062532002,0.0
S27846,0.002294335608926046,0.0
S27850,0.0028806559717335957,0.0
S27851,0.0005889066214787287,0.0
S27853,0.0013325827095287599,0.0046750290425596
S27854,0.000862869118477899,0.0023751833956998
S27856,0.0025816619796312566,0.00473130563092
S27857,0.0017773027399554443,0.0
S27858,0.001441496938488478,0.0
S27859,0.0015176599213921834,0.0
S27860,0.0002983654992454918,0.0
S27861,0.00468636449588365,0.0
S27865,0.0024237169119461287,0.0
S27866,0.0026222491251008985,0.0
S27869,0.0020148846522151332,0.0
S27870,0.0037450037294960927,0.0189411803937821
S27871,0.004614261441813321,0.0
S27874,0.0016243398878782486,0.0
S27875,0.000772476690120681,0.0
S27876,0.003513806696905983,0.0
S27877,0.00496006903301028,0.0
S27878,0.002649722619898781,0.0093734676172154
S27882,0.0016156969858893424,0.0
S27884,0.0027718939974197133,0.0
S27885,0.005817120477404252,0.0
S27886,0.0037162653385099755,0.0047472359529097
S27887,0.0016137780637491281,0.0
S27888,0.003580484271897923,0.0
S27894,0.0018240482046332192,0.0023587480126242
S27896,0.002070117148519212,0.0
S27897,0.0018436208313976402,0.0023604283916316
S27898,0.003975912290079046,0.0
S27900,0.0037451094867450166,0.0
S27902,0.0008455052222152555,0.0
S27903,0.0017589531773949008,0.0071114799605076
S27904,0.0023250126429844296,0.0
S27905,0.0032455447178830698,0.0047357011839252
S27906,0.002043485899323083,0.0
S27907,0.0010746398947980547,0.0093451793353076
S27908,0.003647195288400384,0.0
S27909,0.000735562381503761,0.0
S27910,0.002797214320786692,0.0
S27911,0.0005521079667575627,0.0047260417260987
S27912,0.001278886514019141,0.0
S27913,0.001476626490122051,0.0
S27914,0.0024679725305797318,0.0
S27915,0.002684347567213397,0.0
S27917,0.0012064451588920568,0.0
S27918,0.004649135196786605,0.0023682567819345
S27919,0.0025925349885572804,0.0023677490662398
S27920,0.0016804594014166476,0.0
S27922,0.0025646279354139875,0.0046313768794584
S27923,0.0036983867417854574,0.0023206839714046
S27926,0.0018217075719257378,0.0
S27928,0.002669872813835254,0.0023501151414561
S27929,0.003014859754277545,0.0
S27931,0.002757475000081971,0.0
S27932,0.003520282115096999,0.0
S27934,0.0020891558542445237,0.0
S27935,0.003760441559246642,0.0023361301088157
S27936,0.005818951275675936,0.0023388015171621
S27940,0.0013104839861787663,0.0046782634888361
S27942,0.004637600894950632,0.0
S27944,0.0011746131121101666,0.0
S27946,0.0018136307677032238,0.0
S27947,0.002144194218283698,0.0023567011873601
S27948,0.00339285852267608,0.0
S27949,0.003120687743616958,0.0
S27950,0.0036297577882537795,0.0
S27952,0.002932512226475819,0.0
S27955,0.0015186662239349952,0.002368900201142
S27956,0.0015756275450619036,0.0
S27958,0.0025234299416024507,0.0
S27959,0.0025120418146181555,0.0
S27961,0.002389535923349828,0.0
S27962,0.0036043336781884437,0.0
S27964,0.0025909607412723957,0.0
S27966,0.001779462134513053,0.004656828297025
S27969,0.0019622920179332842,0.0
S27970,8.966675829911086e-05,0.0047433621561778
S27972,0.00018420616666494114,0.0
S27973,0.0028258948574782783,0.0
S27974,0.0006933065234676824,0.0023764781263597
S27975,0.0004259343629553307,0.0
S27976,0.0019173277252084097,0.0
S27979,0.002429329896313062,0.0023581100957478
S27981,0.0018464346779052383,0.0
S27982,0.002957811635628484,0.0
S27983,0.0026188688910042026,0.0
S27985,0.003714224882666057,0.0
S27986,0.0013660671048349997,0.0
S27988,0.002321833298511096,0.0
S27991,0.00367667053637477,0.0
S27992,0.0018403878021385066,0.0
S27993,0.0015686253042380069,0.0
S27994,0.0031303168617526148,0.002369035702369
S27996,0.0019175392473438366,0.0
S27997,0.002561042218187793,0.0023229617996644
S27998,0.0032821159161567984,0.0
S28000,0.0028065768161317554,0.0
S28001,0.004237415366832725,0.0023583450776071
S28005,0.0025024332714515636,0.0
S28009,0.002771309691677099,0.0
S28010,0.0009705246227233196,0.0
S28012,0.002028808132920417,0.0
S28014,0.0019138846968839644,0.0
S28015,0.0012891419715258215,0.0
S28016,0.003144053554397263,0.0
S28018,0.004074174632707778,0.0047110567649163
S28019,0.003352507201538838,0.0
S28020,0.0030210076543069693,0.0047052363505543
S28022,0.00210439326783557,0.0
S28023,0.0015293631895321098,0.0
S28025,0.004731773000544842,0.0
S28027,0.002087286110358798,0.0
S28028,0.0015379231766093294,0.0
S28029,0.0018142476721106598,0.0
S28030,0.0013738094835451444,0.0
S28031,0.0029167580728233474,0.0
S28035,0.0039473109072234195,0.0
S28036,0.004149793219244253,0.0
S28037,0.0016104727702034494,0.0
S28038,0.002521610035060454,0.0
S28040,0.001264138120449404,0.002368832456341
S28041,0.001624436644801188,0.0
S28042,0.003918602313702345,0.0
S28044,0.0014529910740772422,0.0
S28045,0.001891645723537245,0.0
S28046,0.0034926003473432807,0.0
S28048,0.003711376813376392,0.0069445414786144
S28049,0.0028489150264579327,0.0046387687195784
S28050,0.00019157765063555513,0.004641302926729
S28053,0.000762050087738404,0.0023474511026407
S28057,0.001848494035804451,0.0
S28058,0.000970079639901807,0.0023621785274644
S28059,0.002082424562492822,0.0
S28060,0.0019770888922516286,0.0023475841611283
S28061,0.0013623908041524688,0.0
S28062,0.001419659629141183,0.0116249152106284
S28064,0.0002609902603401358,0.0023394951021234
S28065,0.0020104453893187127,0.0
S28066,0.0024008037840314994,0.0
S28069,0.0007779011923652549,0.0
S28071,0.0006144467096607641,0.0
S28077,0.00017606344522141698,0.0
S28082,9.730733447463552e-05,0.0
S28084,0.0021653837137654017,0.0
S28085,0.001908188627752455,0.0
S28086,0.0017891266682004987,0.0
S28087,0.002506251053449818,0.0023630882758489
S28088,0.002797408548686494,0.0
S28089,0.0005320165972576916,0.0
S28094,0.0028176647947951586,0.0093763854694324
S28095,0.003008472974204006,0.0023546244445076
S28097,0.0006512947020526192,0.0023423397947978
S28100,0.0037065893331709922,0.0046812378436165
S28101,0.0033773882611504856,0.0023264196074576
S28102,0.0020530360534444644,0.0
S28103,0.004028872109993382,0.0
S28104,0.002141666243309881,0.0
S28105,0.0019561321553615554,0.0023452910142793
S28108,0.0015787310349744622,0.0023638300705819
S28109,0.0019196143270839878,0.0
S28111,0.003460467411616693,0.0
S28112,0.004509973484897165,0.0
S28115,0.0023717393393336127,0.0
S28116,0.0016371900014151616,0.0
S28118,0.004089694965979327,0.0
S28120,0.002470911073908284,0.0
S28121,0.0020928679644426126,0.0
S28122,0.0015112339057183845,0.0
S28123,0.0005628422235001704,0.0
S28124,0.0016215693611617565,0.0
S28125,0.0017941266160811575,0.0
S28128,0.003818865740287468,0.0
S28132,0.0033670760663211305,0.0
S28133,0.0014782496332796345,0.0
S28134,0.004304610587797785,0.0
S28135,0.003330863867288432,0.0
S28137,0.0014433954966013751,0.0041112434650254
S28139,0.0023860339699494997,0.0
S28140,4.969230099090482e-05,0.0
S28142,2.1447387381973087e-05,0.0
S28145,0.0017374449304272828,0.0
S28146,0.0007593298618792561,0.0
S28147,0.0012945776037653104,0.0
S28148,0.0031528516495383757,0.0047457400537595
S28149,0.004033125094971279,0.0
S28150,0.0029948114228514396,0.0
S28151,0.0014695271479906232,0.0046583341534625
S28152,0.0005597626092993463,0.0
S28154,0.0021667230320491994,0.0023343854507195
S28155,0.00028077680525445193,0.0
S28156,0.0016543377163831842,0.0
S28159,0.001721268064387788,0.0046959668542218
S28163,0.0003980781854338656,0.0
S28165,0.00022267674912736268,0.0
S28166,0.0003816591225741565,0.0070156122074475
S28169,0.002378499480011402,0.0
S28172,0.0009295782751852264,0.0046479439628164
S28173,0.0022459939408887046,0.0
S28176,0.001242934360716143,0.0047261765516979
S28178,0.0034065153897020624,0.0
S28182,2.7247571906090667e-05,0.0
S28183,7.381131750380058e-05,0.0
S28185,0.00016692805494612051,0.0
S28186,6.588839393969889e-05,0.0
S28187,0.0010478539392945138,0.0
S28188,0.00010156991636397413,0.0
S28190,0.00012149265116929972,0.0
S28191,0.0007533381099221385,0.0
S28192,3.845257319058758e-05,0.0
S28194,0.0022812865464380927,0.0070568523882546
S28197,0.0031006451934168923,0.004702765358503
S28199,0.0031913333041424735,0.0023812946193282
S28201,0.0013551443381868387,0.0
S28204,0.0028568978717126567,0.0
S28205,0.0033440567371309004,0.0023255705134504
S28209,0.0002506829770786667,0.0
S28211,0.00024814686825864985,0.0
S28212,0.00019992362950687514,0.0
S28214,9.292914358254989e-05,0.0
S28215,0.00015016779173309376,0.0
S28216,2.544729097050252e-05,0.0
S28217,3.866522005436006e-05,0.0
S28218,0.0002262962594369283,0.0
S28220,7.545431598694895e-05,0.0
S28221,0.00010055261401773487,0.0
S28222,8.872866288114611e-05,0.0
S28224,3.261387119305265e-05,0.0
S28226,0.0011299155106954493,0.0
S28228,0.00019156990470424088,0.0
S28229,0.0004968359448180419,0.0
S28230,3.4807883276975426e-05,0.0
S28231,1.9685519737307437e-05,0.0
S28232,0.00023253832745131938,0.0
S28235,0.0003385695211807254,0.0
S28238,0.0004340217404387039,0.0
S28240,0.0007178038476410991,0.0
S28241,0.0002197146827138099,0.0
S28242,0.001165157802260991,0.0
S28243,0.0008077356071744373,0.0
S28244,0.0016093954013899937,0.0
S28246,0.0006372691488677344,0.0
S28248,0.0017154278889601295,0.0
S28249,0.0008183867530628217,0.0
S28255,0.0005459927132162325,0.0
S28257,0.0023467821356126413,0.0
S28258,0.0011914340273902185,0.0
S28260,0.00022385383132469768,0.0
S28262,0.002390071136522746,0.0
S28265,0.001757434206927262,0.0
S28266,0.0050606405426021715,0.0
S28267,0.0023209168363975317,0.0
S28269,0.0028396466888554687,0.0
S28270,0.0030264846132660285,0.0
S28271,0.003757126642051967,0.0
S28272,0.0015312681781395584,0.0
S28273,0.0009573662450710339,0.0
S28274,0.0020725008741542448,0.0
S28275,0.002008462093065773,0.0
S28278,0.0009123813499206508,0.0
S28279,0.00020111014122190483,0.0
S28280,0.00017346531443787302,0.0
S28281,0.001644606902308989,0.0
S28283,0.00046548705188661366,0.0
S28284,0.00318539547404908,0.0
S28285,0.002582748257432489,0.0
S28286,0.002219426956321541,0.0
S28290,0.002462119736526442,0.0
S28292,0.0007868921761400078,0.0
S28293,0.0013074424953005202,0.0
S28295,0.001741493700280921,0.0
S28296,0.00211728486243839,0.0
S28297,0.0001519037546750911,0.0
S28298,0.0002784304793065831,0.0
S28300,0.001587923658489705,0.0
S28303,0.0013641112695103239,0.0
S28304,0.0023284999628301233,0.0
S28307,0.002688679498990708,0.0
S28309,0.0014189968244563461,0.0
S28310,0.001369431849037889,0.0
S28311,0.0017039712609810988,0.0
S28312,0.0021460663772465793,0.0
S28313,0.0019330806934641591,0.0
S28314,0.0010195617077059683,0.0
S28315,3.653190749292132e-05,0.0
S28316,1.5375067045033328e-05,0.0
S28318,0.004158863345406751,0.0
S28320,0.000488828666759441,0.0
S28321,0.0019063056677902051,0.0
S28323,0.0002834583357947078,0.0
S28325,3.754556050078771e-05,0.0
S28326,0.0007909991530031448,0.0
S28327,0.00043713172662260605,0.0
S28328,0.0013213761842788621,0.0
S28329,0.00047436490497527393,0.0
S28331,3.4780369720507874e-05,0.0
S28334,0.0004104437800288444,0.0
S28335,0.0035183911327061794,0.0
S28336,0.0023656201885324697,0.0
S28337,0.00013781015521711473,0.0
S28338,0.0002716475814217793,0.0
S28339,8.719145293469648e-05,0.0
S28343,0.0002881688880226123,0.0
S28345,0.0009134280952454443,0.0
S28346,0.001064744867342311,0.0
S28347,0.00043865668224363273,0.0
S28348,0.0021431882278896337,0.0
S28351,0.0009587075503586278,0.0
S28352,0.004306811245277412,0.0
S28354,0.0005928411872929362,0.0
S28355,0.002083674516957232,0.0
S28356,0.0021737528391963636,0.0
S28357,0.002452603571626248,0.0
S28358,0.0019653848622653916,0.0
S28359,0.002020568310904541,0.0
S28361,0.0010926377730817907,0.0
S28363,0.0006292283225506984,0.0
S28364,0.0013080894212694773,0.0
S28365,0.0007354535359187281,0.0
S28366,0.0009143703283824043,0.0
S28368,0.0006491539291198025,0.0
S28370,0.0006238304727292992,0.0
S28371,0.0015123854003985047,0.0
S28372,0.0008463896582486859,0.0
S28373,0.0030953323955931764,0.0089879918981481
S28374,0.001089622008486473,0.0
S28375,0.002368758759900843,0.0
S28376,0.0036367387633269165,0.0
S28377,0.0010504021316773981,0.0
S28378,0.0021118822657455226,0.0
S28379,0.0009751239357456507,0.0
S28380,0.002682553855663974,0.0
S28381,0.0036451249263762227,0.0
S28382,0.0015582963128833922,0.0
S28383,0.0019500704148167733,0.0
S28384,0.0007530627217915241,0.0
S28386,0.002112590358732786,0.0
S28387,0.0031602507434019406,0.0
S28388,0.0014088081754162394,0.0
S28390,0.001577807505140774,0.0
S28391,0.004143454901055865,0.0
S28392,0.0013214337234589287,0.0
S28393,0.002531391253273774,0.0
S28394,0.002136967431588892,0.0
S28396,0.003776725639796164,0.0
S28397,0.002570090408752745,0.0
S28398,0.0007088075614661225,0.0
S28399,0.0028503058185837364,0.0
S28403,0.003322736546419108,0.0
S28405,0.003964114313575961,0.0
S28406,0.002917840656839845,0.0
S28408,0.0005878032965634127,0.0
S28409,0.0034213371238408273,0.0
S28410,0.0003341334391214595,0.0
S28411,0.0001474507774608562,0.0
S28412,0.0005492258626725083,0.0
S28418,0.00019030803372718278,0.0
S28420,0.00040355780377587564,0.0
S28421,0.0017698982825132205,0.0
S28422,0.002088852301401261,0.0
S28424,0.0027619210826057387,0.0
S28426,0.004090771632690935,0.0
S28427,0.0030538306090485265,0.0
S28428,0.002208049554521294,0.0
S28429,0.0028058933446063776,0.0
S28430,0.002742298677462808,0.0
S28432,0.0002803897050706129,0.0
S28434,0.0005822880814450104,0.0
S28436,0.0017094437804073886,0.0
S28437,0.003553885202671155,0.0025398090799452
S28438,0.0016855984825578621,0.0109192371913173
S28441,0.0002694266942216675,0.0
S28442,0.0004785772338816044,0.0
S28443,0.0002406142179162815,0.0
S28445,0.0002988282408106559,0.0
S28448,8.244770169005326e-05,0.0
S28449,0.00014144663006629855,0.0
S28450,0.00021566875469838904,0.0
S28451,0.00035808753192777146,0.0
S28454,6.88570397566251e-05,0.0
S28457,0.0014031887643076143,0.0
S28459,0.0019500097164724044,0.0
S28460,0.0016229487625355884,0.0
S28461,0.0017046444884121924,0.0
S28464,0.00037163674410557284,0.0
S28465,0.0019900996190970618,0.0
S28466,0.0001182122316715724,0.0
S28467,0.0003137160455737088,0.0
S28468,0.0023811671099075392,0.0
S28471,0.0013139975363760323,0.0
S28472,0.0009909259717330455,0.0
S28474,0.0009403693366103983,0.0
S28475,0.0018872435381459681,0.0
S28476,0.003116257459287496,0.0
S28481,0.0006891797424837279,0.0
S28482,0.0025785019578310076,0.0
S28483,0.0036675106280623614,0.0
S28487,0.00016435013471360424,0.0
S28488,1.2761207962836664e-05,0.0
S28489,0.00016301472667671637,0.0
S28491,1.600933164869277e-05,0.0
S28492,6.219059423892912e-06,0.0
S28494,0.0003810780613217793,0.0
S28496,0.0003027322261674162,0.0
S28497,9.508883011851266e-06,0.0
S28499,0.0058148607942144544,0.0
S28500,0.0029146766369351333,0.0
S28501,0.003728353606461653,0.0
S28502,0.002372615111148616,0.0
S28503,0.0036084204924939746,0.0
S28504,0.00043693086060754777,0.0
S28505,0.000425570207554394,0.0
S28506,0.0008856659203991631,0.0
S28507,0.0002005021294578179,0.0
S28510,0.0007217945148963157,0.0
S28511,0.0003520549595101151,0.0
S28512,0.002177940636078308,0.0
S28514,0.001599728996081917,0.0
S28516,0.00034470370072111,0.0
S28519,0.0014773834421463183,0.0
S28521,0.0003072016387505872,0.0
S28523,0.00020072483395856724,0.0
S28526,0.0004400251228270702,0.0
S28528,0.0008394087864396499,0.0
S28529,0.0015469989197943882,0.0
S28530,0.002733517782908792,0.0
S28531,0.0010420896946010654,0.0
S28532,0.000250654809072859,0.0
S28533,0.0005302498190214525,0.0
S28534,0.0004505379919743618,0.0
S28536,0.00031878282267103284,0.0
S28538,0.0004618111808888225,0.0
S28539,0.0011743459452837745,0.0
S28541,0.00046646524274207297,0.0
S28544,5.476677239912992e-05,0.0
S28546,0.00041209279370934366,0.0
S28547,7.648943330296505e-06,0.0
S28548,0.0010535093676931882,0.0
S28549,0.0004229442812861228,0.0
S28550,1.8797924671961412e-05,0.0
S28551,8.597287790287467e-06,0.0
S28553,0.00035328693693832843,0.0
S28555,8.156090040668171e-05,0.0
S28558,0.0007658493871996858,0.0
S28559,0.00010949144617960728,0.0
S28560,0.00016653147758127282,0.0
S28561,0.0005752651142572682,0.0
S28566,0.005488740429748321,0.0
S28568,0.0030543165789734578,0.0
S28569,0.0037072063654974797,0.0
S28571,0.0032812853205355106,0.0
S28574,0.00011514720355190584,0.0
S28579,0.00337302398124013,0.0
S28580,0.002262872021488288,0.0
S28581,0.001360794567757447,0.0
S28584,0.0018174694806148192,0.0
S28587,0.0024367933045997044,0.0
S28588,0.0009098450362573457,0.0
S28589,0.0020561303311362965,0.0
S28590,0.0009900092763996341,0.0
S28593,0.0019286410776764525,0.0
S28599,0.0020505540376341332,0.0
S28601,0.0027336900120068933,0.0
S28602,0.0018016496898360297,0.0
S28603,0.0010648919330648898,0.0
S28605,1.1344372740668031e-05,0.0
S28607,0.0014243135865185585,0.0
S28610,0.0005313318005047059,0.0
S28611,0.00011528851871193019,0.0
S28612,0.000331661760167548,0.0
S28613,5.204941851802948e-05,0.0
S28614,0.00014225887304683413,0.0
S28615,0.00013275156877595986,0.0
S28616,0.0007231344579130144,0.0
S28618,9.210326952123197e-05,0.0
S28620,0.002809472646412865,0.0
S28621,0.00038265102864056477,0.0
S28623,0.004156664292958703,0.0
S28624,0.0011567134884936546,0.0
S28625,0.00306387182615866,0.0061491940472832
S28631,0.00047901535584888444,0.0074427938181382
S28632,0.0028079828180543,0.0063268257411424
S28634,0.002772528284737636,0.0024802998318187
S28637,0.0029851562651245942,0.002541776942452
S28641,0.003857014352112115,0.0133787530620385
S28642,0.002916737979578056,0.0101138057518454
S28643,0.0010663855571348938,0.0062622062622062
S28644,0.0013815178436358173,0.0036130476820518
S28645,0.0033495230094138986,0.0
S28646,0.002777786617600177,0.0162779213842657
S28647,0.003816786697613419,0.0
S28650,0.0021727659448871417,0.0073464199136758
S28651,0.0023314511049502403,0.0164052641067243
S28653,0.0047503804610346595,0.0061862548139518
S28654,0.0014165377696023407,0.0
S28655,0.0029036164169506805,0.0099810470560178
S28660,0.0023424107030878263,0.0012745354484979
S28662,0.0018872881815939129,0.0036729656426211
S28663,0.00249671116393097,0.0137359393176501
S28664,0.0012325357847554437,0.0049023234251162
S28665,0.0025670032669420587,0.0162809977749387
S28666,0.0010349166618489167,0.0074672275851707
S28667,0.0013637831096378866,0.0150064917419004
S28668,0.0026991653647962114,0.0113613850069341
S28669,0.0021045194570411185,0.0
S28671,0.000815191808661477,0.0073314648178197
S28673,0.0014781099001971408,0.0097332177880919
S28674,0.00174544849785179,0.0063044344148546
S28675,0.0021874556214620602,0.0150461298599075
S28676,0.004051424977993864,0.0037636973593535
S28678,0.0013018509957790872,0.0113302177134389
S28682,0.0017564604753672766,0.0
S28683,0.002391589156940672,0.0
S28684,0.0013960752983000217,0.0113563659628918
S28689,0.0026854094927558705,0.0
S28691,0.0010065295690365684,0.0101647684421776
S28693,0.0006884138048862985,0.0110898718454112
S28695,3.678326278274702e-05,0.0073456055690627
S28697,0.0009319351059769272,0.0
S28699,0.001733323227444079,0.0048954785773561
S28701,0.003627992352730973,0.0048010973936899
S28703,0.0037699306603596453,0.0073528323938869
S28708,0.0025317886630830937,0.0
S28711,0.0004406274501479539,0.0085113149847094
S28713,0.0022036383054329267,0.0062949002441965
S28715,0.0011262437242888041,0.01203894125142
S28716,0.0026809602658549835,0.0097748538443005
S28721,0.00209323088142507,0.0114210864969206
S28722,0.0024999027783472023,0.0017310137053097
S28723,0.0009148761084123321,0.0088550535401124
S28726,0.0024495179219296585,0.0050802022881353
S28727,0.001412772745635705,0.0
S28733,0.0026033361314570964,0.0012378703648355
S28736,0.0026033422563855125,0.0
S28737,0.0013678852309057187,0.0
S28740,0.0021575477304799097,0.0
S28741,0.00023839195414951703,0.0
S28742,0.0006187088349219045,0.0
S28744,0.0007710356963173179,0.0
S28745,0.0010521976848338664,0.0
S28746,0.0016827290282984749,0.0
S28748,0.0006378951208922273,0.0
S28749,0.0004029519209610274,0.0
S28751,0.00027559428868464004,0.0
S28754,0.0014765198031869808,0.0
S28755,0.0016554236200102084,0.0
S28756,0.001278943543085386,0.0
S28760,0.00312193984339352,0.0
S28761,0.00022791908738862784,0.0
S28762,0.0015362424066652546,0.0
S28763,0.00027105980984718067,0.0
S28765,0.0018156528060362348,0.0
S28766,0.0008133882995647494,0.0
S28767,2.452228804310996e-05,0.0
S28770,0.002680682794085469,0.0
S28771,0.0031212854707917265,0.0
S28778,0.0033279218566221163,0.0
S28780,0.0008750512793728024,0.0
S28781,0.0011221701468072307,0.0
S28782,0.0016283898473377783,0.0
S28785,0.0036054308531742497,0.0
S28786,0.003545186311395147,0.0033286451007969
S28787,0.002173747367196042,0.003293375477937
S28788,0.002437530908801006,0.0
S28791,0.00048201429331881825,0.0
S28792,0.0007569614609624078,0.0
S28794,0.0003681016534452425,0.0
S28796,0.0038482549626957037,0.0
S28797,0.0003269086869624039,0.0
S28798,0.0001606971266136124,0.0
S28801,5.8522816624703596e-05,0.0
S28802,7.616071382227543e-05,0.0
S28805,0.0005552737932579196,0.0
S28806,1.3374529064007329e-05,0.0
S28807,0.00041780357285626455,0.0
S28808,0.000947853827469541,0.0
S28810,0.0030874167637119296,0.0
S28811,0.0022749438926420815,0.0
S28812,0.0022038780865496935,0.0
S28814,0.0008595012014787213,0.0
S28815,0.0014462696211877853,0.0
S28816,2.775446720917268e-05,0.0
S28818,0.0006807264654651763,0.0
S28819,0.002303778712683071,0.0
S28820,0.0015529003520098703,0.0
S28822,0.0029395039214063596,0.0
S28823,0.0005667474456466654,0.0
S28824,0.000710938395950729,0.0
S28825,0.00023541980995770486,0.0
S28827,6.627247196804585e-05,0.0
S28828,0.0001790958339270861,0.0
S28829,1.834592160431752e-05,0.0
S28830,0.00027455469397345497,0.0
S28831,2.427283871004584e-05,0.0
S28832,6.379090197872052e-05,0.0
S28835,0.0005159457506299767,0.0
S28836,0.0009476374346692319,0.0
S28837,0.002123972066565352,0.0
S28839,0.0005643374042081832,0.0
S28840,0.0023679030549808473,0.0
S28844,0.0013823276537210767,0.0
S28845,0.00040656144080351635,0.0
S28847,0.0004242239512437117,0.0
S28849,0.000447746260976466,0.0
S28850,0.0028079993059717152,0.0
S28851,0.0011793606632237812,0.009963114425467
S28852,9.12789004373554e-05,0.0
S28854,0.0008441536674524503,0.0
S28858,0.00021425611384803312,0.0
S28861,0.001215201765702476,0.0
S28863,0.002519941946534921,0.0
S28864,0.0031258659975513994,0.0
S28865,3.293521355681714e-05,0.0
S28866,0.0008483438103115298,0.0
S28867,0.000279620364043747,0.0
S28868,0.000346984815742482,0.0
S28869,0.0018246353091547045,0.0
S28872,0.00019716819784074358,0.0
S28873,0.00022176072777894143,0.0
S28876,0.0001749635635458547,0.0
S28877,0.0029701614104504013,0.0
S28879,0.0013524385817742,0.0
S28882,0.003250680969095103,0.0
S28883,0.0046390279329998774,0.0
S28885,0.0021328348943739535,0.0
S28887,0.00034607204622607207,0.0
S28888,0.00048156689279843084,0.0
S28889,0.00017040855950256276,0.0
S28891,2.7207754452538185e-05,0.0
S28892,0.00016308307768410298,0.0
S28893,2.7430468902209874e-06,0.0
S28894,4.938141676216989e-05,0.0
S28897,7.418755754080974e-05,0.0
S28901,0.0010126463875890675,0.0
S28902,0.004554965332121007,0.0
S28903,0.0011982530137823284,0.0
S28904,0.0019617837927721968,0.0
S28906,0.0031977195562818625,0.0
S28907,0.0024645830569083806,0.0
S28908,0.0022679249972961746,0.0
S28909,0.001275330790505015,0.0
S28910,0.0030826462122219055,0.0
S28913,0.001288762472259105,0.0
S28914,0.0023919138346780045,0.0
S28915,0.003283804717760541,0.0
S28916,0.003780362713712114,0.0
S28917,0.003575591733423233,0.0
S28918,0.002908592221559284,0.0
S28920,0.002067854762996005,0.0
S28921,0.002967640089323309,0.0032727512182273
S28922,0.00359083305765565,0.0033272412015558
S28927,0.002179323911410692,0.0
S28928,0.003370316049513638,0.0
S28929,0.00201506269348169,0.0
S28930,0.0037698139806818165,0.0
S28931,0.001977738773206024,0.0
S28934,0.0006154385634408528,0.0
S28937,0.004156018494683622,0.0
S28938,0.004901824225534033,0.0
S28939,0.005429496811338245,0.0
S28940,0.0031332923429190206,0.0
S28941,0.0018661841825616124,0.0
S28943,0.003443336895706972,0.0
S28945,0.0032898396353528915,0.033017771134363
S28948,0.002474713082537013,0.0
S28949,0.0017687137322779534,0.0
S28950,0.0032236113842162486,0.0
S28951,0.0027830190795635357,0.0
S28952,0.0009753510885824365,0.0033305857676095
S28955,0.00381184375556046,0.0
S28956,0.0048993131244390205,0.0
S28959,0.002609784951164981,0.0
S28963,0.002671206945094511,0.0
S28965,0.0004991697300598931,0.0
S28966,0.0009353272383231029,0.0
S28970,0.0014503134891289387,0.0
S28971,0.002112357192008725,0.0
S28972,0.0009687321820825976,0.0
S28973,0.0013069596607440588,0.0
S28975,0.003962776421226798,0.0
S28976,0.002523095602601456,0.0
S28977,0.0021503814285818816,0.0
S28979,0.0016351153643432389,0.0
S28980,0.0033195182225904123,0.0
S28981,0.0027986755830256786,0.0
S28982,0.002960272565166985,0.003278969730557
S28987,0.0023844927888515876,0.0
S28988,0.0014699501415990977,0.0032878851026389
S28989,0.0006717225411974264,0.0
S28990,0.0005799063805107168,0.0
S28991,0.004081842838998453,0.0
S28992,0.0030441829322695336,0.0
S28994,0.002512118147568216,0.0032737213055363
S28995,0.0010632496539589352,0.0
S28996,0.002815930785800729,0.0
S28997,0.0032149106814284185,0.0
S29001,0.003563102202855617,0.0
S29003,0.0033446738052365687,0.0
S29004,0.004009610103700489,0.0033059940265942
S29005,0.002665891042202735,0.0
S29008,0.0031231489092739158,0.0
S29010,0.001545490481137354,0.0
S29013,0.003047135944761705,0.0
S29014,0.0014712207744288412,0.0
S29015,0.001266508576268181,0.0
S29017,0.0036881034092260115,0.0
S29020,0.0016424537179434062,0.0065320821176037
S29021,0.0014167055525298746,0.0
S29022,0.0020011857975672166,0.0
S29023,0.002768573261679814,0.0
S29024,0.0023493792453740184,0.0
S29025,0.0023270341394082943,0.0
S29026,0.0036503466594480513,0.0
S29027,0.001008416760713955,0.0
S29029,0.0009058058467388438,0.0
S29030,0.003194039465491092,0.0
S29031,0.0015057127396459675,0.0
S29033,0.002986653318521388,0.0
S29034,0.002391629873311456,0.0
S29035,0.0030326682021779017,0.0
S29036,0.0017681138082139944,0.0
S29037,0.0017481795555037742,0.0
S29038,0.003438955447219689,0.0
S29040,0.0016238553292208069,0.0
S29043,0.0019394458248149916,0.0
S29044,0.0027451370197261373,0.0
S29045,0.002471875118391973,0.0
S29047,0.0029173842892728724,0.0
S29048,0.001580668679410393,0.0
S29052,0.0006055113769074659,0.0
S29053,0.0006509000699326228,0.0
S29054,0.0034220027397772125,0.0
S29056,0.002970353609134495,0.0
S29057,0.0003380817399496319,0.0
S29059,0.0001495963701589175,0.0
S29063,8.921319359162864e-05,0.0
S29064,0.0008079722305079711,0.0
S29067,0.00028431453487551863,0.0
S29070,0.0003386223675279292,0.0
S29072,0.0003505748217695944,0.0
S29073,0.0019659960591145377,0.0
S29074,0.0024852785086049486,0.0
S29076,9.742347832463949e-05,0.0
S29077,8.570342809602068e-05,0.0
S29078,0.001002464768114587,0.0
S29081,0.002210678709049096,0.0
S29082,0.0024549458436729124,0.0
S29085,0.0027106961090509973,0.0
S29088,0.0033274229580592595,0.0079638684393656
S29090,0.001258261731288032,0.0083577170147647
S29091,0.0008776051211987864,0.0113419824507354
S29092,0.0012025429450692876,0.0
S29093,0.00166557160663712,0.0126161053226718
S29094,0.0028156569763683995,0.0125559528813006
S29095,0.004050667591309591,0.0067104126161157
S29096,0.0023006454316236613,0.0
S29100,0.0028473220356299215,0.0105604623655152
S29101,0.00269729283075297,0.0046154417637116
S29104,0.004700846640833332,0.0023702219996661
S29105,0.002400900766893474,0.0067798922310892
S29106,0.001272364876416287,0.0
S29107,0.0008797554836965289,0.005960905098073
S29108,0.0041763590506612835,0.0163071500220303
S29109,0.003312816073232398,0.0083127247529957
S29110,0.0031105966339106945,0.0069168035182453
S29115,0.0042668040758570705,0.0044804745516708
S29116,0.0017427937897796118,0.0118503470458777
S29117,0.004542675051118113,0.0157948620162851
S29120,0.0012102137942308522,0.0131418901052408
S29122,0.0027310683812023545,0.0011570113256742
S29123,0.0014983821280584054,0.0
S29125,0.0021078533668814564,0.0080848502594635
S29127,0.004569754335781328,0.0035373161947872
S29128,0.003915421290372384,0.0139368914002089
S29130,0.0035254184548509935,0.0056759651995952
S29135,0.002819166918723429,0.0011324383197076
S29136,0.0018299925025096542,0.0056040412240939
S29138,0.002306456061650824,0.0059353630603066
S29139,0.0034343459966394672,0.0056884774566897
S29140,0.0005812446635521632,0.0
S29141,0.0035194595608621184,0.0011303983915135
S29142,0.003292691498863991,0.0035287268183238
S29143,0.0019065286503755735,0.0059651548539797
S29146,0.0025365602138443613,0.0069182958998308
S29147,0.0015709072263590377,0.0057047357341432
S29149,0.0021624278162147245,0.0083470090883789
S29150,0.003174770236142687,0.0
S29152,0.0021863491907096297,0.0046306972367222
S29154,0.001957726625426702,0.0
S29157,0.0006730537865483737,0.001147673478813
S29158,0.0026826596793608475,0.0057089427084051
S29159,0.0033325763479741073,0.0046130641605754
S29161,0.0034899633612439623,0.0035471875869846
S29162,0.004386156131566375,0.0
S29163,0.002645320513022007,0.0126272950056703
S29164,0.0019760857801365246,0.0167597630798654
S29165,5.185803265158561e-05,0.006985929747129
S29166,0.0013773144455169776,0.0093755895114129
S29167,0.0022783875128209313,0.0
S29170,0.002918752810860158,0.0206035983749274
S29176,0.0002895827925118978,0.0149453284571914
S29178,0.0009882925180698062,0.0233847138313289
S29180,0.0013747638574671288,0.0091000016021129
S29181,0.00020871349860654014,0.0126492949990513
S29183,0.000649728054448036,0.0033602423160656
S29184,0.0003426257573292506,0.0046167279753279
S29185,0.001219435385271017,0.0151842033522283
S29186,0.0026948698897890128,0.0093872771229978
S29187,0.003957129930703929,0.0034730471971041
S29188,0.0011278434856487546,0.0081045130419995
S29192,0.0013762709377644477,0.0
S29194,0.00010374635947242815,0.0
S29195,0.00046551363843522756,0.0
S29196,0.00011197048712430167,0.0
S29198,4.27484601139847e-05,0.0
S29199,0.0006651023925181237,0.0
S29200,0.002476565429196303,0.0
S29203,0.0018316697568356913,0.0
S29204,0.0019395979861429676,0.0
S29206,6.43574397011314e-05,0.0
S29208,0.0023290000373863465,0.0
S29209,0.0008354512705923743,0.0
S29210,0.000831872521153676,0.0
S29211,0.001815086637142587,0.0
S29213,0.000162758701557907,0.0
S29215,0.00026082914670810516,0.0
S29216,0.0022329233762164178,0.0
S29217,0.00026859998275695167,0.0
S29220,0.0006197162183996395,0.0
S29221,0.0002637666357180526,0.0
S29224,0.002152080239658318,0.0
S29225,0.00290715389222595,0.0
S29227,0.000125493167646709,0.0
S29228,0.00023995697085076937,0.0
S29231,0.0020665278178578182,0.0142325315005727
S29232,0.0021934733168897285,0.0112353708463602
S29233,0.00048051790904729053,0.0145655800532034
S29234,0.0002111619409011375,0.0112822747971687
S29235,0.0012274540919137743,0.010624122672633
S29237,0.00011126235275792834,0.0069935482055287
S29238,0.0017531220565692584,0.0130389259760114
S29241,0.0009706834488624977,0.0083682712868953
S29244,0.0033725950056832958,0.007033085217785
S29248,0.0022014935181169522,0.0
S29250,0.0022422777252835736,0.0
S29251,0.0020110741906874388,0.0
S29252,0.0012952783578022123,0.0
S29253,0.0006296755203371394,0.0
S29254,0.004382050372078075,0.0
S29256,0.002447167145453599,0.0
S29257,0.0011715609456571677,0.0
S29258,0.0017836997049258143,0.0
S29259,0.0038727811175735764,0.0
S29263,0.0019466315860930197,0.0
S29264,0.0012084138653275368,0.0
S29266,0.0012246290007328397,0.0
S29268,0.00011601654543235772,0.0
S29269,0.00010696679679365377,0.0044815653918551
S29270,0.0019650121059680997,0.0
S29272,0.00390150349499867,0.0
S29273,0.0020618541911782418,0.0
S29276,0.002950519842629549,0.0
S29278,0.0031407194929253457,0.0
S29281,0.0035051906833728197,0.0
S29282,0.002425989481826037,0.0
S29286,0.004201304013944753,0.0
S29287,0.0004377960438244182,0.0
S29288,0.0008578632463024224,0.0
S29290,0.0024917266081826914,0.0
S29292,0.0034606701128044475,0.0
S29295,0.0027205098504889166,0.0
S29297,0.0012736938976478773,0.0023761031907671
S29299,0.0032387323204243774,0.0
S29300,0.0015155542583041898,0.0071457326892109
S29301,0.0023487345536914515,0.0
S29302,0.0005661723179828662,0.0047645753344549
S29303,0.0019536870462922473,0.0
S29304,0.0008257248274650445,0.002355260476644
S29306,0.0023737326616911766,0.0
S29307,0.00033664291197902995,0.0
S29308,0.0006123702981389382,0.0
S29309,0.0011741407958846656,0.0
S29311,0.0006147003266616602,0.0
S29313,0.0016341385096453284,0.0023356360731237
S29314,8.711190899500791e-05,0.0
S29316,0.0012298889855903888,0.0095160139963908
S29317,0.0008468344006164367,0.0
S29319,0.00024059857365406649,0.0
S29321,0.0014107104177711791,0.0
S29322,0.0011479409107405126,0.0
S29323,0.0005112673440776945,0.0023269751196261
S29328,0.0021170012187376477,0.0
S29331,0.0003008004508244173,0.0
S29332,0.0002231743415226451,0.0
S29336,0.0003457750622101222,0.0
S29337,0.0003778808278031703,0.0
S29338,0.0008517512787811279,0.0
S29340,0.00013278301001965918,0.0
S29341,0.0008633251078227916,0.0
S29342,0.0006266095794496749,0.0
S29343,0.0016180174773901012,0.0
S29346,0.00040995478420926895,0.0
S29349,0.0014468868339201318,0.0
S29351,0.0032819265983626087,0.0
S29352,0.0023410398765514187,0.0
S29354,0.0007552992317805857,0.0
S29355,0.0002281141456634308,0.0
S29357,0.0016113823915790827,0.0
S29358,0.000620660576561316,0.0
S29359,0.0021579420431282444,0.0
S29360,0.00018950583846793253,0.0
S29361,0.0009099389488574599,0.0
S29362,0.000809663206651921,0.0
S29363,0.001989423180117794,0.0
S29365,0.004689924439757548,0.0
S29366,0.0027529732407081922,0.0
S29368,0.0010638205970750175,0.0
S29369,0.000495869248323962,0.0
S29370,0.00045044552275312627,0.0
S29371,0.00035396479111876567,0.0
S29373,0.002867488321741522,0.0
S29374,0.0038798283327197546,0.0
S29376,0.0011614423690854757,0.0
S29378,0.0022218072125540955,0.0
S29382,0.0002243736646045469,0.0
S29384,0.0007011982544152123,0.0023270731787257
S29385,0.004069252747494663,0.0
S29387,0.002285812673083087,0.0
S29388,0.00067842303404115,0.0
S29390,0.003203048056788299,0.0
S29391,0.0023484450394323144,0.0
S29394,0.003195060751975897,0.0023554948908984
S29397,0.002996455293739381,0.0
S29398,0.00438003829010389,0.0
S29400,0.0013296269431031203,0.0
S29404,0.0030769640607152524,0.0
S29405,0.0025385618828832205,0.0
S29408,0.0015807509883625209,0.0
S29409,0.0012853101681258188,0.0
S29410,0.000759564872402518,0.0
S29412,0.0026519018454692423,0.0
S29415,0.0011644613975061269,0.0
S29418,0.001436112473936435,0.0
S29421,0.002481245594713811,0.0
S29425,3.3529707458119536e-05,0.0
S29427,0.00016726432293193592,0.0
S29429,0.0017331563869181046,0.0
S29430,0.00015922429520902302,0.0
S29433,0.0008631115292700709,0.0
S29434,0.0012880881547920762,0.0
S29435,0.0005595674876308233,0.0
S29436,0.0008237506784304941,0.0
S29438,0.00075958411945732,0.0
S29439,0.00010836973052962512,0.0
S29441,0.0004547095638315922,0.0
S29442,0.0005992852372382233,0.0
S29443,0.00029585911550611383,0.0
S29448,0.0013398996431168441,0.0
S29453,0.00019195101100406205,0.0
S29454,0.0006678385490542716,0.0
S29456,0.00015651700546289685,0.0
S29460,6.0453452549112884e-06,0.0
S29461,0.0006647458673330734,0.0
S29462,3.4465593584964706e-05,0.0
S29464,8.640639681238754e-05,0.0
S29465,0.00025962289680613726,0.0
S29466,0.00021447570811045086,0.0
S29467,0.0016453524229343415,0.0
S29470,0.0023895974240608258,0.0
S29473,0.002104269308594893,0.0
S29474,0.00015392571777695334,0.0
S29478,0.006085344511433402,0.0
S29480,0.0037938184326692308,0.0
S29482,0.002302259772621148,0.0
S29483,0.001431883071830117,0.0046376000186623
S29484,0.001770913052106175,0.0
S29485,0.000328538314236105,0.0
S29486,0.0020665958717117124,0.0071268785132499
S29488,0.0018106030609948201,0.0116370005104358
S29490,0.0015206488317107759,0.0
S29493,0.000880871513439281,0.0
S29494,0.0014003056011774808,0.0
S29495,0.003511109437664664,0.0023418100259625
S29496,0.0012997424542918637,0.0
S29498,0.0006285975341484389,0.0
S29500,0.001166207453647389,0.0
S29501,0.0016644378652651247,0.0
S29502,0.0008319005836322931,0.0
S29503,0.0006668608898979164,0.0
S29504,0.0016251519149551755,0.0
S29505,0.0009966361441231559,0.0
S29506,0.002883498314442576,0.0
S29510,0.001063608393657681,0.0047438375450402
S29512,0.002989012028939405,0.0023742643124665
S29513,0.0017092429908131717,0.0023694422990741
S29515,0.001466276664846588,0.0047591688212199
S29520,0.004328940051395127,0.002337118807458
S29521,0.0018976118599917451,0.0
S29523,0.0020484326732259765,0.0
S29524,0.002807956768302987,0.0
S29526,0.0011840966919143042,0.0
S29527,0.0028556637283074188,0.0
S29528,0.0028638383069073308,0.0023387024671664
S29529,0.002900074133420819,0.0023693406368139
S29531,0.0032132215709581857,0.0
S29532,0.00047877752333828634,0.0
S29533,0.001607358593227424,0.0
S29535,0.0009152033159733125,0.0
S29536,0.00107489481781538,0.0
S29539,0.0004800848658011291,0.0
S29540,0.00011134819961606109,0.0
S29541,5.150608357905745e-05,0.0
S29546,0.00020256235824200075,0.0
S29547,4.082775383909115e-05,0.0
S29548,2.772940131757958e-05,0.0
S29549,0.00037879040097895354,0.0
S29554,0.0010227673191179182,0.0
S29556,0.0004662658413229213,0.0
S29558,0.001847838582464437,0.0047187725494664
S29560,0.003094683360185529,0.0
S29562,0.0013946912671027694,0.0070460474084155
S29566,0.0011982373485880929,0.0
S29567,0.003765273937705606,0.0
S29568,0.0012712432359942498,0.002354490586775
S29569,0.002538452450351252,0.0
S29572,0.003771175080922533,0.0
S29574,0.0042157850351590385,0.0023619764562749
S29577,0.0021078318875701343,0.0
S29578,0.0017290182535220802,0.0023566341384771
S29582,5.275197983051953e-05,0.0
S29583,5.9283418130987463e-05,0.0
S29585,0.00010535252017466947,0.0
S29590,0.0001185717513778984,0.0
S29591,9.761142451397751e-06,0.0
S29592,6.437716054878168e-05,0.0
S29593,0.0001826908048286653,0.0
S29597,6.904054796285863e-05,0.0
S29598,0.0001643751014663937,0.0
S29602,0.0005187319159583033,0.0
S29604,0.0036797876108351623,0.0
S29606,0.0007580605288075504,0.0
S29607,0.0004218831661608027,0.0
S29609,0.0001659151013687412,0.0
S29610,3.623739946779356e-05,0.0
S29612,0.002673614108915192,0.0
S29613,0.0008836289194441171,0.0
S29615,0.0011687561304340975,0.0
S29616,0.003974315856661054,0.0
S29618,0.00079102672010676,0.0
S29619,0.00045974570261215163,0.0
S29621,0.001186030988982201,0.0
S29622,0.0009454798991730493,0.0
S29623,0.0025017479864807915,0.0
S29626,0.00296233822537938,0.0
S29627,0.0007284525427120159,0.0
S29628,0.0027951545204167342,0.0
S29632,0.0005029290754685697,0.0
S29633,0.0027865473425343745,0.0
S29634,0.001697656654201842,0.0
S29636,0.0010866468348699621,0.0
S29637,0.0012600168723423352,0.0
S29639,0.004158359909781671,0.0
S29640,0.0029082425473089977,0.0
S29641,0.002121222803888814,0.0
S29643,0.0006463482491727559,0.0
S29644,0.0008924924026659578,0.0
S29646,0.002295698564238527,0.0
S29648,0.0029747821074373668,0.0
S29650,0.0009295092455197354,0.0
S29651,0.002031971683678918,0.0
S29653,0.0025149799737077087,0.0
S29654,0.0017962302501253109,0.0
S29657,0.004876326078174941,0.0
S29658,0.0014334216736749308,0.0
S29661,0.001093546245419973,0.0
S29662,0.002155397266568481,0.0
S29663,0.0007730725969451972,0.0
S29664,0.00035312749863248557,0.0
S29666,0.0015831742692831263,0.0
S29667,0.001729956917834721,0.0
S29668,0.0028600056327777327,0.0
S29669,0.0032847473670029417,0.0023453906231566
S29670,0.002281908386078246,0.0
S29671,0.002807565726459343,0.0
S29672,0.002285111516216775,0.0023478835978835
S29673,0.003108383614419689,0.0
S29674,0.001882521878167018,0.0
S29676,0.000576140517816035,0.0
S29677,0.00401124732429866,0.0
S29679,0.002334687246361972,0.0
S29681,0.00310825407589581,0.0
S29682,0.0037441252456992557,0.0
S29683,0.0031044057348627242,0.0023811919374853
S29684,0.002443894157129822,0.0
S29686,0.003551727665674352,0.0
S29688,0.0038983135152370774,0.0
S29689,0.003446881478037111,0.0094229174072757
S29690,0.001548960116817281,0.0
S29691,0.00424958835577844,0.0023817396763326
S29692,0.0019207908979226819,0.0142641888498242
S29693,0.0015808355020551796,0.0
S29694,0.004969808299346755,0.0
S29696,0.003017634917627289,0.0023177294645438
S29697,0.0053610037223719926,0.0
S29698,0.0028390378662602146,0.0
S29700,0.0023039515591733555,0.0
S29701,0.001808055525661257,0.0
S29702,0.00047307740336139314,0.0
S29703,0.0007318230075435022,0.0
S29708,0.00032953271025313663,0.0
S29709,0.0007495447478895977,0.0
S29711,0.001545792300334712,0.0
S29712,0.0011876419643942003,0.0
S29713,0.0006034519145021704,0.0
S29715,0.0003684691844921045,0.0
S29716,4.2237611709199484e-05,0.0
S29717,0.00203242481600944,0.0
S29718,0.0026873566965734804,0.0
S29719,0.0024514507710381803,0.0
S29720,0.0016619637452969984,0.0
S29721,0.002738222267157361,0.0
S29722,0.0022862094942359204,0.0
S29723,0.0024080865415249913,0.0
S29726,0.0011627355298896797,0.0
S29728,0.0028853535790146186,0.0
S29729,0.0011047738536279366,0.0
S29731,0.000675052569666289,0.0
S29733,0.0034791717233610383,0.0
S29734,0.0033666329174946562,0.0
S29735,0.0022713938382650733,0.0
S29736,0.0037777550691936116,0.0
S29738,0.003594008265807996,0.0
S29741,0.0017719037850162976,0.0085602576689229
S29742,0.003483824028567255,0.0
S29743,0.003487329539344544,0.0
S29744,0.0029960333079955804,0.0
S29746,0.0030170077907445076,0.0
S29748,0.002634417172167019,0.0
S29750,0.002783051741287932,0.0
S29751,0.0033751192948232077,0.0
S29753,0.0008948882427537015,0.0
S29754,0.0009566948405533923,0.0
S29755,9.882249427907592e-05,0.0
S29757,0.0002477395966272877,0.0
S29758,8.656676551365474e-05,0.0
S29760,0.004013705419562714,0.0
S29761,0.0010694572630875147,0.0
S29764,0.005017502207540795,0.0
S29768,0.002481965822520696,0.0
S29770,0.00227460165764899,0.0
S29773,0.0024945207887017568,0.0
S29775,0.0016072032857781804,0.0
S29778,0.003523264215433976,0.0
S29783,0.0010716819321010453,0.0127175025588536
S29786,0.000660377866524576,0.0
S29787,0.00133901830898737,0.0
S29790,0.0018092865127481972,0.0
S29791,0.0023592361113156323,0.0
S29794,0.002646313163442228,0.0
S29795,0.0019438173701177746,0.0
S29796,0.0038325303686617173,0.0
S29798,0.0006892357629717743,0.0
S29799,0.000902824702507607,0.0
S29800,0.0009905247577089529,0.0
S29801,0.0018726839804645893,0.0
S29802,0.0020492667606846456,0.0
S29803,0.0009917838658682974,0.0
S29805,7.001085124564082e-05,0.0
S29807,0.0004987132926433774,0.0
S29809,0.0009537825449831761,0.0
S29812,0.0008632139420935983,0.0
S29813,0.0008434325980599645,0.0
S29814,0.0013861948128532457,0.0
S29815,0.0016988304472727873,0.0
S29817,0.004133355422011502,0.0
S29819,0.0006656846000856443,0.0
S29820,0.0012756841295763607,0.0
S29824,0.0012604588537475185,0.0
S29825,0.0011563934570321625,0.0
S29826,0.002743664256388357,0.0
S29829,0.004090576864179679,0.0
S29830,0.0008601725751726742,0.0
S29831,0.0021919342100111573,0.0
S29832,0.001830578312381703,0.0
S29833,0.003335514056130711,0.0
S29834,0.0027317267307779584,0.0
S29836,0.0016410417331511797,0.0
S29838,0.001632607725621182,0.0
S29840,0.0010051354726264014,0.0
S29841,0.0029535713422953742,0.0
S29843,0.004771320590944117,0.0
S29846,0.0034571085100780956,0.0
S29849,0.0036752253523756988,0.0077050679813342
S29851,0.003891719024866558,0.0
S29854,0.002207423831836889,0.0
S29855,0.0031061211631539156,0.0
S29857,0.0012538660059945323,0.0
S29858,0.0018065978068103027,0.0
S29859,0.001887513097016417,0.0
S29860,0.002666409870157888,0.0
S29861,0.003605732897192065,0.0
S29862,6.168004384242296e-05,0.0
S29863,0.0001071660826184909,0.0
S29868,0.002410001165140958,0.0
S29875,0.003887872320170262,0.0
S29876,0.000704213626377773,0.0
S29877,0.0006019047808508631,0.0
S29879,0.0018670428207305065,0.0
S29881,0.004296393163943989,0.0
S29886,0.003007097714850514,0.0
S29887,0.0018020676556696367,0.0
S29891,0.0016336547106875839,0.0
S29892,0.000780628532618127,0.0
S29893,0.0005355202604430017,0.0
S29896,0.002746870601888357,0.0
S29900,0.00033108194313721036,0.0
S29903,0.0014239054405612898,0.0
S29904,0.0006197533817455149,0.0
S29905,0.0014246293668812944,0.0
S29906,0.0015633153623282692,0.0
S29907,0.0014416408551557506,0.0
S29908,0.0021918462957988493,0.0
S29909,0.000509242362137482,0.0
S29911,0.0011932618589808697,0.0
S29912,0.0030384450792561427,0.0
S29913,0.00045977045273319503,0.0
S29915,0.00113754535116769,0.0
S29916,0.0014327692127125322,0.0
S29919,0.001988134025988967,0.0
S29920,0.0014003252246024699,0.0
S29921,0.0016430554122383832,0.0
S29923,0.0023242062469342375,0.0
S29926,0.0030035263916725753,0.0
S29929,0.002279732472894063,0.0
S29931,0.0013209931428350692,0.0
S29932,0.0005390624540930278,0.0
S29933,7.508339215946054e-05,0.0
S29935,0.002517321456302868,0.0
S29937,0.0011398750708206693,0.0
S29938,0.0003500233362762455,0.0
S29940,0.002698663793725839,0.0
S29942,0.0013070201317952426,0.0
S29943,0.002163969773532161,0.0
S29945,0.0013007283739213927,0.0
S29946,0.0011677531965880955,0.0
S29947,0.0003567540337326774,0.0
S29951,0.0002654357094084886,0.0
S29954,2.7148173817476097e-05,0.0
S29955,0.000283101080232445,0.0
S29956,6.38143660218448e-05,0.0
S29957,0.005178461344506071,0.0
S29958,0.0008866924296538955,0.0
S29959,0.003760156624976578,0.0
S29961,0.0007569845170209225,0.0
S29962,0.0006436078202911041,0.0
S29965,0.0023428705546577008,0.0
S29973,0.00011641893466935506,0.0
S29974,0.00013699997515479178,0.0
S29976,0.0008027685804897687,0.0
S29978,5.8291848929875556e-05,0.0
S29979,0.00012974018276329098,0.0
S29981,0.0002704094453668742,0.0
S29982,1.5196991592940758e-05,0.0
S29983,0.0001985474038389319,0.0128000412073761
S29985,9.395901739210979e-05,0.0
S29986,9.419051752194006e-05,0.0
S29987,8.102791764566701e-05,0.0
S29988,2.8643079244588962e-05,0.0
S29990,0.00013565553436714639,0.0
S29991,0.0010897812067292524,0.0
S29992,0.00013599396204892725,0.0
S29994,0.0003173702508048092,0.0
S29998,0.0007496234449715148,0.0
S29999,0.00015018838923737981,0.0
S30001,0.0018770688318963276,0.0
S30003,0.001240397816815479,0.0
S30004,0.0003517372665389409,0.0
S30007,0.0034809734967367746,0.0
S30010,0.0011918764185874548,0.0
S30011,0.001695196632780713,0.0
S30012,0.0007882242154043413,0.0
S30013,0.002371444063998286,0.0085009578544061
S30014,0.0017800527216039917,0.0
S30017,0.0003265254455491127,0.0
S30020,0.0014591265628999513,0.0
S30021,0.0008747393497756571,0.0
S30023,0.0027961010500066005,0.0
S30024,0.0024489686579911396,0.0
S30025,0.0008190771873541136,0.0
S30026,0.0010163116470252097,0.0
S30027,0.0011198695522089727,0.0
S30028,0.0004998762034596851,0.0
S30029,0.00032990282077344116,0.0
S30030,0.002512557819127887,0.0
S30031,0.0016000990661680483,0.0
S30033,0.0004613506702611586,0.0
S30034,0.00020024517918324403,0.0
S30035,0.0008542622254891014,0.0
S30037,0.0002749305473143063,0.0
S30038,0.00012513972626583143,0.0
S30040,0.0005159534669625988,0.0
S30041,0.00028717210287520915,0.0
S30042,0.00016579365939314853,0.0
S30044,0.0030035938076712998,0.0
S30045,0.0018957232430853266,0.0
S30046,0.0027204659119205816,0.0
S30047,0.0001030196997852939,0.0
S30049,0.0010996124644053879,0.0
S30050,0.000389334434566574,0.0
S30051,0.0005306742774347141,0.0
S30052,0.0005193621955649297,0.0
S30053,0.00223575711774076,0.0
S30054,0.0027481056241596804,0.0
S30055,0.0007656483422270672,0.0
S30056,0.0019038368139120366,0.0
S30058,0.0011809848369002086,0.0
S30059,0.0006995657618824458,0.0
S30060,0.001280326620273492,0.0
S30062,0.0019823631586856796,0.0
S30063,0.002541081593049502,0.0
S30064,0.0016079370955242591,0.0
S30065,0.0008330024870745662,0.0
S30066,0.0017668124788782383,0.0
S30067,0.001907039244875738,0.0
S30068,3.141564306299e-05,0.0
S30069,0.0006567004123490261,0.0
S30071,0.00039074898544727387,0.0
S30072,0.0011301245729346458,0.0
S30073,0.0011012702586970806,0.0
S30074,0.001189969556218212,0.0
S30075,0.0031429352375615415,0.0
S30076,0.0019122685314253121,0.0
S30078,0.0027638346483519977,0.0
S30079,0.005139467159939064,0.0
S30080,0.0032458256172289666,0.0
S30082,0.001716426177190725,0.0
S30084,0.0019005512260374556,0.0
S30085,0.003647216416046496,0.0
S30086,0.003090266663119545,0.0
S30087,0.00243139499451728,0.0
S30088,0.0017076084753530091,0.0
S30090,0.00220199669460749,0.0
S30091,0.0029065221880333492,0.0
S30092,0.0010406135837320656,0.0
S30094,0.0022681041686995382,0.0
S30097,0.0015383307150393136,0.0
S30098,0.0002901777158347076,0.0
S30099,0.00028112275299681857,0.0
S30100,0.000221882899024835,0.0
S30101,0.002468176448114816,0.0
S30103,0.00040655541058077604,0.0
S30104,0.0014083513587517808,0.0
S30106,0.00010148396253402607,0.0
S30107,0.00020531972769661998,0.0
S30108,0.00016599439447010348,0.0
S30109,0.000468395899116279,0.0
S30110,7.206532239484095e-05,0.0
S30112,0.0016633735043542555,0.0
S30114,0.00038568820702224394,0.0
S30115,0.0004991148247921699,0.0
S30116,0.0004360773489823968,0.0
S30117,0.0011565543077871974,0.0
S30119,0.0011027430230389356,0.0
S30122,0.001052311253446397,0.0
S30123,0.0012058189066726519,0.0
S30129,0.0005741701688820751,0.0
S30130,0.0013143429675361055,0.0
S30133,0.0019996054761412443,0.0
S30135,0.0012886369173500856,0.0042909932311092
S30136,0.0033969201667574615,0.0
S30137,0.0038521806358431925,0.0043044837650808
S30138,0.000956487892980544,0.0
S30139,0.002715800462109482,0.0
S30142,0.002112827011401647,0.0
S30144,1.7549473497118285e-05,0.0
S30145,2.5765475145703705e-05,0.0
S30147,0.0007573244558870628,0.0
S30149,0.00017132956868791378,0.0
S30150,2.5487517263452806e-05,0.0
S30151,0.0002497446729448721,0.0
S30152,0.0006912761113283542,0.0
S30153,0.00021418169767881877,0.0
S30155,0.0001546865947557811,0.0
S30156,6.6060459673887e-05,0.0
S30158,0.00010347142420632195,0.0
S30160,1.0370888269407655e-05,0.0
S30161,0.001929477609234894,0.0
S30162,4.1802512198919234e-05,0.0
S30163,1.95645423195885e-05,0.0
S30164,2.842394779549773e-05,0.0
S30165,1.4237826515180523e-05,0.0
S30166,0.00020826501937791525,0.0
S30167,5.3506047073124355e-05,0.0
S30170,0.00014092405811941508,0.0
S30172,0.00014131305217966942,0.0
S30174,3.7949460451373636e-05,0.0
S30177,0.003395895543806207,0.0
S30179,0.0027644028434054705,0.0
S30182,0.0008582505645960618,0.0
S30183,0.00488673729473974,0.0
S30184,0.006009096406712869,0.0
S30187,0.0032094660396508098,0.0
S30188,6.070901629652548e-05,0.0
S30189,0.00014269276160992688,0.0
S30190,1.3233154228623052e-05,0.0008367721807764
S30191,0.0001368245719452765,0.0109095022930048
S30196,0.0018701127790695829,0.0159695727467056
S30197,0.0008360383419232224,0.0430879832476375
S30200,0.002178451655428932,0.0114392450558594
S30206,0.0049870491809452,0.0
S30207,0.0028466842017392056,0.0024728213548274
S30208,0.003010683030795152,0.0025177304964539
S30209,0.006003989220420192,0.0
S30212,0.0035209372743572006,0.0
S30213,0.004536325973157396,0.0
S30214,0.0033793488877942495,0.0
S30215,0.0021964464526774263,0.0
S30219,0.0019315513891349073,0.0025108999328069
S30220,0.002554781984461035,0.0024862555590573
S30221,0.0035721993691758573,0.002502215240857
S30222,0.0033829262825429696,0.0049526656701544
S30223,0.003904614352224497,0.0
S30225,0.001980789903304973,0.0024735967191248
S30226,0.004096130148289425,0.005050505050505
S30228,0.0009902156797152708,0.0
S30229,0.0024943189634376983,0.0
S30230,0.0015369171267399923,0.0024659015921686
S30233,0.0012268605427346031,0.0
S30234,0.0012423848919751468,0.002494266198929
S30236,0.0031447255500997046,0.0122946329809979
S30237,0.0021438494106445745,0.0049541467304625
S30238,0.00031839225758545483,0.0114879990327392
S30239,0.0016367720338421345,0.0
S30241,0.0011922038996735004,0.0
S30242,0.0016041954891773116,0.0
S30243,0.00041379889935272017,0.0
S30244,0.0010579649348437118,0.0
S30245,0.0009135166727574473,0.0
S30247,0.0019670284220518475,0.0
S30250,0.0013587421617677886,0.0
S30251,0.0003179113878234806,0.0
S30252,0.00022810894514786734,0.0
S30255,0.001355596257507457,0.0
S30258,0.0038486996796547514,0.0
S30263,0.00013344790748534482,0.0
S30264,0.00024984069812969623,0.0183227736434353
S30265,0.0022521366315958755,0.0161547212741752
S30267,0.005921116506736912,0.0131959310333383
S30268,0.0013447489507310865,0.017626269880535
S30269,0.0023448319927102217,0.0064968776144376
S30270,0.0005603457451708683,0.0034767036372475
S30271,0.0015964995702855934,0.0061925842068632
S30272,0.00021486677304930656,0.0058105645717568
S30277,0.004653420054973958,0.0081665516448125
S30278,0.0008604714021714476,0.0141139169669361
S30279,0.00205070676558853,0.0203115182042492
S30280,0.0015921380389099368,0.0091117577842445
S30282,0.0033607476720567218,0.0048821457865706
S30283,0.002953970431201808,0.0146796849184328
S30284,0.0008606516972190085,0.0145673842275824
S30289,9.20181110383421e-05,0.0
S30291,0.0010868360141732547,0.0125397386082656
S30292,0.00034330934126257243,0.0
S30294,0.0005940849785353279,0.0142920047807762
S30295,0.004978296420408267,0.0170002628442629
S30297,0.003078439549325734,0.0071234565246991
S30298,0.00257610875957078,0.0144314119349091
S30299,0.0012238681336508113,0.008105948167599
S30300,0.002575189322885377,0.0163144453416842
S30303,0.0014411923127445078,0.0
S30304,0.0009634686927677222,0.0174628800529637
S30309,0.001763736270265113,0.0
S30310,0.0010479202044281965,0.0
S30311,0.0013732765422969958,0.000828822338513
S30312,0.000712501658942853,0.0027684012343615
S30313,0.0006415648913399057,0.0089612961178098
S30314,0.0017281526596972462,0.0181846001350456
S30315,0.003072881457071167,0.0
S30319,0.002713439880556271,0.0
S30321,0.0023570678056993493,0.0
S30322,0.0034203899198832566,0.0
S30324,0.0031273162307438093,0.0024933277145666
S30325,0.0023438639487424412,0.0
S30327,0.004471808060718231,0.0
S30328,0.002264891000633189,0.0
S30333,0.0022908595674620393,0.0050377578429881
S30335,0.00029204892860151057,0.0
S30336,0.0047595805278692095,0.0
S30337,0.001460938166167997,0.0
S30339,0.0011008044403675416,0.0
S30340,0.00029479966066778507,0.0
S30341,0.002305636178298554,0.0
S30342,0.001414516931983674,0.0
S30344,0.0027796226259778766,0.0
S30346,0.0017971692607809395,0.0
S30347,0.00147978313896204,0.0
S30348,0.0017932762496077111,0.0
S30350,0.0013551223803153452,0.0024686574874331
S30351,0.0017366762976082691,0.0
S30353,0.0006166744311877314,0.0
S30355,0.0006071063165067061,0.0
S30357,0.0018867258226585623,0.0024866660662643
S30358,0.001371940011899677,0.0
S30359,0.0016340393655984813,0.0
S30360,0.0005727632319951163,0.0
S30362,0.001512956523072338,0.0
S30363,0.0031998366549923518,0.0
S30364,0.002465427744203681,0.0024895060058706
S30365,0.002558978432848546,0.0
S30367,0.002739014278618637,0.0
S30370,0.0014817853495786677,0.0
S30371,0.0026558510422015455,0.0
S30372,0.002309686586766921,0.0
S30373,0.0008395255367900248,0.0049459380115736
S30376,0.002261350398357971,0.0
S30379,0.0013567083893307728,0.0
S30380,0.001578243579232363,0.0
S30382,0.0025627851875884497,0.0024801884344371
S30385,0.0023026573049979636,0.0
S30386,0.003783176418560566,0.0
S30387,0.0021956526670533737,0.0049301887260372
S30390,0.002909748297826922,0.0
S30391,0.0011433951370658833,0.0
S30394,0.0002687803109075259,0.0
S30396,0.0013939627435320316,0.0
S30397,0.0003914876105861144,0.0049650597655332
S30398,0.0021519624725338735,0.0
S30400,0.002188216129518415,0.0024849875750621
S30401,0.0036849111947814188,0.0
S30402,0.0015992557060151222,0.0
S30403,0.002865058366387062,0.0
S30404,0.0018085766278046764,0.0
S30405,0.0025020847490356377,0.0024647642852183
S30407,0.0024727189015139664,0.007373887240356
S30411,0.0020680868995165266,0.0
S30414,0.002087969166893409,0.0
S30415,0.001328622275194367,0.0016872995907364
S30419,0.0030712572419594303,0.0091693879638994
S30420,0.002734015175737325,0.0016415317439871
S30422,0.002480030927963965,0.0118733242551377
S30424,0.0013543199515167236,0.0155871852637851
S30425,0.0026367428266836366,0.0177863895009688
S30426,0.003581542020707166,0.0103101872740756
S30427,0.003887370010840316,0.0
S30429,0.0009443633573745676,0.0087621868443786
S30430,0.0021552686569642557,0.0188557553683891
S30431,0.0012659670101656498,0.0188594351385049
S30434,0.0035108851222987684,0.0113396235687257
S30435,0.0021787603615454464,0.0080387325652237
S30439,0.002481608743610234,0.0252669956677887
S30440,0.002066866415624531,0.0196557872889938
S30442,0.0023686506088918553,0.0081708927700477
S30443,0.00418139302662136,0.00553122582871
S30444,0.0019542420889711544,0.0008999808052383
S30445,0.002290909054053876,0.0008892658278581
S30446,0.0037332053354121224,0.0158047924857358
S30447,0.0035517425033949153,0.0170919286204281
S30448,0.0022510346571847856,0.0063301273303565
S30449,0.004024405532124057,0.0084404093513621
S30450,0.0029897243044326753,0.0
S30451,0.00440282116118346,0.0136227132018001
S30452,0.0026834863111387134,0.0185697899035641
S30453,0.002625325699212707,0.0054324658148152
S30454,0.004480550817391622,0.0091277909093079
S30455,0.0018021668899647384,0.0085857669750287
S30456,0.0004847001589098393,0.0333031795490334
S30459,0.004073953910521719,0.0317944343746668
S30460,0.001780663944611292,0.0027245417068678
S30462,0.0032626998892452477,0.0074004172971725
S30465,0.003780094593604425,0.0183688231598177
S30472,0.0022369957405987263,0.0112549406942491
S30473,0.003990777759664661,0.0088391855144068
S30474,0.0022839775050325474,0.0115189139971856
S30479,0.002225319080079947,0.0008198681942279
S30480,0.0024531159214957726,0.0146992559034501
S30481,0.0031496306839328,0.0125524069303429
S30482,0.0039707831767612,0.0165917289098093
S30483,0.0026972198180935767,0.0118741659243179
S30484,0.002570764471196417,0.0153685989939803
S30485,0.0016226851961449198,0.0142602044260812
S30486,0.0007266302093596746,0.0174241166159239
S30490,0.0018740044477543378,0.0116209634194158
S30491,0.0018773697484092936,0.0
S30494,0.0016423717400412268,0.0027153573399332
S30495,0.0028726791345749566,0.0675619015798455
S30500,0.0029761541043685736,0.0102145866614351
S30502,0.0027688528668625254,0.0148492230037294
S30503,0.0019031469924777051,0.014736041035575
S30504,0.0021094347183958726,0.0
S30505,0.001760883032017416,0.001776471933888
S30506,0.0006680023203562495,0.0025111282898559
S30509,0.0015270937348656154,0.0091042012216649
S30512,0.0011528087916175826,0.0
S30513,0.003477024751549326,0.0092390688059665
S30515,0.0020125245178816177,0.0049623827424902
S30516,0.004267034141589469,0.0032585730138358
S30518,0.004556399405963431,0.0050003521374744
S30519,0.0022607226483839513,0.0025425766481984
S30520,0.0023248123599333504,0.0049606491763026
S30521,0.003285921523396359,0.0216297376251897
S30526,0.001677166803928492,0.0024703876570087
S30527,0.004323501710972024,0.0111547332946603
S30529,0.0018789243440660778,0.0
S30533,0.0021669794293661666,0.0121987352446672
S30534,0.0034455342713340113,0.0024856586995553
S30535,0.0015263975038965676,0.0189186684276204
S30537,0.003476160907078788,0.0111218410511439
S30538,0.0034544712388528704,0.0
S30540,0.00037649974948316604,0.0
S30541,0.00013678058168042993,0.0
S30543,0.0009101476367868925,0.037713227705943
S30544,0.0013175247784994837,0.0261483041581788
S30545,0.0011032665363909725,0.0
S30546,0.0013775723116306792,0.0049912627794404
S30550,0.001331374626330283,0.015984900422348
S30551,0.0028111839935241797,0.0119873910679928
S30552,0.003672776947051643,0.0025116232059834
S30553,0.0038222946147522165,0.0024955060805993
S30555,0.0012672316786349193,0.002479371825955
S30556,0.004756789413532049,0.0
S30557,0.0008793602574134989,0.012459825211466
S30559,0.0006548808680617608,0.0147328831207329
S30560,0.002500510455705268,0.0241254478479958
S30561,0.001945676064072192,0.0360877142027301
S30562,0.0017326185344873702,0.0
S30564,0.0049511618165426026,0.0130328180518952
S30565,0.0036556436412522424,0.0264612855619279
S30567,0.0016532093909951192,0.0
S30568,0.003013057490082605,0.0095948135004835
S30569,0.003016489731296125,0.0109936481522129
S30570,0.0013686218938549777,0.0069933267902811
S30571,0.0041047459437872635,0.0098017595476166
S30572,0.0025954120164329926,0.011213100983858
S30574,0.0018548145772306606,0.0131844446102448
S30575,0.003677336223403287,0.0
S30576,0.0011255834280903291,0.0
S30578,0.0026624624514921752,0.0190344359701051
S30579,0.001418692568668476,0.0079975540679711
S30580,0.004057797434456012,0.0
S30581,0.001978216154093441,0.0
S30582,0.0028573036632601303,0.0073706065549458
S30583,0.0007494057225727037,0.0180396467775974
S30584,0.005669329579285303,0.0073289061693562
S30586,0.0033680734965255933,0.0
S30588,0.0013846085638957964,0.0
S30589,0.0026202632594004138,0.0078319929821981
S30590,0.0025282565514212355,0.015843454654969
S30592,0.0013536934096961494,0.0135128521634157
S30593,0.0034852954270709257,0.0294915015372519
S30594,0.003248917159772302,0.0
S30596,0.0009426951867646242,0.009884498540694
S30597,0.0012515569930496542,0.0
S30598,0.00370897358255646,0.0
S30599,0.003998778068928644,0.0154885710147956
S30600,0.003264684015539393,0.0
S30601,0.001330734631680679,0.0
S30602,0.0015700913239480503,0.0027787251410328
S30603,0.003773306578971581,0.0025039927852763
S30605,0.0020369659693900283,0.0
S30606,0.0038033971087623702,0.0018215436941419
S30607,0.0025320968324416635,0.0
S30608,0.001816522044826018,0.0
S30609,0.0021358125075647163,0.0088190463008803
S30611,0.0024525045522402564,0.0123203387225519
S30612,0.0020286338544559307,0.0197499020091289
S30613,0.003091945007122965,0.0173721252540717
S30614,0.0025886814191040564,0.0077499636151942
S30615,0.0022868446036240324,0.0122941116188012
S30617,0.002541952960197871,0.0212335166723321
S30618,0.0037348054833018143,0.0018498564221096
S30619,0.0024873576958368746,0.0043544924869671
S30623,0.003957958705884589,0.0025042955975793
S30624,0.001399387342138281,0.0161744365796111
S30625,0.0029920096659706115,0.0053716953805581
S30626,0.002849658068333488,0.0026117755869926
S30627,0.003073218181242058,0.0071982822610137
S30629,0.003924891340407848,0.0091646843657223
S30632,0.0017868543129236792,0.0
S30637,0.002796007025409931,0.0161062813303246
S30638,0.0038472456213068593,0.0152626939223804
S30641,0.0012709505311380188,0.0
S30642,0.0023430323951046028,0.0114991538420857
S30643,0.003423274227710516,0.0126223596084492
S30644,0.0019038271489884167,0.0026956663231545
S30646,0.0014852350790649461,0.0
S30648,0.002470767628284707,0.0163773265744366
S30650,0.002005255179554504,0.0
S30652,0.002124912914127501,0.0116850868197791
S30653,0.0018242879595434416,0.0
S30655,0.003999879017698734,0.0128305744586375
S30656,0.002111353796648288,0.0115766124119346
S30658,0.003988034043222282,0.0026415936729313
S30659,0.0037400906449693364,0.018197220322171
S30660,0.002948681912191422,0.0354891183191216
S30662,0.002315357898632655,0.0027139487134681
S30663,0.003451594232463766,0.0164828643144154
S30664,0.002030695571346794,0.0206118831626645
S30666,0.0019507897937344853,0.0008822991615495
S30668,0.0011032170611401239,0.0268028660637741
S30669,0.0006433031677907305,0.0034680245692444
S30670,0.002550847767342222,0.0151576311110871
S30671,0.00041322245190322457,0.0192642058983133
S30672,0.002805966475170627,0.0174933783867022
S30673,0.0019300923480276727,0.0092083590407743
S30675,0.001490887220929812,0.0185268023559233
S30676,0.0007142816782858659,0.0141020441204206
S30680,0.001571234562053444,0.0108015887246192
S30681,0.00019307508956841873,0.0195748032844434
S30682,0.0006173351524640098,0.010775476576347
S30684,0.0015567524227057062,0.0209825894618978
S30685,0.0015385516296216339,0.0151809805019599
S30687,0.0015988907632554586,0.0178469746325698
S30689,0.002416770288850062,0.0148883374689826
S30690,0.001466354454641472,0.016512450786584
S30692,0.0035734684916208254,0.0
S30693,0.004261617051979124,0.0103939016866562
S30694,0.00275659549735167,0.0201372812276116
S30695,0.004254795237590157,0.0114832693815241
S30696,0.003927146987328643,0.0172359381448304
S30697,0.0019108917398576704,0.0155807705003586
S30698,0.003576385126135083,0.0
S30699,0.001346653855805626,0.0239007969222313
S30701,0.0022925994906334178,0.0139138224867808
S30703,0.002304726575364527,0.0190976510822368
S30705,0.0024453803013139057,0.0
S30706,0.003962409366256688,0.0161160945905354
S30707,0.0018176709716199086,0.0172912615314751
S30708,0.002708868524665306,0.0094887989822147
S30709,0.001125854145762271,0.014147665526347
S30710,0.004864797672253776,0.0
S30712,0.002552858038275282,0.0
S30713,0.002932423330527711,0.0337095194610976
S30714,0.0021025331241356963,0.009201914442562
S30715,0.0026695878535883187,0.0110713563568194
S30719,0.0007316572923678434,0.0
S30721,0.0013584026932875071,0.0060273422002311
S30722,0.002162051557954529,0.0128204419533209
S30723,0.001655115876689072,0.0
S30724,0.001071910892364358,0.0099759861025955
S30730,0.004189972026144051,0.00611774056841
S30731,0.0026387858169372135,0.0115786662939128
S30732,0.0031583447319094115,0.0129212402310744
S30736,0.0016892287554865913,0.0
S30738,0.0032402705598891073,0.0158048718437957
S30739,0.003698416235747323,0.0103895017951679
S30740,0.004038721022463596,0.0107389622715207
S30741,0.0022706843890223827,0.0
S30743,0.003269674684085775,0.0
S30749,0.0007743137911483145,0.0
S30752,0.00185014231033188,0.0049800597206356
S30753,0.003248037687226667,0.0
S30754,0.0008818196589553602,0.0050113183195446
S30755,0.0008566054625380698,0.0025257145180306
S30759,0.001112288627202263,0.0
S30760,0.0005773182604423207,0.0
S30761,0.0019956528761064006,0.0
S30764,0.0005299658905197685,0.0026583937311117
S30765,0.000806449165657683,0.0110103734554738
S30767,0.0013762724997739909,0.0323942055435154
S30769,0.003521857301693815,0.0
S30770,0.0024221564259638527,0.00252849002849
S30771,0.0017461681746046662,0.0
S30774,0.0010930683065857886,0.0
S30775,0.001269377403583552,0.0024935153549371
S30780,0.0016347199247905863,0.0050368388515602
S30783,0.002421520244594553,0.0049763199263064
S30784,0.002459057811646505,0.0
S30785,0.0015706474848575323,0.0050135173304281
S30786,0.002608510988587412,0.0
S30788,0.0018466780652925201,0.0
S30789,0.003783789139172782,0.0074966815494147
S30792,0.0007569147357357931,0.0
S30794,0.004668284658385232,0.0
S30795,0.001157566793802854,0.0
S30796,0.003783736680715322,0.0
S30799,0.0030035560365377226,0.0
S30805,0.0008579934252087025,0.0216017830815878
S30806,0.0014673473638078778,0.0009017197991904
S30807,0.0008852613290926285,0.0101843313680014
S30808,0.003218246033834757,0.0190529960461635
S30811,0.0013585861919271826,0.0118748954674694
S30812,0.0016568050345873763,0.027470249774766
S30819,0.0021669636211119098,0.0137387698686938
S30820,0.001755951402137412,0.015961636629784
S30821,0.0020764634129112314,0.0
S30823,0.002037024031234764,0.0
S30824,0.001937764946841912,0.0
S30825,0.0022549298615132628,0.0025235599967503
S30827,0.002096590929292016,0.0
S30828,0.0016881909926819618,0.002492652443
S30829,0.0006947813327211434,0.0024761107623631
S30832,0.0019763392115844046,0.0
S30833,0.0025485639438802324,0.0
S30834,0.002437114486497467,0.0
S30835,0.0033968317058033813,0.0
S30836,0.0025103149162410947,0.0
S30839,0.0013390081779429568,0.0
S30841,0.0017454109201366199,0.0
S30842,0.0032188721496802073,0.0
S30843,0.0008616816061448867,0.0050207345223483
S30844,0.005597273474204352,0.0025158569859324
S30845,0.0044779173586451376,0.0
S30846,0.002350977171460879,0.0
S30847,0.0037471554366155188,0.0025030847875903
S30849,0.0037822731995233866,0.0
S30850,0.0011491419950911464,0.0
S30852,0.003398293625174397,0.0
S30854,0.001841288848235941,0.0
S30855,0.0018871546988401282,0.0067668072447044
S30856,0.0021065923855645334,0.0024714932891746
S30859,0.002378858923328963,0.0095369677431734
S30860,0.0007513132820468679,0.0090212243816286
S30861,0.0022529298081259076,0.0045606539445527
S30863,0.003048135176448877,0.0098780645353632
S30864,0.004264082842974802,0.0130514020409556
S30865,0.0009471048435214351,0.0088287750563123
S30867,0.0033215835361439343,0.0141684751428072
S30868,0.0038443781364503123,0.011280939211085
S30869,0.0024753314969656252,0.0093750107177276
S30870,0.001959513816340649,0.0199220899427517
S30872,0.0038539809082920574,0.026128328470415
S30873,0.0017267725473600272,0.0204365045988677
S30875,0.0028888044719843717,0.0185649640333838
S30876,0.0028678535030295976,0.0165862209482056
S30877,0.003174500543175743,0.0089340444617013
S30879,0.003333858997413876,0.0106582030098164
S30880,0.0027135992226559307,0.0140148857361339
S30881,0.0015547206661073744,0.0163400841662283
S30882,0.0023146756077336394,0.0065755744531655
S30885,0.0025315832254788053,0.0090817875855103
S30886,0.0010446986679665063,0.0050578292041297
S30887,0.0022575587559639275,0.0
S30890,0.006953672463297301,0.0
S30891,0.00181869155271664,0.0
S30892,0.002269261921833869,0.0
S30894,0.0020759686239900954,0.0
S30895,0.0019515204297017351,0.0
S30897,0.0028424823250648833,0.0
S30899,8.225219714947547e-05,0.0
S30900,8.134356132052435e-05,0.0202699946979893
S30902,0.00035478639153518595,0.0
S30904,0.0021177149363362817,0.0
S30908,0.003246182682317209,0.0
S30909,0.0019599467445693304,0.0
S30910,0.0020942543810197004,0.0
S30912,0.0021494298669474604,0.0
S30913,0.0020418054172263,0.0
S30916,0.0014608989469706583,0.0
S30919,0.0017370913681665262,0.0
S30920,0.0018653959841746504,0.0
S30922,0.0030574150236489686,0.0
S30924,0.00420439308238796,0.0
S30926,0.0010233122517148878,0.0
S30927,0.0011639790100594855,0.0
S30928,0.00022511444753403636,0.0
S30932,0.002180195849905892,0.0
S30934,0.0023610194081727398,0.0
S30940,0.002940002257431093,0.0
S30941,0.001476057348494775,0.0
S30944,0.001986483367307261,0.0
S30945,0.0025283138662164843,0.0
S30947,0.001522207598903436,0.0
S30950,0.000177482284367113,0.0
S30954,0.0017496040574133294,0.0
S30955,0.0021118665964957786,0.0
S30956,0.0023020621032938038,0.0
S30957,0.0028365765966576546,0.0
S30958,0.0015935281220234125,0.0
S30959,0.002583727841872376,0.0
S30961,0.001911182334198517,0.0
S30962,0.0014625338717472157,0.0
S30963,0.0009839382952999546,0.0
S30964,0.0006764227716790746,0.0
S30967,7.797210066099307e-05,0.0
S30968,0.004701873324630973,0.0
S30969,8.347505589199856e-05,0.0
S30970,0.0001234448104838376,0.0
S30971,0.00021689625646698028,0.0
S30972,0.00023609687743657924,0.0
S30973,4.2186482575778924e-05,0.0
S30974,7.77119743097731e-05,0.0
S30977,9.269482638733237e-05,0.0
S30978,6.595552720007589e-05,0.0
S30980,0.0005262297724531394,0.0
S30981,0.0001844773777528499,0.0
S30982,5.9397768553199015e-05,0.0
S30987,0.0005638395442761978,0.0
S30988,9.723154247950944e-05,0.0
S30990,0.00035605460213830256,0.0
S30991,0.00010646461982424408,0.0
S30995,0.0038268375791259694,0.0
S30996,0.001630611689582549,0.0
S30998,0.003022427978492454,0.0
S30999,0.0022188128846512938,0.0
S31000,0.005489882307162238,0.0
S31001,0.004592976127443294,0.0
S31002,0.0005355434852015739,0.0
S31003,0.0017261329647402094,0.0
S31005,0.002106805978579599,0.0
S31006,0.0031468481334619995,0.0
S31007,0.0037645433047334793,0.0
S31008,0.0012796151482596886,0.0
S31009,0.0021146062600048395,0.0
S31013,0.0033844948824897445,0.0
S31014,0.003254065276339097,0.0
S31016,0.001241088649678736,0.0
S31018,0.0011176118248920398,0.0
S31019,0.0025157393281254447,0.0
S31020,0.002611414340196452,0.0
S31021,0.0020618700177991193,0.0
S31023,0.002758875828609647,0.0
S31025,0.0016694213501428315,0.0
S31026,0.0020327935610724803,0.0
S31027,0.0012877190048986198,0.0
S31028,0.0028855736799034267,0.0
S31030,0.0019002115324147752,0.0
S31031,0.002620386564859983,0.0
S31032,0.0025281532811951336,0.0
S31033,0.004408896254249944,0.0
S31034,0.004810604264924698,0.0
S31036,0.0023100678989021626,0.0
S31037,0.0005953792693100116,0.0
S31038,0.0007853141636904989,0.0
S31039,2.1905720792266888e-05,0.0
S31040,0.0011008394204626794,0.0
S31042,0.0008584922238160527,0.0
S31043,1.877791352828499e-05,0.0
S31046,0.00012995839149119691,0.0
S31047,2.3853410959176015e-05,0.0
S31048,0.0001201033809651168,0.0
S31050,5.723665840534322e-06,0.0
S31051,2.111781629282766e-05,0.0
S31053,2.5971889775632824e-05,0.0
S31054,9.821376659038813e-06,0.0
S31055,4.520486938903429e-05,0.0
S31057,0.00012584835806232354,0.0
S31059,0.0001636760920802318,0.0
S31061,0.0001992163039265784,0.0
S31062,0.00020403234542163014,0.0
S31064,0.0010066097928744834,0.0
S31065,0.0008267965904759215,0.0
S31068,9.77834421304345e-05,0.0
S31076,5.380393623170939e-05,0.0
S31077,7.697782664891497e-06,0.0
S31078,1.8005049936469793e-05,0.0
S31079,0.00016658247957507315,0.0
S31080,0.0001466713534784532,0.0
S31081,0.00042640635429424417,0.0
S31082,0.000817748623331805,0.0
S31083,4.753981791515569e-05,0.0
S31085,0.0007341019270319375,0.0
S31088,0.001552593609792889,0.0
S31090,0.0009018413912806867,0.0
S31091,0.0004050630805096753,0.0
S31093,0.0003845089310769814,0.0
S31094,0.0013012378754020026,0.0
S31095,0.0022759666544326447,0.0
S31096,0.0004724618368716715,0.0
S31097,0.0005702437378313421,0.0
S31098,0.00017162662812582859,0.0
S31100,8.564128946627539e-05,0.0
S31102,0.0002781207667239611,0.0
S31106,0.0025464966040632288,0.0
S31107,0.00027682038818615824,0.0
S31111,0.00035976019931235935,0.0
S31114,0.004179750709399192,0.0048696367858437
S31115,0.0018248168109034574,0.0
S31116,0.004026342446602049,0.0111928293825444
S31118,0.0010633280919282674,0.0110973948714022
S31120,0.0020515892211396282,0.0031600096644158
S31121,0.0013957357672258622,0.0145631067961165
S31123,0.0014257674761720784,0.0113668293766703
S31125,0.0024459048612104264,0.0
S31126,0.0016168757510407479,0.0
S31127,0.0019958713675433002,0.0
S31128,0.003507460613660786,0.0
S31129,0.003680952193639822,0.0
S31133,0.0019053135822716249,0.0
S31134,0.004330587755475067,0.0
S31136,0.0037962291594844447,0.0
S31137,0.0029113102695887366,0.0
S31138,0.001867984785897582,0.0
S31140,0.0032730570683687007,0.0
S31142,0.0013562109555952811,0.0
S31143,0.003195467056793371,0.0
S31144,0.0035536277967800588,0.0
S31145,0.0031310546502108265,0.0
S31146,0.0008607986368384526,0.0
S31147,0.001038857781930812,0.0
S31150,0.0024843887505026172,0.0031720502166823
S31154,0.0015915128949726132,0.0047457627118644
S31156,0.0017200437576848806,0.0015741946109965
S31158,0.0012288700433802995,0.0127256025937697
S31159,0.002248191323327384,0.0
S31160,0.0023732229782851377,0.0031861118857358
S31164,0.000988261092026184,0.0
S31166,0.0012677979328403755,0.0
S31168,7.806354623268689e-06,0.0
S31170,0.0003930545982491153,0.0
S31171,0.0008533120607109362,0.0
S31172,3.243977725235884e-05,0.0
S31173,0.00010180664641788699,0.0
S31177,0.0001182198406678521,0.0
S31178,5.6883152869579365e-05,0.0
S31179,7.84468647588607e-05,0.0
S31181,2.6594887390480077e-05,0.0
S31182,0.0001501441803323783,0.0
S31184,0.0015030413781006728,0.0
S31188,6.046845582793097e-05,0.0
S31190,7.208251110157338e-06,0.0
S31191,0.00036801222774052183,0.0
S31193,2.8368590390475152e-05,0.0
S31194,9.86883796152588e-07,0.0
S31196,4.342811813736072e-05,0.0
S31197,0.0006840868719799378,0.0
S31198,1.3021619230636134e-05,0.0
S31199,1.3989679371930966e-05,0.0
S31201,0.00023562966340319114,0.0
S31202,2.8910040879200594e-05,0.0
S31203,5.7653615887273715e-05,0.0
S31205,0.0002462187726443329,0.0
S31206,0.0004385844840430896,0.0
S31207,0.000751406397609744,0.0
S31208,2.5301098359866087e-05,0.0
S31209,0.0005665352047854081,0.0
S31210,0.000419123412377077,0.0
S31211,0.0008957824947816739,0.008042773964068
S31213,0.0022383902368848497,0.0
S31214,0.0019971672164933204,0.0
S31215,0.0012963235396622917,0.0064716069638136
S31220,0.0023993262423227728,0.0
S31223,0.0020406781823866476,0.0
S31224,0.001412880884862216,0.0015667063859834
S31225,0.0028804181258814104,0.0
S31228,0.0012830457434124753,0.004803371057998
S31229,0.001281868736084933,0.0
S31232,0.0011635919998918812,0.0064096363788778
S31233,0.001128102495435803,0.009736316263762
S31234,0.0014858060276697663,0.0064273544065204
S31235,0.0012921774616817137,0.0
S31236,0.0017793526377656494,0.0097094965518588
S31237,0.00031027042410212914,0.0016162286264333
S31239,0.0009633089294951833,0.0016072283234377
S31240,0.0013165896072468606,0.0
S31242,0.0014438896932580851,0.0078873114266035
S31243,0.002650903659318185,0.0
S31245,0.0024532232015915486,0.0
S31247,0.0004442125996534855,0.0
S31248,0.0005397449723526348,0.0080757856423255
S31249,0.002670998613918781,0.0016278856484029
S31250,0.001847135414366451,0.0
S31251,0.0036831483649853785,0.0095183376424399
S31252,0.0017866532602149976,0.0095925575649958
S31253,0.0015050958767414352,0.0
S31254,0.0017929509724770273,0.0031852236385892
S31255,0.003144062611594038,0.003254811816866
S31256,0.0021452580863114156,0.0
S31258,0.0034147834551511913,0.0
S31259,0.0010184171858039501,0.0079417583084853
S31260,0.0028434307164000396,0.0
S31261,0.003833652298404776,0.0032356138877495
S31262,0.0025136969927012373,0.0
S31263,0.0026081852663117594,0.0047836758265556
S31266,0.0018827550850068215,0.011224137541659
S31267,0.0010394030004079507,0.0080783847131604
S31269,0.00282591174893297,0.0
S31274,0.0026672848031674807,0.0
S31275,0.0017747569256045205,0.0
S31276,0.00163021675257069,0.0031731438385463
S31277,0.0023726714681378946,0.0016261599068148
S31282,0.0018081997718933623,0.0
S31286,0.0017899350497589761,0.0
S31287,0.0010969451455860293,0.0
S31289,0.003295345982751371,0.0
S31290,0.0023653533106307366,0.0063985580714205
S31291,0.00022135216358461338,0.0065027247332509
S31292,0.0050189435243906885,0.0
S31293,0.0006623173116429502,0.0079978114640661
S31295,0.0015849166695328502,0.0015907155979746
S31296,0.004471894084630852,0.00813998814215
S31297,0.0016982999121087918,0.0079184511063526
S31298,0.001417655056874219,0.0095475938910767
S31299,0.0013882531302463288,0.0016204179178444
S31301,0.0027604054557629756,0.0080402757960196
S31302,0.0051907030802365445,0.0
S31303,0.003229009755834193,0.0064295994437167
S31306,0.0012399667800673314,0.0032450891093634
S31307,0.0027394849897377045,0.0
S31312,0.0034966301781892846,0.0
S31314,0.002139399004499863,0.0
S31316,0.001990128289988174,0.0
S31322,0.0019961028916477266,0.0080952799794116
S31324,0.002181852113871346,0.0048797729972802
S31327,0.004492267394467048,0.0
S31328,0.002017560842286544,0.0112367534535494
S31339,5.727881887048179e-05,0.0
S31343,0.0001810805538710266,0.0
S31344,0.0002498610408410025,0.0
S31345,0.0005632900652013229,0.0
S31348,5.8362910802895345e-05,0.0
S31351,0.0013753410181916548,0.0
S31352,0.0001373646526222767,0.0
S31353,0.000938125182559435,0.0
S31354,0.0004944257186360036,0.0
S31355,0.00037498839580402154,0.0
S31356,0.0012207680394508082,0.0
S31358,0.0017334174812994854,0.0
S31360,0.0005271636721970361,0.0
S31361,0.00015387867872790998,0.0
S31362,0.0011855973027686158,0.0
S31365,0.001846775093228911,0.0
S31366,0.0008848277557642162,0.0
S31367,0.0030244255534628206,0.0
S31368,0.0011061078673798713,0.0
S31369,0.0019292260365531939,0.0
S31371,0.0013653296581759772,0.0
S31372,0.0005672974491407266,0.0
S31374,0.003098772147652552,0.0
S31375,0.004187511898071912,0.0
S31376,0.0027975069853647117,0.0
S31377,0.002618911836398771,0.0
S31378,0.0017404069117168018,0.0
S31379,0.0020706422259993474,0.0
S31381,0.0009126733934432328,0.0
S31383,0.0027627021159750227,0.0
S31384,0.0031244234634414908,0.0
S31385,0.0017569240207230058,0.0
S31386,0.00122783102428202,0.0
S31388,0.002208751526900698,0.0
S31389,0.0015545142648282259,0.0
S31390,0.0022908861291166547,0.0
S31391,0.001308584571701017,0.0
S31393,0.0015997036368844248,0.0
S31394,0.002336567847204407,0.0
S31397,0.004795097768957265,0.0
S31399,0.002804676805579082,0.0
S31402,0.004708880174402638,0.0
S31403,0.0011157827958433908,0.0
S31404,0.003373917037193151,0.0
S31408,0.003124302791711892,0.001591311503229
S31409,0.002721881273414593,0.0
S31412,0.0034069968484030273,0.0031564874709041
S31414,0.004275354978818355,0.0
S31415,0.004167119137004649,0.0063592597923963
S31416,0.0028868431641864574,0.003247188111502
S31417,0.0013584056194517503,0.0112356647579923
S31418,0.0028901445751900907,0.0047463518985407
S31419,0.004835569872482954,0.0079381051407616
S31424,0.0009702471453805893,0.0129054036509049
S31426,0.002662870075966151,0.0
S31427,0.0014308670429396767,0.0
S31428,0.002393559550993357,0.0031761551906491
S31431,0.004056695494093479,0.004719489497474
S31435,0.004405491243411883,0.0
S31436,0.0016699996617191351,0.004690272167906
S31439,0.0031752982647964695,0.0016238009357275
S31440,0.004026895363733024,0.0046928851329021
S31441,0.0035875937098464898,0.0097460535346602
S31442,0.004295230242785955,0.00483646519594
S31443,0.004204734939359974,0.0016259045525327
S31444,0.002827676458455593,0.0
S31445,0.004980147362889081,0.0079510585946623
S31447,0.002539333674430444,0.0
S31448,0.003334128489698331,0.0
S31449,0.0027809078771052235,0.0
S31450,0.002623956699912478,0.0
S31451,0.0029669809592376894,0.00486073077224
S31452,0.003215833945435391,0.0127443249931085
S31454,0.002260586666515445,0.003132109478885
S31456,0.0038192804175947374,0.0047810068011505
S31458,0.0025989090021813033,0.0096147335635452
S31459,0.004131873369638443,0.0096585498571622
S31464,0.002746004398234113,0.0
S31466,0.0025892040571505017,0.0
S31468,0.004472877675913058,0.0
S31470,0.0038626223081962645,0.0
S31471,0.003736824782265959,0.0
S31472,0.004202356756115632,0.0031530631342208
S31473,0.004630361282682301,0.0016252984074037
S31474,0.0017359621170973828,0.0048462746092264
S31475,0.0026730240655554486,0.0031895470137304
S31476,0.003246517185406354,0.0016038207722219
S31477,0.004985566446872206,0.0111922892558527
S31478,0.003878723247608362,0.0063334289082162
S31479,0.0023284708038151408,0.0032357718813376
S31481,0.00252372948119622,0.0
S31483,0.004586922000604334,0.0016189927063889
S31484,0.0023531460594345397,0.0
S31485,0.0015843977871865167,0.0
S31486,0.0014285740085653877,0.0
S31489,0.004423197028180326,0.0064516338405719
S31493,0.0033970794483526544,0.0032095990907212
S31494,0.002605209250683891,0.0064877001298845
S31496,0.0021711557652274323,0.0
S31497,0.004200615703256756,0.0078141705344452
S31501,0.003770573945750844,0.0031820422693019
S31506,0.0014189879492647185,0.0
S31508,0.0016979246170449188,0.0
S31510,0.001351607649096515,0.0015775824580448
S31511,0.0035053094171142605,0.0016128770546333
S31512,0.002641715698058195,0.0031414042772399
S31514,0.004363094902227591,0.0
S31516,0.0026065844964409165,0.0081422285131995
S31517,0.0004170171512935379,0.0
S31518,0.0022611039392184764,0.0048730267673301
S31520,0.0003869609333885658,0.0031484191388408
S31521,0.004914987983580005,0.0
S31522,0.0003916534687507656,0.0
S31523,0.0032736230865125704,0.0064020816426427
S31525,0.000951200490626359,0.0031671079588722
S31526,0.0035574741559840145,0.0032432150245035
S31530,0.0035535841148202855,0.0
S31532,0.002741694569526296,0.0109496517450515
S31533,0.0014849425842620892,0.0062968981125142
S31534,0.0004125781375732524,0.0031302452865245
S31535,0.0010985761244051546,0.0078712722319887
S31536,0.003666086564900848,0.0079320239907816
S31537,0.001658931135251394,0.0096241358610406
S31539,0.0015269027342511366,0.0
S31541,0.0031441611230948285,0.0
S31545,0.0020938725231219677,0.0031417319350413
S31548,0.0020088743608439623,0.0109993992854658
S31549,0.0017739296122450743,0.007978322080207
S31550,0.0030001983019265093,0.0
S31551,0.0010737965166466193,0.0047306301161241
S31552,0.00037907906119744126,0.0
S31553,0.0033073637789751325,0.0047072863488695
S31554,0.0019431394926455355,0.0081495984232084
S31556,0.0025011054659536446,0.0063926323946968
S31557,0.0033877735293589973,0.0
S31558,0.0007249916044416726,0.0016018203382838
S31560,0.0024884076006981113,0.0
S31561,0.0012506636992439964,0.0078292375551354
S31562,0.003446570006173103,0.0
S31565,0.0010925487742748658,0.0
S31566,0.0016809131121669567,0.0064520735562349
S31567,0.0014522223701587196,0.0
S31571,0.0014931450288154988,0.0080035299270825
S31572,0.0013788205823682632,0.0110806412057164
S31575,0.0021579274774493414,0.0079349873870421
S31576,0.00274962301469217,0.0032573076418927
S31578,0.0034648897803948534,0.0
S31579,0.002500614201483604,0.0032483660130718
S31580,0.001760846102001985,0.0015798842901646
S31581,0.002257772479348918,0.0081379888524289
S31582,0.001954075332858138,0.003146535487159
S31583,0.0017592428915967067,0.0
S31585,0.0010083658491143875,0.0032159542389771
S31586,0.0016653103010724273,0.0
S31588,0.0026619106059494095,0.0
S31592,0.0005480294559710051,0.0
S31593,2.7511119148437273e-05,0.004703410682515
S31594,0.0008510898916525622,0.0113273033920047
S31597,0.0010364197028020082,0.0015694076038903
S31598,0.0027566796086118833,0.0081022480885541
S31599,0.0006287728550659885,0.0129284415960252
S31600,0.0016313000314992195,0.0
S31601,0.00028053313311219457,0.0
S31602,0.0014102684682552543,0.0
S31603,0.0012940881536852781,0.0
S31606,0.0035538795903608637,0.0
S31607,0.002027473031524847,0.0064809743629867
S31609,0.0007657907454581038,0.0064671858632782
S31611,0.001681045051763366,0.0048512889591691
S31613,0.001667881762568983,0.0
S31614,0.0048424053346264595,0.0
S31615,0.0036032447697285784,0.0
S31616,0.0015574257704674484,0.0
S31617,0.004248301639784283,0.0
S31619,0.004267665936268537,0.0
S31620,4.284175948554223e-05,0.0056669175161341
S31622,0.0006064667416638267,0.0
S31623,0.00018664211309326004,0.0
S31624,0.00013110578643624562,0.0
S31625,0.0007047606855481838,0.0
S31626,0.002522500070201811,0.0
S31627,0.002391881323795787,0.0
S31628,0.00027567279166513923,0.0
S31629,0.0016580126933309763,0.0
S31631,0.002415754594463297,0.0
S31634,0.001691088487461183,0.0
S31636,0.0017116596620944207,0.0
S31637,0.002210251954757072,0.0
S31638,0.0015732245001263535,0.0
S31639,0.002417065044432677,0.0
S31643,0.0027867943779551303,0.0
S31646,0.005017477833001932,0.0
S31647,0.0005857097711458899,0.0
S31648,0.00026496623234498803,0.0113801591390463
S31649,0.0013363485756592254,0.0
S31650,0.0001033519957391769,0.0
S31651,0.00017150885510186314,0.0
S31652,0.00023855430377038572,0.0
S31653,0.0007580014329409616,0.0
S31655,0.00010078103967699342,0.0
S31657,0.0005124302521517675,0.0
S31658,0.001487140301176426,0.0
S31659,2.5765386843394142e-05,0.0
S31660,0.0014312365963971123,0.0
S31661,0.0031409294095422506,0.0227517224015198
S31663,3.597973995493147e-05,0.0
S31664,3.368954262999993e-05,0.0
S31665,0.0022288330964879395,0.0
S31667,0.00024545612817683787,0.0
S31668,0.00025532751485440105,0.0169781026884842
S31669,0.0001241376729945126,0.0
S31671,0.001059300387057559,0.0
S31675,0.0012857784031480354,0.0
S31678,0.0023632532322034033,0.0
S31679,0.00314286986630656,0.0
S31680,0.004084674428525767,0.0
S31681,0.0022274421753981028,0.0
S31682,0.0024324604605919235,0.0
S31684,0.001981291335243314,0.0
S31686,0.001377951379254215,0.0
S31687,0.0025365558819273404,0.0
S31688,0.0035181766787118957,0.0
S31689,0.003514019574055122,0.0
S31690,0.002351131536183684,0.0
S31691,0.005399844551671307,0.0
S31692,0.004624516689218207,0.0
S31693,0.0022243852538456443,0.0
S31694,0.002023223602655111,0.0
S31695,0.0014737501427586795,0.0
S31698,0.002623107852545163,0.0
S31699,0.0011852416037714496,0.0
S31709,0.0007477054021915309,0.0
S31710,0.002623296796848332,0.0021826102613423
S31713,0.0016452105444218152,0.0
S31718,0.0011164486609407393,0.0
S31719,0.0031495336996324986,0.0021917639068963
S31723,0.002091198109753173,0.0043944578547618
S31724,0.0020794265818336374,0.0
S31725,0.0006721003182765241,0.0
S31726,0.004066411434372949,0.006688018085908
S31728,0.0034862619856178487,0.0
S31729,0.0023676070536261,0.0
S31730,0.002729822192155688,0.0
S31731,0.002322433363481813,0.0
S31732,0.0015411962448917138,0.0
S31733,0.0017789415801642446,0.002195743703252
S31736,0.003917471891962222,0.0
S31738,0.0003449741034318781,0.0
S31739,0.001090296446157352,0.0
S31741,0.0035554765773680875,0.0022200780824243
S31742,0.0025386541883222866,0.0022377408272887
S31743,0.001084075608812957,0.0021736753482472
S31744,0.005210861460071342,0.0022395255990843
S31745,0.0017672577888844855,0.0
S31749,0.0030374917082930694,0.004364473014033
S31750,0.0027672484558719304,0.0
S31751,0.0022855924435785805,0.002194696518072
S31752,0.00013337173923732648,0.0066582712609184
S31754,0.0019069865222528586,0.0043535770285303
S31756,0.0007332309606369173,0.004423853202843
S31759,0.0020785256007772946,0.0044035689287011
S31760,0.008492863142075672,0.0
S31761,0.002841918467111152,0.0132028105781874
S31764,0.0002141300318464986,0.0
S31766,0.002445968612822585,0.0
S31767,0.0018857977399099758,0.0066249000266595
S31770,0.0014588949972512127,0.0
S31772,0.0026053789804793685,0.0
S31775,0.00022538029731325026,0.0
S31777,0.0015140940273042597,0.0044067315706407
S31779,0.0031436882865239425,0.0
S31780,0.0021773615109818736,0.0021906915444595
S31781,0.0010322222609894997,0.0043641855788692
S31784,0.004374066238931133,0.0022271814727181
S31785,0.0027574793530630868,0.0
S31786,0.002293129782241909,0.0043622894558987
S31787,0.002605647262183077,0.0022063883154646
S31788,0.0018095632155181443,0.0
S31789,0.0029169871049908643,0.0
S31790,0.001844950346959571,0.0022135521053241
S31794,0.0016678988798340454,0.0131020483484037
S31795,0.0009903986394949852,0.0
S31796,0.0046272511184223515,0.0
S31799,0.002533688725271919,0.0044609598693127
S31802,8.79476810534888e-05,0.0
S31804,0.0004346997781278848,0.0
S31805,0.000619676669589175,0.0
S31807,0.0003811216987380663,0.0
S31808,0.0005644501952816535,0.0
S31809,0.0010819039295414754,0.0
S31811,0.0009375386935762153,0.0
S31812,0.00037364891721693996,0.0
S31813,0.0007592729217429775,0.0
S31814,0.0002751990412446654,0.0
S31815,0.0004193069053480587,0.0
S31816,0.0030645267586775745,0.0
S31817,0.0015249108602212948,0.0066579144786196
S31819,0.0016371390368089141,0.0
S31821,0.0027030971299747265,0.0
S31824,0.0002363211259211204,0.0
S31827,0.0031442345596902404,0.0
S31828,0.00032704657899786094,0.0
S31829,0.0012411822737827156,0.0
S31831,0.0012023598196291318,0.0
S31832,0.0007211808062725514,0.0
S31834,0.0008598365154059835,0.0
S31836,0.00018125678892657232,0.0
S31837,0.00013663801804924522,0.0
S31838,0.0002253702689383055,0.0
S31839,0.00017847337890733564,0.0
S31840,0.00010061474381773636,0.0
S31841,3.0738099929056006e-05,0.0
S31843,9.709667871868525e-05,0.0
S31844,0.0001786318220532669,0.0
S31847,0.0011671263493269082,0.0
S31851,0.0010933483548478623,0.0
S31852,0.0038868803632553673,0.0
S31853,0.0017552636653184925,0.0022235345699227
S31856,0.003196359933749629,0.0067016356305875
S31857,0.002392492661210989,0.0
S31858,0.0008324112871525095,0.0
S31860,0.0005119240408325169,0.0
S31862,0.0014867600832917795,0.0110981595366015
S31863,0.0014155215276272304,0.0
S31866,0.0009730101264992187,0.0
S31868,0.0015002870151855226,0.0
S31870,0.002040758937812941,0.0021896202308573
S31873,0.0035564768274002536,0.0044829296892617
S31874,0.001335578082569555,0.0
S31876,0.0015219333281773122,0.0021860375101164
S31878,0.0022442147143737394,0.0043809196405354
S31879,0.0007168150779855772,0.0
S31881,0.0017177551468952783,0.006691980395325
S31884,0.00211316731165635,0.0
S31886,0.00401888503819007,0.0
S31888,0.001340387140296899,0.0
S31890,0.002656078125615179,0.0
S31891,0.0024691001260627645,0.0022300595879101
S31892,0.00277808710587994,0.0
S31893,0.0039824413701768195,0.0
S31895,0.0017704586475423725,0.0
S31896,0.0012233694109639631,0.0
S31898,0.0014337390957468567,0.0021854030903446
S31899,0.004740716788725983,0.0
S31900,0.00364213617301074,0.0
S31903,0.002805505561460018,0.0
S31904,0.00392179028934677,0.0021850283789903
S31905,0.000783783525606419,0.0043504901960784
S31907,0.003125890698252091,0.0
S31908,0.002802279127152014,0.0
S31909,0.002855039218982849,0.0
S31910,0.0004850129758223678,0.0
S31911,0.0022654012042013245,0.0
S31913,0.004133203463600018,0.0
S31914,0.004016157535693548,0.0044342732743583
S31915,0.0027375832484669484,0.0
S31916,0.0023511339195444745,0.0
S31917,0.0028861415175607938,0.0
S31921,0.0033402305670579067,0.0
S31923,0.0012716027811045625,0.0
S31927,0.0027152257287001934,0.0
S31930,0.002747602261572793,0.0
S31932,0.0018487079125498458,0.0
S31933,0.0019886160283777285,0.0
S31935,0.003393372769408298,0.0021765025312242
S31938,0.0037280629371816117,0.0022093602190689
S31943,0.003576387578737132,0.002185086018527
S31947,0.004328516537241921,0.0
S31948,0.003911636211654417,0.0
S31950,0.003906258584690547,0.0022122219699903
S31951,0.0032776117458819484,0.0
S31952,0.0015095538122918682,0.0087507317953526
S31953,0.003245315958164261,0.0065444681467435
S31954,0.002304750328650528,0.0881838909145752
S31955,0.003826278449392736,0.0
S31956,0.0028203050948687127,0.0
S31962,0.0027197019336675115,0.0
S31963,0.00500980391976274,0.0022311407997988
S31965,0.004949768625118889,0.0
S31966,0.004260435674558501,0.0
S31967,0.003089054579389871,0.0
S31968,0.0008634408693940253,0.0
S31969,0.001784997424718463,0.0
S31970,0.003271975677812183,0.0044170121623363
S31973,0.0019757030562486664,0.0
S31978,0.0025987022983027827,0.0
S31980,0.0017814264450879452,0.0
S31985,0.003516272524053735,0.0
S31986,0.0023115773118107573,0.0044830510003427
S31989,0.002412936830622897,0.0
S31993,0.0035519955641002444,0.0
S31994,0.0022327164918907114,0.0
S31995,0.0008228894717724465,0.0043484918082988
S31996,0.0007614395135481549,0.0
S31997,0.0013801257088581437,0.0022126947238138
S31998,0.0004755361255769061,0.0
S32000,0.0019943792159157403,0.0065904630562775
S32002,0.0008925208596929077,0.0
S32003,0.0027056226767638745,0.0
S32004,0.004011864882451103,0.0
S32005,0.0011029157117374913,0.0
S32006,0.002553624656979819,0.0022306300969
S32008,0.0011989639547503833,0.0022014918761849
S32009,0.0025932488656438962,0.0
S32012,0.0016263938648733171,0.0
S32014,0.001597402849379302,0.0
S32015,0.002285518482693835,0.0
S32016,0.0011749059011390988,0.0
S32017,0.0018013802169652888,0.0
S32019,0.0017592176253691683,0.0022078585548966
S32021,0.00027710316773251387,0.0
S32022,0.0005620890967566845,0.0
S32024,0.00012034081691546869,0.0
S32025,0.002745429372579267,0.0022055658363621
S32026,0.0016164558330772755,0.0022415558291726
S32028,0.0008038491039180774,0.0
S32030,0.0022653728296410654,0.0
S32031,0.002593949873332816,0.0
S32032,0.003061160410073945,0.0
S32035,0.00018238357570940115,0.0
S32036,0.00025574802275341886,0.0
S32037,0.00023983255810798698,0.0
S32040,0.0011204547724795986,0.0044336799097206
S32041,0.0008011749348641611,0.0134077910866515
S32042,0.00225695277636882,0.0
S32043,0.00231973909282594,0.0044108967788028
S32046,0.0012840416709674492,0.0066225165562913
S32048,0.0023622903639679187,0.0
S32051,0.0027415808587795652,0.0
S32052,0.0010313768056455716,0.0
S32053,0.0010199957790133505,0.0
S32054,0.0019253812138054964,0.0
S32055,0.0008609201394808038,0.0
S32056,0.00289910491136459,0.0
S32058,0.002739095671877488,0.0021865857145999
S32059,0.0024121037851595217,0.0
S32060,0.0025424555968873714,0.0
S32063,0.0019314108505139994,0.0
S32066,0.007267504628661139,0.002232042610906
S32069,0.002407033014988068,0.0
S32073,0.0027736523832938296,0.0
S32076,0.0015457422394373282,0.0022283797840668
S32078,0.0020359430308492044,0.0
S32079,0.0007503854620387403,0.0021910102452873
S32081,0.002623585648741907,0.006546795758414
S32085,0.0038825429090728,0.0
S32086,0.002211611861089274,0.0022059769992498
S32089,0.004014993504018784,0.0
S32090,0.0009657069801090805,0.0
S32091,0.0015564278971643918,0.0
S32092,0.0005146414535971418,0.0
S32096,0.0019699711235795668,0.0043888116210786
S32098,0.0023178652097281182,0.0
S32101,0.00341931096738709,0.0
S32102,0.0023415845251309984,0.0
S32103,0.0027869454284996844,0.002175502182068
S32105,0.001966297336363239,0.00218160429122
S32106,0.0029322090150610616,0.0
S32107,0.0027483340710064415,0.0043459821526165
S32110,0.001822780428450495,0.0
S32112,0.0022250509749085754,0.008943956305984
S32114,0.0024322945461231395,0.0
S32115,0.001964049519352116,0.0
S32116,0.0008099729806370682,0.0
S32118,0.00204385539398568,0.0
S32120,0.002433890944661393,0.0
S32122,0.004148134320053314,0.0087089849739343
S32124,0.002047587767080466,0.0
S32125,0.0016120014343553918,0.0044684198696336
S32127,0.005597729037418463,0.0
S32129,0.002334584276642931,0.0
S32131,0.0028008753199418486,0.0022165433519308
S32132,0.002014083576502127,0.0
S32133,0.0028514519065540407,0.0044119539984997
S32134,0.002497202283915096,0.0
S32135,0.0032535412730544935,0.0
S32136,0.00411959987302064,0.0
S32137,0.003305719735196674,0.0
S32138,0.0015276856593979624,0.0
S32140,0.004208109079332928,0.0
S32141,0.004152776570717506,0.0022212389776043
S32144,0.0005734670951760417,0.0021883765064352
S32145,0.00371046368286805,0.0044430736772469
S32147,0.0018054430101920962,0.0087418429986104
S32150,0.00045213049310845215,0.0
S32151,0.0012790875358681696,0.0
S32152,0.0014495798194083154,0.0
S32154,0.00026030152376524705,0.004435222988198
S32156,0.0025667024590723467,0.0
S32157,0.0019220664311369057,0.0
S32158,0.00025934358186472024,0.0
S32159,0.0045230439847066504,0.0
S32162,0.003009061977363984,0.0
S32163,0.0027526736811423974,0.0
S32166,0.004021185944584145,0.0
S32167,0.0038282630266289414,0.0
S32168,0.0040533294951979465,0.0
S32169,0.004262863339602997,0.0
S32170,0.002839456654555505,0.0
S32171,0.002732710076474608,0.0055081763724724
S32175,0.003386231516856231,0.002697319504822
S32177,0.0009408386811275364,0.0
S32179,2.899914470821307e-05,0.0162761376103224
S32181,0.003604278793498718,0.0
S32183,0.004422804982053396,0.0027350822450787
S32184,0.0015424255231655988,0.0
S32185,0.001674302371162059,0.0
S32186,0.0015220089388503196,0.0054142972307558
S32189,0.00033361409487478135,0.0
S32190,0.00016778726742164415,0.0
S32191,0.0007193888692268542,0.0
S32192,6.666612682706301e-05,0.0
S32193,0.0017759452806153612,0.0
S32194,0.0018400605662682952,0.0
S32199,0.0009658149600021003,0.0
S32200,5.321319892622896e-05,0.0
S32201,0.0010281462348775915,0.0
S32202,0.0028986162161969,0.0
S32205,0.0006765936235688419,0.0
S32206,0.0024847047105146553,0.0
S32207,0.0005519173396050946,0.0
S32208,0.0005951492250916936,0.0
S32209,0.0009609122318050417,0.0
S32210,0.0011801038777618116,0.0
S32214,0.004256559118009731,0.0026987255716465
S32215,0.0017199820552346794,0.0027566086503155
S32216,0.0010787603932471805,0.0
S32217,0.0019443305273810973,0.0
S32220,0.0034231155874762022,0.0
S32223,0.0005319928138739845,0.0
S32224,0.0002489602050462615,0.0
S32225,0.0005046394765607922,0.0
S32226,3.14817227731575e-05,0.0
S32227,0.000486383845595865,0.0
S32228,0.004223674253317281,0.0
S32230,0.0025924985695055906,0.0
S32231,0.001811341236489781,0.002748741773132
S32232,0.002061994418447558,0.0
S32235,0.0015187427927162293,0.0
S32236,0.001015205400743088,0.0
S32238,0.00285542059136396,0.0
S32239,0.004173738042431705,0.0081146831681551
S32240,0.0024373261876661956,0.0026885646743158
S32241,0.004749156375671987,0.0
S32242,0.0037814182103974633,0.0
S32245,0.0025075886869161323,0.0
S32246,0.0031997552306840035,0.0
S32247,0.001435984882761139,0.0
S32248,0.0034813407023880348,0.0
S32249,0.003929092565623824,0.0
S32251,0.001909278603595391,0.010961865060985
S32254,0.0010878124247044327,0.0
S32257,0.002631290423785654,0.0
S32258,0.004330195067751389,0.0026857751190225
S32259,0.003670164445341688,0.0026924973047939
S32260,0.0018781816995935455,0.0
S32261,0.0020892578038064114,0.0
S32262,0.001291428167988124,0.0
S32265,0.0032214434628144144,0.0
S32266,0.003314550841904904,0.0
S32268,0.0031784392105381,0.0134936278582327
S32269,0.0030990876094195855,0.0
S32270,0.0010748274939278864,0.0
S32272,0.0025961610869812243,0.0027195473622579
S32274,0.0031874375990034827,0.0
S32276,0.0012105772675090763,0.0
S32277,0.0014045074349088764,0.0
S32281,0.0039681419945679555,0.0054124398995921
S32284,0.0018617297603195698,0.0
S32287,0.00440387734791562,0.0026954762640807
S32288,0.003306304803911284,0.0164847921987462
S32289,0.0022062777179713048,0.0
S32290,0.003198905909273234,0.005494839604858
S32291,0.0014601790766519966,0.0
S32292,0.00279596979507449,0.0
S32296,0.0013600945150766507,0.0027407836325033
S32297,0.0014072561710255535,0.0
S32298,0.00020050004377296387,0.0
S32301,0.004208702677746871,0.0
S32302,0.0024598760918308126,0.0
S32303,0.0019569268296557494,0.0
S32304,0.003226010616625965,0.0
S32305,0.002783743962673674,0.0027353983664663
S32306,0.0016880935111724391,0.0054432050292147
S32307,0.0020221977276766306,0.0
S32311,0.0037218273983885045,0.0
S32314,0.002646723639703759,0.0
S32319,0.0012598680625336128,0.0
S32320,0.0026947986773427613,0.0027036142481014
S32321,0.0006750921375711077,0.0
S32322,0.0027900515742705755,0.0
S32323,0.003350878017505719,0.0
S32324,0.0019305037148695818,0.0
S32325,0.00573750505018319,0.0
S32326,0.003570370408133766,0.0
S32327,0.0020628466417191684,0.0
S32328,0.002363122271409888,0.0
S32329,0.002630658964409085,0.0
S32330,0.0016870165862317968,0.0
S32331,0.003686430269146502,0.0
S32332,0.0026998422520820007,0.0
S32333,0.0018973912719054803,0.0
S32336,0.003100683439260769,0.0081360704580427
S32339,0.0033884218245878116,0.0
S32340,0.0018474876788411084,0.0
S32341,0.0007289020767576979,0.0027498367803118
S32342,0.003510400308151307,0.0
S32344,0.004023555116990001,0.0
S32346,0.0030422621043863928,0.0
S32347,0.0009719487825447612,0.0
S32350,0.001136462247833795,0.0
S32351,0.0012082106701649322,0.0
S32353,0.003289896059095602,0.0
S32354,0.0014630512892646623,0.0
S32357,0.0012684564094944785,0.0
S32359,0.0015524964111914106,0.0
S32364,0.0008637548247180825,0.002738835251069
S32365,0.0016384198004746192,0.0
S32369,0.0028619093728185735,0.0
S32370,0.0029435853966335653,0.0
S32374,0.0025271151060019623,0.0027514352305503
S32376,0.002194465656872079,0.0027214236824093
S32378,0.001243913264798337,0.0
S32379,0.0022889085035996608,0.0
S32380,0.0022762744055988245,0.0026917535935181
S32382,0.0023307028024223434,0.0
S32383,0.0004727919207585367,0.0
S32385,0.002939742128729782,0.0
S32386,0.0002828485968541116,0.0
S32387,0.002807799902850023,0.0027311143715964
S32388,0.0020894899835244528,0.0107977166196846
S32389,0.0029393924121707436,0.0
S32390,0.0021708568943643734,0.0
S32392,0.0009549588468191153,0.0054349014719069
S32393,0.0009794811627300921,0.0
S32394,0.0008381995605696981,0.0
S32395,0.004348384480083475,0.0
S32396,0.0006421246001942549,0.0027554624131641
S32397,4.01609872551192e-05,0.0
S32398,0.0003167415206639843,0.0
S32399,6.880393712198567e-05,0.0
S32400,0.00015719266861079087,0.0
S32401,0.00016255586308168944,0.0
S32402,8.299343766244116e-05,0.0
S32403,0.00027479800124097475,0.0
S32404,0.00031511819573749406,0.0
S32405,1.156327003923549e-05,0.0
S32406,0.0001112604473241707,0.0
S32407,0.00019878960486005722,0.0
S32410,0.0008439346629386277,0.0
S32411,0.00038400973438938496,0.0
S32412,0.00021101818433915553,0.0
S32415,0.0007496528761616353,0.0
S32418,0.0001064379680070987,0.0
S32419,0.00413838664736552,0.0
S32420,0.0028986435204421956,0.0
S32421,0.0031864801928293196,0.0
S32424,0.0012829701017962238,0.0
S32425,0.0023321250675637584,0.0
S32430,0.0012106884610809726,0.0
S32431,0.0015097374058276854,0.0
S32432,0.004521428419854564,0.0
S32433,0.00337168145831094,0.0026989014330786
S32434,0.00483371892350132,0.0
S32435,0.0010034345411612151,0.0
S32437,0.0029694738267294603,0.0082158266245681
S32440,0.0024402300723467365,0.0
S32441,0.002270979435425842,0.0
S32442,0.0016915857613340921,0.0
S32443,0.003280398072445051,0.0
S32444,0.0018468440977095675,0.0027506129383962
S32446,0.0023981846332864704,0.0
S32448,0.002107031874331299,0.0
S32449,0.0034459737608745584,0.0
S32451,0.002486053791733965,0.0027502019766039
S32453,0.00016856208196299876,0.0
S32454,0.001699150345751375,0.0027571132968307
S32456,0.0002458663813369147,0.0
S32457,0.0020347293571838735,0.0
S32459,0.0012269341247705806,0.0026956517022742
S32461,0.0014344590048111943,0.0027077238230663
S32462,0.0011849045727840102,0.0027071043787549
S32463,0.0014766494991973569,0.0054051996498039
S32464,0.0007871159289598568,0.0
S32466,0.0005149285042147493,0.0
S32467,0.00020882922061809945,0.0
S32469,0.0024400848354938507,0.0
S32470,0.00030960856959431156,0.0081133584733173
S32471,0.0020548373426939855,0.0
S32473,0.002305305782277571,0.0082117542091436
S32475,7.291148158751376e-05,0.0027505216029397
S32476,0.0018132115140957737,0.0
S32477,0.0026163099901271394,0.0
S32479,0.0004018035038250233,0.0
S32480,0.0015352380161783507,0.0
S32482,0.0019663279781007162,0.0
S32484,0.00020287496792131742,0.0
S32486,0.0015891657856339362,0.0
S32489,0.0014984396179819471,0.0
S32491,0.0005768426721356106,0.0
S32492,0.00013716792207043503,0.0
S32493,8.412113429766276e-05,0.0
S32494,0.0003765711315156682,0.0
S32495,0.0020095783844090746,0.0
S32496,0.0025186384280044063,0.0
S32499,0.0006937914107571527,0.0
S32500,0.0014153674584804208,0.0
S32501,0.0016618158219131542,0.0
S32505,0.0010092046871436507,0.0
S32506,0.0016562418255216629,0.0
S32507,0.002131143483802337,0.0
S32509,0.0026770601503519897,0.0
S32511,0.002475437697244497,0.0
S32512,0.0027463387523502586,0.0
S32513,0.0015932756380653067,0.0
S32516,0.0008677163070343189,0.0
S32517,0.0007412849654357347,0.0
S32518,0.0012223661962729895,0.0
S32519,0.0024880159728994707,0.0027306191967474
S32521,0.0010023586909408703,0.0
S32522,0.0013838681128398739,0.0
S32523,0.001118796377592639,0.0
S32524,0.0013055924204552311,0.0
S32525,0.0022974938381374837,0.0
S32527,9.77636577836847e-05,0.0
S32528,0.000728633950525714,0.0
S32529,0.002360450734099376,0.0
S32534,0.001531611818539828,0.0
S32538,0.0006086309691259951,0.0027339087193535
S32539,0.0020741512851627938,0.0027106922355302
S32541,0.001848179885542789,0.0
S32542,0.002590127131589538,0.0
S32543,0.0020443366324895576,0.0
S32545,0.00046298825594674644,0.0
S32546,0.0022315385546551455,0.0
S32548,0.0024264088359973006,0.0
S32550,0.0007643789867326442,0.0
S32551,0.0018539309511813391,0.0
S32552,0.00122756570290142,0.0
S32555,0.0023012307325971566,0.0
S32556,0.0014859528546162484,0.0
S32557,0.0024802214125897327,0.0
S32562,0.0015153673597483285,0.0
S32563,7.890746130085199e-05,0.0
S32565,1.899555816420213e-05,0.0
S32566,0.0004150058865174168,0.0
S32568,4.673960857397853e-05,0.0
S32569,1.462224739375849e-05,0.0
S32570,0.0007690236550131169,0.0187742502981538
S32571,0.0024420527031230495,0.0
S32572,0.002273168093039975,0.0
S32575,0.001251679825072875,0.0
S32577,0.0021620305678289368,0.0026934603649449
S32578,0.002064079206644798,0.0
S32579,0.0026006731099508557,0.0
S32580,0.0037030492049304805,0.0
S32584,0.002546728196755414,0.0
S32585,0.0022150796380980774,0.0
S32586,0.0016458599251977224,0.0
S32587,0.0019319615594075854,0.0027547293215162
S32588,0.00227603944442467,0.0
S32590,0.001136418309630355,0.0027267540105778
S32592,0.0008390130836988195,0.0
S32595,0.0017089146980400264,0.0027080336515409
S32597,0.0028646736814769824,0.0027058663400027
S32598,0.002612897742519847,0.0
S32599,0.0029313584318633222,0.0
S32600,0.002601059687629585,0.0054613284104457
S32601,0.0012741636721598825,0.0
S32602,0.002827802838983903,0.0
S32603,0.003166485167464036,0.0
S32605,0.004291929365697125,0.0
S32606,0.0024975718755111767,0.0
S32607,0.0015382148233423127,0.0
S32608,0.0010093620924287643,0.0
S32613,0.006264911445004718,0.0
S32615,0.0003494536379923738,0.0
S32617,0.0021630608559735347,0.0
S32619,0.0021570751228575167,0.0082125683692185
S32624,0.0027776732150540063,0.0
S32625,0.002388373605296762,0.0
S32627,0.0018608151018219376,0.0053647663304242
S32628,0.0027231203855595945,0.0
S32629,0.001105815150277072,0.0
S32630,0.0007848244448509442,0.0
S32631,0.00025550276606382653,0.0081602495690009
S32632,0.002613306193833497,0.0
S32633,0.003314072103123621,0.0
S32634,0.004374150535149852,0.0
S32635,0.0008592165329334615,0.0
S32636,0.0007774607713270554,0.0
S32637,0.0017739202363744983,0.0
S32639,0.0003883592205775558,0.0
S32641,0.0027704382231041416,0.0
S32642,0.0009416442546990386,0.0
S32644,0.0011996031394522382,0.0
S32645,0.0031060312423520317,0.0
S32647,0.0006805556246735631,0.0
S32648,0.0009570992314018753,0.0054136779787483
S32649,0.0023486425980368524,0.0
S32650,0.002480741327572712,0.0
S32652,0.0025370954504260767,0.0
S32653,0.00418356894533796,0.0
S32657,0.0027738017559798753,0.0
S32659,0.0014177889458576141,0.0
S32663,0.001730657842878709,0.0025553618896309
S32665,0.004416452480391497,0.0025724238236466
S32666,0.0031833658536854145,0.0
S32667,0.002009710320001195,0.0
S32668,0.0029423200986021312,0.0
S32669,0.0040869259395982715,0.0
S32670,0.001954233348838261,0.0
S32671,0.00276577600797686,0.0
S32673,0.001759875679191034,0.0
S32676,0.0028351880220176015,0.0
S32677,0.0017805011219247761,0.0
S32678,0.00153542005383374,0.0
S32679,0.0016135207991562347,0.0
S32681,0.0019274546268438974,0.0
S32683,0.0038828802427768234,0.0
S32685,0.0017987794432669565,0.0
S32686,0.0020398482293885025,0.0
S32687,0.0019268199234758704,0.0025674405149345
S32688,0.0014747837364991376,0.0
S32689,0.00394454659214236,0.002531813226559
S32690,0.001982039971783602,0.0
S32693,0.002173777494012052,0.0
S32695,0.002050197399211546,0.0
S32698,0.0012654445738549715,0.0025513477995266
S32699,0.0027453985743049816,0.0025342144445124
S32702,0.0034933148418836322,0.0050955544619422
S32703,0.002132702465420129,0.005127728942264
S32705,0.00311952747988853,0.0
S32706,0.0009363048284953333,0.0
S32711,0.0020825943409152965,0.0
S32713,0.0022104196082631676,0.0
S32715,0.0063788837472826525,0.0
S32717,0.001301452939824901,0.0025680773006768
S32719,0.0032719209814550143,0.0102170349013501
S32720,0.0037356002373058425,0.0
S32722,0.0026011674342683935,0.0
S32723,0.0019217694128217944,0.0025718647312996
S32724,0.004848119763372585,0.0
S32727,0.0018716783772788248,0.0026011001031019
S32729,0.0022732504428882535,0.0
S32731,0.0040553784017824755,0.0
S32732,0.002644606255890713,0.0
S32733,0.0020061902199005133,0.0
S32734,0.000629816018983906,0.0
S32735,0.0067016636633432354,0.0
S32736,0.0006864507957337568,0.0
S32737,0.0020448744437297876,0.0
S32739,0.005057003110088253,0.0
S32741,0.0013211335701367006,0.0
S32742,0.0005344915783967164,0.0
S32743,0.006262359665581572,0.0
S32744,0.0014346267606867853,0.0
S32746,0.00324989518546846,0.0
S32747,0.0033318958245563504,0.0077696312160958
S32749,0.0010177651149185446,0.0
S32752,0.0011409333443602105,0.0
S32754,0.0023376858873058832,0.0
S32755,0.005278919208517263,0.0
S32757,0.0014804407633644656,0.0
S32758,0.002031385426325069,0.0
S32762,0.0022414759877895894,0.0
S32764,0.0037238234921805444,0.0
S32766,0.0005032204318981849,0.0
S32767,0.0007193278666677127,0.0
S32768,0.0035997336355944867,0.0
S32769,0.002351482903082574,0.0050720755198367
S32771,0.0026462398170714486,0.0025664064113686
S32772,0.0032834418963727185,0.0
S32773,0.001880805451815469,0.0
S32775,0.0008859479325443759,0.0
S32776,0.004495494168160166,0.0
S32777,0.0010573377627435838,0.0025345246108969
S32782,0.000761662329140243,0.0
S32783,0.00158522501702703,0.0
S32784,0.0014138433524069625,0.0025532352110143
S32785,0.0017335966928368497,0.0
S32787,0.00273130608864544,0.0
S32789,0.0015155935830547152,0.0025781485055038
S32791,0.000955105054982652,0.0
S32792,0.0016150791962866772,0.0025354167623187
S32793,0.0032506737270904537,0.0
S32794,0.0017144992844211429,0.0051574206670402
S32796,0.002556822448182257,0.0
S32797,0.002105052882622599,0.0
S32799,0.0010326389436239184,0.0
S32800,0.0006788586446356503,0.0
S32801,0.002021184594483795,0.0
S32803,0.0008031410894051056,0.0025845033801352
S32804,0.001418155023989652,0.0025445292620865
S32806,0.003027573467709278,0.0
S32807,0.0013667535255837487,0.0
S32808,0.0024932492543631277,0.0025415234822451
S32809,0.003311944689791423,0.0
S32810,0.0020457775287483515,0.0
S32811,0.00140337999125913,0.0
S32812,0.0032633055905687096,0.0
S32813,0.0028699718441441173,0.0025581239737908
S32815,0.0031995931715854773,0.0
S32816,0.0023520000689799107,0.0
S32818,0.0032211228800642358,0.0
S32819,0.0010593920016615773,0.0
S32820,0.003833684047191886,0.0025787504734627
S32822,0.002341679718724757,0.0
S32824,0.0005907198861912336,0.0
S32825,5.797835963794011e-05,0.0025927143162694
S32828,0.0014085337410338222,0.0026039210755189
S32829,0.003094805860083873,0.0
S32832,0.0006931968050838888,0.0
S32835,0.0008629195342878316,0.0
S32837,0.0005047208947926524,0.0
S32839,0.0017147934767142861,0.0025823681927059
S32842,0.0017017264932576298,0.0
S32844,0.0014574223071577327,0.0
S32846,0.004669201842103673,0.0025565054576504
S32848,0.0023823541283176054,0.0
S32850,0.0007775639020151093,0.0
S32851,0.002579761874160977,0.0
S32852,0.0028856290444853596,0.0
S32854,0.002124597150590741,0.0025918219413111
S32855,0.004224426537583596,0.0
S32856,0.004313747982538034,0.0
S32857,0.003342310425657685,0.0025988966454885
S32859,0.003207177030779078,0.0
S32864,0.0032420384241326266,0.0
S32866,0.002046454248769111,0.0
S32870,0.001576948335610448,0.0
S32872,0.0004922832449334878,0.0
S32873,0.00047139117401884056,0.0
S32874,1.819565673821478e-05,0.0
S32875,1.4934347449723716e-05,0.0
S32876,4.788898646577053e-05,0.0
S32877,1.882377592323552e-05,0.0
S32879,0.00022786473504828725,0.0
S32880,0.00014856013485427003,0.0
S32885,1.8576262422928006e-05,0.0
S32886,0.00028742929071999356,0.0
S32887,0.0019337486827887935,0.0
S32888,0.0005465324566465424,0.0
S32889,0.0002978782169517183,0.0
S32890,8.65422597719241e-05,0.0
S32892,0.00026882106808727646,0.0
S32894,5.535934687247015e-05,0.0
S32895,0.0016371153979883135,0.0
S32896,0.0004821660782789181,0.0
S32899,0.00030627773755179235,0.0
S32900,0.0014070560812085577,0.0
S32902,0.0022839160221228114,0.0
S32903,0.0024724348690241538,0.0
S32904,0.002539562031711759,0.0101795242045326
S32905,0.0014981978084147617,0.0
S32906,0.0008558269837479653,0.0
S32908,0.0023132775071018795,0.0
S32910,0.0020153065859792787,0.0
S32911,0.0019489873608796668,0.0
S32912,0.00014003051618996677,0.0025737026622546
S32913,0.0005912400031692254,0.0
S32915,0.0012366158772257932,0.0
S32916,0.002183195488143122,0.0025515835733464
S32917,0.000941886134543488,0.0
S32918,0.0004958927050041921,0.0
S32919,0.0006308824263227254,0.0052037525652301
S32920,0.001396105690377824,0.0
S32921,8.666672367665385e-05,0.0
S32923,0.0010484701515446869,0.0
S32926,0.0017057928352316107,0.0025670824617132
S32927,0.0025790000915355514,0.0
S32928,0.0030399176011866712,0.0
S32929,0.0008949856672736515,0.0
S32930,0.0018825766142971246,0.0
S32931,0.0020681909154794346,0.0
S32932,0.0031193046419310836,0.0
S32933,0.0018695238802648518,0.0
S32934,0.0031570837509159178,0.0
S32935,0.0011843823674551474,0.0
S32936,0.004171428848718872,0.0
S32937,0.003320411865699128,0.0
S32940,0.0024699605306253503,0.0
S32942,0.001966886699783416,0.0
S32943,0.0034660977184228538,0.0
S32944,0.0032712503843412995,0.0
S32945,0.0017290051944054685,0.0
S32949,0.003861711890834243,0.0
S32950,0.0008144712266853028,0.0025527237613896
S32951,0.0021024441874758592,0.0
S32952,0.0013623044175668788,0.0
S32953,0.0022957997071903526,0.0
S32954,0.0035080098073227177,0.0
S32956,0.001735239912244816,0.0
S32957,0.0010758388670260382,0.0
S32958,0.0020731274790098575,0.0025968190273162
S32961,0.0019168359342588278,0.0025511513546254
S32962,0.0009959637673112882,0.0
S32965,0.002860158367512994,0.0
S32966,0.0005097456443955915,0.0
S32970,0.0020445779657245608,0.0
S32972,0.0009570894501601016,0.0
S32974,0.0011443616297155247,0.0
S32976,0.0008872690988147888,0.0
S32978,0.0038954602179408788,0.0025844227429201
S32980,0.0029202274908418915,0.0
S32981,0.0013679303660501661,0.0
S32984,0.004998792156875323,0.0
S32985,0.0033448105476549233,0.0025350675847997
S32986,0.0016103092999113498,0.0
S32987,0.0019387326015230786,0.0
S32988,0.0006777712280737361,0.0
S32989,0.0029612469442310634,0.0
S32990,0.0006657873547913848,0.0
S32993,0.0028320783875325104,0.0
S32994,0.0036137450409144604,0.0
S32998,0.0006016510024677909,0.0
S33000,0.002680190818015577,0.0126712660557943
S33001,0.0024115451263829585,0.0025448810511331
S33002,0.0014186336684688472,0.0025928360513767
S33003,0.001087814457960625,0.0
S33005,0.0024735361101271996,0.0025397701431367
S33006,0.00033073964228753124,0.0
S33007,7.237518034286403e-05,0.0
S33008,7.858411102275973e-05,0.0051638509652349
S33010,0.0002456204786463252,0.0
S33014,0.0003046167562063671,0.0051832384289677
S33015,9.599037709352953e-05,0.0
S33017,0.0001813306861870679,0.0051705393694438
S33019,5.508059515587789e-05,0.0
S33020,0.001000787454406789,0.0
S33021,0.0007429237614818574,0.0
S33026,0.00010938438090759477,0.0
S33027,0.005355503947393783,0.0
S33028,0.004734931915312069,0.0025697105068585
S33033,0.003718046974141246,0.002550837105698
S33035,0.0030346016839394928,0.0026024076197657
S33037,0.0013229472271218538,0.0
S33038,0.0021307491288257195,0.0
S33039,0.0035989364886373602,0.0025546526032269
S33041,0.0008146896172378617,0.0
S33043,0.0016666302620080837,0.002529764177114
S33046,0.0019628583880904795,0.0
S33047,0.0021490292115225913,0.0
S33048,0.002193739138573899,0.0
S33049,0.005322380218962451,0.0051729611299329
S33052,0.002178159835360091,0.0
S33055,0.002057017064987528,0.0
S33056,0.001751077397217762,0.0101418222630343
S33058,0.0026848622598954334,0.002596167909902
S33059,0.0027401863338607545,0.0
S33060,0.0023730346571359225,0.0
S33061,0.0012548614652183097,0.0025806786613703
S33065,0.0007573580211284873,0.0
S33066,0.0006976347915056315,0.0
S33067,0.0011002174269119321,0.0
S33068,0.00026572353128398603,0.0
S33069,0.001409556853673154,0.0
S33070,0.0018814160443990278,0.0
S33071,0.0001145406231292093,0.0
S33075,0.0023460505558574084,0.0
S33076,0.0007652309282204274,0.0
S33077,0.00010960188828531952,0.0
S33081,0.0017680479357122137,0.0
S33082,0.0012986840327630694,0.0
S33083,0.0010868810527095455,0.0
S33085,0.0009165694142989895,0.0
S33086,0.0007371389677265638,0.0
S33088,0.0019156967872773901,0.0
S33089,0.0016714281489927207,0.0
S33090,0.0022831288740075024,0.0077432421905429
S33091,0.0033885041679179665,0.0025614463668176
S33092,0.002684578699040777,0.0
S33095,0.0010388074263802363,0.0
S33096,0.0009871896177261342,0.0051705393694438
S33097,0.0024472098966790133,0.0
S33099,0.0020416981697960346,0.0025429278975051
S33100,0.0017614274388597592,0.0025672813678392
S33101,1.767646223935939e-05,0.0
S33102,0.0005844081455117591,0.0
S33104,0.004795299669654299,0.0
S33105,0.0019117292874099511,0.0
S33106,0.004194220887863516,0.0
S33107,0.0006889836405496608,0.0
S33108,0.0008042229056445949,0.0
S33110,0.003054894755376285,0.0018102283364475
S33112,0.003915590414625874,0.0036498092478969
S33113,0.002836613696996662,0.010707860690086
S33116,0.0026297995275084943,0.0107746005593253
S33117,0.0018647949709129045,0.0090400782867141
S33118,0.0027343078325776917,0.0035805497620771
S33119,0.003567832012570042,0.0
S33120,0.0024429642520961466,0.0
S33121,0.001915028888463878,0.0036198238158187
S33122,0.003784095157478747,0.0
S33123,0.0038036376120165927,0.003612798173974
S33124,0.0010370439367502339,0.0018299440707234
S33126,0.0009266845189486426,0.0036047797784184
S33128,0.004179071108018927,0.0018220545589858
S33130,0.003583942596482265,0.0
S33131,0.0009559046099286464,0.0035403777590192
S33132,0.0032480886917769635,0.0054309223826123
S33133,0.0015494135851926117,0.0017804048002865
S33134,0.0015869629335104238,0.0053302731630934
S33135,0.003762915817566715,0.0054908026293984
S33136,0.0042154692106726906,0.0071285140562249
S33138,0.001625206114896311,0.0017909522676987
S33139,0.00233120581896903,0.0071911738108157
S33141,0.003138650741251127,0.0123721532311981
S33142,0.0020082437016674093,0.0
S33143,0.003371052457882194,0.0036515388628064
S33146,0.0023173407388706485,0.0
S33148,0.0018496497841866935,0.0018313601073022
S33150,0.0031414299823400455,0.001831724585282
S33151,0.002653696136320215,0.0
S33152,0.003016343837610102,0.0017927546739675
S33153,0.0010750062711805202,0.0053664751868008
S33155,0.0023847065755898296,0.0
S33156,0.0015782742019925418,0.0053538726704729
S33157,0.0012748582764466822,0.0107417653669923
S33160,0.0006179385071935937,0.0
S33161,0.003830057826532119,0.0
S33164,0.003143508107756612,0.0072225249772933
S33165,0.001510722957888497,0.0
S33166,0.0016787039684511655,0.001771589689847
S33168,0.0006349728945978241,0.0
S33169,0.0007800213528530724,0.0018133788684807
S33170,0.0034219095147315663,0.0017751204546022
S33172,0.0016747296291961488,0.0108533056723262
S33173,0.0005894025919654602,0.0035428005232224
S33178,0.0018644148585451295,0.0035841518468838
S33179,0.0030174556658379374,0.0017963509137173
S33184,0.0013226122532695535,0.0054527302050533
S33185,0.001543901625589042,0.0
S33187,0.003176615114117066,0.0091004639954882
S33189,0.004086754616387599,0.0018083116845314
S33190,0.0024825169763772795,0.0018002941325625
S33191,0.0028122027630409544,0.0
S33193,0.0014670505000749013,0.0018125257564651
S33195,0.0008293865646115834,0.001821994442367
S33196,0.003944826263211416,0.0162430686435784
S33197,0.0027652346614683533,0.0
S33198,0.002223494619112706,0.0035679416494371
S33200,0.002992046000431225,0.0
S33203,0.0020080055060181404,0.0017647017050498
S33204,0.0027168413314813985,0.0018167196695544
S33206,0.002237882566505417,0.0
S33213,0.0014484949818879109,0.0052994114134607
S33214,0.0017762595001358569,0.0035747551796188
S33215,0.00228379023975637,0.0036011752728959
S33218,0.0016832736110741048,0.0018186741609215
S33223,0.0003619816633087932,0.0090845945748336
S33224,0.0028035705152758624,0.005485651214128
S33231,0.000932072729812612,0.0088401760208891
S33232,0.0005527797984053718,0.0035737912388184
S33233,0.0019389534530828748,0.00900832318311
S33234,0.0013191333889208973,0.0124339702213739
S33237,0.0021119390429411244,0.0036492464709877
S33239,0.0013158248443704379,0.009091274936983
S33242,0.001620596121200443,0.0
S33243,0.002293726182777738,0.0071218488147567
S33244,0.0015011604113651465,0.0017756531867079
S33247,0.0011052882459105461,0.0
S33250,0.0019860301930688788,0.0
S33254,0.001074919960973083,0.0089388167668461
S33258,0.0028693546099185863,0.0017712108738805
S33260,0.004012034443597894,0.0
S33261,0.0013938146603416216,0.0054213844710604
S33263,0.003213861100054736,0.003552372477333
S33264,0.0019734521816444435,0.001814173182359
S33265,0.005543174648958398,0.0053794282869172
S33266,0.0032554880388276065,0.0089844823347361
S33269,0.003465126392253624,0.0
S33270,0.002358246210704451,0.0
S33272,0.002927326618484505,0.0017807684176958
S33274,0.0043639664489214195,0.0
S33275,0.00341386432098309,0.0017975203622527
S33278,0.002552604515238051,0.0035712104391439
S33279,0.0033082485458874955,0.0
S33281,0.003972485869943338,0.0054480679638257
S33289,0.0015243378534506259,0.0017936086901604
S33291,0.003962637922314317,0.0018158634119963
S33295,0.003837770716245287,0.0035845395994258
S33297,0.0036351771488626,0.0036602924551577
S33298,0.005084481708216281,0.0107285483000539
S33299,0.0036019343647569753,0.0
S33300,0.001869907275423742,0.0054232183581942
S33301,0.0029558614959506475,0.0
S33303,0.0018331520659573555,0.0
S33304,0.0030851774562589375,0.0
S33305,0.0024989191550221397,0.0
S33306,0.004047904179621711,0.0018056115646332
S33308,0.003381779117433923,0.0035324512866438
S33310,0.0028150754261417345,0.0
S33312,0.0028007511264169045,0.0053157922883576
S33313,0.0009717872984058535,0.007096147805477
S33315,0.005787951062653214,0.0036044660567358
S33319,0.004088395692799097,0.0053940827888601
S33320,0.004430822657228922,0.0070573033149445
S33321,0.0037235882674114124,0.0035317358801625
S33322,0.004287784014290298,0.0018187340586313
S33324,0.0018184876041909053,0.0
S33327,0.002810922068930233,0.0017824544792686
S33328,0.0023482524718560667,0.0070594836065864
S33329,0.003931662950853626,0.0036011752728959
S33330,0.0021302555861866528,0.0018114753500849
S33331,0.00336405208213256,0.0
S33333,0.0018173413542404266,0.0071481221796738
S33334,0.005195757209119186,0.0036081950312903
S33336,0.0002117843474955335,0.0035846171600023
S33338,0.0021789035164625752,0.0035748708874599
S33339,0.0032870858462261043,0.0036189144712889
S33340,0.002006839816881599,0.0088279282255686
S33341,0.001884892411776467,0.0053995328371991
S33344,0.002314904015398403,0.0017867029040213
S33345,0.0016598173456115076,0.0091047652546036
S33348,0.0026460025916010296,0.0125476533111161
S33352,0.0013807404752403623,0.00361844021201
S33355,0.0022898960439276484,0.0071917981665979
S33356,0.0019320971462951468,0.0
S33358,0.0008276692215903856,0.0
S33359,0.002152980924957304,0.0
S33361,0.0026863604891199464,0.0017804813389792
S33362,0.0024630038653516762,0.0088549183102606
S33363,0.003747278166149537,0.0124821504172676
S33364,0.0013101087830452904,0.0053274734698252
S33365,0.0014534303510119408,0.0
S33366,0.0016938507222718532,0.0
S33367,0.002790331525106908,0.0
S33368,2.5769410935390368e-05,0.0035852765604429
S33369,0.00036899602504996695,0.0054361498496035
S33371,0.0027562010818872277,0.0036010187187763
S33372,0.002183738968675645,0.0
S33374,0.00010345424537765557,0.0
S33375,0.0014556008091515488,0.0017952024388746
S33376,0.0002742869940357446,0.0054717001904636
S33377,0.00044771512295141056,0.0
S33380,0.003150200930191259,0.0
S33381,0.002706086138652027,0.0036294989903858
S33387,0.0018415183913110533,0.0090331773883393
S33389,0.0023987404319970543,0.0036102787614637
S33390,0.0023521298116166763,0.0052982815231759
S33391,0.0018758127175457402,0.0142212302651815
S33392,0.0020605616319035276,0.0053722760290556
S33393,0.00336242410301626,0.0
S33394,0.004646641694670637,0.0
S33395,0.002508389164952507,0.005496389193015
S33396,0.0021838981287282274,0.0053459254797349
S33397,0.0016169965469230198,0.0018145308506754
S33402,0.000930506578608327,0.0035563379021899
S33403,0.0038031701539020715,0.0018110792866461
S33404,0.0011266986286859388,0.0
S33405,0.0038483708507548505,0.0053597618842205
S33406,0.0029730571767752545,0.0070886328708606
S33408,0.0021238586705093487,0.0036504526340917
S33412,0.0024576376813127856,0.0018001571968256
S33414,0.0022921392761886166,0.0070903014804749
S33415,0.0019046182030047461,0.0035362213660344
S33416,0.004886023051745235,0.0018320689477215
S33418,0.0032573375277974484,0.0
S33419,0.0030666002035357673,0.0054277788698862
S33420,0.001739358664214153,0.0017939582949816
S33421,0.003640186013918808,0.0
S33423,0.0020555273213803287,0.0035489860039988
S33425,0.004515005229141982,0.0
S33427,0.0025822570160890256,0.0036430673600955
S33428,0.002725523904104738,0.0054428175615739
S33429,0.00041853129021229894,0.0072903029436248
S33430,0.0020040612421951954,0.0
S33431,0.0022210117194010085,0.0
S33434,0.0013596640177055558,0.0054753773273107
S33436,0.002233837804099502,0.005373902512867
S33437,0.002512584937114386,0.0036614654702441
S33440,0.0017110492207199875,0.0
S33441,0.0021281758969246937,0.0071480450743928
S33442,0.0020473521713789116,0.0
S33445,0.0002565364994472691,0.0018280258056922
S33446,0.001888952025776719,0.0
S33448,0.00046437996965270525,0.0018187140922896
S33450,0.0011534813710253346,0.0
S33451,0.0020031773893711916,0.0018217740487003
S33452,0.0018409636612528456,0.0018265545007846
S33453,0.0029240794261188286,0.0143793828004354
S33454,0.0033946121726963086,0.0018217940822849
S33455,0.0028473240124718495,0.0018283284222298
S33456,0.003148551734611033,0.0107983617777101
S33457,0.0022359674297279027,0.0036212876337034
S33458,0.00365881595370734,0.0054377557495787
S33460,0.0031863643379412268,0.0018253067580421
S33461,0.0018017318348214155,0.0017691869571408
S33463,0.0038895578991942166,0.0073154127798936
S33465,0.0019273042177705385,0.0090240253326361
S33466,0.002991770788782663,0.0071223846374319
S33467,0.0031910675873743606,0.0
S33468,0.001529175497828206,0.0072623392184583
S33469,0.004739980053221941,0.005336167836973
S33471,2.5345376853904282e-05,0.005361380798274
S33472,0.0008924970454372282,0.0072775727757277
S33473,0.0016550906977611196,0.0
S33476,0.0019348146747378793,0.0035309455047937
S33477,0.0019971873892666568,0.0127504553734061
S33479,0.002638111606330228,0.0090049935135056
S33482,0.002328321570383783,0.0017667153668689
S33486,0.001975569890960661,0.0035862467077966
S33487,0.002467881658278117,0.0
S33488,0.0038189332309719547,0.0017884388404295
S33490,0.0027894921316312577,0.0017873004570742
S33491,0.003957626868651083,0.0052961924958173
S33492,0.004187586351609397,0.0072697486305227
S33494,0.0029158990067466688,0.0036109476376265
S33495,0.0031909289973231316,0.0017954942847646
S33496,0.0011287220563271554,0.0035829503469406
S33497,0.002031798743507886,0.0052932593484072
S33498,0.0014479568397550487,0.0036253291609223
S33500,0.0013860381177473852,0.0
S33503,0.00259336976447437,0.0035511541250906
S33504,0.0032515306813536773,0.0018063596945543
S33505,0.0041497110940337464,0.0017927740743947
S33508,0.0020832707180344144,0.0
S33509,0.002224885188828409,0.0
S33511,0.0033810742664932445,0.0017923861456124
S33512,0.003372155323924753,0.0018131407099339
S33513,0.0029069712110715747,0.0090695747701583
S33514,0.004507228842931992,0.0090110671134125
S33517,0.0012325318230675217,0.0
S33519,0.002872648529944273,0.0018224754864212
S33521,0.0035252692086517085,0.0073166243421294
S33525,0.0016855071863329243,0.0018288531949734
S33531,0.001050654859922516,0.0071122941083873
S33532,0.003740054705791714,0.0
S33534,0.003509044402205822,0.0035448852370151
S33535,0.0036805788751758366,0.0
S33536,0.0022376737738541465,0.0
S33537,0.0048573217870559095,0.0054704354334522
S33539,0.0031729682839041306,0.0017855089958038
S33540,0.002523288641306644,0.0
S33543,0.0009840424376334742,0.0
S33544,0.002170282373072192,0.0
S33546,0.0028176997899665547,0.0036290617013508
S33547,0.0029293955146956407,0.0017998442790663
S33552,0.0027116953726341255,0.0
S33554,0.0034171443545776194,0.0053197752207653
S33556,1.9974790812056355e-05,0.0
S33558,0.0020832997175962574,0.0
S33559,0.005372705085760756,0.0
S33561,0.0012136279831149064,0.0
S33562,0.003127176082498641,0.0
S33564,0.002585650911927957,0.0
S33565,0.001517826029818391,0.0
S33566,0.003244295896899948,0.0
S33567,0.003903298791450785,0.0
S33569,0.002402489492043865,0.0
S33573,0.0018086900378170652,0.0
S33574,0.0019164325063940686,0.0
S33576,0.001733508549949682,0.0
S33577,0.0032499506359119305,0.0
S33579,0.0011743833579756177,0.0
S33582,0.00083005527611503,0.0
S33583,0.00015309210030311563,0.0
S33585,0.0004202373617946039,0.0
S33586,0.0007369487600661016,0.0
S33587,0.001142381951970597,0.0
S33589,0.0004498756716244188,0.0
S33592,0.00022172654712696504,0.0
S33593,0.0002128038245283496,0.0
S33601,0.0005945557985096268,0.0
S33602,0.0021944016958923298,0.0
S33604,0.0010033551417387313,0.0
S33606,0.002227001857304765,0.0
S33610,0.0007310927297058695,0.0
S33615,0.0019295523286185009,0.0
S33616,0.0011306182829612416,0.0
S33617,0.0022806461113051494,0.0
S33618,0.0013465166449705174,0.0
S33619,0.0016413633188644046,0.0
S33625,0.0001404853879152939,0.0
S33626,0.0011913130115888315,0.0
S33627,9.320459301273943e-05,0.0
S33628,0.00045289385980187613,0.0
S33629,7.763442305707103e-05,0.0
S33630,3.9138132675486195e-05,0.0
S33631,5.807070561322689e-06,0.0
S33632,4.6272707506267473e-05,0.0
S33633,0.0017141724499646633,0.0
S33634,0.0002444556897511063,0.0
S33635,1.8837878466810172e-05,0.0
S33637,8.238289006645889e-05,0.0
S33641,0.002984393354841737,0.0
S33642,0.0018313796328001835,0.0
S33645,0.0019497515244061496,0.0
S33646,0.0008995104232272838,0.0
S33648,0.0021375558989202422,0.0
S33650,0.002126864630564469,0.0
S33651,0.0005062582749634172,0.0
S33652,0.00037218083669731766,0.0
S33653,0.00020655551714784113,0.0
S33654,0.0027157345753197853,0.0
S33656,0.0029267276054617836,0.0
S33658,0.0006807377401237317,0.0
S33660,0.00041523172388366824,0.0
S33663,0.0021886669532189067,0.0
S33665,0.0017639858789188652,0.0
S33666,0.0008390101841714232,0.0
S33667,0.0021977432000528166,0.0
S33671,7.75275065969937e-05,0.0
S33672,4.115818187119069e-05,0.0
S33673,0.0010271394729093534,0.0
S33674,0.00028357446913190995,0.0
S33676,0.00027443956348009106,0.0
S33677,0.0006420700720118477,0.0
S33678,0.0004511551768958624,0.0
S33685,0.0005621566954855804,0.0
S33686,0.0005010771644981802,0.0
S33687,0.0006663539413815057,0.0
S33688,0.002457339715334042,0.0
S33690,0.000197096896447109,0.0
S33692,0.003172214234623859,0.0
S33695,0.0019859793142264492,0.0
S33697,0.0016634822077635112,0.0
S33699,0.001590042663909929,0.0
S33702,0.002920294724091184,0.0
S33703,0.0013421699983694807,0.0
S33707,0.0007083818304524944,0.0
S33708,0.0019893643204248863,0.0
S33710,0.001664586610998821,0.0
S33712,0.002404131506652235,0.0
S33713,0.0008206636656751205,0.0
S33714,0.0008950585534376878,0.0
S33716,0.0010572197993478677,0.0
S33717,0.0016770361412971858,0.0
S33718,0.0019034165374611019,0.0
S33724,0.0016115862968135693,0.0
S33725,0.0016278274295221879,0.0
S33726,0.0005965958704670144,0.0
S33728,0.0010262075883355837,0.0
S33730,0.0005596436984459836,0.0
S33732,0.0028911923458323965,0.0
S33733,0.001004844294287777,0.0
S33734,0.001073952898887877,0.0
S33735,0.0020253710291878585,0.0
S33736,0.0035913545323392414,0.0
S33737,0.0028921686794541003,0.0
S33739,0.002605511719033543,0.0
S33744,0.0007917416238686429,0.0
S33746,0.00032448273936400406,0.0
S33747,0.0001976437082672276,0.0
S33748,0.0002564340532802754,0.0
S33750,0.0003448062375811808,0.0
S33752,0.0025204985082444824,0.0
S33753,0.0025367080418128825,0.0
S33757,0.0011789116882683505,0.0
S33758,0.001882476489030505,0.0
S33759,0.0020737652871314497,0.0
S33760,0.0016370526183615366,0.0
S33761,0.0016251749191456626,0.0
S33762,0.001769416621731804,0.0
S33764,0.00424231655664274,0.0
S33766,0.0024261135716052698,0.0
S33767,0.0012142636565676099,0.0
S33768,0.0011429989894887547,0.0
S33770,0.00023452069395654536,0.0
S33771,0.0011370969933988408,0.0
S33772,6.622166712831479e-05,0.0
S33773,1.6049906337013383e-05,0.0
S33774,9.488159695894693e-06,0.0
S33775,8.550260052755957e-05,0.0
S33777,0.0006527955677817284,0.0
S33778,7.510833258036905e-05,0.0
S33779,0.00010033426562869828,0.0
S33780,0.000123292093328143,0.0
S33781,0.0011238327148661807,0.0
S33783,0.0004854109477640464,0.0
S33784,0.0023267808763040854,0.0
S33785,0.0011106004066435624,0.0
S33786,0.0026504046646511487,0.0
S33787,0.0021180016234389303,0.0
S33789,0.0004768620517895483,0.0
S33794,0.00019582500582792135,0.0
S33797,1.58348516163559e-05,0.0
S33798,1.7346057298077808e-05,0.0
S33799,1.682179322168613e-05,0.0
S33800,0.0001318341238792358,0.0147758354144369
S33801,2.312014426980657e-05,0.0
S33802,9.48376396057028e-05,0.0
S33804,0.00044717188902541655,0.0
S33808,0.0014176787212039973,0.0
S33809,0.00033078939438707823,0.0
S33810,1.0800574699952197e-05,0.0
S33812,0.000135016156177842,0.0
S33813,0.0008679252464754209,0.0
S33815,0.00038379704867248695,0.0
S33816,0.00033658463118144285,0.0
S33818,0.00021045761925561396,0.0
S33819,0.001217033323991736,0.0
S33820,0.001403878516898698,0.0
S33823,0.0015071042630751181,0.0
S33824,0.0011706554632683215,0.0
S33829,0.0009865938947101866,0.0
S33832,0.00022590792721126964,0.0
S33833,0.00038261936375484916,0.0
S33834,0.0016009191344899991,0.0
S33836,0.001298379591638389,0.0
S33837,0.003195828380185721,0.0
S33838,0.0011106341129739448,0.0
S33840,0.0026459636694810638,0.0
S33841,0.0020772458705669264,0.0
S33843,0.0012721543090693675,0.0
S33844,0.0006598972955616253,0.0
S33845,0.0008862243692003369,0.0
S33846,0.00012711158788143392,0.0
S33847,2.340773480459515e-05,0.0
S33848,1.741441747435287e-05,0.0
S33849,0.0003945955201113223,0.0
S33851,0.00033128904824741053,0.0
S33852,2.695162112317938e-05,0.0
S33853,5.96748027000509e-05,0.0
S33854,5.7934057482864766e-05,0.0
S33857,0.0014114175729876897,0.0
S33862,0.0016818159462134163,0.0
S33863,0.0012444693983323374,0.0
S33864,0.0028079805040461354,0.0
S33865,0.0044929911559105,0.0
S33866,0.0003419149961625877,0.0
S33870,0.0028205190512801083,0.0
S33871,0.003460879770690661,0.0048466054258576
S33872,0.0006428666305792322,0.0
S33873,0.0036789660572511566,0.0
S33874,0.0049394132507711835,0.0
S33876,0.0018412812919771761,0.0
S33878,0.0026559423723851363,0.0
S33879,0.003658771544099759,0.0
S33880,0.0032501642370906317,0.0
S33881,0.0020067438726733768,0.0
S33882,0.0029478519494849065,0.0
S33887,0.0028149638707462505,0.0
S33888,0.0032648028139711216,0.0
S33889,0.0015247086421026155,0.0
S33892,0.0030087051525314813,0.0
S33895,0.005203410429986017,0.0
S33896,0.0037910197806680992,0.0
S33897,0.0022082820192831773,0.0047509798298441
S33899,0.0013307254237774188,0.0
S33901,0.0032903811704637137,0.0
S33902,0.0010517016129671388,0.0
S33903,0.004176761500808087,0.0
S33904,0.001345690262268533,0.0
S33906,0.0013742705021030995,0.0
S33907,0.0022129858925126356,0.0
S33911,0.0022083998969612737,0.0
S33912,0.0025936128568979084,0.0
S33913,0.002236277590589621,0.0
S33914,0.0023889422532692214,0.0
S33915,0.0022175095996753735,0.0
S33917,0.0002664761649415956,0.0
S33918,7.364575877844322e-06,0.0
S33921,2.59633675422208e-05,0.0
S33922,3.744678011873412e-05,0.0
S33923,0.00015992455695588398,0.0
S33924,6.869649339053198e-05,0.0046725237739325
S33926,0.0013532550567599156,0.0145242645812511
S33927,0.0014825566073794537,0.0276543653749026
S33928,0.0030870073664868436,0.0079570925392251
S33931,0.0036001560150831454,0.0
S33938,0.0022699126784467387,0.0
S33940,0.004124060804546078,0.0132913762056731
S33943,0.00022576931995505628,0.0
S33944,0.0003990431456744498,0.0
S33946,0.0007542050195097586,0.0
S33947,0.0001131994915426194,0.0
S33948,0.001235073724969398,0.0
S33952,0.0021089377294523505,0.0
S33953,0.002916811803584522,0.0
S33954,0.0006952874094177681,0.0
S33955,0.0006815480646160862,0.0
S33958,0.00074747457756673,0.0
S33960,0.00037004221312797393,0.0
S33961,2.5618227136533026e-05,0.0
S33964,0.004381535246548493,0.0
S33967,0.00026554548718570265,0.0
S33974,0.0031160195315723385,0.0188475871675381
S33975,0.002089666780848878,0.0
S33976,0.0019573541016463607,0.0173875154649339
S33977,0.002968571349000688,0.0142563178148867
S33978,0.0026560689897876747,0.0113604265956109
S33979,0.0008445225001797074,0.021193650846054
S33980,0.0031424371078231077,0.007822176894517
S33981,0.0015594848243407333,0.0094609128869925
S33982,0.0017175231281459612,0.0
S33985,0.0030219187161157077,0.0
S33986,0.0021118197646867775,0.0
S33987,0.0027103772065142943,0.0097102553582244
S33988,0.0032872114355782713,0.0
S33991,0.001039053128855058,0.0008095952512433
S33994,0.0036506142222486803,0.0151661486679269
S33998,0.0012300724114401756,0.0
S34000,0.004067903731455589,0.0
S34005,0.00227038119525261,0.0180161863558634
S34006,0.001411012209988262,0.0144405381061684
S34008,0.0016406296666192656,0.0196830339157807
S34009,0.003865571896599779,0.0060724633032917
S34010,0.005155022723907861,0.0
S34014,0.0007814069612850671,0.0
S34017,0.003297738860213848,0.0
S34020,0.003872359368488423,0.0
S34021,0.002074995508005245,0.0
S34023,6.186607127018545e-06,0.0
S34024,0.0023069499007175674,0.0
S34025,0.0006261003466022774,0.0
S34027,0.0005264160639856354,0.0
S34028,0.002901631430431668,0.0
S34030,0.000851118552671664,0.0
S34031,0.0004955059592007768,0.0
S34032,0.0004076695985398935,0.0
S34033,0.0006358670959477897,0.0
S34035,0.0002930159527659877,0.0
S34037,0.0007718317716207746,0.0
S34038,0.004354067190802195,0.0
S34039,0.002457664405069784,0.0
S34041,0.0017731356927262547,0.0
S34042,0.0021332114799632053,0.0
S34043,0.0026626217429303956,0.0
S34044,0.002079699644838932,0.0
S34046,0.003020597251260571,0.0
S34047,0.0004009937344833146,0.0224807533992527
S34049,0.0009445245051882889,0.0144805292240097
S34051,0.0029640795271463384,0.0024353672161351
S34052,0.004685728933690362,0.0076806469332906
S34053,0.0010961270593580178,0.0209905204101373
S34055,0.001889888687871509,0.008702725591139
S34056,0.001415524432622863,0.0055857938763386
S34061,0.002867103200315506,0.0070416216037517
S34063,0.003893285440317299,0.0
S34067,0.003243720463046657,0.0
S34068,0.0039084673029995695,0.0168352591977846
S34069,0.0015987571136729744,0.0126671604820275
S34070,0.0010626207457438827,0.0093623027120392
S34071,0.0018557295558486197,0.0222438544079308
S34073,0.0009327196291355736,0.0015627235409994
S34074,0.005232478114015271,0.0
S34075,0.0030961751862954943,0.0047609468249178
S34076,0.003994333269759532,0.0
S34077,0.0042954523234740895,0.0
S34078,0.002544376100077986,0.0
S34080,0.003986092443908586,0.013983228418398
S34082,0.0007495764946839875,0.0098964101197341
S34083,0.0009668012790933177,0.012567250183325
S34084,0.0031308342910055,0.0071565022895047
S34085,0.002966006962682737,0.0080701707770362
S34086,0.00433489355291582,0.0
S34094,0.0016100704904440416,0.0
S34095,0.0034568076548107275,0.0
S34096,0.0022160100775077945,0.0
S34097,0.003695538728398022,0.0
S34099,0.0032145172231775885,0.0
S34100,0.001747967087917544,0.0
S34102,0.0024777547225787295,0.0
S34103,0.004911194210980137,0.0
S34106,0.0038386060222287484,0.0
S34107,0.0016431041511516227,0.0
S34109,0.0015006947261531414,0.0
S34110,0.0012814753444050572,0.0
S34112,0.0038623036573701575,0.0
S34113,0.002545939274872177,0.0
S34115,0.0012247392634322158,0.0
S34116,0.0011676823990289203,0.0
S34117,0.0003706804944208471,0.0
S34118,0.00027424223363177816,0.0
S34119,0.002044868503264772,0.0
S34121,0.00012564170331981958,0.0
S34122,0.0006564975423826555,0.0
S34123,0.002053553344839929,0.0
S34124,0.001412869237453057,0.0
S34126,0.0004995059689697982,0.0
S34128,0.0014098019670282093,0.0
S34129,0.0018188407956593936,0.0
S34130,0.003893073365805421,0.0
S34131,0.0010158779348184545,0.0
S34132,0.004013757164082235,0.0
S34135,0.0022078811377504804,0.0
S34136,0.00267699490781036,0.0
S34140,0.0022545815662512137,0.0
S34142,0.001007969091638967,0.0
S34144,0.002726726688241509,0.0
S34146,0.00112270257753161,0.0
S34147,0.00016445675692243535,0.0
S34150,0.0006502537956349425,0.0
S34151,0.00030973693179922113,0.0
S34152,0.0005904222628269442,0.0
S34154,0.0028199359659406573,0.0
S34155,0.002636663922938084,0.0
S34156,0.00138821443274004,0.0
S34164,0.000715811250965394,0.0
S34165,0.00102135783739642,0.0
S34168,0.003196428954900346,0.0
S34169,0.006559435393402683,0.0
S34170,0.000985583413399889,0.0
S34175,8.77592630324971e-05,0.0
S34176,0.0019292255604449215,0.0048095998451637
S34179,0.003423988188314804,0.0
S34180,0.0008012426083984186,0.0
S34181,0.0002498088928213144,0.0
S34182,0.0018920190072625235,0.0
S34186,0.0034559107326762126,0.0
S34187,0.00180610497871959,0.0
S34189,0.0002045182640834868,0.0
S34190,0.00036742572163480795,0.0
S34193,0.0043339797933739715,0.0113413515776202
S34194,0.0034835715294125637,0.0114003245766453
S34195,0.0027126419077562213,0.0154087403766762
S34200,0.0033220814469605924,0.0129957857395003
S34201,0.0025317952084223747,0.015918573107624
S34202,0.0014877673910523256,0.012097166780255
S34205,0.002886975255719451,0.0030526521066831
S34206,0.0036857184337090333,0.0198740218942142
S34209,0.002926554853540364,0.0109581360774345
S34210,0.0007850784672961335,0.0173307445315747
S34211,0.002976908087614089,0.0062476168128354
S34212,0.0039209515301619055,0.001481832642358
S34214,0.0020958953236518913,0.018913546853548
S34215,0.003687468621700313,0.0144480944213494
S34216,0.0024000590529269362,0.0093712583318405
S34218,0.0033959019313654364,0.0116495478475292
S34219,0.0023198225632393133,0.0209822875555301
S34221,0.0020968353594533707,0.016623252217214
S34222,0.0008714598303650774,0.0345851406833522
S34224,0.002102407449870211,0.0176894055456
S34226,0.003145483106269507,0.0097340552034806
S34230,0.004705721350811389,0.0146376662199773
S34231,0.0037131738369534434,0.0107361134898849
S34232,0.003017978215483704,0.0160606231974212
S34234,0.0017778458297337827,0.0223121967917799
S34236,0.001408430108622098,0.0093749705263753
S34238,0.00016160227152758232,0.0
S34242,0.0001735675439202072,0.0
S34243,0.00010471921824274777,0.0
S34249,0.00010154827539621226,0.0
S34250,4.1400701876581e-05,0.0
S34252,0.000311543489068578,0.0
S34253,0.001553391845436105,0.0
S34255,0.0016061504791918867,0.0
S34258,0.0004281184072017246,0.0
S34259,0.0006029765339111046,0.0
S34260,0.0016421889107846325,0.0
S34261,0.0023509326406248926,0.0
S34262,0.001183907266615982,0.0
S34263,0.002711283138148281,0.0
S34270,0.002559250138568589,0.0035700175986783
S34271,0.00226423883900502,0.0
S34272,0.006640637468935753,0.0
S34274,0.0004000852698751256,0.0
S34275,0.0007285559204550042,0.0
S34276,0.0027140161293026576,0.0
S34278,0.0024338413334744997,0.0
S34282,0.002648516634911199,0.0
S34284,0.00018844185282921233,0.0
S34285,0.0030289583727795485,0.0
S34288,8.103145601829901e-05,0.0
S34289,0.001577034699023626,0.0
S34291,0.0012089139567009492,0.0
S34294,0.0011514795898468805,0.0
S34295,0.0013279867576142293,0.0
S34297,0.0023639272488475745,0.0
S34298,0.0006559499567886961,0.0
S34300,1.9342235340370617e-05,0.0
S34301,0.0008021479640128686,0.0
S34302,0.0001839157808777063,0.0
S34303,0.0007948379124972625,0.0
S34304,0.0015667536616136202,0.003592000751646
S34311,0.0020248869116810926,0.0
S34314,0.0024964194816705634,0.0
S34316,0.0014125173748575064,0.0
S34318,0.0011288429057558914,0.0
S34320,0.0021079488632234303,0.0
S34321,0.0025862305718544554,0.0
S34322,0.002337858566256604,0.0
S34323,0.0019770877700708007,0.0
S34325,0.001987646870527835,0.0
S34326,0.0043069110758990285,0.0
S34327,0.0007344427270506613,0.0
S34328,0.002097534398918312,0.0
S34330,0.0028465869744896534,0.0
S34331,0.0005776174370340365,0.0
S34333,0.0018701279309570247,0.0
S34335,0.0002744651788041292,0.007032886171959
S34336,0.0006253683289751127,0.0
S34337,0.0009092691527899871,0.0
S34341,0.0022084009990509905,0.0035647938946628
S34342,0.00190380703083457,0.0
S34344,0.0022788012332874844,0.0
S34345,0.003372480624803118,0.0
S34346,2.1749938791882202e-05,0.0
S34347,0.001640621507621311,0.0
S34349,0.0013888796828242492,0.0
S34353,0.0013899062382303543,0.0
S34355,0.0016386495901942828,0.0
S34356,0.0007904591641763981,0.0
S34358,0.004187607012895804,0.0
S34360,0.0014951307784542359,0.0
S34361,0.0017853267798759844,0.0
S34364,0.0016968990719273824,0.0
S34365,0.0009722210885754019,0.0
S34367,0.0012360296689469315,0.0
S34369,0.003670304518672588,0.0
S34370,0.004224742436070513,0.0
S34371,0.005545156176644615,0.0
S34373,0.0012549051065646184,0.0035189079348895
S34375,0.001304847290809317,0.0
S34376,0.002639803357637318,0.0
S34378,0.002974065652517411,0.0
S34379,0.0007662642638524115,0.0
S34380,0.0018144513336448692,0.0
S34381,0.001747782145089312,0.0
S34382,0.0015353083921515781,0.0
S34383,0.002296968428394029,0.0
S34387,0.0026127305959885486,0.0
S34388,0.0010159236395231798,0.0
S34389,0.0014005124904361182,0.0
S34390,0.0016439541257164132,0.0
S34391,0.0024479462843636844,0.0
S34392,0.002829681263212797,0.0
S34393,0.003325850544474887,0.0
S34397,0.0027509728237193488,0.0
S34398,0.003423170451422498,0.0
S34402,0.0029901443864469896,0.0
S34404,0.0021108281896413737,0.0
S34405,0.0002310674175463273,0.0
S34406,0.005058999473721634,0.0
S34409,0.004432903960905654,0.0
S34410,0.004030405406440028,0.0
S34411,0.003593157459500676,0.0
S34413,0.002464975100991426,0.0
S34414,0.0027685684328969916,0.0
S34415,0.003248955819620352,0.0035379205284813
S34419,0.00014757201204950595,0.0
S34421,4.0477751028794004e-05,0.0
S34423,0.001031727017929826,0.0
S34427,0.0022690887607781022,0.0
S34428,0.002409578214970576,0.0
S34433,0.004007513471848986,0.0
S34434,0.001507439946103317,0.0
S34435,0.0013491346138395954,0.0
S34436,0.0019646553619013987,0.0
S34440,0.00013582711222389992,0.0
S34443,0.0009184722521640252,0.0
S34444,0.00030312404205336263,0.0
S34448,0.001012476757342157,0.0
S34449,0.0020798675132626585,0.0
S34451,0.00017032917635664377,0.0
S34453,0.0001803647298344474,0.0
S34455,0.00015278998305349924,0.0
S34456,0.003328942264859346,0.0
S34457,0.0015588829145493286,0.0
S34458,0.004382069904158396,0.0
S34459,0.0041555361308815274,0.0
S34460,0.0015904632200260526,0.0
S34462,0.0017129356581644637,0.0
S34465,0.0001405135850645992,0.0
S34469,0.00213305001812263,0.0
S34470,0.0013619529774541823,0.003542080919088
S34471,0.0002975480318817619,0.0
S34473,0.002758888427119009,0.0
S34474,0.00019455813738410643,0.0
S34475,0.0005382954890428186,0.0
S34478,0.0010813345077294641,0.0
S34479,0.0009780862368064854,0.0
S34481,0.0009345033628915049,0.003561268872217
S34484,0.001695103726845179,0.0
S34485,0.0022151232064491757,0.0
S34486,0.002593110874707725,0.0
S34487,0.0026135020516250855,0.0
S34494,4.754893891727026e-05,0.0
S34497,0.00015356287246253886,0.0
S34498,2.408479986881922e-05,0.0
S34499,3.280909429311207e-06,0.0
S34501,0.0001599449805005758,0.0
S34502,9.58772119291235e-05,0.0
S34503,2.242257645228973e-05,0.0
S34504,0.0001259243988851478,0.0
S34505,0.00036247643922736474,0.0
S34506,0.0002182614239626663,0.0
S34507,0.0017443789948351092,0.0
S34508,0.0010676801425897524,0.0
S34509,0.0006959435252982542,0.0
S34510,0.00034447768882121376,0.0
S34511,0.00042591140995618603,0.0
S34513,0.0015495137492911512,0.0
S34514,0.00015087948221503833,0.0
S34515,0.00020961531728591544,0.0
S34516,0.0016527719776232687,0.0
S34519,0.0007227824503608362,0.0
S34525,0.00022230735894168848,0.0
S34529,0.0019236835563369208,0.0
S34530,0.0004659775580177082,0.0
S34532,0.0017456276849655058,0.0
S34534,0.002035845605521703,0.0
S34536,0.0016086477301805778,0.0
S34537,0.0020200692684207385,0.0
S34538,0.0015923682146216618,0.0
S34541,0.003605687345988145,0.0035631071441373
S34542,0.00604805710689091,0.0
S34543,0.0015892610476864243,0.0
S34544,0.0013599229575717968,0.0
S34545,0.001785018084124462,0.0
S34546,0.0004985880242963031,0.0
S34548,0.001104569338652017,0.0
S34549,0.0020204283389538644,0.0
S34550,0.003147297020059573,0.0
S34551,0.0029264565173543877,0.0
S34552,0.0032805745961433006,0.0
S34554,0.002900596421182297,0.0
S34558,0.004247868359233235,0.0
S34559,0.0034246873348956867,0.0
S34560,0.0038914713524207255,0.0
S34561,0.0028098516570783114,0.0
S34563,0.0011911557992039538,0.0
S34564,0.0026673773228563687,0.0
S34565,0.0032341658036796356,0.0035593560215423
S34566,0.000760147166185573,0.0
S34570,0.0024940698247700663,0.0
S34573,0.00339429555531466,0.0
S34574,0.002262924345085124,0.0
S34577,0.0032275724830906206,0.0
S34578,0.0034727773283185193,0.0
S34582,0.0008899934033767712,0.0
S34583,0.001981635632652515,0.0
S34585,0.00013249338263573844,0.0
S34587,0.0006974435375583275,0.0
S34589,0.0006495910000516645,0.0
S34590,0.0003865074135019367,0.0
S34591,0.0024730081504937204,0.0
S34592,0.0021665393767242545,0.0035888881667785
S34594,0.0018659838560332322,0.0
S34595,0.003142466618802772,0.0
S34596,0.0024487441521354224,0.0
S34598,0.004605632433312267,0.0
S34599,0.0020687980582194945,0.0
S34601,0.0018376351555879117,0.0
S34603,0.0002002140340847179,0.0
S34604,0.00017404850765584807,0.0
S34605,0.0002516318319642735,0.0
S34606,0.00010756742898974906,0.0
S34608,6.24656045788006e-05,0.0
S34609,5.9086033624210156e-05,0.0
S34612,0.00014114786869767588,0.0
S34614,3.739295325482374e-05,0.0
S34616,0.00025204682580191314,0.0
S34620,0.0012161054288114207,0.0
S34622,6.60372776680027e-05,0.0
S34623,0.0009526356290593409,0.0
S34624,0.00023215499153055188,0.0
S34630,1.1822932049797073e-05,0.0
S34632,0.00022717571660428823,0.0
S34633,0.00016596477518817247,0.0
S34635,0.00138978678963534,0.0
S34637,0.004990504069003107,0.0
S34638,0.0009986363074542262,0.0
S34639,0.001498218176846948,0.0
S34640,0.0042860210906392,0.0
S34644,0.0017486483453005774,0.0
S34645,0.002136508527172977,0.0
S34646,0.0044622105861838795,0.0
S34647,0.0011634272329698791,0.0
S34648,0.0031616371303052077,0.0
S34649,0.0019462118579935395,0.0
S34650,0.003230811136495141,0.0
S34652,0.0027475801097725135,0.0
S34654,0.001996589982928558,0.0
S34655,0.0023756534300899065,0.0
S34656,0.0006964334282895698,0.0
S34657,0.0023777375353019746,0.0
S34658,0.0014086957382253643,0.0
S34660,0.0008454024360289075,0.0
S34661,0.0052783854035726155,0.0
S34662,0.0023421862621241865,0.0
S34663,0.0011096583144974404,0.0
S34664,0.0019018371806312033,0.0
S34665,0.0024475663500386933,0.0
S34667,0.0017383738758033728,0.0
S34671,0.0020059070888245483,0.0
S34674,0.0038492687267932604,0.0
S34679,0.003123554251472858,0.0
S34680,0.0014828047788581016,0.0
S34681,0.00304662626882483,0.0
S34682,0.0019807862839555353,0.0
S34683,0.0020694301853864186,0.0
S34686,0.0039023993236499124,0.0
S34688,0.0015748233394313567,0.0
S34689,0.005135775657139319,0.0
S34692,0.0008608481565829898,0.0
S34693,0.003441199603352611,0.0
S34694,0.002369056875195701,0.0
S34698,0.0020438471807353135,0.0
S34699,0.004349035918042067,0.0
S34700,0.0024786078674023495,0.0035791186870323
S34702,0.0031370356635886144,0.0
S34703,0.0024080470978941103,0.0
S34705,0.0010670998016928338,0.0
S34706,0.0016915291694497166,0.0
S34707,0.002128265209542403,0.0
S34710,0.00160738524572575,0.0
S34714,0.002778870831871055,0.0035829890924295
S34715,0.0008067811933972291,0.0
S34716,0.001555265918281708,0.0
S34718,0.003028550093127494,0.0
S34719,0.0017226922471567604,0.0
S34720,0.0030831721066673793,0.0
S34722,0.0027748007011369627,0.0
S34726,0.0017589255506631528,0.0
S34727,0.0029202987570209537,0.0
S34728,0.0007500622311146289,0.0
S34730,0.0032440647664646605,0.0
S34731,0.00250656896174242,0.0
S34732,0.0012379582479178012,0.0
S34737,0.0020221138051469295,0.0
S34741,0.0008062663199574685,0.0
S34743,0.0006467104988016447,0.0
S34744,0.00016004211965580783,0.0
S34746,0.0008581525158590375,0.0
S34747,0.0001004144334347896,0.0
S34748,9.744317478359344e-05,0.0
S34749,0.00018223185925685502,0.0
S34751,0.00034219463177343807,0.0
S34752,0.00019887431279926528,0.0
S34755,0.0011472561828897723,0.0
S34756,0.001790073680021459,0.0
S34762,0.002068495202173081,0.0
S34763,0.00019649244125940205,0.0
S34764,6.75498159499691e-05,0.0
S34765,0.0002504120192505156,0.0
S34766,6.151480442364755e-06,0.0
S34767,7.330101389564296e-05,0.0
S34768,3.7679355470573024e-05,0.0
S34769,0.0003453700607631432,0.0
S34771,5.904697065985432e-05,0.0
S34778,0.0017911993441012714,0.0
S34780,0.001598309659193168,0.0
S34783,0.0005744057105040037,0.0
S34785,0.0036264260040780576,0.0
S34786,0.0017426209000744475,0.0
S34787,0.0008200535770659782,0.0
S34788,0.0020048498561750024,0.0
S34789,0.007217824091630848,0.0
S34790,0.002414600740686843,0.0
S34792,0.0006483383617583239,0.0
S34793,0.002277918941014529,0.0
S34795,0.0010903051051229294,0.0
S34798,0.0026606912284552428,0.0
S34799,0.0009302846280165416,0.0
S34801,0.003727864242922713,0.0
S34802,0.002325382938667145,0.0
S34807,0.003813528900449818,0.0
S34809,0.002657764671088949,0.0
S34812,0.001651853536344906,0.0
S34814,0.001556924680405502,0.0
S34815,0.004396725287334811,0.0
S34816,0.0020234794601646272,0.0
S34817,0.0016785247363495395,0.0
S34818,0.00365173167023735,0.0
S34819,0.0028232013707074686,0.0
S34822,0.0029935718945471226,0.0
S34824,0.002991892461382885,0.0
S34826,0.0039032598929404465,0.0
S34829,0.0018054348622779939,0.0
S34830,0.0015350174272562103,0.0
S34831,0.0027727655664549237,0.0039733934538942
S34833,0.0038912053322024925,0.0
S34834,0.0014466263282153673,0.0
S34835,0.0007702759215406365,0.0
S34838,0.0006541868728988904,0.0
S34839,0.0022131416796355927,0.0
S34840,0.001011848381980015,0.0
S34842,0.001311809604933057,0.0
S34844,0.0023159980156184793,0.0
S34845,7.270943712018813e-05,0.0
S34846,0.001218649222348082,0.0
S34848,0.0014666633355558869,0.0
S34849,0.0012479722767545286,0.0
S34850,0.0009794580307433114,0.0039863965221297
S34851,0.0001575088944374238,0.0
S34852,0.0003494461039093663,0.0
S34853,7.506953710339969e-05,0.0
S34854,0.001396325089656951,0.0
S34856,0.003414722002001755,0.0
S34857,0.0024002027107409936,0.0
S34859,9.284259161397422e-05,0.0
S34862,1.1195775286376104e-05,0.0
S34865,6.70148061625594e-05,0.0
S34867,0.00010740878698165324,0.0
S34871,2.421670907071955e-05,0.0
S34872,8.446162814774568e-05,0.0
S34873,0.00014988452063386808,0.0
S34875,0.0007028344584910673,0.0
S34876,5.794456209242907e-05,0.0
S34877,2.8433774020513367e-05,0.0
S34879,0.001099905581686604,0.0
S34880,0.0006955608282745024,0.0
S34881,0.0001101388565211603,0.0
S34882,0.00014818683067343815,0.0
S34883,0.00020773607278188908,0.0
S34886,0.0003752761218038673,0.0
S34888,0.00010312080993825274,0.0
S34889,0.0002119340422665013,0.0
S34890,9.990175883338855e-05,0.0
S34895,0.00014167919493743796,0.0
S34896,4.232595397737226e-05,0.0
S34897,0.00031832988357721493,0.0148846960167714
S34898,0.0014926127045361164,0.0
S34901,0.0003622927172575459,0.0
S34902,0.0002823166460998416,0.0
S34904,0.0004472148331126626,0.0
S34906,0.0035743512852954126,0.0
S34909,0.0013023289981540748,0.0
S34910,0.001427751324486735,0.0
S34911,0.0005645625209652539,0.0
S34913,0.00041298201286495357,0.0
S34915,0.0013845128887205094,0.0
S34918,0.0005641157592778283,0.0
S34920,0.00021706857091438123,0.0
S34921,0.0015251550069641051,0.0
S34923,0.00039295484152597373,0.0
S34924,0.0004479524886601214,0.0
S34927,0.003375561457267292,0.0
S34928,0.000411571766336565,0.0
S34929,0.0011034684816744107,0.0
S34930,0.0009789274801971723,0.0
S34932,0.00245246212335897,0.0
S34933,0.000969474098246165,0.0
S34934,0.00045771308206002815,0.0
S34935,0.0017812192387884661,0.0
S34936,0.0013998252203546316,0.0
S34937,0.0005328301281110966,0.0
S34938,0.0007584046446832448,0.0
S34940,0.0014405088186092924,0.0
S34941,0.0010722893392686357,0.0
S34942,0.0010887489288480634,0.0
S34944,0.0007164343652441979,0.0
S34945,0.0010247816792383637,0.0
S34946,0.0017868131015527336,0.0
S34948,0.0002471988561925508,0.0
S34951,0.0003685017456149197,0.0
S34952,0.0003790149238174132,0.0
S34953,0.0015039600948019726,0.0
S34954,0.004003724591331316,0.0
S34955,0.0032202156074741355,0.0
S34956,0.002476833992794212,0.0
S34957,0.002057790900753356,0.0
S34958,0.0007058966917857341,0.0
S34959,0.0018477615007833868,0.0
S34961,0.003872511230958212,0.0
S34962,0.0027159677229028146,0.0
S34963,0.003586998456499531,0.0
S34964,0.00347202967624322,0.0
S34965,0.00391668063575796,0.0
S34966,0.0033874984969093145,0.0
S34967,0.0001352759186354146,0.0
S34968,0.00010692764890715052,0.0
S34969,0.000195646729139842,0.0
S34970,6.916815560982426e-05,0.0
S34971,0.00016583179102212057,0.0
S34973,0.00033418072304579544,0.0
S34974,0.002694611931668257,0.0
S34976,0.0034641007467843803,0.0
S34978,0.001461344153737338,0.0039322731228736
S34979,0.0007227433019229812,0.0
S34980,0.0008274930454558274,0.0
S34982,0.00034608458954330434,0.0
S34985,0.0007733001205252675,0.0
S34987,0.0006684574893601573,0.0
S34988,5.0988275540500505e-05,0.0
S34990,0.00014437751389036866,0.0
S34992,0.001949529549824454,0.0
S34993,0.0013704166564219968,0.0
S34995,0.0006407517040318807,0.0
S35000,0.0012267900527694639,0.0
S35001,0.00154096553651126,0.0
S35003,0.0014618194501512904,0.0
S35004,0.0008723957053735161,0.0
S35008,0.00372461986132797,0.0
S35009,0.0024434524213601677,0.0
S35013,0.0006031919723950779,0.0
S35015,0.00010512690266709034,0.0
S35016,0.0028979752969686395,0.0
S35019,0.001457562866270034,0.0
S35022,0.0035445256591263518,0.0
S35024,0.0013252630848148035,0.0
S35025,0.001653447829143531,0.0
S35026,0.0019079090284902507,0.0
S35027,0.0018068237253161994,0.0
S35030,0.0023100420336554,0.0
S35032,0.0013454741821915133,0.0
S35035,0.0009829322376297006,0.0
S35037,0.001860319660367419,0.0
S35040,0.00030287445384059815,0.0
S35043,0.0008711360600897913,0.0
S35044,0.0004766793868187877,0.0
S35045,0.0012864266356888466,0.0
S35046,0.00015738093313163095,0.0
S35047,0.0018214867041543305,0.0
S35048,0.0006288777816914468,0.0
S35049,0.0011490771739217768,0.0
S35054,0.0033456361921153084,0.0
S35056,0.0026866654292583953,0.0
S35057,0.0008334632850959292,0.0
S35059,0.0019939321337366965,0.0
S35061,0.0012041280739886165,0.0
S35062,0.003587806213212864,0.0
S35064,0.0015828371913619481,0.0
S35069,0.0034638415414554448,0.0
S35070,0.0002455993187539391,0.0
S35071,0.003549544348934277,0.0
S35072,0.0006386049581943612,0.0
S35073,0.0008204654697482449,0.0
S35075,0.0014457729942117367,0.0
S35076,0.0020078071788450468,0.0
S35078,0.002399984456723887,0.0
S35079,0.0015139567549766926,0.0
S35081,0.00312826518825103,0.0
S35083,0.00024547857207229176,0.0
S35090,0.0028308679575538374,0.0159072170755813
S35091,0.003539827316855632,0.0219467941549679
S35092,0.0028869657587629414,0.0092745386057001
S35094,0.001689682026539332,0.048591629736757
S35095,0.0006517993648995405,0.0161454638068729
S35098,0.001648969862966557,0.0196526379970559
S35099,0.0009788243893334115,0.0155804257186745
S35100,0.00044665165709032166,0.0196925980757662
S35103,0.001328843355886193,0.0171144610706272
S35104,0.0020223227895593745,0.0089405212485788
S35110,0.00025914445920320774,0.0155406593836111
S35114,0.002049606875963375,0.0209558746020702
S35115,0.0033013913893085514,0.0180972248650959
S35116,0.0013506162476258777,0.007883820718427
S35118,0.0024146181250831456,0.0034914189773022
S35119,0.003500800713914498,0.0219611378129256
S35120,0.0011900573667018937,0.0165541590798063
S35121,0.0016535303388118556,0.0208228590581531
S35122,0.0006786514374887509,0.0237731669714508
S35123,0.0015252403160653017,0.0116362006584035
S35124,0.0004021410484104289,0.0272797874514612
S35125,0.0028094127048575667,0.0257593034103866
S35126,0.0021017888343873156,0.020686241776219
S35128,0.0021048593248229773,0.0179099099099099
S35129,0.002794248583213763,0.0117097306212204
S35130,0.0012614669967645883,0.0182783242093148
S35131,0.0028787398556679175,0.0134055850310594
S35136,0.0028222640366561543,0.019281922954751
S35139,0.0033678769512007585,0.0156162610209327
S35140,0.0031771826354219926,0.0008690801564694
S35141,0.002968253896813383,0.0291184093966337
S35142,0.0031669618324864533,0.0227747337274232
S35143,0.001731426079479626,0.0383111637343594
S35144,0.004048166687300176,0.0211655719388956
S35145,0.0008485788933083878,0.0083645011657999
S35150,0.0022465911872279845,0.0177173494560025
S35154,0.0013948225981337584,0.0154711181151384
S35158,0.0027194284223147763,0.0187884310297853
S35160,0.003454926194039754,0.0168880866931111
S35161,0.00357428094169283,0.0010116368773191
S35162,0.0017148220654994739,0.0197045819298279
S35163,0.0028797128127080753,0.0086874290978183
S35165,0.0025845596969313756,0.0161936559235037
S35166,0.0027867461083664756,0.0077028341579532
S35167,0.003204132928338955,0.0184851909708474
S35168,0.0036771741997814176,0.0317318725179546
S35170,0.0017240339800911114,0.0032452098873775
S35171,0.0020569457943820342,0.0029591365275336
S35172,0.003247835901798525,0.0023777060160267
S35173,0.004259371672261378,0.0149375573840901
S35175,0.005239508471936598,0.0138933815747962
S35176,0.0030117345155599813,0.0245204892077554
S35178,0.002098013010394408,0.0157477454919499
S35183,0.003852616967980217,0.008198218260182
S35184,0.002135080407328834,0.0433360945197715
S35185,0.0016091063429274632,0.0111588776406416
S35187,0.0030273870293264817,0.0226757971837584
S35190,0.0037292613565936728,0.0199382901777549
S35191,0.004107894071095435,0.0182493690999158
S35192,0.003644859151114072,0.0084716149761789
S35193,0.004856943614764376,0.0161574881318543
S35194,0.003831025659762033,0.0115960578736283
S35195,0.0016349982938187377,0.0037621588887627
S35196,0.001696739192851431,0.0135639345157102
S35198,0.0019987889763044067,0.0143225024091774
S35200,0.002719096450070623,0.0140768507594549
S35204,0.006976688718935915,0.0201854983421824
S35208,0.0013183228511566161,0.0132423862939969
S35209,0.0033325769849210825,0.005017486929872
S35210,0.002319844803447272,0.001731484094385
S35211,0.0038207619093820313,0.0015282291913299
S35212,0.001900694836512768,0.0236176411259038
S35213,0.0028560927229362237,0.0178954216046108
S35214,0.0027307286592348815,0.0231065219484319
S35215,0.0033311158130885253,0.0054574154141788
S35216,0.002575548614647982,0.0031496641836919
S35217,0.003985995237671924,0.0196555338039587
S35219,0.003970841248111874,0.0243955853090321
S35220,0.0034153992233756456,0.0079669238869611
S35222,0.005010619667057601,0.0177591695303901
S35223,0.0069424195087715804,0.0120944638017808
S35224,0.0030991806861257526,0.0119832405602115
S35225,0.004611730154005756,0.0200464102631973
S35227,0.0028470684113196853,0.0224093601100597
S35229,0.0026145642759576667,0.0077127804030199
S35230,0.0035841731370460286,0.0287043429216018
S35231,0.0019400510979029253,0.0640800746458563
S35232,0.00383527972159287,0.0112164929840497
S35233,0.0015327301545461209,0.016192312849218
S35234,0.004690303310362083,0.0191729772894733
S35235,0.004576242653737458,0.0266849805585737
S35236,0.002542241881188929,0.0093038569877482
S35238,0.0009232149232622905,0.0248475883223098
S35239,0.0015473401274473913,0.0125361133585957
S35240,0.0020656466948780535,0.017455592726251
S35243,0.0030121223309581037,0.0205852834817517
S35245,0.0014395731514342573,0.0095605650736399
S35246,0.0012408083975264594,0.0344530893195015
S35247,0.0015535986731627064,0.0173784852254902
S35248,0.0014710048343994696,0.0196374383613604
S35250,0.0017385204154469138,0.0322189174962335
S35251,0.0021011350281606236,0.0287254179490514
S35252,0.0003275460305521367,0.0
S35253,0.0014634813039038318,0.0291535783524415
S35255,0.0012010550593521425,0.0012118197533934
S35256,0.0009557727241633293,0.0073538115530303
S35258,0.000567420977176696,0.0215967496240002
S35259,0.00041861003723076446,0.018102388084005
S35261,0.00037145922673223735,0.0170007525484025
S35262,0.001009642852952811,0.0012272332187586
S35264,0.0014507547743853625,0.0217411825379831
S35270,0.000700781629513526,0.0019967116529417
S35271,0.002084643559253096,0.0068182921449813
S35272,0.0034841010338279533,0.0
S35273,0.003314663518530497,0.0178510496920065
S35275,0.001908113913197354,0.00572325692088
S35276,0.0036709374636016896,0.0299989522403833
S35278,0.004092262006684794,0.0174045725148831
S35280,0.002072161450241042,0.0187376586409542
S35281,0.001962676707082018,0.0073548842646912
S35282,0.00347317272942564,0.0142661802543748
S35283,0.001494231154402892,0.0198682235620341
S35286,0.001188429014652487,0.0159523818015171
S35287,0.001157094368415441,0.0165387869971571
S35288,0.0022506896960007997,0.0156200557859135
S35291,0.0010443290958777314,0.0195591626721897
S35292,0.002159344257661471,0.0116506089862731
S35294,0.0018811905007808214,0.0197434471401434
S35295,0.0004998320495211618,0.0194055041249448
S35296,0.0021553567365454928,0.0211289923631079
S35297,0.00374073391251243,0.0213508411458141
S35300,0.00016247755363239694,0.0142231790929613
S35301,0.0003661306545510262,0.037231253277399
S35304,0.00019270569114154153,0.0
S35308,8.265932611247403e-05,0.0
S35309,0.0007765075506857854,0.0
S35316,0.001166391481196881,0.0
S35317,0.0014546604591890208,0.0
S35318,0.0002688752119252521,0.0
S35319,0.0002515233112018728,0.0
S35320,0.002758840674283902,0.0
S35322,0.0017035699667509536,0.0
S35326,0.001957912447831463,0.0
S35327,0.0007324476232407548,0.0
S35328,0.0007790322607718531,0.0
S35329,0.0009149727660043565,0.0
S35330,0.0012403395908815603,0.0
S35331,0.0010321271983683464,0.0022327871540611
S35332,0.003899824605135654,0.0087352055146037
S35333,0.0011924139104605108,0.0203385351811643
S35334,0.0012554107392292102,0.0
S35340,0.0006364778075773466,0.0
S35343,0.0015521149445682425,0.0279323329399201
S35344,0.0013731867369338989,0.0233466059236407
S35345,0.0032971784384220387,0.0372787278727872
S35346,0.0014478215370859972,0.0313152445425526
S35347,0.002048344864832067,0.0215979310417925
S35351,5.466815162423315e-05,0.0
S35354,0.00041422734875266626,0.0
S35355,0.00019230482764048376,0.0
S35358,0.002263222953279755,0.0
S35360,0.002279682743799994,0.0
S35361,0.0041290620521905325,0.0
S35363,6.361062871044109e-05,0.0
S35364,0.00026558957485945956,0.0
S35366,0.00045811593915673647,0.0
S35367,0.00020677805451156385,0.0
S35371,0.002724325562700217,0.0
S35372,0.0009126491983693717,0.0
S35374,0.00015205994516156237,0.0
S35376,0.0010616319165726725,0.0
S35377,0.0030553719253128358,0.0
S35378,0.000872956079099188,0.0
S35380,0.001835963135705512,0.0
S35381,0.0005234789016152153,0.0
S35382,0.00032355957786682753,0.0
S35383,0.0016807701637883213,0.0125031083605949
S35384,8.741708881652437e-05,0.0
S35385,0.000547005071477719,0.0
S35386,0.00018716339627506534,0.0
S35387,0.0015518023671698172,0.0
S35388,0.0039741973125459054,0.021433107250708
S35392,0.001953221678966803,0.0118143038653216
S35394,0.0016679353684316597,0.0
S35395,0.0006480510944911135,0.0421116594463146
S35396,0.00020099669190812945,0.0
S35401,0.00023658247194655144,0.0
S35402,0.0010113191517187759,0.0
S35403,0.0031611115439948282,0.0
S35404,0.0021560010333810152,0.0
S35406,0.0029089155543725706,0.028215814748766
S35407,0.0009530119221650435,0.0448562673754241
S35409,0.001370566765803077,0.008411634119303
S35411,0.0028832954545217914,0.011720994451448
S35412,0.00558058395106438,0.0382107257976789
S35413,0.003946520065375899,0.0174337871706292
S35414,0.002129826128519926,0.0234258084535588
S35417,0.004144963247190674,0.0
S35418,0.0028821353442716998,0.0116380690974809
S35422,0.0029726443623125645,0.0223216290747078
S35423,0.001258867566995588,0.022765620342918
S35424,0.003750183889946657,0.0204474966770048
S35425,0.002198237871442386,0.0207584808591043
S35429,0.0026349748347672414,0.0117724353220433
S35432,0.0030427606548686197,0.0759381838343359
S35433,0.003379853445722422,0.018366662971161
S35435,0.0037246183317142714,0.0162012658100883
S35436,0.0019521910017677876,0.0182641929421152
S35438,0.0032095178262850294,0.0032796404933318
S35440,0.00541767307558148,0.0108983699590927
S35441,0.0031349918638828266,0.016842953485132
S35442,0.0035402054880905886,0.0217479790586636
S35443,0.004116383308852167,0.0365246751418569
S35445,0.0018052875089873605,0.0028579807819481
S35446,0.002606961696921008,0.0242860476167788
S35447,0.005440567916014661,0.0320785893166034
S35449,0.0018826560653807769,0.0243582930570813
S35450,0.0018556589822460714,0.0188915671494089
S35452,0.0030047398080279273,0.029341765893149
S35454,0.002125117750968882,0.0105524790761803
S35458,0.0016731035486308274,0.0118270130776674
S35462,0.002170301395311288,0.0123834284437322
S35463,0.002496154606930969,0.0096380232091778
S35464,0.0031231498112857118,0.0232951664897026
S35465,0.002871759539031584,0.0237378063658687
S35468,0.0017477681460930428,0.0187011716453362
S35471,0.002795377887271166,0.0212242787948259
S35472,0.0038526875687812426,0.006922843206133
S35473,0.0027601799762727165,0.0213463438190325
S35475,0.002198978784243371,0.0303284073528762
S35476,0.0009340454080961434,0.0122037610665645
S35478,0.004680276797658102,0.0134074872588405
S35479,0.0020016667199635645,0.0151065330904036
S35482,0.0013023850334931792,0.0230556033508432
S35484,0.0007833073146724845,0.0102129408440574
S35485,0.0027755768347825917,0.0043965090188536
S35486,0.0021469205348024823,0.0063704806817241
S35494,0.0030827018323773795,0.0194786777272056
S35495,0.004896925452349236,0.0041570328416348
S35499,0.003297359885674771,0.0626034376696389
S35500,0.0023351004082851163,0.0146963824289405
S35502,0.001527181873057689,0.0154930533984852
S35505,0.004585400560773399,0.0632969832046485
S35507,0.0002931836990627245,0.0048673293044713
S35509,0.0012829723801834206,0.0128831739785807
S35510,0.0018897411968841122,0.0152120070177242
S35511,0.0021133859618598875,0.0121304869402006
S35513,0.003417968891823691,0.0187614427813744
S35514,0.0009230329993968687,0.0194475965811583
S35518,0.002804184924326292,0.0092899583867809
S35520,0.0023625844089068117,0.0121820797130896
S35521,0.0007534762170463428,0.0
S35522,0.0029005661711130628,0.0
S35523,0.0033300907352710727,0.0
S35524,0.004916489239278385,0.0
S35527,0.0003578139684037743,0.0
S35528,0.00011047991331442428,0.0
S35529,7.29276076667421e-05,0.0
S35530,0.00015651009639840491,0.0
S35531,0.00015996076429441615,0.0
S35532,1.0268502363586606e-05,0.0
S35533,0.00013571230955491956,0.0
S35534,0.0006952634809156036,0.0
S35535,0.0010859834187406231,0.0
S35536,0.0002897460925751385,0.0
S35539,0.002353795130861491,0.0
S35542,0.0016659998924650082,0.0
S35543,0.0013621615653366878,0.0
S35544,0.0006525246175925985,0.0219019918914154
S35548,0.001966894037052292,0.0
S35549,0.001979225463893999,0.0
S35551,0.001957795943101352,0.0
S35554,0.004204496887439423,0.0
S35555,0.003545936482900308,0.0
S35557,0.002453285889085786,0.0039839040656662
S35560,0.002081431772261855,0.0
S35562,0.0026961243786946835,0.0
S35564,0.0016780999040761308,0.0039976512793288
S35568,0.004621214557989095,0.0040619010841271
S35569,0.001430315523858153,0.0
S35572,0.0005310979903162575,0.0118838396518537
S35573,0.004199055272716838,0.0
S35574,0.0029790044185434277,0.0118504035575054
S35575,0.002759957845680036,0.0059423460908449
S35576,0.003488553803069204,0.0040101827981716
S35577,0.0011164865032479228,0.0020231872730529
S35578,0.001734881609419423,0.0
S35581,0.0016038357845298585,0.0
S35584,0.001031206442083768,0.0019897509808631
S35585,0.0005361946947942858,0.0
S35586,0.0021159877067248424,0.002020128117582
S35587,0.0014427724790458476,0.0
S35588,0.0022763370986358233,0.0059121621621621
S35591,0.000808850875574224,0.0
S35593,0.0008569391328979612,0.0
S35596,0.0003487419312604355,0.0019728798488385
S35599,0.0009406213650354122,0.0059237893181086
S35600,0.002047365870834544,0.02382835910344
S35601,0.0017172770824589257,0.0
S35602,0.0014790176548934962,0.002018823395604
S35604,0.0005681923043300181,0.006030601968136
S35605,0.0018647847469690094,0.0
S35609,0.0010738173660365456,0.0078761370479541
S35611,0.002101945026907296,0.0
S35612,0.0027251323362575807,0.0020142088860249
S35614,0.0004304837416264301,0.0
S35616,0.0037637286261018015,0.0
S35618,0.0021995813603931593,0.0
S35621,0.0009079670853345729,0.0
S35624,0.0026292832511694226,0.0
S35625,0.001392175028293465,0.0
S35626,0.0017413338582135268,0.0
S35628,0.0026274649781816714,0.0
S35629,0.0015372691746573823,0.0040344511279416
S35634,0.0018995053892213354,0.0040367613315626
S35636,0.0009570599303819421,0.0040251388956379
S35638,0.0030541096298603793,0.0
S35640,0.0019340703647492195,0.0019914731291372
S35641,0.0019428183986559561,0.0
S35644,0.0031799190642302307,0.0
S35646,0.004260913073911771,0.0
S35649,0.002521200662686275,0.0039753480429209
S35650,0.001767524392596851,0.0
S35651,0.0031539710835717387,0.0019914252514324
S35652,0.0044042194561955935,0.0020161944633758
S35655,0.0029665601518014954,0.0039583457778308
S35659,0.004130522918421297,0.001997933726488
S35661,0.003181620345177859,0.0
S35662,0.003181393823233948,0.0
S35663,0.0038375625453437963,0.0
S35666,0.0018362846428875413,0.0
S35668,0.002049371665005397,0.0039513122013658
S35669,0.0011170398123724957,0.0
S35672,0.0015718313686649465,0.0040424744498533
S35673,0.0007765546043194384,0.0040529575581134
S35678,0.0037276186730885764,0.0
S35679,0.0015145421029933684,0.0120049759055061
S35680,0.0020195794195243203,0.0078800707145178
S35682,0.0014364022835656068,0.0019681453497121
S35683,0.002303971535836623,0.0020305024778667
S35687,0.0028993358771270995,0.0039413945558
S35688,0.0020276249764409433,0.0
S35691,0.0005873479988161457,0.0
S35693,0.001427173265866776,0.0
S35694,0.0006049523767880226,0.0020133276619878
S35695,0.004147911096826379,0.0020194878546293
S35696,0.0009840649243175624,0.0019737495284049
S35697,0.0007647744914047941,0.0040292505756072
S35699,0.0005924992360096666,0.0020224216159026
S35700,0.001773199883213545,0.0019985845035306
S35701,0.0018625962671990834,0.0
S35703,0.0011288908785294554,0.0
S35705,0.0020861145440006098,0.0040237213350334
S35706,0.0029666166653260725,0.0
S35707,0.001515186124745705,0.0019769999721549
S35709,0.003633062049822592,0.0
S35710,0.00025609063213109107,0.0
S35713,0.0026467657948939286,0.0020290849112836
S35714,0.0026978680083117263,0.0
S35717,0.002174242881486607,0.0079936629714069
S35723,0.00215788742412801,0.0
S35724,0.005918686504942764,0.0
S35727,0.0010608686800771762,0.0019910901719468
S35728,0.003829351864372401,0.0040364170910183
S35729,0.0006188475162229813,0.0040343037579093
S35735,0.003114040175337631,0.0
S35738,0.004535286186765408,0.0020028370166191
S35739,0.002659139853729383,0.0
S35740,0.0021716905266044553,0.0059317785787601
S35741,0.002325017916869503,0.0
S35742,0.0013104857555040065,0.0019742905265834
S35744,0.00363624167442699,0.0020179381300981
S35745,0.00426119387520015,0.0
S35746,0.00390570837255447,0.0
S35747,0.004160543689361921,0.0019901573305463
S35748,0.003663983773549899,0.0080817936053011
S35749,0.0025534602827439225,0.0039529621366675
S35751,0.0009485735000464567,0.0019723161420385
S35753,0.0017124653667317316,0.0
S35754,0.0007151243362554668,0.0040286626785337
S35756,0.002845993275015686,0.0
S35757,0.0014900720179682214,0.0039589606334337
S35758,0.0033721439943507417,0.0040473136668091
S35760,0.0008182223930906078,0.0
S35761,0.0011402397279801704,0.0020197094381794
S35764,0.000922564219687283,0.0019866014325914
S35766,0.0004099158997792733,0.0019680518266847
S35768,0.00038493517501884706,0.004059611763889
S35769,0.0010635817215021962,0.0
S35770,0.0013363651944019157,0.0078753882233631
S35771,0.0008860440200615452,0.0
S35772,0.001054500086008662,0.0098891303136665
S35773,0.003351480593268135,0.0060407905292072
S35774,0.0029641060884855017,0.0039378813089295
S35776,0.0015637520044023013,0.0
S35777,0.001493684032832319,0.0019804505226078
S35780,0.0013858106086133235,0.0
S35781,0.0014122398072586634,0.0
S35782,0.001852790234806319,0.0081247982082939
S35783,0.0022231401293138003,0.0020309505420635
S35784,0.001495420629868316,0.0
S35788,0.0028737647522279956,0.0040520158167216
S35791,0.0029645996428204406,0.0
S35792,0.0025342755361142024,0.0020142578655351
S35794,0.002810747610934068,0.006068227882103
S35795,0.003316021663297689,0.010095347202756
S35798,0.002987426118589092,0.0019851255382206
S35799,0.0038094065759004224,0.0
S35800,0.0022902242356820837,0.0020290352080475
S35802,0.004350171701994383,0.0
S35804,0.0010423847935778696,0.0
S35805,0.0008473669744899605,0.0040577225317902
S35806,0.0022270186186556795,0.0
S35807,0.0023414614524849666,0.0059925003315769
S35808,0.0028828421390665886,0.0
S35810,0.0037589829688671676,0.0
S35811,0.0013405550641466281,0.0039602855867916
S35812,0.0018038865847363587,0.001993917948471
S35813,0.002463216658775473,0.0020335432342748
S35814,0.0011754634642388358,0.0019786292120517
S35819,0.0012076003488622577,0.0019696195107259
S35821,0.0028366102865336027,0.0
S35823,0.00269818711049551,0.0
S35824,0.0027490447156332384,0.0020343173371318
S35826,0.0013852108139279162,0.003997892459106
S35828,0.0020938197049296947,0.0020217798985448
S35829,0.0020489379527709878,0.0060628240317169
S35830,0.002401969510192472,0.0
S35831,0.0005214348277295584,0.0159204936314021
S35833,0.0051076082977583115,0.0059808180603858
S35834,0.004228564992509901,0.0020173729501542
S35835,0.0007162758602939395,0.0039655468185862
S35836,0.003235044495548534,0.0039893243433066
S35837,0.003482210457509317,0.0
S35838,0.0026022414400695792,0.0020278678825713
S35839,0.003432256287296126,0.0020104202061388
S35840,0.0027296557289276063,0.0
S35842,0.0027485114852351705,0.0040423758108135
S35843,0.0005099859735672124,0.0019803321539
S35844,0.0028871774897135253,0.0
S35845,0.0008873261499225246,0.0
S35846,0.0009262540014551221,0.0
S35847,0.0033457510978572675,0.0040175251398454
S35848,0.0012157251657165513,0.0
S35849,0.003217720910796324,0.0080313497353856
S35854,0.0020686191861628766,0.0019953588835625
S35856,0.002902855370926936,0.004020352529101
S35860,0.0013128745815104467,0.0020286376698014
S35861,0.0026899049478268516,0.0177717916016067
S35863,0.002167618359091477,0.0
S35864,0.0030112383431083354,0.0019778969026214
S35865,0.002626150536961381,0.0
S35866,0.004021567368915755,0.0
S35868,0.00237657231512025,0.0
S35875,0.002534735413277251,0.0
S35876,0.0028781786082615786,0.0
S35877,0.003504726258976284,0.0040068366145858
S35878,0.003968822715788473,0.0
S35879,0.0042530375509857495,0.0059651691731579
S35883,0.00439149684320554,0.0
S35884,0.004532629600527677,0.0019952627564334
S35885,0.0018892850537120664,0.0101568694770744
S35886,0.003982102973014816,0.0039459006696915
S35888,0.003329175436399923,0.0
S35889,0.004509354740990825,0.0
S35890,0.003394603749852668,0.0019765282301521
S35893,0.0018372960215651231,0.0059595184421315
S35894,0.003963314819406893,0.0020191924855162
S35895,0.0021446626964022474,0.0
S35898,0.0017075457454215496,0.0
S35899,0.001573053983296266,0.0
S35902,0.0032001597008524617,0.001978676476443
S35903,0.0035654823801704997,0.0020029580910237
S35904,0.0019778345551526794,0.0
S35906,0.0033521521117110676,0.0060594238060984
S35909,0.00414574059877942,0.0
S35910,0.002606643498269478,0.0040432637355038
S35911,0.003042857161754759,0.0020238051609067
S35912,0.003461315291999046,0.0080328100692971
S35913,0.00398910056153921,0.0
S35914,0.0011176532092217217,0.0
S35915,0.0036144905556700726,0.0
S35916,0.004198050318513222,0.0039706792897517
S35918,0.003080001378167654,0.0039786895941656
S35925,0.00036026266031511436,0.0
S35928,0.0004990784689096449,0.0019876501735694
S35931,0.0032908657044527943,0.0080704745666382
S35934,0.0008079615745295843,0.0040242589128832
S35936,0.001770849617727632,0.0019976446282652
S35938,0.003724182500043361,0.0
S35939,0.002958400971995974,0.0
S35940,0.0012436362038173799,0.0020164644116346
S35943,0.002687559646919941,0.0019732088266355
S35944,0.0012707237927208584,0.0059676760884704
S35945,0.00216568810973382,0.0060216877688253
S35946,0.0012170298418216837,0.0039903813343289
S35947,0.0013061792809974475,0.0
S35948,0.0018955679231727307,0.0059924280788058
S35951,0.0029901960636454367,0.0120999646982921
S35953,0.001580478262363101,0.0
S35955,0.002937325800717276,0.0
S35957,0.003180762068423133,0.0
S35958,0.0017731971085485048,0.0179172274562584
S35961,0.0021212373992111223,0.0060282612650858
S35962,0.0019314654659942222,0.0
S35963,0.0013173524760423533,0.0080440236303309
S35964,0.0061377499873792795,0.0
S35965,0.0017020023259947817,0.0
S35967,0.002672706269132346,0.0
S35968,0.0034004125797444966,0.0
S35970,0.00252398962430708,0.0
S35972,0.0022490698916559,0.0020124961025603
S35973,0.002799371067857935,0.0039593391010627
S35974,0.0006151477105288624,0.0060160751464678
S35975,0.0005847578140592813,0.0040053350740825
S35976,0.002893160221157036,0.0039978442208225
S35978,0.003685585323801294,0.0100106753680987
S35979,0.0024748836044269943,0.0
S35982,0.0011542800072259416,0.0
S35985,0.0010159602369080342,0.0059204021585047
S35986,0.002214713998036132,0.0019886761498909
S35987,0.0012274189615283134,0.0080035105941841
S35988,0.002605646639476979,0.005963165156878
S35989,0.0018615258329632936,0.0
S35990,0.0012303661821210835,0.0060471115004623
S35991,0.0014530925839406363,0.0040037862767607
S35993,0.0007537545842365692,0.0
S35994,0.0016621466304998678,0.0
S35995,0.0021820217321723385,0.0040106682160596
S35996,0.003094993399201494,0.0
S35997,0.00010700163494478173,0.0
S35998,0.0002240824258217205,0.0040538501380511
S35999,6.996289034696302e-05,0.0
S36000,4.1437423894897085e-05,0.0
S36001,0.00030508083667825267,0.0
S36004,3.380023703922061e-05,0.004017720004527
S36005,0.0018571939090148886,0.0
S36006,0.0014555625056281532,0.0
S36007,0.0018666499241424943,0.0040673860293064
S36008,0.003235840059596552,0.0
S36010,0.0027715310844246216,0.0020155812133231
S36012,8.290648979408219e-05,0.0020101762645505
S36014,0.0033364739812160463,0.002009322934986
S36015,0.001569174609664031,0.0
S36018,4.900416158368763e-05,0.0
S36019,8.511483241366997e-05,0.0
S36020,0.000923786768645719,0.0
S36022,0.00010639398825438449,0.0
S36023,0.00010343238803067146,0.0
S36024,0.00012705293073335717,0.0
S36026,0.0012578913133577123,0.0059134283606596
S36028,0.0020303945616725132,0.0039723454421931
S36029,0.0014154123610855076,0.0020227426273676
S36030,0.0010115945113157916,0.008030279161264
S36032,0.0017068579302914899,0.0040672362434122
S36033,0.0038694649593540055,0.0019734203703041
S36034,0.001313772695023907,0.010127933942232
S36035,0.002917248801621629,0.0137727632620744
S36036,0.0020232541121859024,0.0
S36038,0.0014245220254427487,0.0
S36040,0.00040701849156039133,0.0039491458085021
S36043,0.0014854686357180851,0.0
S36044,0.002529076001069259,0.0039863006007523
S36045,0.0031231432673049127,0.0
S36046,0.0016326142499133336,0.0
S36047,0.001553609052914892,0.0
S36050,4.7635529513714255e-05,0.0
S36051,0.0032186730907418715,0.0
S36052,6.390508299715482e-05,0.0
S36054,0.00012078101880250898,0.0
S36055,0.001285459178458009,0.0
S36056,0.001952909246454396,0.00197721232953
S36058,0.0030156273282301465,0.0
S36059,0.0029211853922002755,0.0
S36060,0.0016225810875419408,0.0079293853928595
S36061,0.0012743061447280028,0.0080568355440998
S36062,0.0029093036397894526,0.0
S36063,0.004762136260989622,0.0019730913219711
S36065,0.0048077260598186865,0.0
S36066,0.0019277070414434627,0.0
S36067,0.0018499033035292915,0.0
S36068,0.0028990279432842565,0.0019833431103768
S36070,0.0034626533421882044,0.0
S36074,4.15848725712462e-05,0.0
S36075,0.0003693486972791569,0.0
S36078,0.000493969791747195,0.0
S36080,0.001014144896133848,0.0
S36082,0.00010289929938874626,0.0
S36084,0.003477753859476424,0.0
S36085,0.0004177085037062305,0.0
S36086,0.00033568793391094455,0.0
S36087,0.001660928728616058,0.0
S36089,0.0026774488891034157,0.0
S36090,0.0007219983651215897,0.004057573456775
S36093,0.0029139100101115397,0.0
S36094,0.001987281132327539,0.0040192308469902
S36095,0.002758834740553379,0.0
S36096,0.002159236615521337,0.0
S36097,0.0009560757990282157,0.0019884851903864
S36098,0.00370808799042359,0.0040284667509645
S36099,0.0035639743131414547,0.0
S36100,0.0008322078695924464,0.0
S36104,0.0023375078395741684,0.0
S36105,0.0024655157121491397,0.0
S36108,0.00069501467239512,0.0
S36110,0.003553539080923786,0.0
S36112,0.004731964864013389,0.0
S36113,0.0033594350606614793,0.0
S36114,0.0024763517892412196,0.0
S36117,7.084802232657894e-05,0.0
S36119,7.785687124139733e-05,0.0
S36121,7.342830978867063e-05,0.0
S36122,1.2025815218385096e-05,0.0
S36123,5.650329319756992e-05,0.0
S36125,0.0018943400997216045,0.0
S36126,0.004847197963833557,0.0
S36127,0.003719418778492489,0.0
S36135,0.003872516693445526,0.0
S36140,3.953204711585466e-05,0.0
S36141,0.00015707199613761733,0.0
S36142,0.0001274896683812954,0.0
S36143,5.2264078819354655e-06,0.0
S36144,0.003588730453047878,0.0
S36145,0.003800356519389613,0.0
S36146,0.001587380699515191,0.0
S36147,0.00532023784541095,0.0
S36150,0.0013377774417868123,0.0
S36152,0.0027571332200997866,0.0
S36153,0.0021207467717247195,0.0
S36156,0.0019265725690512008,0.0
S36158,0.0013517427362289818,0.0
S36160,0.0008114255761963928,0.0
S36167,0.004546064777487805,0.0
S36168,0.000420504903292961,0.0
S36169,2.0692565895054047e-05,0.0
S36170,0.0011473485575204,0.0
S36172,2.1294799258166615e-05,0.0
S36173,0.000182405621534365,0.0
S36174,3.035563298463757e-06,0.0
S36175,0.0023435823316937518,0.0
S36176,0.002590180363200495,0.0
S36177,0.0024273285760230165,0.0
S36178,0.0028762227646416264,0.0
S36183,0.004727063035754318,0.0
S36184,0.0019506246068924215,0.0
S36185,0.00018404379068764093,0.0
S36186,0.00031805844494740864,0.0
S36187,2.2826617766519358e-05,0.0
S36188,8.35745109016745e-05,0.0
S36189,0.00011579434263904817,0.0
S36191,0.000854593044455743,0.0
S36192,0.0001318658273038089,0.0
S36196,0.0009144706225552733,0.0
S36197,0.0007329341342881656,0.0
S36198,0.0016228059684372299,0.0
S36200,0.0011486090929805045,0.0
S36201,0.0024041966422891736,0.0
S36202,0.0016232840560921173,0.0
S36203,0.00011980361038936261,0.0
S36206,0.001001351870424655,0.0
S36209,0.0019515554928231239,0.0
S36211,0.0013386326612641246,0.0
S36212,0.0019972240223590986,0.0
S36213,0.0005651096204047083,0.0
S36214,0.003992458768236384,0.0
S36215,0.001760304825999814,0.0
S36216,0.0005708891999566424,0.0
S36217,0.0014110013616178748,0.0
S36218,0.003113431713019401,0.0
S36219,0.0012279139335717518,0.0
S36220,0.001358656790121085,0.0
S36222,0.0011328223775439973,0.0
S36223,0.000829341649519952,0.0
S36226,0.0021735263993429336,0.0
S36228,0.0015356264933670419,0.0
S36230,0.00044103912940596257,0.0
S36231,0.0004279331015855314,0.0
S36233,0.0012664351068339453,0.0
S36235,0.00022932174925316908,0.0
S36236,0.0005148867701066152,0.0
S36237,0.0002603232494849392,0.0
S36238,0.00036437521668729615,0.0
S36240,0.00016807204182879549,0.0
S36242,0.0018409317571940536,0.0
S36243,0.00340663848598551,0.0
S36244,0.0002471748920575791,0.0
S36245,0.0002442858160730565,0.0
S36246,0.0024574406643580226,0.0
S36247,0.0018124254702357393,0.0
S36248,0.0026858094952602407,0.0
S36249,0.0016266079029088408,0.0
S36250,0.0010505594919273011,0.0
S36254,0.00039352233160518514,0.0
S36255,6.666157976385095e-05,0.0
S36256,0.00014525955322349348,0.0
S36257,0.0020440656309630755,0.0
S36258,0.0018811173792297872,0.0
S36259,0.0015455755749474666,0.0
S36260,0.002490207431213116,0.0
S36261,0.003174782435240997,0.0
S36262,0.000716881359156975,0.0
S36263,0.0012772657471027383,0.0
S36264,0.00014944438936997687,0.0
S36266,0.0001054183730071631,0.0
S36267,0.0040534114364209565,0.0
S36268,0.00029226841723392307,0.0
S36269,0.0012902300664968261,0.0
S36272,0.0008313957497268383,0.0
S36274,0.0010090948229022794,0.0
S36275,0.0011673548240407321,0.0
S36276,0.0011785838164902855,0.0
S36277,0.0009407530483489053,0.0
S36278,0.0014490566111352993,0.0
S36279,0.003369858632930948,0.0
S36282,0.0019475608434372086,0.0
S36283,0.002135059665316383,0.0
S36284,0.0016975447026037558,0.0
S36289,0.0002391620564688916,0.0036115773945775
S36290,0.00127461663548415,0.0
S36292,8.707366859483722e-05,0.0
S36293,0.001958716331856751,0.0
S36295,0.003622384272742356,0.0
S36296,0.0017114838337367795,0.0
S36298,0.003221458489165466,0.0
S36301,0.002908559478863279,0.0
S36303,0.0009997544161868413,0.0
S36306,0.0031198099185580992,0.0
S36308,0.0032921433099843897,0.0
S36310,0.0012751657337410956,0.0
S36314,0.001021387112341159,0.0
S36315,0.002276666958418616,0.0
S36316,0.004111603475091296,0.0
S36318,0.002292191658646642,0.0
S36319,0.002373191331085558,0.0
S36322,0.0014428834149016866,0.0
S36324,0.0010944179096148727,0.0
S36328,0.002122393482718854,0.0
S36330,0.0022000312790639064,0.0
S36331,0.002458922171121931,0.0
S36332,0.002151495542594732,0.0
S36334,0.0009391667438261779,0.0
S36340,0.0003805736443050534,0.0
S36341,0.0027070245195461693,0.0
S36342,0.002864686072712177,0.0
S36343,0.000378404225254769,0.0325439266615737
S36344,0.00012080130501105841,0.0
S36346,0.0020302538897496464,0.0
S36347,0.000923528697455562,0.0
S36348,0.00019443078833793805,0.0
S36349,0.00094763029383544,0.0072778924863448
S36350,0.003865364706995289,0.0
S36351,0.0032045224839186847,0.0
S36353,0.003496241120415115,0.0
S36354,0.0039047577119607456,0.0
S36357,0.0022741053789532223,0.0
S36358,0.0014713023677493634,0.0
S36360,0.0028388628623036197,0.0
S36361,0.0015656323080213892,0.0
S36363,0.000898840458046049,0.0
S36365,0.00436432914403115,0.0
S36366,0.003006791912976929,0.0
S36367,0.002672380827116559,0.0
S36368,0.0036935844060474138,0.0
S36369,0.002928939299189426,0.0
S36370,0.003809286003462426,0.0
S36376,0.002889722167228999,0.0
S36379,0.0013939960501481515,0.0
S36380,0.0019693700419029436,0.0
S36382,0.00041341872956378697,0.0
S36384,0.0008445640037957607,0.0
S36385,2.9503726129366655e-05,0.0
S36388,0.00036021534689964783,0.0
S36389,2.2456736348033075e-05,0.0
S36390,1.825568299321933e-05,0.0
S36391,0.00016618637416404444,0.0
S36392,0.00014406992894751508,0.0
S36394,9.89649892152945e-05,0.0
S36397,0.0005051415328567992,0.0
S36398,0.00038531959705571613,0.0
S36399,3.916118868109009e-05,0.0
S36403,6.329038883228215e-05,0.0
S36405,0.0002792151053874469,0.0
S36408,0.0001271255598263107,0.0
S36410,3.103342308739394e-05,0.0
S36411,5.889204291770214e-05,0.0
S36413,0.0001465566541459649,0.0
S36416,0.00031497531015849594,0.0
S36418,4.087570723634771e-05,0.0
S36419,6.333049429101287e-05,0.0
S36421,0.0002569663194328353,0.0047545249301649
S36422,6.773653310595167e-05,0.0
S36425,5.297138669049562e-05,0.0
S36428,0.00042093117662507984,0.0
S36430,0.00010652299166696386,0.0
S36432,9.127668959038634e-05,0.0
S36433,5.698201956118072e-05,0.0
S36434,1.9110922472510977e-05,0.0
S36435,0.00016851551851561458,0.0
S36436,0.0002735538151065588,0.0
S36439,0.00012405417189847903,0.0
S36441,0.002601858026495966,0.0
S36442,0.0013004882315648906,0.0
S36444,0.0026216584864459146,0.0
S36449,0.0030751305181290324,0.0
S36450,0.004379237563947339,0.0036694944662251
S36454,0.00364293476747284,0.0
S36455,0.0017670754540496183,0.0
S36457,0.004102575940433146,0.0
S36460,0.0020242047487100817,0.0
S36461,0.005061672570343977,0.0
S36462,0.0009402858688544141,0.0
S36463,0.0038468817054078384,0.0
S36464,0.003400395634684962,0.0
S36465,0.00216012528023755,0.0
S36466,0.0006958469073046633,0.0
S36468,0.0011707004060959156,0.0
S36470,0.00207127843139309,0.0
S36471,0.0018076908576726035,0.0
S36475,0.0010793278609651147,0.0
S36476,0.0013318845913931072,0.0
S36477,0.0020290284633878476,0.0
S36478,0.0006451079512543159,0.0
S36479,0.001555595481883079,0.0
S36480,0.002404985186973045,0.0
S36483,0.000928446769152321,0.0
S36485,0.0012531449259555474,0.0
S36488,0.00236794295385134,0.0
S36489,0.002874636890372739,0.0
S36491,0.0024523218796596996,0.0
S36493,0.0019023446789927382,0.0
S36494,0.0018437044466182461,0.0
S36497,0.0013622531344168838,0.0
S36499,0.0010852968793044486,0.0
S36501,0.0003568204797937846,0.0146604426155763
S36502,0.0019033905331840334,0.0
S36503,5.118622211795723e-05,0.0
S36504,0.0006375937495789628,0.0
S36506,0.0004320452107755853,0.0
S36507,0.0006989802900277539,0.0
S36508,0.0008149902822847113,0.0
S36510,5.375555264635776e-05,0.0
S36511,0.0005434495691247022,0.0
S36512,0.0046048688019456425,0.0
S36516,0.0006436342107952108,0.0
S36517,0.0010096137253288377,0.0
S36520,0.0012610487639142256,0.0
S36521,0.0006986036909713284,0.0
S36522,0.003927235294413587,0.0
S36523,0.002003600624749092,0.0
S36524,0.003037312207921389,0.0
S36525,0.0002959836198255998,0.0
S36526,0.0009795015796092094,0.0
S36527,0.0006324473421400382,0.0
S36528,0.00018611759400668216,0.0
S36529,0.0007474872931964599,0.0
S36532,0.00042729233644429393,0.0
S36533,0.0006629182214990483,0.0
S36537,0.0016059201070113595,0.0
S36540,0.0003459036126622142,0.0
S36541,0.0015632546386239972,0.0
S36543,0.0007892941786048465,0.0
S36544,0.0017435023414794416,0.0
S36545,0.0009570445755063479,0.0
S36550,0.00128703268579719,0.0
S36551,0.0016538224455802252,0.0
S36554,0.0034148785548072267,0.0
S36555,0.0005179377191577583,0.0
S36556,0.0016345638974738657,0.0
S36557,0.0019158071221461637,0.0
S36559,0.0029781327044165087,0.0
S36560,0.003651639339094826,0.0
S36561,0.004113965961352797,0.0
S36563,0.0006642783857544988,0.0
S36565,0.002785918089263794,0.0
S36566,0.0035227127882401254,0.0
S36567,0.00514614295510239,0.0
S36568,0.0019117305471262917,0.0
S36571,0.0028662862946282034,0.0
S36574,0.003716980896255202,0.0
S36577,0.0029030039836814804,0.0
S36578,0.0030303868441516535,0.0072187484113669
S36579,0.0034804034899561177,0.0
S36580,0.0024894552202470665,0.0
S36581,0.002096833697779955,0.0
S36582,0.0023869461932489577,0.0
S36583,0.003343373162894955,0.0
S36584,0.0012851398760384603,0.0
S36586,0.00260180285027283,0.0
S36587,0.0005586717156785581,0.0
S36590,0.0026201248260221167,0.0
S36591,0.0015997250370976108,0.0
S36592,0.004288521220648359,0.0
S36593,0.001184172431501963,0.0
S36597,0.0016199037616782949,0.0
S36600,0.0004448699413944368,0.0
S36601,0.004618180381492043,0.0
S36612,0.004849477972749745,0.0
S36613,0.0015569308425715297,0.0
S36616,0.0011082460274219879,0.0
S36617,0.0017080296352443634,0.0
S36620,0.0002414390216520172,0.0
S36621,0.0012541099227353027,0.0
S36622,0.00013477098255704518,0.0
S36625,0.0009251884327583598,0.0036854125882422
S36626,0.002385404762783872,0.0
S36627,0.0003848887102861722,0.0
S36628,0.0026151309845025296,0.0
S36629,0.0019361992375639108,0.0
S36630,0.0011116567310300082,0.0
S36631,0.0010283428910554174,0.0
S36632,0.0002308885067238394,0.0
S36636,0.0008774119760779988,0.0
S36637,0.0001889386513029013,0.0
S36639,0.00024981103666948815,0.0
S36643,0.0002991267537868021,0.0
S36644,0.004269197447363916,0.0
S36645,0.0011572924311120249,0.0
S36650,0.002474968053479928,0.0
S36651,0.002406713194538167,0.0
S36652,0.00208656760391181,0.0
S36655,0.0012239846374473553,0.0
S36657,0.00042346067467364477,0.0
S36659,0.0018135855190325688,0.0
S36661,0.00032890271370959577,0.0
S36662,0.00010310957690038272,0.0
S36667,6.565849885083813e-05,0.0
S36668,0.0009121151463580088,0.0
S36669,0.0018283279708242407,0.0
S36670,0.0007302168709882225,0.0
S36672,4.307132168138351e-05,0.0
S36673,0.0001081696807254762,0.0
S36674,1.6938225965157704e-05,0.0
S36676,0.00014586294873438207,0.0
S36678,0.00019942280190069192,0.0
S36679,0.000419436229963459,0.0
S36680,0.0002947555937217902,0.0
S36682,4.3137691097126734e-05,0.0
S36683,6.543668540152123e-05,0.0
S36684,0.0005285368644653154,0.0
S36687,0.0032304477657217594,0.0
S36688,0.00355679024876742,0.0
S36690,0.004552431908718137,0.0
S36691,0.004050586641751756,0.0
S36692,0.0023961464743135004,0.0
S36693,0.001111964232034339,0.0
S36695,0.0013530326738840823,0.0
S36697,0.003643976552169404,0.0
S36699,0.004796371217636013,0.0
S36700,0.002888054983061272,0.0
S36701,0.0028895471744250925,0.0
S36702,0.003210278607219753,0.0
S36703,0.0033473841442856235,0.0
S36704,0.0032707721013832333,0.0
S36705,0.004315117102795295,0.0
S36706,0.004438555239654945,0.0
S36707,0.00267105692503412,0.0
S36708,0.002473289746771256,0.0
S36710,0.004083800883433343,0.0
S36712,0.0025330651023227316,0.0
S36714,0.0020165152069558673,0.0
S36716,0.0017707481204174646,0.0
S36718,0.00026601820431294896,0.0
S36720,0.00011671420621597672,0.0
S36721,0.00030542697974125836,0.0
S36722,0.0029438758273876665,0.0
S36724,0.002583483681033278,0.0
S36726,0.0007373164418513161,0.0
S36728,0.0013029821986909815,0.0
S36731,0.003606714079243318,0.0
S36733,0.0036444033065173975,0.0
S36734,0.001724692062516419,0.0
S36736,0.0025176178431168786,0.0
S36738,0.002016725609954692,0.0
S36739,0.0027070425895926484,0.0
S36740,0.0012881280344648252,0.0
S36741,0.003911364653151653,0.0036919008460915
S36742,0.0041574632413947515,0.0
S36745,0.0022290575831707183,0.0
S36747,0.0026187920670999593,0.0
S36748,0.002348980123443639,0.0
S36749,0.0022157168104916707,0.0
S36750,0.0016867875575795775,0.0
S36753,0.0006469472585773097,0.0
S36754,0.0027870007838323814,0.0
S36756,0.0022758013594733895,0.0
S36757,0.004572612668797715,0.0
S36758,0.0031216290682293027,0.0
S36759,0.0024065851687586452,0.0
S36767,0.003106411506051322,0.0
S36768,0.002844731981373025,0.0
S36769,0.00046510149707973614,0.0
S36770,0.002190734907324293,0.0
S36771,0.0027292881199693936,0.0
S36773,0.0011146215244314305,0.0
S36774,0.0017310927189233868,0.0
S36775,0.0014926459060103146,0.0
S36776,0.002769472951655743,0.0
S36777,0.0008226244695954404,0.0
S36778,0.0017444222432418464,0.0
S36779,0.0026549107344758876,0.0
S36780,0.004259574579001207,0.0
S36784,0.0029284111854775345,0.0
S36786,0.004469895764484954,0.0
S36787,0.002006963255711098,0.0
S36789,0.0037617477359920665,0.0
S36790,0.0013271752780966814,0.0
S36794,0.002241774706859583,0.0
S36795,0.0023817484722683515,0.0
S36797,0.0036384228509243853,0.0049244000554861
S36798,0.0026965554643568145,0.0
S36800,0.0017158534793495263,0.0
S36801,0.002534505009614439,0.0
S36803,6.681561657784068e-05,0.0
S36804,0.0004916407891412142,0.0
S36806,0.0013694678252287409,0.0
S36807,0.0014830722478171774,0.0
S36809,0.0006623471155595229,0.0
S36810,0.0005141895042885712,0.0
S36811,0.001597430494157487,0.0
S36812,0.002468418876356152,0.0
S36813,0.002111712104789042,0.0
S36816,0.0017332045618449576,0.0
S36820,0.000275640549915494,0.0
S36821,0.000627469561633725,0.0
S36822,6.719999523368356e-05,0.0
S36823,0.00020117862632142787,0.0
S36824,0.0022611482399028434,0.0
S36825,0.0009926307235427671,0.003463149166266
S36826,0.0008421510909894974,0.0
S36828,0.002637408471570799,0.0
S36829,0.0016234975326362025,0.0
S36830,0.0010777421588898607,0.0
S36832,0.0008229318747132083,0.0
S36834,0.0004257935710069631,0.0
S36835,0.0012627412914276493,0.0
S36836,0.003902396870796868,0.0
S36838,0.001721682880769028,0.0
S36839,0.0020518748956587164,0.0
S36841,0.003465352219680288,0.0
S36842,0.0019462228636067927,0.0
S36844,0.0040446368854977315,0.0
S36845,0.0038614012783382656,0.0049474889253894
S36847,0.0030440968570265335,0.0
S36848,0.004129312794714246,0.0
S36850,0.0032714445737107084,0.0
S36851,0.004597206289277704,0.0
S36852,0.0026265582611717524,0.0
S36853,0.00234143175469375,0.0
S36854,0.0008597777439878654,0.0
S36855,0.001924481457165186,0.0
S36856,0.002472104806992258,0.0
S36857,2.428240849765312e-05,0.0
S36858,0.00298764478232652,0.0
S36860,0.0011473226229767484,0.0
S36861,0.0006279139086841164,0.0
S36862,0.0019749796286030927,0.0
S36863,0.001002799213616234,0.0
S36865,0.0030575191838713473,0.0
S36868,0.0019130128164781355,0.0
S36869,0.001876790517229432,0.0
S36870,0.0020360150189330096,0.0
S36872,0.0014213269280607976,0.0
S36873,0.0010266551033094636,0.0
S36874,0.0014785744235959728,0.0
S36875,0.0014711893783055114,0.0
S36876,0.0018154432665575524,0.0
S36878,0.001862271127412088,0.0
S36881,0.0010972196239514148,0.0
S36882,0.0011528472778294268,0.0
S36883,0.0017386455469172793,0.0
S36885,7.445188818118154e-05,0.0
S36886,0.0004641663061121368,0.0
S36887,0.005023375887033417,0.0
S36890,0.0008179130968976384,0.0
S36891,0.0002936980482089828,0.0
S36892,0.0026528170408125044,0.0
S36893,0.00041636629065533665,0.0
S36895,0.00045745986747610214,0.0
S36896,0.0024215583892572517,0.0
S36898,0.0011400618423100797,0.0
S36900,0.004945328593139188,0.0
S36902,0.0006546286914379225,0.0
S36903,0.0007078958482681317,0.0
S36904,0.0018018764353199797,0.0
S36906,0.0006780849967061261,0.0
S36908,0.00044945522847350566,0.0
S36909,0.0007569403721343751,0.0
S36910,4.190651996784237e-05,0.0
S36911,0.0028948779456128846,0.0
S36913,0.0005523651835395874,0.0
S36914,7.906131147577309e-05,0.0
S36915,0.0003172029575563489,0.0
S36917,0.0023439992121001394,0.0
S36918,0.0034179364211474536,0.0
S36920,0.002550533849924875,0.0
S36921,0.0009076342979143164,0.0
S36922,0.004851454433955082,0.0
S36925,0.0015552091818158728,0.0
S36926,0.004369424597645708,0.0
S36930,0.0019531958820024438,0.0
S36932,0.002136027284413057,0.0
S36934,0.0015313682805513644,0.0
S36936,0.0036566630362400753,0.0
S36937,0.0035044911096979653,0.0
S36938,0.002829459167625628,0.0
S36942,0.0014897042059018456,0.0
S36944,0.0032941233137952705,0.0
S36945,0.0023524620482028823,0.0
S36946,0.0009492835091651704,0.0
S36952,2.8265294412278625e-05,0.0
S36953,7.23447488026865e-05,0.0
S36954,0.0005803312221026792,0.0
S36956,0.00014317185774756654,0.0
S36961,0.000295269984586241,0.0
S36963,0.00033536314368812675,0.0
S36964,8.944640158664488e-05,0.0
S36965,0.0011431179019830433,0.0
S36966,1.8112675469507878e-05,0.0
S36967,1.9644694642627467e-05,0.0
S36968,6.078605135211867e-06,0.0
S36969,7.147079822048501e-05,0.0
S36970,1.9700343878920732e-05,0.0
S36971,7.469119382562736e-05,0.0
S36972,0.002266968682414338,0.0
S36974,0.001183493770148679,0.0
S36975,0.005388659228863016,0.0
S36977,0.0037322844244105677,0.0
S36978,0.0036840195384438357,0.0
S36979,0.0009397092898200652,0.0
S36980,0.0019947130335740805,0.0068543687981409
S36981,0.0020892399234364017,0.0
S36982,0.002250108829549541,0.0
S36985,0.0013001016570493888,0.0
S36986,0.002723362915133868,0.0
S36987,0.0014949605861615104,0.0
S36988,0.0019090507615486746,0.0
S36989,0.0035795077140394383,0.0
S36991,0.00244297679882733,0.0
S36993,0.004890537171076417,0.0
S36995,0.0024369153513297487,0.0
S36997,0.003092655645129413,0.0
S37000,0.0017824102671284952,0.0
S37002,0.0004957825903555691,0.0
S37003,0.00035215499976160654,0.0
S37004,2.0782053177527054e-05,0.0
S37007,0.0009414407410743069,0.0
S37008,0.0002594447973999241,0.0
S37010,0.0007727472692228687,0.0
S37011,0.00022522676442188742,0.0
S37013,0.0006948719526502903,0.0
S37017,4.8266937213096405e-05,0.0
S37019,0.00017732219118490801,0.0
S37020,0.00029806255289447335,0.0
S37021,0.00029013935291394657,0.0
S37022,0.0009854777465197243,0.0
S37023,0.003980336170543098,0.0
S37024,0.003263636264685279,0.0
S37025,0.001185448632909689,0.0
S37026,0.0009895924123521466,0.0
S37030,0.0020282783893750484,0.0
S37031,0.004842758295923347,0.0
S37032,0.0007958491429354387,0.0
S37034,0.0012624420780192485,0.0
S37035,0.0017931270667202038,0.0
S37038,7.0288458214081e-05,0.0
S37039,0.00017278031529126465,0.0
S37043,0.00011235716586172062,0.0
S37045,0.00014739064859481992,0.0
S37047,0.0003418515369800107,0.0
S37048,0.0003786027464339559,0.0
S37050,5.304888026425829e-05,0.0
S37051,4.467166859371115e-05,0.0
S37053,5.139882764327759e-05,0.0
S37054,0.0001903227244725443,0.0
S37055,4.474921015246175e-05,0.0
S37057,0.002532879777135878,0.0
S37059,0.004426003228373731,0.0
S37060,0.0023628997075133395,0.0
S37061,0.004290589078260292,0.0
S37065,0.004614291206604081,0.0
S37066,0.0036329525601107356,0.0
S37070,0.0027507044166887066,0.0
S37072,0.0010168329529707872,0.0
S37077,0.003932080308717551,0.0
S37078,0.004687111217648169,0.0
S37080,0.0037841850838867307,0.0
S37081,0.0023643818202514835,0.0
S37084,0.0010488018853859692,0.0
S37087,0.0037017517988747234,0.0
S37089,0.0009301566567015766,0.0
S37090,0.0007086404137537693,0.0
S37092,0.0014885110721181867,0.0
S37095,0.002821371660458707,0.0
S37096,0.0022300605535029794,0.0
S37097,0.0016085086589144929,0.0
S37098,0.0004514281628635369,0.0
S37099,0.00046129909289870905,0.0
S37100,0.00011581065789720144,0.0
S37103,1.2520262775997968e-05,0.0
S37105,0.00011222821411243989,0.0
S37106,0.0003157230367565162,0.0
S37107,2.149450815611213e-05,0.0
S37108,0.0007681849160347499,0.0
S37109,8.061767819444348e-05,0.0
S37110,3.369068942279901e-05,0.0
S37111,0.0010090920598746873,0.0
S37112,2.4575983005653646e-06,0.0
S37116,0.0005618135130298521,0.0
S37118,0.0005063035883883345,0.0
S37119,0.00011010046906128912,0.0
S37121,0.00031237922592006857,0.0
S37122,0.0006664752924165969,0.0
S37124,0.0008993154936334037,0.0
S37125,7.02104406549001e-05,0.0
S37126,4.178574781162866e-05,0.0
S37129,6.309860760304391e-06,0.0
S37131,4.21506634738806e-05,0.0
S37132,0.0010855959327147153,0.0
S37133,0.00017181412269311078,0.0
S37136,0.0006201079560020303,0.0
S37138,0.0006250174406733034,0.0
S37140,5.414673980490832e-05,0.0
S37144,0.0001423232532814609,0.0
S37147,6.415085230980399e-05,0.0
S37149,0.00012298656937425063,0.0
S37151,0.0005833108733283297,0.0
S37155,0.0011667347783604009,0.0
S37156,0.0007751352270693149,0.0
S37158,0.00045087229976974424,0.0
S37159,0.0014032456705120552,0.0
S37160,0.003487115734260978,0.0
S37161,0.00010483857040230658,0.0
S37162,0.0004298392544662982,0.0
S37165,0.0001108269355820109,0.0
S37166,0.00022347555151162272,0.0
S37167,0.0010990499470607672,0.0
S37169,0.0010073558169150074,0.0
S37170,0.0001527751804634545,0.0
S37172,0.00022355452796438287,0.0
S37178,0.001980105543098512,0.0
S37179,0.0015042173364983099,0.0
S37180,0.0008246342023343734,0.0
S37181,0.000178216228498211,0.0
S37182,0.00019562781361514114,0.0
S37183,0.0002252036168235371,0.0
S37184,0.0003806685713587683,0.0
S37185,0.00016767221845347667,0.0
S37186,0.00023060644832701614,0.0
S37187,0.0002604122933259019,0.0
S37188,0.000118042749685736,0.0
S37189,0.0004313062333819361,0.0
S37190,0.0002654505952228563,0.0
S37191,0.0009319128975749625,0.0
S37193,0.0030280194393001378,0.0
S37194,0.001666873073072339,0.0
S37195,0.001606624008814977,0.0
S37197,0.00042986042790431887,0.0
S37199,0.0005113504363198933,0.0
S37200,0.00014339466527181645,0.0
S37202,0.0005953087896220442,0.0
S37203,0.003363670125418569,0.0
S37204,0.0010777937243634044,0.0
S37205,0.003028248801934983,0.0
S37206,0.00043032395135606725,0.0
S37208,0.00034154473509826974,0.0
S37210,0.002044351046285163,0.0
S37211,0.0010537956770822615,0.0
S37215,0.0014801083316367124,0.0
S37216,0.002284211076332517,0.0
S37218,0.0011154708722929032,0.0
S37222,0.001178432779677186,0.0
S37223,0.0010364233439067508,0.0
S37227,0.0008763110269285389,0.0
S37228,0.00016569390172573495,0.0
S37229,0.0007688987823591615,0.0
S37234,0.003895382339921083,0.0
S37235,0.004553672866344343,0.0
S37236,0.0034719792148416788,0.0
S37237,0.0032075120161839522,0.0
S37238,0.001514082864985819,0.0
S37239,0.002650584767521326,0.0
S37240,0.002118514074142268,0.0
S37241,0.001404974332944917,0.0
S37242,0.001076386565091717,0.0
S37243,0.001483397959159924,0.0
S37244,0.004123181733984127,0.0
S37248,0.0026367812344419463,0.0
S37249,0.0026310321526760118,0.0
S37252,0.002655191778985569,0.0
S37254,0.0012938196093604294,0.0
S37255,0.0009097182638399509,0.0
S37257,0.004258268993120466,0.0
S37258,0.004561178575578909,0.0
S37261,0.0026172578081017977,0.0
S37262,0.000659082577484362,0.0
S37263,0.0024244380129921465,0.0
S37267,0.0033199413186439973,0.0
S37268,0.0035169183234308615,0.0
S37269,0.001901530841267161,0.0
S37270,0.0003577350987915297,0.0
S37274,0.00011319856883415454,0.0
S37276,0.003420119109554583,0.0
S37277,0.0018085358569183932,0.0
S37283,0.0013141367196249948,0.0
S37285,0.0008764825025582178,0.0
S37287,0.0017507920781392673,0.0
S37288,0.0005386912890026031,0.0
S37289,0.0002289045184247254,0.0
S37290,0.0007263554940236426,0.0
S37291,0.002056750146402109,0.0
S37294,0.00045422857837941965,0.0
S37296,0.002217148746303585,0.0
S37297,0.0010567096538734923,0.0
S37298,0.0007393649798673308,0.0
S37299,0.002269912246537975,0.0
S37300,0.003796952700513906,0.0
S37301,0.0023445992533597092,0.0
S37303,0.001699028660928286,0.0
S37305,0.0026696410331036344,0.0
S37307,0.0006936375870913176,0.0
S37309,0.0009162809759305041,0.0
S37311,0.002621540366107503,0.0
S37312,0.0006294320299998043,0.0
S37313,0.00303925673710084,0.0
S37314,0.00457339707081413,0.0
S37315,0.0019019566597830923,0.0
S37317,0.002203921378964198,0.0
S37318,0.001858283857866394,0.0
S37319,0.0014565198483825403,0.0
S37320,0.004578835019796747,0.0
S37321,0.0009850254637281067,0.0
S37323,0.0004301060086455147,0.0
S37324,0.0016532185630923342,0.0
S37327,0.002512380376295948,0.0
S37328,0.0007414166689522314,0.0
S37329,0.0010134711407459637,0.0
S37330,0.0007723066780103669,0.0
S37332,0.0023489578360593706,0.0
S37333,0.0019744351746626937,0.0
S37334,0.001054498520294385,0.0
S37338,0.00467170416910939,0.0
S37340,0.004308994142341786,0.0
S37342,0.0021371861752314393,0.0
S37343,0.001738571268092493,0.0
S37346,0.0008858946184744483,0.0
S37348,0.00165268981331322,0.0
S37349,0.003037012796264398,0.0
S37353,0.0036342696979519296,0.0
S37354,0.0030998706050092716,0.0131544121539357
S37357,0.0009833233844990174,0.0
S37358,0.0004767867031666527,0.0
S37359,0.0010453118694554102,0.0
S37362,0.0012411836946438265,0.0
S37364,0.00321184585422841,0.0
S37365,0.0025489086501843837,0.0
S37366,0.002492584083976912,0.0
S37367,0.00212578460968494,0.0
S37369,0.0016240874472195467,0.0
S37371,0.0025432417606128283,0.0
S37373,0.003683783324220892,0.0066669349537875
S37375,0.0010639242471309402,0.0
S37377,0.004053698585532662,0.0
S37379,0.003181370156332737,0.0
S37382,0.0030663507832050505,0.0
S37383,0.003826852148949006,0.0
S37389,0.000320371308224373,0.0
S37390,4.522425773750731e-05,0.0
S37392,6.192274246922863e-05,0.0
S37393,2.4204718675275504e-05,0.0
S37395,0.00015821605416425674,0.0
S37396,7.728290879991416e-05,0.0
S37398,0.00011498253499018843,0.0
S37399,0.0015141253617668297,0.0
S37403,0.0017866426000346593,0.0
S37406,0.0018330673834559262,0.0
S37410,0.002654829696620578,0.0
S37412,0.00024364941168807607,0.0
S37413,0.0001221206508968726,0.0
S37414,0.0032299161034567573,0.0
S37417,0.0033619931981494276,0.0
S37418,0.003894185449267643,0.0
S37419,0.0023981931626115495,0.0
S37420,0.0037450222337018124,0.0
S37422,0.0021427847623091425,0.0
S37423,0.0012896381802027653,0.0
S37424,0.002335365676564973,0.0
S37425,0.003293360326448152,0.0
S37426,0.0016642500988386494,0.0
S37428,0.0029004986177064967,0.0
S37429,0.00335652032025622,0.0
S37432,0.0029821361472735348,0.0
S37434,0.003481840051814758,0.0
S37435,0.0018609457458063211,0.0
S37438,0.0016113156251436683,0.0
S37440,0.0012158247773055677,0.0
S37441,0.0006210396238628466,0.0
S37442,0.0012812260485115588,0.0
S37443,0.0004486289480265372,0.0
S37447,0.0028389286215122584,0.0
S37448,0.0039628733471551636,0.0
S37449,0.003984673933173188,0.0
S37451,0.0014761278918278566,0.0
S37454,0.0024906207968562522,0.0
S37456,0.005328202622543189,0.0
S37457,0.002245532674359926,0.0
S37458,0.0043576466120959015,0.0
S37459,0.0010522566669615907,0.0
S37463,0.0011425022418330177,0.0
S37464,0.0020740789151651915,0.0
S37465,0.0008575770051802485,0.0
S37466,0.0014177657045620553,0.0
S37467,0.0013240044148851412,0.0
S37469,0.001671491279285748,0.0
S37471,0.00248504983244824,0.0
S37475,0.001287550381568525,0.0
S37478,0.001511774204590265,0.0
S37479,0.0005943199229194071,0.0
S37481,0.002045534610552182,0.0
S37482,0.0029771409437049073,0.0
S37485,0.003479404247167039,0.0027965338735088
S37488,0.0029109357424994377,0.0
S37491,0.002604532156143009,0.0
S37492,0.00010190465495770169,0.0
S37493,0.0007880863150321189,0.0
S37495,0.004409107844426207,0.0084572712112445
S37496,0.00022207128089293392,0.0
S37500,0.0006674310921825997,0.0
S37501,0.0016187905148575988,0.0
S37503,0.0006310834413218006,0.0
S37504,0.002664670385480284,0.0
S37505,0.002058335004896221,0.0
S37507,0.0032932308771376935,0.0
S37511,0.0006993253261536115,0.0
S37514,0.0003904965342242471,0.0
S37515,0.0010288468762517837,0.0
S37516,0.0008067845762078543,0.0
S37517,0.0030283096553363684,0.0
S37520,0.000305233457101268,0.0
S37523,0.00040358240472783375,0.0
S37526,0.0036797254876432977,0.0056439432653107
S37528,0.002042103626662023,0.0
S37531,0.0006647394231105626,0.0
S37532,0.0015132565716590267,0.0028270279801823
S37536,0.000400323214729619,0.0027830975820089
S37538,0.0022082121194768834,0.0
S37540,0.0016149196583075081,0.0
S37541,0.004104015985664842,0.0
S37542,0.0036504966426648706,0.0
S37544,0.0023751965772884206,0.0
S37546,0.0018728651115464282,0.0
S37548,0.00440691289717695,0.0
S37549,0.0018965329557705968,0.0
S37551,0.0017728663295703956,0.0
S37552,0.0026089668582599704,0.0
S37553,0.0017242081838556812,0.0
S37555,0.0017198583212872285,0.0
S37556,0.003510775532425763,0.0
S37557,0.0025196264648254746,0.0
S37558,0.002571585155280945,0.0
S37559,0.0020233870189862763,0.0056180092804539
S37561,0.003375269032137304,0.0
S37565,0.003785246714877055,0.0
S37567,0.003773600476904917,0.0
S37568,0.004175208732470275,0.0
S37570,0.0021529101320278974,0.0027615713730066
S37572,0.0034490162276148407,0.0
S37573,0.0016956265564102514,0.0
S37577,0.0018157605895070031,0.0
S37578,0.002022771459504796,0.0
S37579,0.0022360050729730747,0.0
S37581,0.00387279208153186,0.0
S37588,0.0017799103653445465,0.0
S37589,0.0026574027270853205,0.0
S37590,0.002348701216924634,0.0
S37593,0.0032420567885787003,0.0028001735318808
S37594,0.0018947187898113124,0.0
S37595,0.0007769239112203329,0.0028086712780867
S37596,0.002290214380037076,0.0
S37597,0.0033136719438147002,0.0
S37600,0.0008588093029095411,0.0
S37601,0.0004392276327408741,0.0027709479764274
S37602,0.0013080804959003608,0.0
S37603,0.0020580599303483375,0.0
S37604,0.00210120008819757,0.0056073606480619
S37606,0.0026500778391115865,0.0056088794090927
S37607,0.0022015541462013905,0.0
S37608,0.0036164765259562573,0.0028049620173151
S37609,0.0024524358714898813,0.0
S37611,0.0013959199745126889,0.0050305680391918
S37613,0.005131513716130478,0.0
S37614,0.0005267397513500268,0.0
S37615,0.0035488172265762986,0.0
S37617,0.001584400772497672,0.0
S37620,0.0010854545113450208,0.0
S37621,0.0006525296542855773,0.0050101816568882
S37624,0.0016009841417089856,0.0
S37625,0.001020577012919435,0.0
S37626,0.004420134576247189,0.0
S37627,0.0019077477683925538,0.0
S37629,0.001149558050144351,0.0
S37632,0.0014932493042487194,0.0
S37633,0.002585436220186058,0.0
S37634,0.0004492052799290879,0.0
S37635,0.0015477398680136794,0.0
S37636,0.0013178709353896696,0.0
S37638,0.0010458379765259877,0.0
S37639,0.003801590808733783,0.0
S37640,0.001489143550181442,0.0
S37641,0.003178991343221118,0.0
S37642,0.0017777955183804588,0.0
S37643,0.005115834636357089,0.0
S37644,0.003641760193118895,0.0
S37645,0.0028822983029411775,0.0
S37646,0.003950837914468284,0.0
S37650,0.0030128511607432663,0.0
S37652,0.0037101123734894405,0.0
S37653,0.0033020152059025413,0.0
S37654,0.0023895369114396102,0.0
S37656,0.0009947329949160442,0.0
S37657,0.0024713323763170566,0.0
S37658,0.0007363096995808827,0.0
S37660,0.0010335576873203613,0.0
S37662,0.0009231227995449712,0.0
S37664,0.00014462987089426194,0.0
S37665,0.00048757637209805775,0.0
S37666,0.00030650752430899794,0.0
S37667,0.0005953010795910263,0.0
S37669,0.00019537498697291751,0.0
S37672,0.0002778197045870547,0.0
S37673,0.002352330647706179,0.0
S37674,0.001599911381121401,0.0
S37675,0.0037018492297652716,0.0
S37676,0.0011083654226873997,0.0050466587463571
S37677,0.0015080025185177878,0.0
S37678,0.0008817728543207497,0.0
S37679,0.002106484935756404,0.0
S37680,0.0015560557016822017,0.0
S37681,0.0013937771699645376,0.0
S37682,0.0010054949085983567,0.0
S37683,0.002856919395200255,0.0
S37684,0.0010661173166056043,0.0
S37685,0.0004433640923393092,0.0
S37687,0.0006414007145296808,0.0
S37688,0.00013428552146228816,0.0
S37689,0.0005627486483053249,0.0
S37691,3.8152221015542866e-05,0.0
S37693,5.9642151958946764e-05,0.0
S37695,0.0002649918192848628,0.0
S37697,8.107661441110746e-05,0.0
S37698,0.00036369616888925,0.0
S37699,0.00034324609104812045,0.0
S37701,0.0006600694347580649,0.0
S37703,0.00037525365879622366,0.0
S37704,0.0010709395897614135,0.0
S37705,0.0004958132876470737,0.0
S37706,0.0006880660525442217,0.0
S37709,0.0018675153065923476,0.0
S37710,0.0005276056710324857,0.0
S37711,0.0008300026435771375,0.0
S37715,0.0012183899885724707,0.0
S37718,0.000937941598185797,0.0
S37719,0.0012346195274788461,0.0
S37720,0.0010904899026842488,0.0
S37721,0.002771327987809572,0.0
S37723,0.0009399000848582637,0.0055253532557338
S37724,0.00225452919369895,0.0
S37725,0.0031041999939935986,0.0
S37727,0.0024651237245500368,0.0
S37728,0.0014818544420491652,0.0
S37729,0.0024581548525367636,0.0
S37730,0.0021417858789954144,0.0
S37731,0.002594613721256302,0.0
S37733,0.0023681408052098683,0.0
S37735,0.0014588395731961771,0.0027688639301154
S37736,0.0019710391191325814,0.0
S37737,0.0018851328010872587,0.0028085284328185
S37738,0.0017997385508133088,0.0
S37740,0.0026110290777655843,0.0028188026044148
S37742,0.0017973436014657887,0.0
S37745,0.0036745162179621007,0.0
S37746,0.001168746363459158,0.0
S37747,0.001812223302160406,0.0
S37750,0.00463128337325911,0.0
S37751,0.004411380947772933,0.0
S37754,0.003203326158935396,0.0
S37757,0.002064889686312128,0.0
S37759,0.0018912999091718855,0.0
S37760,0.0009486295450754589,0.0
S37761,0.005535734066418134,0.0
S37762,0.001819973820576158,0.0
S37763,0.0013558494257435937,0.0
S37764,0.0036781305606877705,0.0
S37765,0.0005090453605508274,0.0
S37766,0.002859483102316716,0.002835398553205
S37767,0.002007797441077394,0.0028150187195912
S37770,0.003756340145415711,0.0
S37771,0.002730645000093695,0.0
S37773,0.002504725282986027,0.0055684402765173
S37777,0.0007632398036052261,0.0
S37778,0.0036146419064838225,0.0
S37779,0.00019174156073390654,0.0
S37780,4.9365652657173286e-05,0.0
S37781,7.864505993797871e-06,0.0
S37783,0.0007367419321463566,0.0
S37784,0.0004716295910973803,0.0
S37787,0.0002219584574955567,0.0
S37795,0.0031067308396378096,0.0
S37796,0.0018319326309303822,0.0
S37797,0.0025161694272869163,0.0
S37799,0.003544606458789675,0.0
S37800,0.0034860453300551205,0.0
S37802,0.001042353663209395,0.0
S37804,0.002210663738028012,0.0
S37806,0.0011106337787058188,0.0
S37809,0.001209923289923696,0.0
S37810,0.0013013267927725137,0.0027871242709735
S37812,0.0002744734094243028,0.0
S37813,0.0018845445947404053,0.0
S37816,0.001970084026049856,0.0
S37820,0.00054810045845097,0.0
S37821,0.00039865815809034797,0.0
S37822,0.0025566974006304157,0.0
S37823,7.341734812524672e-05,0.0
S37825,0.0006312715390582102,0.0
S37826,0.0017766353460442021,0.0
S37827,0.004514776267701359,0.0
S37828,0.001903963349724769,0.0
S37832,0.0018151018185863332,0.0
S37833,0.0004896197108283359,0.0
S37834,0.0027460020739577444,0.0051063917229191
S37835,0.0025922539813972643,0.0
S37837,0.002723433264400925,0.0
S37838,0.0036969092644189676,0.0
S37839,0.002354937734043071,0.0
S37840,0.0016143747904590236,0.0
S37842,0.0034261761687652496,0.0
S37844,0.0024522509779280727,0.0
S37845,0.0013848717606067516,0.0
S37846,0.0040430153368903425,0.0
S37848,0.0016534989466319603,0.0
S37849,0.0032566206943119578,0.0
S37851,0.0008467911188496748,0.0
S37852,7.15553821471283e-05,0.0
S37853,0.00015600471770882486,0.0
S37855,4.557531866555091e-05,0.0
S37856,6.374738307893886e-05,0.0
S37859,0.0030419231724093812,0.0
S37860,0.0006007396434268828,0.0
S37861,0.00011852089795520434,0.0
S37863,0.0003727706797900567,0.0
S37865,0.0007700846098797931,0.0
S37866,0.0032781346940338745,0.0027914448113949
S37870,0.0016300179754589327,0.0
S37871,0.0014555527742925207,0.0
S37873,0.0004033977823474273,0.0
S37875,0.00017639786504783313,0.0
S37876,0.0001519565268390204,0.0
S37877,0.0008454641979023863,0.0
S37878,0.00013998911388446797,0.0
S37882,0.0024883527987724923,0.0
S37883,0.00048215385613939156,0.0
S37884,0.002257641930969604,0.0
S37885,0.00219014218719131,0.0
S37886,0.0006156707943452792,0.0099889458345894
S37887,0.00028149649724471307,0.0
S37889,0.000661465868384992,0.0
S37890,0.00101325690074762,0.0
S37898,0.00010391844765483245,0.0
S37900,0.0014612211182281,0.0
S37901,0.0005857248223334288,0.0
S37903,0.002999425514203566,0.0
S37906,0.001440904481514873,0.0
S37907,0.0013763475612741146,0.0
S37909,0.002219143708625384,0.0
S37911,0.0018211601494305524,0.012656616074157
S37912,0.004001969771835514,0.0123249623886124
S37913,0.0031703416584214256,0.0040918821011032
S37914,0.0030480769419333866,0.0068672398117519
S37915,0.0015282049295749886,0.0054714291218741
S37916,0.004235578685389621,0.0067496727019876
S37918,0.001181352857208908,0.0139351524735596
S37920,0.0022727981456274952,0.0
S37922,0.002639708938934382,0.0
S37923,0.0012617046768215296,0.0042434384658731
S37924,0.0019299408787121987,0.012217606135844
S37925,0.002745403541208439,0.0028291039083757
S37926,0.003063068899866756,0.0042616681386714
S37927,8.758577110293069e-05,0.0
S37930,0.0013378950268414086,0.0069239535356743
S37933,0.0017289129822178383,0.0098132963254437
S37935,0.0017615936541188178,0.0070781991466283
S37936,0.001302955101658467,0.0096090373009625
S37937,0.0011823931132743464,0.009906600603679
S37938,0.00291366152447041,0.0098866684854271
S37940,0.002262660032639362,0.0112014514556815
S37941,0.00016799747736176925,0.0027331645040571
S37942,0.00029256982315550633,0.0109199569353811
S37949,0.0013254390350475663,0.0094653531074599
S37951,0.002668421978204795,0.0122201094974264
S37952,0.003667074578987421,0.0027041658845261
S37956,0.005021296119099655,0.0041085585324923
S37961,0.0018029517834622939,0.0027152238284109
S37962,0.0032916388719675545,0.009859853476739
S37963,0.0022592889466039965,0.0027311819093544
S37964,0.003437976945941088,0.0027778709324032
S37965,0.0033520568689960886,0.0095941712445121
S37967,0.003824113570767347,0.0
S37968,0.001803516018173318,0.0068612671117516
S37969,0.004218368193243727,0.004168588802684
S37970,0.004320649084031452,0.0098263512292118
S37976,0.0015106046813273442,0.0068980641006423
S37978,0.002209806947332047,0.0096557619559093
S37980,0.003344265423738615,0.0068990407973458
S37981,0.0012232538030914127,0.0027727334856384
S37985,0.004596795138956489,0.0013815571845143
S37986,0.005748044296558803,0.0081108427443044
S37988,0.0026408522303008686,0.0
S37989,0.0008443665158682371,0.0
S37990,0.0031442379492391138,0.0013575006691904
S37991,0.0017814942293315349,0.0123628765453595
S37993,0.0016620117938826872,0.0041008292421304
S37994,0.0008977568991368954,0.0203808805196509
S37995,0.0020242415907454213,0.0
S38000,0.0002891096078049322,0.0013993298983585
S38001,0.0022356420279019506,0.0094490028165035
S38003,0.0030007253806772216,0.0027007713772575
S38004,0.0025969627695270974,0.0013877603446783
S38007,0.002475832886006872,0.0231459793825729
S38008,0.000700460073771715,0.0095692332235855
S38009,0.000543479846686612,0.0014161843946167
S38011,0.001263973432150522,0.0081512825559273
S38013,0.0008811014132533613,0.0070976070924659
S38014,0.0009025170061758664,0.0081770991864033
S38017,0.003902694859331936,0.0097991166993397
S38018,0.0010348756106808073,0.0084899939357186
S38019,0.003397554547095184,0.0109649485673312
S38020,0.0029284833404087923,0.0136299562854118
S38022,0.0005007087177386442,0.0148572701974084
S38023,0.001873030852279329,0.0040760423842797
S38029,0.0017358696866370685,0.0028102435355917
S38031,0.0013010736642455475,0.0111785874943769
S38032,0.002250555111070436,0.0112143417215255
S38033,0.0029329690611890015,0.0069284129055282
S38035,0.0012031641373867934,0.0125058713010803
S38036,0.003132974320477828,0.0014036930967672
S38037,0.0033794916114014348,0.0
S38039,9.243115055138785e-05,0.0202921746515217
S38040,0.001637168944313693,0.0082569798061188
S38041,0.002999765079416782,0.0231919145338559
S38043,0.0020355756040167225,0.0056075029969677
S38044,0.0010067857589107086,0.0013751238164804
S38045,0.0032325152389210575,0.010863209892734
S38047,0.004798131188674207,0.0068632568570426
S38048,0.004365508784045604,0.0042240353561108
S38049,0.003921251843463102,0.0054704354334522
S38050,0.002346752714658351,0.0110580827464984
S38051,0.00038067701566264805,0.001399199894145
S38052,0.0028664881648363194,0.0111819828332939
S38053,0.004374983523713337,0.0014031937480236
S38055,0.0027461199176528695,0.0056513556999664
S38057,0.007027397404943089,0.0027243326207312
S38058,0.004473582393677398,0.0111395951530433
S38059,0.0025363414481880927,0.0055531812074537
S38060,0.0021044105118434558,0.0135920471482681
S38061,0.0006587331610479526,0.0040613865917039
S38062,0.0020073116229338593,0.0054393179511172
S38066,0.0019342335021834043,0.0081456714852328
S38068,0.0023557067769578504,0.0054682235150114
S38069,0.0025637159683837047,0.0208755113870244
S38071,0.003011966726465361,0.008376310378535
S38074,0.001154890095822046,0.0
S38079,0.001727186446099311,0.0013558230828197
S38081,0.003805444072326368,0.0081542247744052
S38082,0.004468330367854909,0.0014095691880087
S38083,0.0040365812572633955,0.0040655061841502
S38086,0.004168468104352093,0.0054592587710626
S38087,0.0021914529044132296,0.0070391017143116
S38088,0.004526475888334958,0.0027499280702919
S38090,0.004188257169739779,0.0108744406883499
S38092,0.0050894500965151905,0.0081395348837209
S38093,0.00347955209941232,0.0094686763449113
S38094,0.0011045316663109573,0.0040985972406627
S38096,0.003677086174162459,0.0014091016055819
S38097,0.004510954560890911,0.0042131497745074
S38099,0.0033971282132351805,0.0069383367536401
S38100,0.0017683828394167605,0.0056069810863102
S38102,0.0016935037455062668,0.0068038386244472
S38103,0.002252155216306454,0.0056640113052298
S38106,0.0019320989802233744,0.0027045411258944
S38108,0.0016159875792099237,0.0070320503025055
S38109,0.001999053155850016,0.0013691573208594
S38110,0.0030785511027742064,0.0109565183844095
S38112,0.0043810470648429755,0.008149678604224
S38113,0.0032372521352312623,0.0028378270352986
S38116,0.0030272259686742677,0.0
S38119,0.0022142671560186587,0.0181115848547793
S38120,0.000771842822580481,0.0041657237211563
S38121,0.00017824701365113564,0.0248651262851568
S38122,0.0023452431678826257,0.005523879386038
S38124,0.0010211973983906596,0.0070629899327523
S38126,0.0018226800022629749,0.0122451996517797
S38127,0.000505715624184176,0.0056743904597169
S38128,0.0006795251661345085,0.0141019311417173
S38129,0.001520961921023254,0.0041279069767441
S38130,0.00291938779865276,0.0095806173563664
S38132,0.0010418239776846328,0.0125181559438152
S38133,0.001031595055501157,0.012457389211951
S38134,0.003923332633587248,0.0111390334030923
S38135,0.0009344335822604914,0.0162556420487996
S38136,0.0023354505114775324,0.0097126138349609
S38139,0.0023600975228882603,0.0054874682565971
S38144,0.0020730420161538497,0.0068885987453602
S38146,0.0030153387115942213,0.0056270255735292
S38148,0.0038514048359351545,0.0
S38150,0.0029242100810444316,0.0054536875486936
S38151,0.003279606178612013,0.0081146169231397
S38152,0.006415444130585806,0.0041461583381997
S38154,0.00254275099508981,0.0014062309897093
S38156,0.004639935890831406,0.0041700228218552
S38157,0.0009129677348667848,0.0027173393038253
S38158,0.0034016832301723135,0.020399284178036
S38159,0.003988142879941482,0.0069370584080776
S38160,0.0028928365231728295,0.0081109751121991
S38162,0.0033170362767095127,0.0013598071645694
S38163,0.00383463230821747,0.0014078921277017
S38165,0.0037706591756116645,0.0054502785454226
S38166,0.0032044145025500598,0.0013980545381919
S38167,0.001965689574416159,0.0013938083499496
S38168,0.006105695948219774,0.0041921824653744
S38169,0.0009969704837477574,0.0094419249693999
S38170,0.0012121415737290173,0.0067685351636977
S38171,0.004382577821285566,0.0109034267912772
S38173,0.0018943105984322193,0.014077964162092
S38176,0.004903730051272588,0.0067935711219917
S38177,0.0026505439946755624,0.0067731841869998
S38178,0.0024639704505369413,0.0027973602375223
S38179,0.00261200118686113,0.0084086929304379
S38182,0.0028366279764520837,0.0055356924070794
S38187,0.0006195855920269408,0.0111500915619943
S38189,0.003306033206368085,0.0014192538779613
S38191,0.0026745295029916754,0.0028034668223521
S38193,0.0023690064612402134,0.026508898995003
S38194,0.00032327579475520054,0.0069314276788503
S38196,0.0025050873359923733,0.0081064770262114
S38197,0.002237407575477215,0.0027565169162506
S38198,0.0022488735270695774,0.0137175347078468
S38199,0.002928630277441558,0.0056665783045301
S38201,0.001354102669677628,0.0041986989946777
S38204,0.00106937755454302,0.0098199441682967
S38205,0.0009347350792271911,0.0069227383399914
S38212,0.004413773696864372,0.0095044517114296
S38213,0.0017688527351366486,0.0070699828727175
S38216,0.0013045685687675024,0.0041018784457429
S38218,0.0026679604715650665,0.0081045602419953
S38219,0.0035357339953128396,0.0041109034061771
S38225,0.0020512710731644935,0.0112506119076521
S38228,0.0017965624733100967,0.0164532761717165
S38229,0.004084049123483343,0.0
S38232,0.003933094075151953,0.0148867631161178
S38233,0.002356580287030338,0.0082637070291391
S38234,0.004473356343961188,0.0
S38235,0.0015120590464554452,0.0
S38236,0.003257175708294032,0.0107920894201694
S38237,0.0019770168716186226,0.0056799350864561
S38241,0.004022357438354383,0.021974074350408
S38242,0.0020814076028746148,0.0054197438980172
S38243,0.002019505356482846,0.0055401353264443
S38245,0.0037173963949863435,0.0041365993324843
S38246,0.0018207706769875574,0.002823823525234
S38247,9.255828757581985e-05,0.0056739531870321
S38252,0.001377662400608803,0.0042296432461873
S38254,0.0020335716087454,0.0139882183738203
S38255,0.0024438018246819696,0.0056358791177637
S38256,0.00216054330986268,0.009532499273897
S38257,0.0007849110424471836,0.0068154828022193
S38259,0.0015445960484500457,0.0068296436767393
S38260,0.0009368878726950534,0.0083883272291515
S38264,0.002871753166797889,0.0028131305841632
S38266,0.0014183938427416289,0.0027457349951383
S38267,0.0027005316014515122,0.0083895308108473
S38272,0.004050199950844475,0.0067465941238115
S38273,0.0033469369432850295,0.0069327039498278
S38275,0.0014638993905967332,0.0108163104302856
S38276,0.0025278420469739666,0.0153233830845771
S38279,0.003097914347518784,0.0083257948872583
S38280,0.002055552578798454,0.001420008114332
S38281,0.0019260041136507393,0.0098324331809998
S38282,0.00411861214810918,0.0013658048630347
S38283,0.002144010918351171,0.0027877574258397
S38284,0.003549015410374318,0.0
S38287,0.0026310267183826818,0.0069962949198734
S38293,0.0009170297800720946,0.023856718508228
S38295,0.0028158588989591576,0.0070898311564555
S38298,0.0006928104497739966,0.0094389277768734
S38299,0.002499590672769858,0.009866480624376
S38300,0.001184774316304961,0.0151021682260546
S38301,0.0026721427232464425,0.0055443070452859
S38302,0.0021596122552289135,0.0040979889346053
S38303,0.0006197571519860855,0.0081434025331388
S38304,0.0007537323880235886,0.0080941988860297
S38305,0.0008940124184838836,0.0069523130079594
S38307,0.0015867178562107322,0.0084311596661464
S38309,0.003000027086298456,0.0110506143708014
S38310,0.0033358439936959417,0.0083602476113578
S38311,0.004659519050804955,0.0040754741736299
S38312,0.0015592423063779755,0.0081414682490928
S38313,0.0025276842383435676,0.0070130581166622
S38315,0.00244411848164446,0.0070935954966373
S38316,0.0027094476922626494,0.0055176701443531
S38317,0.0009219537250394115,0.018040128885985
S38318,0.0013097964558753143,0.0083294228061942
S38319,0.003886144528202926,0.0070423932234323
S38321,0.0029710432303340344,0.0028343313373253
S38322,0.002408154739213652,0.0013650621007124
S38323,0.0015905646535263986,0.005589340890752
S38326,0.005959391592056615,0.0084751543262508
S38327,0.0004907839523064379,0.0155898892424916
S38328,0.002434401481109496,0.0067803917074581
S38329,0.002844982143531896,0.0067804472093752
S38330,0.0025085128966422037,0.0068679230682066
S38331,0.0013157019409118299,0.0027229445056239
S38334,0.003185865746515506,0.0054978028147201
S38335,0.003659572301906571,0.0028312070797266
S38336,0.0015048563261376839,0.008125827706293
S38337,0.0031205120718468126,0.0
S38339,0.0028636879863606847,0.0084633199373339
S38342,0.0030971933790612683,0.0041498972963043
S38344,0.0008703344431733273,0.0068175021879106
S38345,0.0034549622652052647,0.0097640517868018
S38346,0.003145981679563898,0.0054956142897029
S38348,0.0034784101544059727,0.0054350351992345
S38349,0.0027145070437085265,0.0084253710468989
S38351,0.0009994819950286523,0.0013728333678613
S38352,2.6584267126516577e-05,0.0028257260467126
S38353,7.962208948510127e-06,0.0099419315752774
S38356,0.0021541167466562696,0.0126540380894184
S38358,0.0014231384960097595,0.0041427368736923
S38360,0.0038834480515530963,0.0069816118111452
S38362,0.003018325762019399,0.0027775682027121
S38365,0.0014599054649263683,0.0097441973150941
S38366,0.004242306384008456,0.0040527096889932
S38370,0.003646106484729719,0.0084393200998454
S38372,0.0016831393068856306,0.0041158397720967
S38373,0.0037431558951138816,0.0027926918008928
S38374,0.0029086255204810005,0.0055683466940042
S38376,0.0036792423408506525,0.0150730631375792
S38379,0.0027178751520578123,0.0042426415352045
S38380,0.001435931304442359,0.0042185855430686
S38381,0.0029924676355973442,0.0068551913246657
S38382,0.0018807523875128632,0.0
S38383,0.0019307509813662072,0.0098006901894499
S38384,0.002872288756585621,0.0041620956193315
S38385,0.002917303450295213,0.0
S38388,0.003579196988927293,0.0111945446303632
S38389,0.0020465418637425504,0.0027605129999611
S38390,0.002216796504503033,0.0054842892217716
S38393,0.002774570756136122,0.0
S38395,0.004082010711445653,0.0
S38396,0.0022975360535088044,0.0
S38397,0.0016432330913686605,0.0
S38399,0.0028453969286453447,0.0
S38400,0.0014227486584286366,0.0
S38404,0.002540208176069654,0.0
S38405,0.002343687061063157,0.0
S38407,0.003418792972897036,0.0
S38408,0.003666724547858642,0.0
S38410,0.0011978193583285304,0.0207453291703538
S38411,0.0025586681029371107,0.0109741186341969
S38413,0.001076425481221999,0.0067497827031725
S38414,0.0013160962797067915,0.0027015861626604
S38416,0.0007375020760621769,0.0124665551839464
S38417,0.001206908076446415,0.0
S38419,0.0013167862174080663,0.0027363019732205
S38420,0.0023185639019976546,0.006807696943796
S38421,0.0032343053828443103,0.0041122639792152
S38422,0.0020978844765522967,0.0140035896525588
S38423,0.003464323064246717,0.0068652477567077
S38424,0.001607935335629041,0.0084041428873388
S38425,0.0031016944752933007,0.0040609220008824
S38426,0.0018849113246800432,0.0081556966802868
S38429,0.004236202079837955,0.0181914423355773
S38430,0.002609674124827573,0.0152721441900483
S38431,0.0008333105597630342,0.0042487711049369
S38433,0.0028846594846505084,0.0070558305010633
S38434,0.0017626967807873274,0.0122184070999516
S38435,0.004315410239281831,0.0
S38437,0.0011028328263600015,0.0070537876142869
S38438,0.0014464150338057672,0.0054137222063368
S38440,0.0016599422090489023,0.0
S38441,0.001184677699287761,0.0028366608449482
S38442,0.001624939506026885,0.005435302673633
S38443,0.001792254585016866,0.0069409530193843
S38445,0.00037287247746912186,0.0070296631985109
S38446,0.001023431840129154,0.0013604883523582
S38447,0.0028393714288123748,0.002798919853465
S38448,0.002427017711375465,0.0054803432657663
S38450,0.000741697624834458,0.0056138210693369
S38451,0.00042846352925794457,0.0084166673722893
S38453,0.001328350837396618,0.0
S38454,0.0022435039522511933,0.0067486828526424
S38457,0.0013986713179555829,0.0
S38458,0.0011710526352009035,0.0
S38460,3.1126129703350924e-05,0.0
S38462,0.0006004562244375756,0.0
S38463,9.144022200522648e-05,0.0
S38464,0.0004484757611250263,0.0
S38467,0.0002218518204985289,0.0
S38468,0.00015837116334649267,0.0
S38469,0.0008193515378621017,0.0
S38470,0.0001723615482071742,0.0
S38471,0.0019535907531163664,0.0112256450652053
S38472,0.001548067374632347,0.0098052478791465
S38473,0.0007272394176175761,0.009790182239782
S38475,0.0012579774494464113,0.0068224435055005
S38477,0.0007142022875021035,0.0083221701272605
S38479,0.0028912274833536563,0.0122433897191657
S38480,0.0014443716074585649,0.0
S38481,0.0008578843529339553,0.0056722533226051
S38483,0.0007370762629330166,0.0069214657352629
S38484,0.0018938626497129432,0.0156277245609972
S38486,0.0019372305551634782,0.0108105756577158
S38488,0.0008732734664591358,0.0027409196695454
S38490,0.00030668133385771307,0.0083327744618067
S38492,0.0013968271655848434,0.0027315646864196
S38493,0.002771327425058313,0.0056818831384115
S38498,0.0007381043250908506,0.0067856128623544
S38501,0.00043829964040666006,0.0
S38502,0.002005691425761199,0.0083451570383927
S38503,0.000797880697153331,0.001361036030485
S38506,0.002840296882997696,0.0027162254849719
S38509,0.003415333420959884,0.0084095466120694
S38512,0.0027726887398329177,0.0027875228904985
S38513,0.0014438550178086566,0.0096635667699965
S38514,0.0020737293374924774,0.0041070307076984
S38515,0.003445319849888039,0.0082523183701256
S38516,0.003847359528407393,0.0028319330364646
S38519,0.0013501774387289262,0.0096734817582992
S38520,0.0010018286518379644,0.0028021864948142
S38521,0.0015879269035935142,0.0080965723967157
S38522,0.0018751113045305241,0.0096025128277316
S38525,0.002650286942764288,0.004057639710985
S38527,0.0023897742519517666,0.0054610133640996
S38528,0.004278090908799767,0.0014056224899598
S38530,0.0028837388211398296,0.0126397707716957
S38532,0.0008916788315093717,0.0027729655387894
S38534,0.0018288789961547207,0.0040580041478191
S38536,0.0005344413845399271,0.0070045184076488
S38537,0.0012588789655513858,0.0124153780819864
S38538,0.0003237399537399418,0.0084237288135593
S38540,0.0038419297536717444,0.0069019725476472
S38541,0.0005385252289499987,0.0
S38542,0.00025304652618608997,0.0
S38546,0.0002750503987652067,0.0
S38548,0.0005989536022640384,0.0042403610705845
S38549,0.0010291505426183415,0.0136427520477853
S38550,0.0008878881930337259,0.0080983534434296
S38551,0.003562968278382954,0.0123430217637855
S38557,0.003138365564214076,0.0110858315488936
S38561,3.95769232515051e-05,0.0
S38562,0.0008630687694181562,0.0
S38563,0.0008781956406177893,0.0
S38564,0.002257108268469145,0.0
S38567,0.00021319879673938085,0.0
S38568,2.8870661811561414e-05,0.0
S38569,0.0023071936730970017,0.0
S38570,0.0029245610606733084,0.0
S38571,0.0014408308506464755,0.0
S38572,0.004712729614251662,0.0
S38575,0.0006992542062385655,0.0
S38576,0.0024304312299700337,0.0
S38577,0.0024596409982545206,0.0
S38578,0.0007912640938368264,0.0
S38580,0.0044992017773389644,0.0
S38582,0.0006008926896291364,0.0
S38583,2.8856053972810646e-05,0.0
S38584,0.00022809524096783194,0.0
S38585,0.0002891634320449674,0.0
S38588,0.00020064075971917272,0.0
S38592,0.0003230046738724515,0.0
S38594,0.00021844663931019844,0.0
S38595,0.0014805726806999219,0.0
S38597,0.00026998426875646253,0.0
S38598,0.0006680295191014028,0.0
S38599,0.0009347781196033254,0.0
S38600,0.0018834127414085406,0.0
S38602,0.001536348712831982,0.0
S38603,0.00356719092426246,0.0
S38605,0.0009749581179990234,0.0
S38609,0.00010993436413787447,0.0
S38610,7.557018963911697e-05,0.0
S38611,0.00026292776019155894,0.0
S38612,9.887675025357139e-05,0.0
S38613,0.00043612700778262694,0.0
S38614,8.02733190552752e-05,0.0
S38615,0.0013965483467285884,0.0
S38618,0.0001329569701943426,0.0
S38622,0.00017059440183090743,0.0
S38625,2.063785152984726e-05,0.0
S38627,3.358677077912637e-05,0.0
S38629,0.00011026611266298825,0.0
S38632,0.0007657407672688884,0.0
S38633,0.0006570450786237934,0.0
S38634,0.0008019652479209151,0.0
S38636,0.0007786043913640627,0.0
S38637,0.0022280631427097687,0.0
S38638,0.0025440165023881307,0.0
S38639,0.001410539651525924,0.0
S38643,0.0007886486907575851,0.0
S38644,0.004817706654575796,0.0
S38645,0.0022436738259571346,0.0
S38646,0.0009787543067218299,0.0
S38647,0.0006177598151994253,0.0
S38649,8.974475880157863e-05,0.0
S38650,0.00035645417857864837,0.0
S38652,0.0035575854298662605,0.0
S38653,0.0022047992351929046,0.0
S38654,0.0009252784528100145,0.0
S38655,0.003974905151177259,0.0
S38657,0.003793744948602012,0.0
S38659,0.003412342194725722,0.0
S38660,0.00038674027029998964,0.0
S38663,0.0011961575832473387,0.0
S38664,0.001894223960461007,0.0
S38666,0.00268066358215381,0.0
S38667,0.0020616115261307506,0.0
S38669,0.0012531465854069331,0.0
S38671,0.0002892105352456701,0.0
S38672,0.00029248707780815615,0.0
S38674,0.00047746254616399804,0.0
S38675,0.0026897543702545782,0.0
S38676,0.0007984035714256444,0.0
S38680,0.0010367771272138128,0.0
S38681,0.0016576920264990184,0.0
S38682,0.0013251662777547485,0.0
S38684,0.0006774996475052667,0.0
S38685,0.0026934220783857627,0.0
S38686,0.002822219471379523,0.0
S38690,0.0036846047139933893,0.0
S38692,0.0019123534535939622,0.0
S38695,0.004078575750691196,0.0
S38696,0.0032965853875335533,0.0
S38697,0.001718774067620073,0.0
S38699,0.003180411439444809,0.0
S38701,0.004318630110949606,0.0
S38702,0.0031790745953313125,0.0
S38704,0.0015680648613785892,0.0
S38705,0.0018647958568599936,0.0
S38706,0.002601414398122579,0.0
S38707,0.0018517268508576284,0.0
S38710,0.002867061901499871,0.0
S38711,0.002582587366845476,0.0
S38715,0.0010456843526329986,0.0
S38716,0.0032455101165884135,0.0
S38720,0.0019147295759792589,0.0
S38722,0.004937354124682176,0.0
S38723,0.002012369668029965,0.0
S38726,0.003073809203965986,0.0
S38727,0.0010665594746498029,0.0
S38728,0.0019346938780089415,0.0
S38731,0.0020844688212239577,0.0
S38733,0.0019518748882338696,0.0
S38738,0.0015894061540497229,0.0
S38739,0.002321212721152419,0.0
S38740,0.004226291988289299,0.0
S38744,0.002112666396060362,0.0
S38748,0.00026859988581755793,0.0
S38749,0.002626113619635386,0.0
S38750,0.00025123232571489423,0.0
S38751,0.0012440382661590868,0.0
S38752,0.0017373135007403755,0.0
S38753,0.0006761255415830263,0.0
S38754,0.0004015062753012533,0.0
S38755,0.001963627871419892,0.0
S38756,0.0009337914249433883,0.0
S38757,0.0007703951050077564,0.0
S38758,7.771602436573926e-05,0.0
S38759,0.0005238493004540151,0.0
S38760,0.0024500358419293983,0.0
S38761,0.0010577521450374373,0.0
S38763,0.0036768391046947436,0.0
S38764,0.002704323837938339,0.0
S38765,0.001932058866187465,0.0
S38766,0.0014478487376943393,0.0
S38768,0.004198602145135268,0.0
S38769,0.0034190450045259477,0.0
S38770,3.431604043885725e-05,0.0
S38771,0.0023046077523609797,0.0
S38772,0.0038877217438866196,0.0
S38773,0.0029641403831244736,0.0
S38776,0.0023842258616333196,0.0051965704726056
S38777,0.0010237160552170972,0.0
S38778,0.0013125700715878805,0.0
S38780,0.0007579004715258463,0.0
S38781,0.0043369016031535885,0.0
S38782,0.0017979057671516463,0.0
S38783,0.0018980716572216758,0.0
S38784,0.0025369622722211664,0.0
S38785,0.0019736235551996604,0.0
S38786,0.001977182901738789,0.0
S38788,0.00041161549284126286,0.0
S38791,0.004466301388057093,0.0
S38792,0.0028448362959792198,0.0
S38793,0.0013615163259005053,0.0
S38796,0.003033127180605225,0.0
S38798,0.00025853443897849807,0.0
S38799,0.0012171262052909052,0.0
S38801,0.0016265354229042148,0.0
S38803,0.001309549035039743,0.0
S38806,0.0025944905628065536,0.0
S38808,0.0013471079693320566,0.0
S38809,0.0028804409483881525,0.0
S38810,0.00213236815793746,0.0
S38811,0.002807926891810136,0.0
S38812,0.0008408631885154312,0.0
S38813,0.0018072437035623638,0.0
S38814,0.001706379568403906,0.0
S38816,0.004815826834965895,0.0
S38817,0.0019452692928045552,0.0
S38818,0.0024568348849711274,0.0
S38819,0.002444124656065892,0.0
S38821,0.002085652164915758,0.0
S38823,0.002090597774438083,0.0
S38827,0.0029286582317963905,0.0
S38828,0.0005116236350201995,0.0
S38829,0.002893899950658069,0.0
S38831,0.0014725566246212073,0.0
S38832,0.001926525739051692,0.0
S38833,0.00027096892814225165,0.0
S38834,0.000351268011275967,0.0
S38835,0.004958841581903313,0.0
S38838,0.001781076363359046,0.0
S38839,0.0032568759865331813,0.0
S38840,0.0010415278890307626,0.0
S38841,0.003193944493315494,0.0
S38842,0.0011298373297439002,0.0
S38843,0.0026099006461287114,0.0
S38845,0.0013919707826672146,0.0
S38846,0.002135229144798255,0.0
S38847,0.0012784726215855629,0.0
S38849,0.004848947183744,0.0
S38850,0.0016271317351715675,0.0
S38851,0.0027166174220114954,0.0
S38852,0.0031601843415880087,0.0
S38853,0.001307424766416792,0.0
S38855,3.504850196809478e-05,0.0
S38858,7.961075258764366e-05,0.0
S38859,0.00023758826897116484,0.0
S38861,0.00027399755057784455,0.0
S38864,7.816122624446925e-06,0.0
S38866,0.00016490898599601697,0.0
S38869,1.3102883609914125e-05,0.0
S38870,5.9833342862175094e-05,0.0
S38872,8.265716872101507e-05,0.0
S38873,0.000191271674691738,0.0
S38874,2.6832009360460293e-05,0.0
S38876,3.6289440523481744e-06,0.0
S38877,0.0006973394833120004,0.0
S38879,0.00013983621439177835,0.0
S38880,0.001179903581019187,0.0
S38881,0.0026115780337521684,0.0
S38882,0.0026476052681392217,0.0
S38884,0.00287582584836411,0.0
S38885,0.00388894573537509,0.0
S38886,0.0015605383710109466,0.0
S38889,0.0009308888396337709,0.0
S38890,0.003235062669211075,0.0
S38893,0.004842747353029023,0.0
S38894,0.0027629828821653215,0.0
S38895,0.0035245610072057202,0.0
S38896,0.003960318986479199,0.0
S38897,0.004488917542245266,0.002920677456131
S38900,0.002714973243833474,0.0
S38903,0.001102357435333724,0.0
S38904,0.0016895206927742277,0.0
S38907,0.0009402138456145554,0.0
S38909,0.0025389449503683513,0.0029417335511518
S38910,0.0006223515679693281,0.0029456041155482
S38911,0.0011489907399766083,0.0
S38912,0.0007885268242591086,0.0
S38916,0.0015830132693334983,0.0
S38919,0.00010726097258623492,0.0
S38920,0.0025369754170359764,0.0
S38921,0.0034278662338433933,0.0
S38928,0.0002452203733021872,0.0
S38930,0.0008100559754298922,0.0
S38931,0.0034873413685280663,0.0
S38932,0.0014254992962628625,0.0
S38933,0.0015638456248653237,0.0
S38934,0.003074159018232825,0.0
S38935,6.792414058650206e-05,0.0
S38936,0.0032889630350399868,0.0
S38937,0.004279183888171429,0.0
S38938,0.002209851247226756,0.0029870301587873
S38943,0.001485724814008003,0.002935998771252
S38944,0.0024461104799734187,0.0
S38946,0.003505657130391539,0.0
S38947,0.0017277817193854738,0.0
S38951,0.0027328305142268836,0.0
S38952,0.00413252866613185,0.0
S38955,0.003032080636145033,0.0
S38956,0.001769834779106511,0.0029469140414228
S38959,0.0024010991588127133,0.0
S38960,0.0025457633388007344,0.0
S38961,0.0021004195444170094,0.0
S38962,0.0026917745359856565,0.0
S38963,0.0028900419620104586,0.0
S38964,0.0032625838203438305,0.0
S38966,0.0023654151874367563,0.005990911172989
S38968,0.00353045690375236,0.0
S38969,0.002641690741264112,0.0029163072626026
S38970,0.0028410256667744005,0.0
S38971,0.004553784190563379,0.0
S38972,0.0036238685976191427,0.0
S38975,0.0014166519224566268,0.0
S38977,0.0025932683370102783,0.0
S38978,0.002821039286241326,0.0
S38979,0.002947973295568734,0.0
S38981,0.002486711326111208,0.0
S38982,0.0014303726325260292,0.0
S38983,0.001290145774175036,0.0
S38984,0.004832581821923096,0.0
S38985,0.0029023993696268733,0.0
S38986,0.0022179650977884415,0.0
S38989,0.0023414396163366717,0.0
S38990,0.0011069945648359818,0.0
S38992,0.00013003088963158614,0.0
S38993,0.0006671696888567617,0.0
S38994,0.00034972802271148633,0.0
S38996,0.001978573862477475,0.0029863301787592
S38997,0.0019667705072934616,0.0
S38999,0.002110519682254674,0.0029731993299832
S39000,0.0009415276235925048,0.0029318420462723
S39002,5.1567282822953746e-05,0.0
S39003,0.0004288299478998804,0.0
S39006,9.055996458762323e-05,0.0
S39007,0.00042926388412101906,0.0
S39008,0.0003175230386018823,0.0
S39011,5.091298640159201e-05,0.0
S39012,2.3756312513569623e-05,0.0
S39013,0.0002003322979153614,0.0
S39015,0.000823736108253266,0.0
S39016,2.1630624344109884e-05,0.0
S39018,9.401045265886147e-05,0.0
S39019,0.00019834948394804172,0.0
S39020,8.239086171018808e-05,0.0
S39022,0.0010628268132740937,0.0
S39024,0.003171654106420227,0.0
S39025,0.0019828521037483834,0.0
S39026,0.002043450421592389,0.0
S39027,0.0023374595339744936,0.0059063305881374
S39030,0.001426681416230721,0.0
S39031,0.00017618231748580784,0.0
S39032,3.6412743359444424e-05,0.0
S39033,6.580396298812133e-05,0.0029342826948168
S39035,0.0004748592697807612,0.0
S39038,1.299965672758648e-06,0.0
S39039,0.00028079705501784255,0.0
S39040,0.0016079576614619821,0.0
S39042,3.800464631615813e-05,0.0
S39047,0.001409288388014895,0.0
S39048,0.0003243354725200919,0.0
S39049,0.001469059160835077,0.0
S39050,0.000845022753515869,0.0
S39051,0.0006768408371274588,0.0
S39053,0.0016482349324832913,0.0
S39054,0.0027166448736312214,0.0
S39055,0.0036541847566346364,0.0
S39056,0.0029191505734298393,0.0
S39058,0.0015048233678876355,0.0
S39059,0.0024198863425160867,0.0
S39061,0.002438624977081431,0.0
S39063,0.005007986230810977,0.0
S39064,0.003759871061177178,0.0
S39066,0.0013056317859857231,0.0058643067846607
S39067,0.0021899017148915663,0.0
S39068,0.0021998781267135326,0.0
S39069,0.003226835326239326,0.0
S39072,0.0006833955781179312,0.0
S39074,0.0031927406006948184,0.0
S39075,0.0007986672902007746,0.0
S39077,0.0021293215151207932,0.0
S39080,0.0005257209257525648,0.0
S39081,0.0017889073300812923,0.0
S39083,0.00013974831129654153,0.0
S39084,0.0007212553069668916,0.0
S39085,0.0010108693126580713,0.0
S39086,0.0008898511206818108,0.0
S39087,0.0018443434428058163,0.0029430923195357
S39089,0.004328153529988834,0.0
S39090,0.0011831061313572065,0.0
S39091,0.001699701063408527,0.0
S39092,0.0020234669050794873,0.0029300790001179
S39094,0.0001271479039808395,0.0
S39101,0.0009618666423686841,0.0
S39103,0.003732048405939689,0.0
S39104,0.002351971582895575,0.0
S39105,0.0010552825446833963,0.0
S39107,0.002961012157106815,0.0
S39109,0.0029411462417908746,0.0
S39110,0.002355408671416068,0.0
S39111,0.002033677474429593,0.0
S39112,0.0007598882332916061,0.0
S39114,0.0018705219955133779,0.0
S39115,0.001223658504748809,0.0
S39117,0.0007953292561082973,0.0118759595452726
S39118,0.0012345134256707682,0.0
S39119,0.0037400490296216637,0.0
S39120,0.0031724691107032615,0.0
S39121,0.0035713676375171474,0.0
S39123,0.0037366807609788264,0.0029687770669438
S39127,0.0009122242219968589,0.0
S39129,0.003199805554802038,0.0
S39130,0.001420266532455886,0.0
S39132,0.003413339993655285,0.0
S39133,0.002368515367279618,0.0
S39134,0.0013896946446317533,0.0
S39139,0.003653404099780616,0.0
S39141,0.00042124033425312043,0.0
S39142,0.00036864404434317676,0.0
S39144,0.00019763315722033466,0.0
S39145,0.0006197056002027385,0.0
S39147,0.0006910860651905439,0.0
S39149,0.003081943886727774,0.0
S39150,0.0007110292368391448,0.0
S39152,0.0011027723518173614,0.0
S39154,0.0012991512918489984,0.0
S39155,0.0011640742596082062,0.0
S39159,0.0017193183841180076,0.0
S39160,0.0008901121978768083,0.0
S39162,0.0036263556187762875,0.0
S39164,0.004156375892688367,0.0
S39167,0.003173869323257996,0.0
S39168,0.002583728045628775,0.0
S39169,0.004151310682967507,0.0
S39170,0.0031581952418213923,0.0
S39172,0.004252419439927117,0.0
S39173,0.0008913360627910108,0.0029441383804277
S39176,0.002843972174571891,0.0
S39178,0.003068203846794674,0.0
S39179,0.002679220949612136,0.0
S39183,0.00023868116802917635,0.0
S39184,0.003249748788250139,0.0
S39185,0.0023061741214886766,0.0
S39186,0.002724978753681078,0.0
S39188,0.002493589849548673,0.0
S39189,0.0017658362051528199,0.0
S39191,0.0037448818769671875,0.0
S39192,0.0023801757336871627,0.0
S39193,0.0008371585595169864,0.0
S39194,0.0026810743138184646,0.0
S39195,0.0029552650012035905,0.0
S39200,0.0038969692111361027,0.0
S39202,0.004642383735425489,0.0
S39203,0.0035836949103263327,0.002978063000713
S39204,0.004125306062866672,0.0
S39205,0.003258985405849215,0.0
S39206,0.0011960019646357761,0.0
S39207,0.0019531128811528043,0.0029307010095292
S39210,0.0036129941157639666,0.0
S39211,0.003741579404205531,0.0
S39213,0.00035537156723794053,0.0
S39214,0.0014850794257074125,0.0
S39216,0.003003485987519083,0.0
S39217,0.0032817538962577183,0.0
S39219,0.003103713253785283,0.0
S39220,0.0015137997882298292,0.0
S39221,0.0016067310085926417,0.0
S39223,0.0011629956365368193,0.0
S39224,0.0028203394971590013,0.0
S39225,0.0033304841993618776,0.0
S39227,0.0018799392465863119,0.0
S39228,0.0032434485816723122,0.0
S39229,0.0015423214718173197,0.0
S39230,0.0013206529098953653,0.0
S39232,0.0014235488945862312,0.0
S39233,0.002125436277698473,0.0
S39234,0.0024455124141202662,0.0
S39235,0.00035041256433349815,0.0
S39236,0.0006627641410230976,0.0
S39237,6.243543276644594e-05,0.0
S39239,0.00017369580480278694,0.0
S39241,0.00015133371614653533,0.0
S39242,0.00031623499204724625,0.0
S39244,0.0014219720939985892,0.0
S39246,0.00023853143355387368,0.0
S39247,0.00017624443184978877,0.0
S39248,0.00017913465007959832,0.0
S39249,0.00023839467443693106,0.0
S39250,0.0009048455689365052,0.0
S39251,0.0015982835912998028,0.0
S39256,0.0012255347978518691,0.0
S39260,0.0035083478825018626,0.0
S39261,0.00448904338324136,0.0
S39264,0.0026212824374751446,0.0
S39265,0.003254486297093264,0.0
S39266,0.004114030797303348,0.0
S39267,0.0024126370552152187,0.0
S39268,0.0023648191868659387,0.0
S39269,0.005137695031787383,0.0
S39270,0.0022539982916986484,0.0
S39271,0.005486218105881961,0.0
S39275,0.00022133918178240822,0.0
S39277,0.000925866407135744,0.0
S39278,0.00022854654199655144,0.0
S39279,0.0008139517780242505,0.0
S39283,0.003548327169951614,0.0
S39284,0.0015778050117761643,0.0
S39286,0.0015613964330579073,0.0
S39287,0.0017794669031964607,0.0
S39288,0.0019015020371419996,0.0
S39290,0.0003896949775704702,0.0
S39291,0.00015444037039452025,0.0
S39292,0.0014069923201367918,0.0
S39293,0.00031778304473647096,0.0
S39294,0.0007752034564545145,0.0
S39296,0.0025968730674449103,0.0
S39297,0.002790172914059295,0.0
S39298,0.0010396278484260738,0.0
S39299,0.004349434218633952,0.0
S39300,0.002663414567237476,0.0
S39303,0.004903324681706817,0.0
S39305,0.0023277803506511065,0.0
S39306,0.00406542435273662,0.0
S39308,0.003041426080945083,0.0
S39310,0.0008009692048724398,0.0
S39312,0.002605240072204181,0.0
S39313,0.0009193126390520568,0.0
S39315,0.0039201479592833426,0.0
S39316,0.0035930581882180398,0.0
S39318,0.00023169253452002674,0.0
S39319,0.001235619159633123,0.0
S39321,0.00014447467244720066,0.0
S39324,0.0002808293174951492,0.0
S39327,0.00011492482631627455,0.0
S39328,0.00027403607691049074,0.0
S39329,4.527336379343907e-05,0.0
S39331,0.0010082366145501898,0.0
S39332,0.0004598835850568169,0.0
S39333,0.0011355688166579374,0.0
S39334,0.001963324932859408,0.0
S39335,0.0030385028724913277,0.0
S39337,0.00017818658424035254,0.0
S39339,0.00026804080826122503,0.0
S39342,0.00033440129276492234,0.0
S39346,0.00042381983575468424,0.0
S39347,0.0007442210866855056,0.0
S39348,0.0005707530825251933,0.0
S39351,0.0016822787339355724,0.0
S39352,0.0008867559544370496,0.0
S39353,0.00024421702341068265,0.0
S39356,0.004126288023012393,0.0
S39359,0.0014569563508423295,0.0
S39361,0.00018979193786520577,0.0
S39362,0.0017124429352807465,0.0
S39365,0.0006944819553535256,0.0
S39366,0.001130029411689881,0.0
S39367,0.0009595719573447529,0.0
S39368,0.0003300755661637749,0.0
S39369,0.0010561066390598669,0.0
S39372,0.0006401885881838435,0.0
S39375,0.0013046741019107416,0.0
S39377,0.00012433251649829954,0.0
S39378,0.000117481586125022,0.0
S39379,0.0003564947156228106,0.0
S39380,5.9475799455650506e-05,0.0
S39382,5.85538640567779e-05,0.0
S39385,0.00010256012519580364,0.0
S39388,0.001726951972296728,0.0
S39389,0.0008743502913680878,0.0
S39390,0.0002431168220695386,0.0
S39391,0.00020559573385193193,0.0
S39393,0.0007712558198719216,0.0
S39394,0.0013507538198286877,0.0
S39395,0.0004862749373276366,0.0
S39396,0.002810375919293828,0.0
S39398,0.0005334070072091979,1.0
S39402,0.00106414891841373,0.0
S39405,0.00011120117302746183,0.0
S39409,0.001499745335992311,0.0
S39411,0.003230847966397387,0.0
S39414,0.0020913855505479907,0.0
S39416,0.00015467913069946163,0.0
S39417,0.0024214656429325803,0.0
S39418,1.0454136150414033e-05,0.0
S39419,2.259659044367318e-05,0.0
S39420,0.0005130932953893712,0.0
S39423,0.00011066112715164386,0.0
S39424,0.0011376697614715783,0.0
S39426,3.0360921247883176e-05,0.0
S39428,4.673750051767548e-05,0.0
S39429,0.002341456289937742,0.0
S39430,0.0009311639658262335,0.0
S39432,0.005229189829867368,0.0
S39433,0.0038582776594231205,0.0
S39439,0.0031949624024193808,0.0
S39441,0.0006825042822574939,0.0
S39442,0.0013905642703432876,0.0
S39443,0.0003244099326905791,0.0
S39444,0.0010371507460386386,0.0
S39445,0.00019174259684298149,0.0
S39450,0.0016877983718701361,0.0
S39452,0.0032160651297896046,0.0
S39453,0.0019282078819601851,0.0033872429750489
S39454,0.0016094230986932038,0.0
S39455,0.0015721025513201466,0.0
S39456,0.0031203187218795947,0.0
S39457,0.0023489806227787275,0.0
S39459,0.001759582455699999,0.0033847515919229
S39463,0.005279154421959796,0.0
S39465,0.005340682271827994,0.0
S39467,0.00335376085875577,0.0
S39468,0.003803170369546304,0.0033541873350745
S39469,0.0011076570016848493,0.0
S39470,0.0023695045478464944,0.0
S39474,0.0014200698099793518,0.0
S39475,0.00537185925458685,0.0
S39477,0.0013562691604512447,0.0
S39479,0.0006199298447159725,0.0
S39480,0.0040102414244921405,0.0
S39481,0.00013506194942167904,0.0
S39482,0.00028487985521178337,0.0
S39483,0.0002996207992921854,0.0
S39484,0.0041833581833956345,0.0
S39486,0.0033755080013171735,0.0
S39487,0.002413717110157418,0.0
S39489,0.0035506432317836075,0.0
S39490,0.002842113096536144,0.0
S39491,0.002038402265904677,0.0
S39493,0.0011029513352849665,0.0
S39495,0.005468262527995563,0.0
S39497,0.002059068381662713,0.0
S39498,0.0005507600568232412,0.0
S39502,3.444612009559758e-05,0.0
S39503,0.0002451854561727935,0.0
S39504,0.0005733099993063499,0.0
S39506,0.00020148936105102546,0.0
S39507,0.0011984064470736695,0.0
S39508,0.00014611129333963322,0.0
S39509,1.808012966636108e-05,0.0
S39510,6.04310195764486e-05,0.0
S39511,3.1722087229772e-05,0.0
S39513,0.00017770134392287106,0.0
S39514,0.00028721401047583194,0.0
S39515,0.00055865689668307,0.0
S39516,5.8860796846913854e-05,0.0
S39518,6.223046002809735e-05,0.0
S39519,0.0003230442934724843,0.0
S39521,0.0011174736483154197,0.0
S39523,0.002215841502854983,0.0
S39525,0.002243093274163459,0.0
S39526,0.0015434700684010792,0.0
S39527,0.0034402283051148154,0.0
S39528,0.0022182102882804954,0.0
S39529,0.003110011179659815,0.0
S39530,0.0018805623012820899,0.0
S39532,0.0031952963013093198,0.0
S39533,0.0025048610161244947,0.0
S39535,0.0009591687951800347,0.0
S39537,0.0035775623611644706,0.0
S39539,0.0004792644849067597,0.0
S39540,0.0035322037631624016,0.0
S39541,0.0023627426358583327,0.0
S39542,0.0017649808305623637,0.0
S39543,0.0020054471022857745,0.0
S39544,0.0013793333036917913,0.0
S39550,0.000634163389235001,0.0
S39553,0.0022123323564410013,0.0
S39554,0.0015252836643601842,0.0
S39555,0.0022905695603380083,0.0
S39558,0.0012226241576942204,0.0
S39561,0.0005238438429203952,0.0
S39562,0.00013843914812797892,0.0
S39563,4.650409611581847e-05,0.0
S39566,0.00019117451301111952,0.0
S39567,0.00029660654020466246,0.0
S39570,0.00010692365615871604,0.0
S39571,0.000333182769016128,0.0
S39572,4.266652712589366e-05,0.0
S39576,0.0011323252313811508,0.0
S39577,9.763626905709006e-05,0.0
S39579,0.002248557552385569,0.0
S39581,0.0011663052481963134,0.0
S39582,0.0030684856907968027,0.0
S39583,0.001357703640701085,0.0
S39584,0.0019405356097889842,0.0
S39587,0.002260779980448243,0.0
S39588,0.0028264385347421873,0.0
S39590,0.001914828453144333,0.0
S39592,0.0050547225261986664,0.0
S39593,0.0025592305974516173,0.0
S39594,0.001883254514796063,0.0
S39595,0.003796582716930279,0.0
S39596,0.0004816456021481584,0.0
S39597,0.00017838952289909454,0.0
S39599,2.5477664444877137e-05,0.0
S39600,0.0006859653264215178,0.0
S39603,0.0006883160704661213,0.0
S39604,3.422827253399003e-05,0.0
S39605,1.770126770168848e-05,0.0
S39606,0.00018281736093505788,0.0
S39607,0.000294550438404497,0.0
S39608,0.00014664902425947618,0.0
S39610,0.0003719285559183905,0.0
S39612,0.00010161081539719418,0.0
S39613,3.1423394225427036e-05,0.0
S39614,5.13269424573847e-05,0.0
S39615,5.917925545459033e-05,0.0
S39618,0.00045413573055068683,0.0
S39621,0.0018583536444863303,0.0
S39622,0.0015671094744432903,0.0
S39625,0.0003968043790505046,0.0
S39627,0.000847281404208628,0.0
S39630,0.0015035971990915709,0.0
S39631,0.0030717021552853488,0.0
S39632,0.0009423412168469024,0.0
S39633,0.0007838158243746994,0.0
S39634,0.0016505269772072047,0.0
S39636,0.0026990559241998327,0.0
S39638,0.0003605924293177726,0.0
S39640,0.002263768177695398,0.0
S39642,0.0018774532366703288,0.0
S39643,0.0006498838055171695,0.0
S39644,0.0015970773255354702,0.0
S39646,0.0021203684455698367,0.0
S39647,0.0004424742300507028,0.0
S39648,0.0013432016864687295,0.0
S39650,0.0008617282769317618,0.0
S39652,0.0001723743800233185,0.0
S39653,0.0014871694154397644,0.0
S39656,0.0037772665436829147,0.0
S39660,0.0024101594281950743,0.0
S39666,0.0010646964152574716,0.0
S39667,0.0005888059885959404,0.0
S39672,0.0021351240269338687,0.0
S39676,0.0007632767428247432,0.0
S39679,5.402402966561909e-05,0.0
S39681,0.0005968238359496147,0.0
S39682,3.06321813618864e-05,0.0
S39683,0.0012069631590969822,0.0
S39684,0.002070023170834409,0.0
S39685,0.002668124647555214,0.0
S39686,0.003621656975282616,0.0
S39687,0.002428491577390064,0.0
S39688,0.0029981780566808603,0.0
S39690,0.0034051173499415237,0.0
S39691,0.0006810596249984819,0.0
S39692,0.002943147370108312,0.0
S39693,0.002151252627831143,0.0
S39694,0.00244175856229005,0.0
S39695,0.0037511330497488277,0.0
S39698,0.003384542662635175,0.0
S39699,0.0006559106716743317,0.0
S39700,0.0022640394939961806,0.0
S39701,0.0014032760382693369,0.0
S39702,0.0020183783290956873,0.0
S39703,0.003150188273949135,0.0
S39704,0.0016953972813756229,0.0
S39706,0.001808699277178524,0.0
S39707,0.001086942112849552,0.0
S39708,0.0035280992329993796,0.0
S39710,0.004880538005654066,0.0
S39711,0.0019434808965788741,0.0
S39712,0.002219900923039222,0.0
S39713,0.003896108123248631,0.0
S39714,0.0019288582679196091,0.0
S39715,0.0031413717743223927,0.0
S39716,0.0009315550459690093,0.0
S39717,0.0019423534692076612,0.0
S39718,0.0025830563017331643,0.0
S39719,0.0014829153937508431,0.0
S39720,0.0011467378544056262,0.0
S39721,0.0012463118304910977,0.0
S39724,0.0006737577559000421,0.0
S39725,0.002693712567096361,0.0
S39726,0.0015727289881110292,0.0
S39728,0.004112239347603989,0.0
S39729,0.0011088794666769364,0.0
S39732,0.0020610927540997016,0.0
S39733,0.004144677550327958,0.0033744788908352
S39734,0.0023686254454940597,0.0
S39736,0.0016861564545305294,0.0
S39739,0.001986144369417764,0.0
S39741,8.522050400905774e-05,0.0
S39742,0.0007216628380558861,0.0
S39745,0.0027619207310051914,0.0
S39746,0.0014285573197786619,0.0
S39748,0.004064797068364783,0.0
S39749,0.002884353575410978,0.0
S39751,0.0027341235648810883,0.0
S39753,0.0009628045119534914,0.0
S39755,8.431646349415385e-05,0.0
S39757,0.0015191700681542399,0.0
S39758,0.002415760835372563,0.0
S39759,0.0005042240823699064,0.0
S39761,0.00047624567094041724,0.0
S39762,0.002903467111298565,0.0
S39764,4.235949425785257e-05,0.0
S39765,3.8042680973604247e-05,0.0
S39766,0.0003134293956574826,0.0
S39767,0.0004315952815746237,0.0
S39768,7.657820057968539e-05,0.0
S39769,5.069049618151362e-05,0.0
S39770,2.131507031721484e-05,0.0
S39772,2.7155448219658634e-05,0.0
S39773,0.00020532688613037045,0.0
S39775,0.0003848181319721971,0.0
S39777,0.001238759398695551,0.0
S39778,0.0011470181637153031,0.0
S39779,0.0004255448763307817,0.0
S39780,0.0005441038538744426,0.0
S39783,0.000552121343008572,0.0
S39784,0.0019265881320727437,0.0
S39785,0.0020667839304177723,0.0
S39786,0.0013202019625926397,0.0
S39788,0.0044916746976773,0.0
S39789,0.0013661724848196893,0.0
S39790,0.00013771342457641667,0.0
S39791,4.2587750568910996e-05,0.0
S39792,1.4232744324761215e-05,0.0
S39793,1.048481002347641e-05,0.0
S39794,0.00010119005361238855,0.0
S39795,0.00010497357702213754,0.0
S39796,7.612726110394795e-05,0.0
S39799,0.0028834283192080146,0.0
S39800,0.003943720729573649,0.0
S39802,0.0030953053411095326,0.0
S39803,0.0013249915797142982,0.0
S39804,0.0020224678898792398,0.0
S39805,0.0026208197271379635,0.0
S39806,0.00013071439651291453,0.0
S39807,0.0037969625915055677,0.0
S39808,0.0024986105881305226,0.0
S39809,0.0028058974797648337,0.0
S39811,0.001860447386601789,0.0
S39813,0.003801400378970073,0.0
S39814,0.0010323262868469473,0.0
S39816,0.0021722359320221667,0.0
S39820,0.00013535725130296434,0.0
S39821,0.0019709729294101596,0.0
S39822,0.0005620449569079092,0.0
S39823,0.0014392568325194924,0.0
S39826,4.89328670981431e-05,0.0
S39827,0.00030197939856514564,0.0
S39828,8.349299732017337e-05,0.0
S39830,5.562652992537964e-05,0.0
S39834,0.000959054738449739,0.0
S39836,0.0013666800524639998,0.0
S39837,0.0018563465587283221,0.0
S39838,0.0004921123490504491,0.0
S39839,0.0023272232739834035,0.0
S39840,0.0017388389646674385,0.0
S39841,0.002588950817614858,0.0
S39845,0.0010902609974300682,0.0
S39847,0.0008628315374599894,0.0
S39848,0.0009862681067157163,0.0
S39849,0.00274109283927638,0.0
S39853,0.0017422925295333329,0.0
S39854,0.0009232388863613995,0.0
S39856,0.0031150484743741,0.0
S39857,0.0017919656067390186,0.0
S39858,0.0011640312739326438,0.0065424005476134
S39859,0.001304049726789615,0.0049135433864892
S39860,0.0029341718212348086,0.003285961275905
S39861,0.002087463024236839,0.0033724867509449
S39862,0.0028630253162012886,0.0
S39869,0.0028740288620286904,0.0057141543166584
S39874,0.0006747436332567792,0.0
S39875,0.002105115447127949,0.0038545508129844
S39876,0.0011513075126081927,0.0038172482785899
S39878,0.002305412351655165,0.0
S39879,0.002344052117318516,0.0019378258140233
S39880,0.0019536734871001124,0.0038445769804986
S39881,0.0017525213975580624,0.0
S39885,0.002697841777999762,0.0033795384923994
S39886,0.0035345790361272786,0.0134457418999212
S39888,0.0032588096422324427,0.0
S39889,0.003653185260435233,0.0016734513840486
S39890,0.0027778518461961735,0.0115906395341089
S39891,0.0014946963136897229,0.0033820912484135
S39892,0.0036465580314194224,0.0099818238418975
S39893,0.0016570124233603782,0.0099037522667038
S39895,0.0007568220909536492,0.0050885114312334
S39897,0.0020569358436857157,0.0067834317749866
S39901,0.0021268943989784577,0.0019153544369166
S39902,0.0021431762886375922,0.0019209956709956
S39905,0.0017255372749315372,0.0050836708808968
S39906,0.0041113646623174805,0.0019008934581726
S39907,0.0030571641521918583,0.0
S39908,0.001870858751429252,0.0082538670280432
S39909,0.0018735761026133395,0.0097923316388856
S39910,0.002973791363931993,0.0181675589274261
S39911,0.0016560756892605225,0.0049135919642504
S39912,0.0017401843502816805,0.0165222218897831
S39913,0.0011291641544344153,0.0033910910511358
S39914,9.61785669494471e-05,0.0016409464001531
S39915,0.002520087812616768,0.0049578038026454
S39917,0.0015469266581936377,0.0
S39919,9.54401833198319e-05,0.0038054110341606
S39921,6.313284901564223e-05,0.0019666500470888
S39924,0.0016916912515795017,0.0
S39925,0.0008794527238842477,0.0
S39926,0.0007903622234384642,0.0033723151248672
S39928,0.001367924859235495,0.0
S39930,0.00010132077042502915,0.0
S39933,1.827838239476372e-05,0.0032716201760882
S39935,7.454493966227777e-06,0.0
S39936,0.0006563434074880707,0.0077034557051296
S39937,0.0014382285394800539,0.0
S39938,0.0007402847068117267,0.0
S39939,0.002369758813275953,0.0081805043931119
S39940,0.0019124944689745175,0.0016437468166875
S39941,0.0006375906391210193,0.0058044473512099
S39942,0.0027500080969618565,0.001958721037925
S39943,0.003453639076739648,0.0050616152357673
S39946,0.0030145353073927276,0.0019510395075686
S39949,0.0034397712320721743,0.0117658597295779
S39950,0.002649255131091898,0.0016765166234887
S39951,0.0017286137185393013,0.0038421695502265
S39952,0.001602015627053371,0.0078111493548336
S39953,0.002153205492454252,0.0
S39955,0.0011395401713676931,0.0049761206283728
S39956,0.0011027927640903006,0.0049300664616605
S39958,0.0006992226942917822,0.0163471247808597
S39961,0.0009573608923395011,0.0082839132072578
S39962,0.0029962089505758743,0.0098861206424983
S39966,0.003552820556846507,0.003900287616783
S39967,0.00022582254503008696,0.0
S39968,0.001424466074455594,0.0
S39969,0.003893829972958565,0.0019094380796508
S39970,0.0015906054579775844,0.0016828005593534
S39971,0.0033814328959719435,0.0039127696425759
S39973,0.0018000185134873525,0.0016394361922857
S39975,0.0024126150510295403,0.0
S39976,0.0005671570870214172,0.0016798485770296
S39978,0.0037296404362373624,0.0057461297446036
S39979,0.0030374894977022397,0.0019615504536825
S39981,0.002671647348746235,0.0019153987266645
S39982,0.00408222506931436,0.0095325776320079
S39983,0.00364461271659343,0.0019107374216193
S39985,0.0021879624221226323,0.0019225784988414
S39986,0.00138673193470238,0.0
S39987,0.004618687019698247,0.0065259066677171
S39988,0.0022103899019245213,0.0
S39989,0.001810984920292192,0.0
S39990,0.004141058697316768,0.0
S39992,0.0013308259534508707,0.0
S39993,0.0026779804151464102,0.0
S39995,0.002454275008653608,0.0
S39996,0.0021737252299945777,0.0
S39997,0.0014348509606691977,0.0019157088122605
S39999,0.002683783532437692,0.0038118027833062
S40000,0.0012025772137140324,0.0114962469495622
S40002,0.0026433432643091963,0.0057890322881237
S40003,0.0029813285828456625,0.0038349653155551
S40004,0.0016319934174808877,0.0019486757238918
S40005,0.0011799211879123044,0.0038346546303261
S40006,0.0009333652169647003,0.0019331676332504
S40009,0.003116841243629708,0.0058081781953744
S40011,0.005389964298590526,0.0058306643672497
S40013,0.001534636611596362,0.001940867962401
S40014,0.0005341848113577741,0.0019580033880943
S40015,0.0007658425382263277,0.0
S40017,0.0029418906556059254,0.0049416841498215
S40018,0.0026678903425341404,0.0033003629071083
S40019,0.001781781036453102,0.0
S40021,0.006054486435493885,0.0033221703063482
S40022,0.003708279197997371,0.0016321678275747
S40023,0.0030973184628894927,0.0016321195880622
S40026,0.0013400740925337787,0.0066611715352191
S40027,0.0021960797043652476,0.0033906052264439
S40028,0.002718507812095348,0.004914126383025
S40029,0.0021673427336642366,0.0
S40033,0.0026827283553921056,0.001638657817255
S40035,0.0008166321096395646,0.0
S40036,0.004486902066400341,0.0
S40040,0.0009396924491196681,0.0067178956901387
S40042,0.004334577781024574,0.0
S40044,0.004273645538874031,0.0033161188731868
S40045,0.002474215544440294,0.0016551108624559
S40047,0.0017192314395096902,0.0134780117898704
S40051,0.0013825297435736954,0.0
S40053,0.0028604132494925326,0.0033547986445803
S40054,0.0021635859741846258,0.0131140619949469
S40055,0.003817443986606692,0.004972685250035
S40057,0.0015563496635895835,0.0
S40058,0.0025713969115066966,0.004963547388395
S40060,0.004406422748834609,0.0016858315525253
S40061,0.0039596202949521925,0.0033498466619485
S40063,0.004368279838013914,0.0049821564617667
S40064,0.0026649314357224305,0.0016446769715441
S40068,0.003099081554279871,0.0032738183458983
S40069,0.0008580531699474902,0.0016401990680237
S40071,0.0011787182135185694,0.0016338741226556
S40072,0.004630601958505436,0.0050708076562053
S40073,0.0036507211312291283,0.0100360449501731
S40074,0.002381023453417972,0.0050582667548725
S40075,0.005264335229618904,0.0016845972897303
S40076,0.0013612674937293083,0.0066838806853331
S40077,0.002404138328303572,0.0050079603393724
S40080,0.002317608207386982,0.0032800084475066
S40081,0.00080832594354074,0.0032722017572447
S40084,0.001791160161460031,0.0058234908136482
S40086,0.001847757013868597,0.0
S40087,0.0016702916280097262,0.0
S40088,0.0024626937727976047,0.0
S40093,0.0013777895377772335,0.0
S40095,0.0004203191385800555,0.0019613646678111
S40096,0.00038698492336061404,0.0
S40097,0.0010744352354572888,0.0039004253582583
S40098,0.0017915003635933374,0.0
S40100,0.0013675758289232191,0.0115348399246704
S40101,0.002814279289843055,0.0
S40102,0.0003402153271760503,0.0114476563399746
S40104,0.0012313725060476702,0.0
S40106,0.003365146503024087,0.0057432744753628
S40107,0.0012897982430507629,0.0033847515919229
S40108,0.0026726379347030596,0.0099013846000597
S40109,0.0027444854236373098,0.0
S40110,0.0021500755783302626,0.0033285113450668
S40111,0.0031858639216406632,0.0033477143598085
S40112,0.0012669182775636174,0.0
S40114,0.001630048783408307,0.0
S40115,0.001311628145106065,0.0019563155139362
S40117,0.0019044514674266826,0.0033385729447959
S40118,0.0008180018774344464,0.0
S40119,0.0015161876375765708,0.0019506260057302
S40120,0.0008551150068387438,0.0
S40121,0.00271584874195529,0.0058694317161887
S40123,0.0031640638698674692,0.0038914466472485
S40125,0.0011779760832098373,0.017362243234431
S40126,0.0015142999208755648,0.0058427283307666
S40127,0.0011839550995693853,0.0050166548904814
S40130,0.001265776021007931,0.0148297709392188
S40131,0.0003463517406287207,0.0146997929606625
S40134,0.004508530186932011,0.0033189423458979
S40136,0.0029430174839210903,0.0081721915285451
S40138,0.0024004215679017723,0.0032939320734208
S40139,0.0011642040844260194,0.0016382689068428
S40140,0.0016590437066787201,0.0049591394845288
S40141,0.004177423241533454,0.0050113941153931
S40142,0.0006972536701473362,0.0033404578510841
S40143,0.0019107570879639258,0.0081905345765806
S40144,0.0018826913884254178,0.0016752790165404
S40146,0.0006950768727466819,0.0049683107743367
S40147,0.00155173033815464,0.0098252411829827
S40148,0.003935053265592434,0.0
S40149,0.0019990129156845318,0.0099597202460872
S40150,0.0020546224086671755,0.008182524629893
S40152,0.003648036781285703,0.0083445825693926
S40153,0.001125900886782322,0.021626633461868
S40154,0.0016936970290106208,0.0234190933936481
S40155,0.0021855445589354797,0.0033382029452756
S40156,0.0017166728463796912,0.0084284716145356
S40157,0.0008664862355420855,0.0
S40159,0.0007763980253258971,0.0033723151248672
S40160,0.0021483860766675043,0.0115226909905076
S40161,0.004549974071337275,0.0066419431358791
S40162,0.001597704822462668,0.0050004527572919
S40164,0.0017483691771521491,0.0
S40166,0.00482532214073513,0.0067121798378002
S40168,0.000802406530308113,0.0067704714809214
S40169,0.0033771591420493443,0.0032936046415305
S40170,0.0017293896344295924,0.0033371942723808
S40172,0.0012515276135557569,0.0016890284518032
S40175,0.0037563589942883405,0.0033630390504997
S40176,0.0023263195539235454,0.0
S40177,0.000986401120473703,0.0
S40179,0.002805244573080583,0.0033343061188207
S40180,0.002186605174125659,0.0066985420225688
S40181,0.0018570832404807684,0.00169643100953
S40182,0.0020934421528049467,0.0019119282007486
S40186,0.001171541307108003,0.0
S40187,0.003936771709250978,0.0
S40189,0.0029140818134416845,0.0033881435427574
S40190,0.0017502722357180692,0.00337128573512
S40191,0.00308606540990463,0.0
S40193,0.0033558738435481724,0.0039025386131461
S40194,0.001566397998123478,0.0016525847822544
S40195,0.003776076430491525,0.0
S40197,0.0036907945297946624,0.0
S40198,0.002293607723433895,0.0019264909954958
S40200,0.0035107695596213076,0.001685025648328
S40201,0.003143558819112546,0.0067672909730874
S40202,0.0030685400564253416,0.0049665730645854
S40205,0.00362033780795322,0.0082744796401184
S40207,0.0015866885406223862,0.0019518440409847
S40211,0.0006348682834724049,0.0016593548214774
S40212,0.003301322847750097,0.0
S40213,0.004089752161432278,0.0
S40215,0.0005368973367714596,0.0
S40217,0.0005270427769344726,0.0
S40220,0.004496709972683693,0.0038448892756986
S40221,0.00035813442073518614,0.0019080306206282
S40224,0.0013245393100516957,0.0076347604344286
S40225,0.0030281700741488756,0.0019230248368137
S40226,0.0016898934045785593,0.0
S40228,0.0016852119941455084,0.0019293628056118
S40229,0.0006065988098699982,0.0
S40230,0.0008291751638773718,0.0095901882918659
S40231,0.0010960273087241472,0.0
S40234,0.002195767239272482,0.0
S40236,0.0027491263629297793,0.0078616538736836
S40239,0.0005185571368872384,0.0
S40241,0.0005496136084537352,0.0019349061745698
S40243,0.0025703719571578735,0.0
S40244,0.0003679685441886813,0.0095229336000521
S40245,0.00029903685047915344,0.0058226038872031
S40246,0.0013566593299204064,0.0
S40247,0.0004293292256261705,0.0019624334174376
S40248,0.00047008414940097126,0.0076992490521171
S40249,0.0001713920330772321,0.0058521536396392
S40250,0.001001237343322972,0.0
S40254,0.004080225257936749,0.0
S40255,0.0008630969982589966,0.0038758329726547
S40258,0.003891721708657674,0.0135643047075428
S40260,0.0016161084086714005,0.0057950398190361
S40261,0.0012315325514737562,0.0
S40262,0.001668352071588445,0.0019358557884814
S40263,0.0012237687284511927,0.0019448096669171
S40265,0.0030608222421541803,0.0038291151431102
S40266,0.0022035426572132697,0.0114626680768483
S40268,0.001748992084059642,0.0033735512226577
S40270,0.0028043075478688443,0.0065397533447153
S40273,0.0016476170228567014,0.0083127605055228
S40275,0.001981631369227685,0.0
S40277,0.004773155334086116,0.0016608353634288
S40278,0.0056069952854243665,0.0098689436060365
S40282,0.0021157045876545686,0.0032780289614188
S40285,0.004103782097025491,0.0050820074440672
S40287,0.0024346828694436664,0.0
S40288,0.002640788237010773,0.0050153386614999
S40289,0.004950325082862487,0.0016317980641687
S40290,0.0014414652086918302,0.013187790016949
S40292,0.002140583021104772,0.0100135999597038
S40293,0.0020622948356846527,0.0016745508699578
S40296,0.0034949995376676235,0.0033039501150067
S40299,0.0028537754068896255,0.0049634978178586
S40300,0.0016397202834581653,0.0033738260341251
S40301,0.0034513673665981003,0.0033103870888242
S40302,0.0015439149914555448,0.0016443341604631
S40303,0.003476512417072612,0.0084568682702386
S40305,0.001589910515742544,0.0
S40307,0.003749559267904256,0.0016563519597943
S40308,0.003107525269314248,0.0083157648161161
S40309,0.0020317660087204275,0.0082611109448915
S40310,0.0028219203308832244,0.0016312678266064
S40311,0.0007903330794400967,0.0033566339107824
S40316,0.0012264008675638995,0.0083767339165023
S40317,0.002133084636654869,0.0049449292089108
S40318,0.004331227768375437,0.0082733226129716
S40320,0.004188247471405277,0.0016695051613575
S40321,0.0028095268342659386,0.0016645733902704
S40323,0.0010629407877121668,0.0050853874410371
S40325,0.0015919965067780987,0.0038758783114584
S40327,0.00411924394994033,0.0019443759805014
S40328,0.003083262411690834,0.0019177268184641
S40330,0.0018187758416550908,0.0
S40332,0.002485894645991696,0.0019499601768696
S40333,0.004331893385662138,0.0019561538158775
S40334,0.0020449026029716066,0.0
S40335,0.00391369903718083,0.0
S40338,0.00338464345075323,0.0057666647328421
S40339,0.0030561176261696774,0.0
S40342,0.002300920767091963,0.0077986473975741
S40344,0.0018664829315688386,0.0019383699751561
S40347,0.002321144953185624,0.0019273202492719
S40348,0.003316310769188064,0.0
S40349,0.003928825543018651,0.0058001797238787
S40350,0.004532411088098339,0.0038239005324223
S40351,0.0012492329998128535,0.0038927267885395
S40352,0.0016577707658849434,0.0019255057842658
S40353,0.0021195569220446324,0.0058003151076617
S40357,0.003215417063226161,0.0
S40358,0.0021059966400276344,0.0019621080225346
S40362,0.0011950498502682103,0.0057148770783984
S40368,0.0028814470866291,0.0
S40369,0.0015580395818235847,0.0077304153737274
S40370,0.0006352719661245111,0.0
S40372,0.0043187572780996756,0.0019483090480726
S40373,0.0016208862221434937,0.0038751983407601
S40375,0.003033770607885466,0.0057459304476507
S40377,0.001789417933697192,0.0057607158587755
S40378,0.001328993471846757,0.0019134298133154
S40379,0.0016272394690615016,0.0038419913419913
S40381,0.0010672688525157172,0.0
S40383,0.002552773937677758,0.0
S40384,0.0007973728030230262,0.0038849218911831
S40385,0.003712683706271478,0.0
S40386,0.004417951354180329,0.0
S40387,0.001026336458772192,0.0
S40388,0.0025781485097365457,0.0096266338160208
S40389,0.0018895316853262106,0.0039089382552922
S40390,0.0007847130540652547,0.0077447806489565
S40392,0.003264794617750348,0.0019023559357715
S40393,0.0016022161564944446,0.0
S40395,0.003279611030151749,0.0
S40396,0.003292856991134842,0.0019011115956331
S40397,0.0009594917582423948,0.0019430988712824
S40400,0.0036313479447663342,0.0019344091294769
S40401,0.0020446271652569425,0.0019655533803958
S40402,0.003969050105481422,0.005705888430938
S40403,0.0020358292532245536,0.0097438370720651
S40404,0.003967244243423629,0.0097460153112449
S40406,0.00438111131634128,0.0
S40408,0.0028339080301978364,0.0019020501574836
S40409,0.0009958929638739784,0.0058451333678317
S40410,0.0013211729870301519,0.003930407275603
S40411,0.0007191648137274396,0.0019093720586257
S40414,0.0039771450948388,0.0116389354003957
S40415,0.0023598811539883562,0.0019396862937941
S40416,0.0023721818435028,0.0
S40418,0.00333551603956437,0.0038164128790496
S40419,0.0029742288037190997,0.0
S40421,0.0003265009206263633,0.0
S40423,0.0008523502943967347,0.0
S40424,0.0005834935044631153,0.0033927230527681
S40425,0.00193526657458409,0.0082449120432119
S40427,0.0026158025775636306,0.0066560197136036
S40428,0.0011585187911123944,0.003277996530732
S40429,0.002037005407494348,0.0
S40430,0.00025458327108259074,0.0
S40433,0.0017933157113048037,0.0099902509623405
S40435,0.0018090780559934347,0.001648801881691
S40436,0.00034830650149609465,0.003306686892679
S40437,0.0011248467092448795,0.0016807006864833
S40442,0.0012567845840362048,0.0033625612297366
S40444,0.0021310786423825723,0.0083760562763121
S40445,0.002098612799983863,0.0032719755622267
S40446,0.0034430905154071156,0.0049773665024235
S40447,0.0014403972036662275,0.0050595026010119
S40448,0.0019391334279922172,0.0
S40449,0.0012988100170380368,0.0033350780421682
S40450,0.0039002646672228166,0.0067608009576667
S40452,0.002388771789495408,0.0
S40453,0.0017106625359739611,0.0016723702230612
S40454,0.002382676440153299,0.0033812283995972
S40455,0.0030327674721861257,0.0084722648392485
S40456,0.0026914508595289404,0.0016951464920358
S40457,0.0033543984873591857,0.0050274639125201
S40458,0.004280288642362974,0.0117313424783177
S40459,0.0018595854344638572,0.0084445395941863
S40460,0.0025189438242397793,0.0
S40461,0.002909822420119108,0.0116411358054434
S40462,0.0031304696971232444,0.0016603027296445
S40463,0.0012382093984447185,0.0
S40465,0.00027861836350760597,0.0
S40467,0.0011338973071166295,0.0148896649718384
S40470,0.001277550448578479,0.0043195793407644
S40472,0.0006576829451076485,0.0
S40473,1.5036249571723066e-05,0.0021601839416185
S40476,0.0005011915541743885,0.0
S40477,2.0889168775577823e-05,0.0
S40479,0.0001301271746279076,0.0
S40480,0.00384799439181176,0.0021686957280621
S40481,0.005114470853471592,0.0086599321319202
S40482,0.0014375296442950597,0.0085661224507383
S40484,0.0013865845341250104,0.0
S40486,0.0004246236941407299,0.0021312818137765
S40487,0.00322936732632573,0.0
S40488,0.0032543079367484224,0.0
S40490,0.003763740151132975,0.0063271801400381
S40491,0.002708799466468117,0.0
S40494,0.004280275066492293,0.0
S40495,0.0008131450166319057,0.0
S40496,0.0033749565090801298,0.0
S40497,0.0020256598995914026,0.0021341921631776
S40498,0.0010975169525799685,0.0
S40503,0.0040422296851957175,0.0
S40508,0.0009106233777408142,0.0063854663189135
S40509,0.0013013703779546461,0.0064374902854774
S40510,0.0016067618463193256,0.0
S40511,0.002403527219822441,0.0043227352389898
S40513,0.003382074209995371,0.0
S40515,0.001694967750198122,0.0021128796381321
S40516,0.0023924102683056357,0.0021267946166848
S40517,0.0025763549652863286,0.0021414752480793
S40518,0.004935367269994968,0.0042659113342774
S40521,0.004664662317578297,0.0
S40522,0.0024599643555296676,0.0
S40524,0.003063266711916879,0.0
S40525,0.003769069715281643,0.0
S40526,0.0016921408355515398,0.0
S40527,0.000998020409214295,0.019133536945307
S40528,0.0009032895770240904,0.0
S40529,0.0034670774157605426,0.0
S40532,0.0013967997362115368,0.0
S40534,0.001150323698772059,0.0
S40537,0.003459216270882016,0.0021373034712904
S40539,0.0018004755667840712,0.0021035968543396
S40540,0.0006823653296567941,0.0043012427735659
S40541,0.0013644283332382404,0.0042292113414343
S40545,0.0017746877639276105,0.0021434147140891
S40547,0.002883665806556181,0.0108167165062658
S40548,0.001084245890762055,0.0
S40549,0.0026836093892412217,0.0021206690561529
S40550,0.001611825179003421,0.0
S40551,0.0016265798662512332,0.0
S40552,0.003762186612558019,0.0
S40555,0.0020977253253088254,0.0
S40558,0.0019526739451261473,0.0021059500504241
S40560,0.0013568436866356402,0.0
S40561,0.0012863521239691977,0.002146497365466
S40563,0.00022413942932552122,0.0
S40564,0.00010229079717459334,0.0
S40565,0.0018007732278090347,0.0107202636710324
S40567,0.0033978877821149557,0.0063763727804577
S40568,0.0024957956814238044,0.0
S40569,0.0038792182625740227,0.0
S40570,0.0015997827214911601,0.00212889905506
S40571,0.002714267603316133,0.0
S40574,0.0028328804373970334,0.0
S40575,0.004181023775305333,0.0
S40577,0.0031678414267359975,0.00212232627457
S40578,8.18562427496617e-05,0.0021686957280621
S40579,0.0007434366732044486,0.0042809030379768
S40580,0.00034030220128473417,0.0021347971942665
S40584,0.0019489022053107408,0.0021337248739943
S40585,0.0036543837618616746,0.0
S40586,0.0017466903634567191,0.0
S40588,0.0026730697593773593,0.0021632868030799
S40589,0.0016967152247834324,0.0
S40592,0.001979629323581758,0.0042645935765095
S40593,0.0016035023694112324,0.0
S40594,0.0006030439749031712,0.0021595362862928
S40597,0.0015454942372655168,0.0021403409041971
S40598,0.002943706608649864,0.0
S40599,0.002974269867827962,0.0064790311436728
S40601,0.0022851240042928876,0.0
S40603,0.00017780042935694004,0.0
S40607,0.001568956507665223,0.0042903264791699
S40608,0.0005813359945823086,0.0042409580981393
S40609,0.0025755255519907027,0.006375064135454
S40610,0.0029981348177127503,0.0065023418897349
S40612,0.0020823802761910535,0.0
S40613,0.0015599892237571557,0.0021057091409808
S40614,0.0013419991122280788,0.0
S40615,0.00035351142775587823,0.0
S40617,0.003506715961647061,0.0021490312063545
S40620,0.0043010923810281555,0.0084704238194453
S40621,0.004689947739097254,0.0063428454745009
S40623,0.0034025688585625916,0.0
S40624,0.0007402781023525246,0.0
S40626,0.0005444630935639406,0.0129751461988304
S40628,1.6244358543473695e-05,0.0
S40629,0.00041313666640543163,0.0
S40630,0.00023368576949877836,0.0
S40631,0.004056570824905506,0.0042840026548748
S40632,0.002255072732994535,0.0021690648580942
S40635,0.0029795771633689214,0.0
S40636,0.0008316902156627229,0.0021366970189422
S40638,0.0030615239098573865,0.0
S40640,0.0036595229001985937,0.0
S40641,0.00038791030969449844,0.0
S40642,0.0003696903795796869,0.0
S40643,0.001816783346067712,0.0
S40644,0.0015737337456016402,0.0
S40645,0.0019007769834906668,0.0
S40648,0.00014457647496002099,0.0
S40649,0.0009793858773986313,0.0021376344086021
S40650,0.0035120163999911172,0.0
S40651,0.001920793469008457,0.0
S40652,0.0017781525079614156,0.0021699171764007
S40654,0.0018044290463511445,0.0043275342632742
S40655,1.8131811225846104e-05,0.0
S40660,0.0008016836163853449,0.0
S40661,0.0017997995016740345,0.0042530432364204
S40662,0.0022441937359045034,0.0021459412780656
S40663,0.0027542280362647543,0.0
S40664,0.0023342634074627307,0.0
S40666,0.0001549098502345288,0.0193953742487707
S40667,0.0037230229256918386,0.0064761606921803
S40670,0.003586474510903334,0.0
S40671,0.000341415372794635,0.0021534728541097
S40672,0.0014157295613714258,0.0063495713719928
S40673,0.0012027173492376879,0.0
S40676,0.0029319587792499746,0.0042613575467613
S40683,0.004534287119283934,0.0
S40684,0.0018417685070269715,0.0085665654019348
S40685,0.0029424136631157186,0.0
S40686,0.0017715656402625827,0.0021252939918751
S40689,0.0018555546243661449,0.0
S40695,0.0028763722375190503,0.0
S40696,0.0011711129335740347,0.0
S40699,0.002938896560468321,0.0
S40700,0.002708956039814525,0.0021489475777858
S40706,9.2363633547927e-05,0.0129090909090909
S40707,0.0020953456898586014,0.0
S40708,0.0054719147215286,0.0042490072113432
S40710,0.0013897881260291779,0.0021563318928862
S40712,0.002153322555424452,0.0021169294725991
S40713,0.0016596262782085712,0.0
S40716,0.0006825521099708283,0.0
S40717,0.001068246037852874,0.0
S40719,0.003563558079707002,0.0021108605260587
S40722,0.002741306556143863,0.0
S40723,0.002752287786433135,0.004252497379623
S40724,0.004010781292316199,0.0
S40726,0.002024014875521001,0.0
S40727,0.00243096172946209,0.0
S40728,0.0022081776932392806,0.0
S40729,0.0015313028413722527,0.004254954839262
S40730,0.0026178961838297823,0.0
S40731,0.0027162231642450653,0.0021393458853103
S40733,0.0020131485323442466,0.0021476382461098
S40734,0.002914986725621319,0.0021309254304726
S40735,0.0013458924295591753,0.00213454964009
S40736,0.0026693858077509874,0.0063551736484067
S40737,0.0015613626523558902,0.0
S40739,0.0006948015723166837,0.0021607192543127
S40740,0.002609182955584697,0.0
S40741,0.0014680002129431313,0.0021232783075293
S40743,0.002136175145694498,0.0043346677481531
S40748,0.001758816361958101,0.0021638236549027
S40749,0.0011562090669739434,0.0
S40750,0.0032585038458732766,0.0021242856715435
S40753,0.004511845773075802,0.0021476660876178
S40754,0.0029081183674078224,0.0021142278601631
S40756,0.0025701044283763146,0.0021200448749941
S40757,0.002966343776811071,0.0
S40760,0.0015368619294434975,0.0021262486898115
S40761,0.0037325975149632455,0.0021428879403268
S40762,0.0014674276206406334,0.0
S40763,0.0033479646504666807,0.004289160161728
S40765,0.0029230689584362228,0.0021070214263305
S40766,0.004913951607405118,0.004222151428268
S40768,0.003423290970235416,0.0
S40769,0.0037414772353341827,0.0064348231394686
S40770,0.0038538285150479623,0.0021528012405679
S40771,0.0038530874308717305,0.0
S40773,0.0021561246172346047,0.0021101883459859
S40774,0.00468892380460678,0.0
S40776,0.0027629062697008514,0.0021486131285882
S40779,0.004073671907776442,0.0042663507678572
S40782,0.0011420684710513026,0.0
S40783,0.0025728397804368735,0.0086081847035848
S40784,0.003899314153941976,0.0
S40785,0.0032216552215827902,0.0043259522317387
S40787,0.0029323077610215404,0.0
S40788,0.0009706840660285371,0.0
S40789,0.005132416283016583,0.0
S40790,0.0011847574884944739,0.0
S40791,0.0020880604637980877,0.0
S40792,0.002385160393370895,0.0
S40793,0.0028221338652911934,0.0
S40794,0.0026085901787140987,0.0042161877857803
S40795,0.004383553942545245,0.0
S40804,0.003633503148309779,0.0
S40805,0.003632832092939938,0.0042353201842406
S40806,0.004193109847784726,0.0
S40807,0.0029924847924781054,0.0233578575884197
S40808,0.004885762214943655,0.0
S40812,0.0014939814470377245,0.0043199172522892
S40814,0.0020588430108095246,0.0021392906336088
S40816,0.0021946645141045435,0.0
S40817,0.003515685025288719,0.0084751904573107
S40819,0.002393236019816337,0.0021144977110668
S40821,0.0016377657390327927,0.0
S40822,0.0014496571282056156,0.0021553499950127
S40823,0.0020554209970100328,0.0021704857608273
S40824,0.00030698230825299574,0.0
S40826,0.003471794760905416,0.0021276686830287
S40827,0.0018195237519900475,0.0
S40829,0.000525543680910689,0.0
S40832,0.002475986701602136,0.0
S40833,0.0024256120125661657,0.0
S40835,0.0019612435856196167,0.0
S40836,0.0025772411617002514,0.0
S40838,0.004057510995806221,0.0021245853424985
S40839,0.0007480105520381477,0.0
S40842,0.0006614855544275988,0.0
S40843,0.0015956700453743787,0.002147276372183
S40844,0.0026539009435956914,0.0064923189465983
S40845,0.0005765090215726647,0.0
S40846,0.002254024583125283,0.0085346796489962
S40848,0.0022783710585394584,0.0
S40850,0.0023458724255702498,0.002114335792259
S40851,0.001644166180817278,0.0043198046092402
S40854,0.0013970297618285746,0.0
S40855,0.002207102517287746,0.0
S40856,0.0007025606679966002,0.0021184183044981
S40857,0.0012996866133044422,0.0064401596433939
S40859,0.003164141297143348,0.0169004505653319
S40861,0.0017642281063265594,0.0
S40862,0.0020467564667576207,0.0
S40863,0.0014612643173304676,0.0
S40864,0.004297773156859091,0.006499875756902
S40865,0.002632572777248612,0.0063229943258441
S40866,0.0037511115160684203,0.0
S40868,0.0027263716992101147,0.0106466843183122
S40870,0.0018563300796493657,0.0
S40872,0.00014465596545918806,0.0
S40873,9.41729548868402e-05,0.0
S40875,0.00017302288882895393,0.0021199363592545
S40876,0.0012150348902228785,0.0021307335811329
S40877,0.004240982581762013,0.0021427216445065
S40879,0.0005907550598968576,0.0
S40880,0.0012314744413858849,0.0042341294689447
S40881,0.0008598345749011159,0.0021094091532228
S40884,8.337377232982694e-05,0.0
S40885,0.0026902964444480808,0.0021355402014368
S40886,0.0007990688399271765,0.0064404100092005
S40887,0.0011294360626277595,0.0042889380779171
S40888,0.0010445896911738077,0.0
S40889,0.0021338540197771406,0.0
S40891,0.001523199582086523,0.0
S40897,0.0013570061597683262,0.0
S40899,0.0003849163421054215,0.002116577872605
S40900,0.0024437470987530106,0.0021528851693501
S40901,0.0031037422087358303,0.0021038372806739
S40902,0.0014703470236604932,0.0042255975989763
S40904,0.002855570372603669,0.0
S40905,0.0025705279600351455,0.0
S40908,0.0015495099211317869,0.0021240677821227
S40913,0.0007167478518714857,0.0063669788237102
S40914,0.0015671441477457188,0.0
S40917,0.0004753707126422089,0.0021247215845207
S40918,0.004815577734013839,0.0021553499950127
S40920,0.000548142394926053,0.002167560730952
S40921,0.0005498264589957175,0.0105841063777226
S40923,4.7625255238694416e-05,0.0064272505075846
S40925,1.77441158642729e-05,0.0
S40927,0.00010928968289097138,0.0
S40928,0.0002031193826186844,0.0
S40929,8.80304789623652e-05,0.0
S40930,0.00016807467039499014,0.0
S40933,0.0013099206217332918,0.0021136883649323
S40934,0.0001316396706920203,0.0
S40936,0.0009118213947466034,0.0063773546168454
S40938,0.0010078657229425191,0.0021215380937745
S40939,0.0003689260920109661,0.0
S40940,0.000856179182249226,0.0021364490239823
S40945,0.0011994628769803227,0.0
S40947,0.0022718281436661498,0.0021390420362647
S40949,0.0017957765977920954,0.0064917253360153
S40950,0.0008917396859264012,0.0
S40951,0.0023801953448447932,0.0
S40953,0.000997945797140429,0.0021342471518321
S40954,0.002554666519837454,0.0065116279069767
S40955,0.0038095248601737242,0.0042874396135265
S40956,0.0012734322269324933,0.0
S40957,0.002344161309068821,0.0021622985625282
S40960,0.0024310300473678096,0.0021190957387841
S40961,0.0021526767635672043,0.0043401185891558
S40962,0.001960567558525024,0.0064404934687953
S40964,0.004269567402597182,0.0064190323663885
S40966,0.0011615654533615404,0.0021243401508837
S40967,0.002921767349778805,0.0
S40970,0.002289090653046437,0.0
S40971,0.004091229275795425,0.0108319929559353
S40972,0.00238466082500333,0.0
S40973,0.0024653127271431477,0.0
S40975,0.005822673086047062,0.0
S40978,0.0027272625950575907,0.0
S40979,0.002338802831313459,0.0021701161470613
S40982,0.0020363044921360004,0.0
S40983,0.003297161688250897,0.0
S40984,0.002237222932336149,0.0
S40986,0.003437562297669288,0.0
S40987,0.0021061252924073387,0.0
S40988,0.0023347711477310065,0.0042528794646677
S40991,0.004749143053641324,0.0021200177450177
S40992,0.0012920808369123531,0.0106974201352567
S40993,0.0025233185575185527,0.0042684943036642
S40994,0.002672068966683398,0.0021211034859503
S40995,0.003714726102573125,0.0
S40997,0.0018628672618108493,0.0
S40999,0.0035086963001551186,0.0
S41000,0.002910221391097408,0.0
S41001,0.0033854438412042496,0.0
S41002,0.0010371667641127405,0.0
S41003,0.0033751332723069042,0.0021535848304431
S41004,0.002948479818414746,0.0
S41005,0.003234315716736816,0.0042943301017851
S41008,0.0034731728393319634,0.0128087831655992
S41010,0.0013334882079558083,0.0042076745613478
S41013,0.0011897932576485468,0.0084858263649673
S41014,0.002669704049538063,0.0021592266753557
S41016,0.004157194565989493,0.0086760322427194
S41018,0.004334902395347649,0.002171339196386
S41019,0.0021374548099274055,0.002139235384761
S41021,0.0014554721618763068,0.0
S41025,0.003894220627324622,0.0
S41026,0.0013475053723685491,0.0064394086627537
S41027,0.003655531834641937,0.0021456077639054
S41028,0.0037127014148667847,0.0043422230959089
S41030,0.00306667540668682,0.0
S41031,0.0027059629137193833,0.0086649145058863
S41032,0.002071836469605066,0.0
S41033,0.003642918603774611,0.0
S41036,0.0029635880317643156,0.0
S41037,0.0008577406257946963,0.0
S41041,0.0029905986690115962,0.0
S41043,0.0021695375903945475,0.0
S41044,0.0018736533158578636,0.0
S41045,0.003574863280290811,0.0
S41049,0.002147418165459097,0.0
S41051,0.0017393920010136885,0.0
S41052,0.004076131949340679,0.0
S41053,0.004046388426305212,0.0
S41054,0.004116004453255765,0.0
S41056,0.003396855845505354,0.0
S41057,0.002215809415343179,0.0
S41058,0.002895528430103112,0.0
S41059,0.0018927453010145103,0.0
S41060,0.004196395160699211,0.0
S41061,0.0040850740344543675,0.0
S41063,0.001149783690055296,0.0
S41064,0.003227873465846517,0.0
S41065,0.0041406861597966145,0.0
S41066,0.003946075258900864,0.0
S41067,0.002992112878402502,0.0
S41068,0.0024006153313541343,0.0
S41069,0.0007605680422648687,0.0
S41071,0.00023399904943665047,0.0
S41072,0.0001856240348496676,0.0
S41073,0.00018555771313359204,0.0
S41074,0.00019488153525917237,0.0
S41075,0.00012122765949985356,0.0
S41079,0.004684902736376881,0.0
S41081,0.003946698365716394,0.0
S41082,0.0028796425931333545,0.0
S41085,4.070809881695683e-05,0.0
S41088,0.00010069876485834539,0.0
S41090,3.940337456313611e-05,0.0
S41092,0.00047259032204642257,0.0
S41093,0.00205810793723662,0.0
S41094,0.00028950121764407486,0.0
S41095,2.484991240161825e-05,0.0
S41096,4.4335896672289894e-05,0.0
S41097,4.953855949647389e-06,0.0
S41098,0.00020300606047652083,0.0
S41101,4.417465489240268e-05,0.0
S41102,9.31294752873215e-05,0.0
S41104,0.0007622249764574229,0.0
S41105,7.350198848763292e-05,0.0
S41107,0.0002075095978915852,0.0
S41108,0.0003076873953049885,0.0
S41110,7.370503444332734e-05,0.0
S41112,0.00024294965137782983,0.0
S41113,1.488904068401073e-05,0.0
S41114,8.382475079143894e-06,0.0
S41115,0.0008081293332802974,0.0
S41116,5.490609006153303e-06,0.0
S41117,0.00010023784400541929,0.0
S41118,1.1197704273862757e-05,0.0
S41121,0.0001559878385380544,0.0
S41124,2.0898924437098982e-05,0.0
S41125,0.0021179987218122713,0.0
S41126,0.003095809232030878,0.0
S41129,0.0025579956459805785,0.0
S41131,0.0037087701432765583,0.0
S41132,0.001920086378809082,0.0
S41133,0.003440679531942013,0.0
S41134,0.0021870101655068136,0.0
S41138,0.0014561586544665503,0.0
S41139,0.004415106461530897,0.0
S41144,0.0002691098856555138,0.0
S41145,0.00123717347765579,0.0
S41146,0.0019741883512475185,0.0
S41148,0.0022939839408846517,0.0
S41149,0.0018056628348103883,0.0
S41154,0.0010168741080495043,0.0
S41155,0.000515999726611984,0.0
S41156,0.00197669132890591,0.0
S41157,0.00409873515175704,0.0
S41159,0.0032955636145656645,0.0
S41163,0.0020750215779610655,0.0
S41165,0.0028168979832296544,0.0
S41166,0.0015458320749334171,0.0
S41168,0.0019121499848578653,0.0
S41171,0.003382366825484647,0.0
S41172,0.0035079045989326275,0.0
S41173,0.001958259230183051,0.0
S41174,0.0017995313425854364,0.0
S41175,0.00043664346580865387,0.0
S41176,0.003438898965731394,0.0
S41178,0.00259683035485904,0.0
S41179,0.0012393970748727,0.0
S41181,0.0005259441157599951,0.0
S41182,0.0008813767704341803,0.0
S41184,0.0021550546569008545,0.0
S41185,0.0012463827424973554,0.0
S41186,0.0013698537494420862,0.0
S41187,0.0007929797964115119,0.0
S41188,0.001449834050524976,0.0
S41189,0.0028852740753593847,0.0
S41191,0.0007481126805944387,0.0
S41192,0.0002888143187153661,0.0
S41194,0.001367499940586677,0.0
S41195,0.0016620056381225587,0.0
S41197,0.001007182258944832,0.0
S41199,0.0012997386989003104,0.0
S41201,0.00022974680187448377,0.0
S41202,0.0006019530187673068,0.0
S41203,0.00030931775279112455,0.0162235388206107
S41205,0.0006461752355410097,0.0
S41207,0.0012429043456328708,0.0
S41208,0.0034563687046940783,0.0
S41209,0.0012326164108092308,0.0
S41213,0.0026097170302374862,0.0
S41214,5.736154848567843e-06,0.0
S41216,0.00019084743239835208,0.0
S41219,2.8160991731986187e-05,0.0
S41220,0.0005908344976137948,0.0
S41226,0.00015109870052819454,0.0
S41227,0.0005232742353960411,0.0
S41231,0.001859928736978515,0.0
S41232,0.0005588546549223326,0.0
S41234,0.0008271344545529817,0.0
S41236,0.0007000514761887946,0.0
S41237,0.0009134629263947897,0.0
S41238,0.001695777052172265,0.0
S41239,0.0008444772611976361,0.0
S41240,4.5884087072638714e-05,0.0
S41241,0.001027982197296991,0.0
S41242,0.00361191701577417,0.0
S41243,0.00042429245453976276,0.0
S41249,0.00048582789661236257,0.0
S41251,0.00019988678439297319,0.0
S41252,5.902685170743345e-05,0.0
S41253,0.001498350592997874,0.0
S41258,0.0003215843849111674,0.0
S41259,4.384944846107641e-05,0.0
S41260,0.000223641385440693,0.0
S41261,0.00031231900868937824,0.0
S41266,0.000849867273796382,0.0
S41269,0.0011460190964721875,0.0
S41270,0.002457189205220473,0.0
S41271,0.003732439914479888,0.0
S41272,0.0018531309232134965,0.0
S41273,0.00381690719772693,0.0
S41274,0.0023009884646022867,0.0
S41280,0.0012704123107083803,0.0
S41281,0.002169967213597767,0.0
S41285,0.0027130775015312245,0.0
S41288,0.00030218824588199895,0.0
S41289,0.002901325685250164,0.0
S41290,0.002497556486371003,0.0
S41291,0.003473073908251832,0.0
S41293,0.002768835703045605,0.0
S41297,0.0013076628226863746,0.0
S41298,0.003138682001318852,0.0
S41300,0.00191534755408919,0.0
S41301,0.0024724538565383007,0.0
S41302,0.0009586444492681966,0.0
S41304,0.002486446207860948,0.0
S41306,0.002315142640448643,0.0
S41307,0.0027507377623697815,0.0
S41309,0.0017618386703317002,0.0
S41310,0.0010361625034748206,0.0
S41313,0.0008780906437238472,0.0
S41314,0.00014671709729249598,0.0
S41316,0.0007834218030316278,0.0163597162560279
S41317,0.000571572310136158,0.0
S41319,0.0003011908211844387,0.0
S41320,0.0001545504996087052,0.0
S41321,0.0022557409386913807,0.0
S41322,0.002638508372151028,0.0
S41323,0.002126366334784609,0.0
S41324,0.003353831655166921,0.0
S41332,0.0001799960111294481,0.0
S41334,0.0005706758876544818,0.0053765185690022
S41336,0.002326416372836149,0.0
S41338,0.0008427198524316243,0.0027237951179945
S41339,0.003469999217351616,0.0
S41340,0.0009949790314925787,0.0
S41341,0.0028208467118389325,0.0
S41344,0.0021620483542190466,0.0
S41347,0.00406336298523524,0.0
S41348,0.001374707024472764,0.0
S41349,0.0018582712083296737,0.0
S41350,0.0010926217973474901,0.0
S41351,0.0010057567977487497,0.0
S41352,0.000857210311442851,0.0026819055019534
S41353,0.001622294030249178,0.0
S41354,0.002225797900047419,0.0
S41355,0.0009094985440547132,0.0
S41356,0.0027264983520942925,0.0
S41357,0.0001156472433801521,0.0
S41358,1.1576333023044263e-05,0.0
S41359,0.0001589722692559559,0.0
S41360,9.567253374098461e-05,0.0
S41361,0.00013936411088476413,0.0
S41363,7.065239653361309e-05,0.0
S41364,0.00012349114626472655,0.0
S41365,1.7854665745670054e-05,0.0
S41370,0.00012578708144738335,0.0
S41371,0.0001507349450352936,0.0
S41373,3.663217155277102e-05,0.0
S41374,2.700363085013885e-05,0.0082192233908844
S41375,6.549579701807171e-05,0.0
S41376,8.44261495136851e-05,0.0
S41377,2.863225213593598e-05,0.0
S41378,6.351470956939982e-05,0.0
S41379,0.00030499288299095387,0.0
S41380,0.0001810466684356729,0.0
S41382,0.0007266710282186523,0.0
S41384,0.0027064679235371484,0.0
S41387,0.000922096246687745,0.0
S41388,0.00040805115489978526,0.0
S41389,0.0030259775770908547,0.0
S41392,0.0010734137561037851,0.0
S41393,0.002115000647912299,0.0
S41395,0.0009435617104770431,0.0
S41396,0.0014034638296388407,0.0
S41398,0.0010675551453007027,0.0
S41400,0.005708880197975399,0.0
S41401,6.313169084710096e-05,0.0
S41403,4.42154779380729e-05,0.0
S41405,0.0012619995248946815,0.0024492410802286
S41406,0.00196609104245919,0.0023936464820139
S41407,0.0012493910651579958,0.0
S41408,0.002345636816027185,0.0023999227389057
S41411,0.000693807014971454,0.0
S41415,9.259397117431977e-06,0.0
S41416,0.0045359930491867305,0.0
S41417,0.0030919150118003413,0.0072673568462303
S41418,0.0010032326447409275,0.0
S41420,0.0005299099539621558,0.0
S41421,0.00015155894129616085,0.0
S41422,0.0029747655658558746,0.0
S41423,0.0034248246045796194,0.0
S41424,0.0032474776982803493,0.0024401859843965
S41425,0.002766829762455113,0.0
S41426,0.0016107561568325206,0.0
S41429,0.0009956486997359042,0.0
S41430,0.002445157621588662,0.0
S41434,0.0001269223018162676,0.0
S41435,6.569824831745215e-06,0.0
S41436,0.00019075768860188794,0.0
S41438,1.1162949576414081e-05,0.0
S41439,3.7466794997530863e-06,0.0
S41440,0.0033042978051702754,0.0
S41444,0.0013603474901808022,0.0
S41445,0.0033418675444248473,0.0
S41447,0.0027706818524576666,0.0
S41448,0.002116330621612216,0.0
S41449,0.00420211057976959,0.0
S41450,0.0028413541658572606,0.0
S41451,0.0034207546174249526,0.0
S41453,0.004287129185258291,0.0
S41456,0.0022648444038137457,0.0
S41457,0.0025100615257221113,0.0
S41458,0.005818837384942693,0.0
S41460,0.004610341583296382,0.0194661496582652
S41461,0.00454586000948092,0.0
S41462,0.004065567203655719,0.0
S41464,0.0021690456951823558,0.0
S41465,0.0015584276620398824,0.0
S41467,0.002076388254659312,0.0024358446548648
S41469,0.0013702778114781694,0.0072190105452749
S41470,0.002354113171253381,0.0
S41471,0.0010431111427898789,0.0
S41472,0.001715064630519608,0.0048700423801474
S41476,0.0023489260074824243,0.0047691702411453
S41477,0.0025085312408540134,0.0
S41479,0.003668187192355673,0.0
S41482,0.005041128690404889,0.0
S41483,0.003611583720599554,0.0
S41485,0.0018722303650796435,0.0024497481244886
S41487,0.002081318992698256,0.0
S41492,0.0030396786681025543,0.0024432449439086
S41494,0.0028064285756578752,0.0095863592087878
S41496,0.003405537678774241,0.0
S41497,0.0028433188481894727,0.0
S41499,0.0011802090715775557,0.0
S41503,0.0024445413874061824,0.0
S41504,0.0024682775897990243,0.0
S41505,6.147531809423578e-05,0.0
S41507,0.00016506272476594257,0.0
S41509,8.45755418229238e-05,0.0018011357664974
S41512,0.0011799060404514882,0.0053734957995913
S41514,0.0008667682218721412,0.0090713626026232
S41515,0.0012908329562610044,0.0036547208035973
S41520,0.0033571660639188892,0.007319614578846
S41521,0.0020776637968056367,0.0071131338936536
S41523,0.003419841279904405,0.0106148950257363
S41528,0.0008160817994719745,0.0054357931117454
S41530,0.001328399138366967,0.0107257699031011
S41532,0.0023004437580338385,0.007203368335616
S41534,0.0013153268223178144,0.0070952360557911
S41535,0.0020350656643846605,0.0
S41538,0.00028868674038617454,0.0036282669002774
S41539,0.0016149631679527343,0.0053435689019342
S41540,0.0024717636401263465,0.0017769673567163
S41541,0.003151429305865806,0.0053727987200415
S41543,0.004269426887768312,0.0
S41545,0.0025181794570951735,0.0036272738883719
S41547,0.0021782270397780064,0.0017949495825026
S41549,0.0037928966551633164,0.0
S41550,0.0027013029979378518,0.0017774630559489
S41551,0.0038094513342895042,0.0035946506968704
S41552,0.003977162687423357,0.0
S41554,0.004990865708951741,0.0
S41555,0.0020311766072814205,0.0
S41558,0.002936810624585143,0.0
S41559,0.002854021144961057,0.0070959958309239
S41560,7.083510031681041e-05,0.0
S41565,0.000436945733029933,0.0
S41566,8.534608393335306e-05,0.0018274611894308
S41567,0.0007367324751609289,0.0
S41568,0.0006556291265019729,0.0017901781533429
S41569,0.002584924355277944,0.0
S41570,0.0006394030769772507,0.0018180155464106
S41572,0.0003724210366027525,0.0017909135460808
S41573,0.003044370560872503,0.0054085230487964
S41575,0.0037718484950076893,0.0
S41576,0.0007015392133481288,0.0036161891768985
S41577,0.0020729296929700054,0.0088687601937208
S41578,0.0015971901913717054,0.0054152411253241
S41579,0.001304540362285021,0.0035865184431479
S41580,0.0008933897727143685,0.0035669813792088
S41581,0.002217823087361743,0.0017934339388428
S41583,0.0025374444375903466,0.0053946682875998
S41584,0.0014288791946093066,0.0017873004570742
S41585,0.0016144875128529302,0.0071029172695928
S41587,0.0017046865145602123,0.0054612984044657
S41588,0.0025149876602366806,0.0091389189228947
S41589,0.0019454306912182779,0.0054252903676534
S41592,0.0022476665191440088,0.0
S41593,0.0008955011203302402,0.005333648129467
S41594,0.0010817765256559315,0.0106385255902562
S41596,0.002068852062585031,0.001829297468797
S41598,0.0016805347373769974,0.0
S41601,0.0007553090740340536,0.0017727271105974
S41603,0.002304230832512419,0.0144581292431663
S41605,0.0013765258079332934,0.001800842083904
S41606,0.0013327469578539796,0.0018150875040172
S41607,0.000994260041481265,0.0109538922683593
S41608,0.00014483445902258287,0.0017703969678835
S41612,0.0008920667867247983,0.0088488642473836
S41615,0.0005290115574389799,0.0
S41616,0.0011622998889551253,0.0
S41618,0.0012576337728058267,0.0
S41619,0.0029910486242512645,0.0
S41620,0.002282843287582817,0.0
S41621,0.003031241765443167,0.0
S41624,0.0023456250536182358,0.0047838369837763
S41627,0.0036476482930472703,0.0
S41629,0.002540658794775295,0.0047909617590637
S41632,0.0028117144547642127,0.0048648225367553
S41634,0.005771656460370266,0.0
S41637,0.003358415098792968,0.0
S41638,0.0029871563700316645,0.0
S41642,0.0024318600942569556,0.0
S41644,0.0031830960736185412,0.0096320629475663
S41645,0.002713997079680692,0.0
S41646,6.631437146446665e-05,0.0
S41647,0.0002911855081981419,0.001770699729229
S41651,0.00015062733045654908,0.0017995119231242
S41652,2.1933256563220144e-07,0.0
S41654,8.710828604973541e-06,0.0
S41656,0.0007891617282661677,0.0
S41657,0.002057200768654924,0.0126465862577882
S41660,0.0035437656552843207,0.0
S41661,0.0029712265766113524,0.012443175924833
S41662,0.002943186845495105,0.0054047000228367
S41663,0.0017303813965233172,0.0127349132093152
S41664,0.0009931598496601142,0.0018237193600469
S41665,0.0031580881978500136,0.003574948030182
S41666,0.0026054058147228863,0.0107317915829932
S41667,0.0014822965244235516,0.0018027036928221
S41668,0.0018008018110347043,0.0088330116482008
S41669,0.0030870326313048395,0.0
S41671,0.0021106539768612344,0.0036129557540136
S41674,0.002779152101128958,0.0
S41675,0.0002584931224068821,0.0035342599209947
S41676,0.00015064472337161873,0.0018269170682575
S41678,0.0008429725575460817,0.0017717981077053
S41680,0.0002886605935624132,0.0072501823486506
S41681,0.00017398733775761757,0.0
S41684,0.0005078741123768079,0.0053409848045221
S41685,0.00012033186403164296,0.0048190434635056
S41688,3.9863790416727574e-05,0.0018125455871626
S41690,0.00018069514619554886,0.0047915853205879
S41691,0.0006005777871866309,0.05048669082888
S41693,0.001513510914020211,0.01249169673794
S41694,0.00021204592325474198,0.0
S41695,0.000737677983946451,0.0
S41696,0.0011728732826321254,0.0054725436867546
S41697,0.0009559080062923864,0.0048172918484055
S41698,0.0027585648286224374,0.0
S41700,0.002922307263364371,0.0088897951590861
S41704,0.0022979128626113158,0.0035810141403224
S41707,0.0012478589651976858,0.0035923123071029
S41708,0.0011725410749874009,0.0054404343590248
S41711,0.0008755669732590982,0.0054126462067914
S41712,0.0011694489178723747,0.0018249046239484
S41713,0.001911671496001377,0.0018116734467725
S41714,0.0034338703243187232,0.0072010982761555
S41716,0.0022283725755795564,0.0
S41717,0.0006511824303758478,0.0017930845383438
S41718,0.0011078774435240996,0.0017884388404295
S41720,0.0010450615802507731,0.0
S41722,0.0011625436128244056,0.0036038387771602
S41723,0.0012052157390925367,0.0
S41725,0.002318733998561184,0.0
S41727,0.0010760997782047652,0.0036228714718917
S41728,0.001565277833563095,0.0036113018488848
S41729,0.00204898978745474,0.0317998592360355
S41731,0.0032083915641918544,0.0071006339851772
S41732,0.0013855146405141348,0.0
S41733,0.0009704122667182389,0.0017793148384833
S41734,0.0027786182316083207,0.0052937667760214
S41737,0.0011178318105086113,0.0024460226294005
S41742,0.00028331206031872254,0.0
S41745,0.003645598597551837,0.0
S41746,0.001169270374169098,0.0068955948664585
S41747,0.0030562463453387956,0.0045918390916104
S41748,0.004401738473025555,0.0045636314385539
S41750,0.0033208701755951687,0.0
S41751,0.0016491755862836517,0.0
S41752,0.0036155712764668665,0.0
S41753,0.0040350257958718366,0.0
S41754,0.003264995584895033,0.0022932499088698
S41757,0.002359082141522792,0.0
S41758,0.0029592704876543396,0.0112395632626846
S41759,0.0036477960855615336,0.0045239395594392
S41760,0.0011575070309330852,0.0022880872143343
S41761,0.003763885638846439,0.0022674495526691
S41762,0.0024951841662340774,0.0046096626691523
S41766,0.0012145187655510667,0.0023059541871395
S41767,0.0005619177421886558,0.0045994243778746
S41768,0.004717484413239778,0.0
S41770,0.0037497150860137623,0.0
S41771,0.004015799119844066,0.002277987853787
S41772,0.003007599500162624,0.0
S41773,0.0025381963144137506,0.0
S41774,0.003283364247084371,0.0022502331730551
S41775,0.0009778333487901322,0.0022416771533857
S41777,0.003502976200359874,0.0
S41779,0.005415605358773972,0.0086391361559146
S41780,0.004344484107642855,0.0
S41782,0.002240745083198923,0.0217609128738315
S41785,0.0021451800489856615,0.0127875028715828
S41787,0.002804984603329609,0.0344081119188132
S41788,0.002657405289515603,0.0138731147340782
S41789,0.002255138876278601,0.0151472776492945
S41790,0.0032769399136999802,0.0
S41791,0.0034495446618510563,0.0110448126048646
S41792,0.00663956289596452,0.0
S41793,0.002884935904277542,0.0022565471650139
S41794,0.0020267516426316183,0.0
S41795,0.0013469620772247435,0.0
S41796,0.0010481522055027209,0.0156102770274514
S41798,0.0017315563740035492,0.0120643456665639
S41801,0.0037627687347804085,0.0045892314653222
S41805,0.0006672263570748273,0.0128669569961073
S41807,0.0016407246112987188,0.0144233559695861
S41808,0.0027084221453794795,0.0052849851127179
S41809,0.0030252488749220358,0.021594912464566
S41812,0.0016247511802242119,0.0009159078637232
S41813,0.004173427873197107,0.0
S41814,0.0031498931689047547,0.0
S41815,0.0018718971563470785,0.0067404453847614
S41816,0.002202281101533367,0.0168572862821713
S41817,0.0019186047708771483,0.0090251560335074
S41819,0.003983629979181518,0.0023131018369844
S41820,0.00363113350945707,0.002279178761906
S41821,0.005728207116842514,0.0
S41824,0.0034209058272936005,0.0
S41825,0.0032483676132656425,0.0
S41826,0.002118450690337205,0.0
S41828,0.0025903445797900325,0.0
S41830,0.0032979803425899957,0.0
S41831,0.0016875549291953294,0.0045492199048965
S41832,0.004140761118289003,0.0
S41836,0.0036274610735674536,0.0
S41838,0.0013361656991017843,0.0022979896058739
S41839,0.0036049198840020238,0.0045247426950896
S41840,0.004564832623895108,0.0
S41841,0.003186154446210521,0.0022939802634615
S41843,0.002461578055235063,0.0
S41844,0.0024033498661243154,0.0
S41846,0.0013250124395851157,0.0
S41847,0.0029980385310249607,0.0022428303887723
S41848,0.00044221242604947347,0.0023045427777855
S41849,0.002109161874499289,0.0
S41851,0.0015258376517379426,0.0
S41854,0.0018635729390638343,0.0046154417637116
S41855,0.0023939868945693304,0.0
S41859,0.0015836078635917013,0.0
S41860,0.0038252779353756686,0.0
S41861,0.0014630229124718442,0.0
S41862,0.0008807013920631405,0.0022496831432192
S41864,0.0017776437558381188,0.0
S41866,0.0013052967312197437,0.0
S41870,0.002510849742908354,0.0
S41873,0.0028980321946788686,0.0022800884509161
S41874,0.0011816192264028041,0.0023001592061905
S41875,0.002502103511463574,0.0
S41876,0.003134409525231407,0.0
S41877,0.0017055499738770268,0.0
S41878,0.002286676686490475,0.0
S41879,0.00061991001008843,0.0023035814434232
S41887,0.0009690009764783803,0.0022447145328329
S41888,0.0012737177365023293,0.0022904281303285
S41891,0.002930748418136604,0.014029127583865
S41895,0.0041895887759773945,0.0132869937174174
S41896,0.0023013840084449657,0.0154112509367167
S41897,0.0009926550430087175,0.00356274316887
S41899,0.005223271676151936,0.0046404708817454
S41900,0.002543425236353126,0.0109380369770319
S41902,0.004011251940601409,0.0097300087208784
S41905,0.002013118086929656,0.0043953206196252
S41906,0.0037486306083536975,0.0204648864548804
S41907,0.0016266673222327698,0.0187619992665616
S41908,0.00250705986382643,0.0193437216938405
S41909,0.0016571149744451445,0.0128982984552813
S41912,0.00451916053735616,0.0179931114720484
S41913,0.0022330982608834383,0.0397251158052835
S41914,0.001519976312426733,0.0184724341072698
S41920,0.004158597367535308,0.0050442513803182
S41922,0.003474423832690525,0.0171380492279257
S41923,0.003974866128832363,0.0179647521132724
S41924,0.0021724893807343725,0.0133842311136245
S41925,0.001953451695525286,0.0142251989238078
S41926,0.00266451440926156,0.0174684767804578
S41927,0.004851940716108144,0.0041317092473804
S41930,0.0014705051518468055,0.0120078142257565
S41931,0.0019414283225848393,0.0059819801231129
S41932,0.003555426919776764,0.0147121945443512
S41937,0.00400859923644044,0.0
S41939,0.0044716268454838975,0.0
S41941,0.0009493924652040182,0.0
S41942,0.0030405675022035948,0.0
S41943,0.0020404429487708127,0.0
S41944,0.0008188076116556886,0.0022755785097479
S41945,0.0019186907882748857,0.002298914375847
S41947,0.0013672781156710515,0.0
S41948,0.001988124047669164,0.0
S41949,0.0030264174602771137,0.0
S41951,0.00018939138686307978,0.0
S41952,0.0026329156944292663,0.0
S41953,0.0024465430846171685,0.0
S41955,0.0013169412323641209,0.0
S41956,0.001103880591106557,0.0046206553521041
S41957,0.0009843037888328568,0.002273080687504
S41960,0.00206466419476679,0.0
S41962,0.0017311721767026861,0.00449460556897
S41965,0.0016272214212376425,0.0022565471650139
S41967,0.0016382340863189348,0.0
S41968,0.0006342244156835979,0.0023021409447578
S41969,0.001749084107977476,0.0
S41970,0.0011234110752129734,0.0022512728524578
S41973,0.0034614286961180013,0.0091509585951345
S41974,0.0033879902539211623,0.0045180175266353
S41975,0.003424633823452228,0.0
S41976,0.0026300705047869123,0.0
S41977,0.004457654090394933,0.0046245894164828
S41979,0.002849948264369038,0.0091798615632546
S41980,0.005137331920688255,0.0
S41982,0.0015719437793571035,0.0022771424382376
S41983,0.002017494949676498,0.0
S41984,0.0021439858547282796,0.0022631439942442
S41986,0.0018495968175215043,0.0
S41987,0.002373311644066363,0.0
S41988,0.0018446856709869405,0.0
S41989,0.0004651875205934722,0.0022792414757744
S41993,0.0015862658770556615,0.0156237720249603
S41995,0.0034722507366599666,0.0279713884213507
S41999,0.0009595220544030663,0.0135177035679121
S42000,0.005567845863090223,0.010242459839047
S42001,0.0014480393888952042,0.0207352243273829
S42002,0.0019682237204536814,0.0104177038081214
S42003,0.001633152740357629,0.0250332607328824
S42004,0.0026019736495906326,0.0
S42005,0.0031824270598418236,0.004306609822883
S42006,0.0036686920076220183,0.0059392722641618
S42008,0.0035764568729159864,0.00995826889694
S42009,0.0033784032621021758,0.0035926823494118
S42012,0.004094495535471451,0.0161302169542365
S42016,0.0022959070905144204,0.0165705331243956
S42018,0.0018888515576858567,0.0052706091954632
S42023,0.0014423678725773853,0.0144634149446799
S42024,0.003159155397592588,0.0176588676295546
S42027,0.0036156662323753364,0.0197259581991538
S42030,0.003452859493103004,0.0008231393241976
S42032,0.003021155216457518,0.0064611504525033
S42033,0.0007727221135524279,0.0194628281799822
S42035,0.001723018886525955,0.000918029395412
S42037,0.0026260250780250167,0.0144648402858385
S42038,0.0038676825614157753,0.0081530208828885
S42039,0.004638742245331762,0.0042184208337365
S42040,0.002087773412000853,0.0093529733798672
S42041,0.0033677192153715313,0.0135612413174459
S42043,0.003462513380943214,0.0148951792965998
S42044,0.0026724679972216954,0.0017675353195878
S42045,0.0035043169384995094,0.0197100819543517
S42048,0.003222260997129532,0.0293298711889139
S42049,5.156158940424457e-05,0.0146918897147534
S42051,8.976970689559115e-05,0.0112687798463078
S42052,2.9825286993513383e-05,0.0
S42053,0.003099422765179607,0.0099219915852727
S42054,0.0018139070030232835,0.0036466358500256
S42056,0.0016166048958189036,0.0008646124726872
S42058,0.0021287464845715933,0.0081145948417082
S42063,0.003577386671768648,0.0127172468750628
S42065,0.0021005577654896568,0.0120866598572808
S42066,0.0010574346052185577,0.0118436151530816
S42068,0.0016554390286649904,0.0078341328597474
S42071,0.005349132372872656,0.0
S42073,0.0008717604706196627,0.01305534896626
S42074,0.005076216468401644,0.0118775712261654
S42075,0.0018756969328195456,0.007246773035297
S42076,0.0031959905093432548,0.0146388201620336
S42078,0.003045395706720795,0.0
S42079,0.0028335014834602887,0.0150874730580838
S42083,0.004313289891139951,0.0123120370599747
S42084,0.0029762528594075295,0.012471706540996
S42085,0.0030752421598691164,0.0110563607443578
S42086,0.0024426024118122183,0.0090817423257034
S42088,0.003399380085539386,0.0090577233949878
S42089,0.003996146397172758,0.01308286362036
S42090,0.002103719301430506,0.0118042766523429
S42091,0.005254762353834159,0.0069516566133403
S42094,0.0042910587762617775,0.0166268734505296
S42095,0.0024821239191598903,0.0
S42098,0.0027546025543590705,0.0162290130343682
S42102,0.0005806480588002279,0.0261865050381723
S42104,0.0006379243028835004,0.0109886465392396
S42107,0.0007325349184131055,0.0008474995353247
S42110,0.002913185836351203,0.0110356772119926
S42111,0.0019892724755147953,0.0229509892476693
S42112,0.0019489325041059046,0.016299677941977
S42113,0.0021203618464674355,0.019255356243462
S42115,0.002768003820584195,0.0017931136498521
S42117,0.0011152925817086259,0.010181315693417
S42118,0.00158076323600413,0.0120624536759585
S42119,0.0010560720496816686,0.015922960055173
S42120,0.0027822350614192027,0.0173009556474071
S42123,0.00016622500465428367,0.0
S42125,0.0002899967811450785,0.0
S42126,0.00026542595864431813,0.0075950140846505
S42127,0.0021878843674975157,0.0170952518539921
S42128,0.0027941203320583315,0.0134364724528658
S42129,0.0012679772189939298,0.0196770314208934
S42131,0.0014328131970785178,0.0251233056753107
S42132,0.0023997247737329625,0.0117529355052889
S42133,0.001154361856516911,0.0081725946754805
S42134,0.0016049005294672366,0.0190289270987836
S42135,0.0011059050204209181,0.0152398165233593
S42138,0.0004954536269557991,0.0226219216890063
S42139,0.00016137046099779675,0.0024991325948237
S42140,0.0021239216238072207,0.0216308691016041
S42142,0.0015381382652162102,0.0120614403536479
S42143,0.0009237528127778668,0.0118896880281196
S42145,0.001718337074328255,0.0119127297132352
S42147,0.001391412525969311,0.011351397885734
S42149,0.0007624145150711492,0.0
S42150,0.001687179678367959,0.0141585475800262
S42151,0.001977877876883068,0.0249907814018973
S42152,0.0017888470652712856,0.011019161590351
S42154,0.0002176064087063217,0.0022677599368495
S42157,0.0014952672331712148,0.002267077203786
S42158,0.0006989431830025889,0.0
S42160,0.003499389699966308,0.0
S42162,0.001992494752418809,0.0023121333500811
S42165,0.00349154714767562,0.0
S42166,0.0024787593556167484,0.0067989986183121
S42167,0.002142386073061912,0.0
S42168,0.0015366654363056164,0.0022426482200953
S42169,0.0016411769681715662,0.0022646289562657
S42171,0.0022184452869656764,0.002294012028562
S42172,0.001606301734940801,0.0
S42173,0.004481037772763795,0.0
S42175,0.0006824178972056345,0.0023119397500127
S42176,0.0016477915140863798,0.0022501720453475
S42177,0.0019256881969566743,0.0022925517438615
S42178,0.0024104337322813367,0.0022886878036425
S42180,0.0015065958634232469,0.0
S42181,0.001110505116071088,0.0
S42183,0.0013756769202618664,0.011519989615784
S42185,0.0006254571161178565,0.0
S42186,0.0006417232006869085,0.0
S42187,0.0014553974664617548,0.0022656200140404
S42189,0.000930100676209314,0.0
S42191,0.00019503887097548078,0.0
S42192,0.0013934882271300917,0.0
S42193,0.0014259267257630088,0.0068264542270448
S42194,0.0018491985047909183,0.0
S42197,0.0013543257839799695,0.002259224408715
S42198,0.0012301840178773743,0.0091849510952176
S42200,0.0017349370347846706,0.0
S42201,0.002457428705407094,0.0
S42204,0.00035800124816065244,0.0
S42205,0.00017691087430395067,0.0
S42206,0.0008725370913108435,0.0
S42207,0.0010287595611462776,0.0022559940445388
S42208,0.0004756615654802884,0.0023105210062156
S42209,0.0001953207526314913,0.0
S42211,0.0014055294064332737,0.0136065223699988
S42214,0.00227486837265741,0.016378765825392
S42217,0.0022145735687012277,0.0163392783759349
S42218,0.0030195324437137924,0.0151082963901203
S42219,0.003090852637584241,0.0660955526248711
S42220,0.0026703432790053734,0.0198877562249277
S42221,0.0007456764541867665,0.0111412303118716
S42222,0.00041235180899107935,0.0234306861843811
S42223,0.0039162712765715415,0.016142740368219
S42224,0.0034650356414781544,0.013480086359346
S42225,0.0012134398641094567,0.002764643711409
S42226,0.0024917356333697136,0.0220192178253082
S42227,0.0017161694697905786,0.0131866746927614
S42228,0.0011869186350260564,0.0165938621629893
S42229,0.00089693896279184,0.0165887850467289
S42230,0.0015987486842714911,0.0053337053691203
S42231,0.003454874468614583,0.0210738034795465
S42234,0.001032343995467918,0.0097733160940165
S42236,0.004418995487565925,0.0
S42237,0.0029092358951156648,0.0135005188328163
S42238,0.00038363120837231116,0.0073725062627363
S42240,0.005203273795388941,0.0110297381269418
S42244,0.002415275547992503,0.0160916066783945
S42245,0.0027805349979672096,0.0079140967526194
S42246,0.003049449604941336,0.0107383420388805
S42247,0.003177838784841038,0.0090824529567313
S42248,0.0028372262809270195,0.0159166484299523
S42250,0.0027069036617335214,0.0120399306040836
S42252,0.003327334267543103,0.0050312810026118
S42253,0.0026815297873389954,0.0171435003385854
S42254,0.002331195843134925,0.0130446878986241
S42255,0.00163589917172803,0.0201435476680112
S42257,0.0019333247246393517,0.0
S42258,0.0016679988099831521,0.0194098382606464
S42260,0.0013519466032127529,0.008532130251466
S42261,0.0015557268396045659,0.0063217074970108
S42264,0.0030357117002779194,0.0244187149721132
S42267,0.001235979188182663,0.0059957741769813
S42268,0.002018244937084842,0.0088579958116116
S42269,0.0008631383106809602,0.0017387532054982
S42272,0.0021449734157842877,0.0166311122265445
S42273,0.0008994486048933135,0.0136821124961458
S42274,0.0012856279918551975,0.0107175011186526
S42275,0.0024332088978697274,0.0138449367088607
S42277,0.002983216256520615,0.0139320322861532
S42278,0.0019491538278130368,0.0146347029442401
S42279,0.0016369183586597668,0.0093363458290425
S42280,0.0027029696439932853,0.0190633603051811
S42281,0.0014358240167508792,0.0118809878450194
S42282,0.0021960414992427814,0.0106324943575042
S42283,0.0019355368883072523,0.0052837771032781
S42284,0.0013301694220759657,0.0155454237687303
S42285,0.0005038414701452876,0.0023051199636375
S42287,0.00040851701595928457,0.0
S42288,5.9444690333254464e-05,0.0
S42289,0.00020045495046482715,0.0
S42291,0.00016498878120361037,0.0
S42298,0.00014072766979460741,0.0069027777777777
S42299,0.00024655189768306614,0.0138737682494486
S42300,0.00011729800364547822,0.0
S42301,0.0004944110913551045,0.0022807476446806
S42302,0.002551804848448481,0.0174271071518869
S42303,0.0018404214988090703,0.0213970509094822
S42304,0.0010437578408923466,0.0069094713281269
S42305,0.0031709169171211518,0.0
S42306,0.00197660205583472,0.0
S42307,0.0018939155637586625,0.0022753597311687
S42308,0.00035833039976029986,0.0
S42309,0.000990484113123085,0.0044986332120422
S42310,0.0015483654248803493,0.0
S42311,0.00010005764964149787,0.0
S42313,0.0007878551489002417,0.0166161828916838
S42314,0.0025912252715689405,0.0127121678722337
S42317,0.001919874864085324,0.0045223094533556
S42318,0.001083589579679832,0.0
S42319,0.000849172437164741,0.0342095662887783
S42320,0.0022639840912794923,0.0
S42324,0.00313840337603885,0.0045444154894161
S42326,0.001540347587362264,0.0265313151142566
S42327,0.0030677006659564966,0.0098005998318463
S42328,0.002298587742278228,0.0130457151256798
S42329,0.004241074717845562,0.0052388305918192
S42330,0.0024884139245518492,0.0090284514298378
S42332,0.0022953631917003803,0.0115666023978188
S42336,0.0019077005600549317,0.0090443316177723
S42338,0.002721260166828714,0.0176285786673422
S42340,0.001972907030017039,0.0025116485915564
S42346,0.0001586884526684366,0.0
S42347,7.764352820010872e-05,0.0
S42348,0.0006378501694972325,0.0
S42349,0.00023084790869763985,0.0
S42350,0.0006607529618941186,0.0
S42351,0.0019959574889649987,0.0
S42352,0.003963922828613698,0.0
S42353,0.0009292056811733802,0.0022822558055169
S42354,0.001239043966333819,0.0090768795258837
S42356,0.0021758598926900526,0.0022464190633743
S42357,0.0026787018464231316,0.0022811873189852
S42358,0.0014215663559534895,0.0
S42359,0.0007880271473218698,0.0
S42360,0.0020694260967644624,0.0
S42361,0.002394982810272466,0.0
S42362,0.0014425857301908743,0.0
S42364,0.001015688872467347,0.0
S42366,0.001353665277037376,0.0
S42368,0.0023838684818252454,0.0
S42369,0.002902040419466942,0.0025196451204055
S42372,0.001050515640083908,0.0024760367469759
S42373,0.0017351367060093868,0.0
S42374,0.0025505577488978293,0.0
S42375,0.002612854937191849,0.0025234062430187
S42376,0.0013448837357887082,0.0049744521346605
S42377,0.0010781800595839866,0.0
S42379,0.0006158070465691431,0.0
S42383,0.0013146354997609973,0.0
S42384,0.0013750976455677712,0.0
S42386,7.569152396143009e-05,0.0
S42387,0.000617557310134657,0.0
S42388,5.2067178275885985e-05,0.0
S42389,0.00014445204047432083,0.0
S42390,1.8045739975753213e-05,0.0
S42392,0.00026662904670524785,0.0
S42393,7.580684470731805e-05,0.0
S42394,0.00013104385907874362,0.0
S42396,0.0001015007073092076,0.0
S42398,0.003768007557509441,0.0
S42399,0.005627993513400595,0.0
S42405,0.0001483120731979713,0.0
S42406,0.0006167651775736285,0.0
S42408,7.610480385680577e-05,0.0
S42409,0.0003250882998955216,0.0
S42411,0.0005837182275831441,0.0
S42413,0.0002623447306369088,0.0
S42414,0.0005404383366006488,0.0
S42416,6.297561561768092e-05,0.0
S42418,1.5264575334394802e-05,0.0
S42420,0.00032207157657296727,0.0
S42422,0.0015070751602717367,0.0
S42423,2.5490910710401645e-05,0.0
S42424,0.0006906188255148536,0.0
S42426,0.00011324919790091164,0.0
S42428,0.002506340299619886,0.0024584365926167
S42429,0.0016317606586097304,0.0
S42430,0.002707733297479228,0.0075136818552898
S42433,0.003415217174592402,0.0
S42436,0.0036934407010992074,0.0
S42437,0.0010948110921584202,0.0
S42438,0.0018887946213298193,0.0
S42439,0.0028660866991591727,0.0
S42440,0.003906970166812582,0.0
S42441,0.002839143370999362,0.0024769992922859
S42443,0.0029790116905766403,0.0024759627360135
S42447,0.003776631863043523,0.0
S42449,0.003424893644929092,0.0
S42451,0.004459578626907531,0.0
S42452,0.0020585684395961553,0.0024582906718503
S42453,0.0027057275599049876,0.0024954309011668
S42454,0.00223302171152534,0.0
S42455,0.0025201512195656096,0.0
S42456,0.0032445416869075075,0.0024622366224256
S42457,0.003199682957736444,0.0
S42458,0.0013428705346543027,0.0
S42460,6.115766606707839e-05,0.0
S42461,0.00014716424768874495,0.0
S42462,0.0006202101613963322,0.0
S42463,0.0005779433761149205,0.0
S42464,6.82748785803363e-05,0.0
S42465,0.0002918622696588374,0.0
S42466,9.221404104430175e-05,0.0
S42469,3.177826905410977e-05,0.0
S42470,0.00018668121610824893,0.0
S42474,0.0031325222915474043,0.0
S42475,0.001295226563506809,0.0
S42477,0.003274939656888666,0.0
S42478,0.002109720787466012,0.0
S42479,0.0024629955863462445,0.0
S42480,0.002422724910934388,0.0
S42481,0.0022952214736156364,0.0
S42482,0.000528287957583466,0.0
S42484,0.0010121646110704166,0.0
S42485,0.0016428801731524698,0.0
S42487,0.0005216427680223096,0.0
S42488,0.0008130041859504367,0.0
S42489,0.0016392400453334453,0.0024616146607231
S42490,0.003542944104383043,0.0
S42491,0.002069280629028355,0.0
S42494,0.00134394278047517,0.0
S42497,0.0017732415894884835,0.0
S42503,0.0012266121006708347,0.007416914145861
S42505,0.0016790695643257914,0.0
S42506,0.0030433636452877125,0.0
S42509,0.0002144211882958508,0.0025059244693188
S42510,0.00019215804804106223,0.0
S42513,0.0006776438216959355,0.0
S42516,0.0030568434579462673,0.0
S42519,0.0017133700692632348,0.0
S42520,0.00040232087477697624,0.0
S42523,0.0008901280950604324,0.0
S42524,0.0005892784458639457,0.0
S42527,0.00033943999617626715,0.0
S42528,0.0003621148825980087,0.0025008931761343
S42530,0.00010122433595008979,0.0
S42531,0.00016153090557009085,0.0
S42534,0.00042286950405510037,0.0
S42537,0.0002060992102279871,0.0
S42539,5.9908656712976564e-05,0.0
S42541,0.0002887372040744332,0.0024891693586757
S42544,0.0014986991249851525,0.0
S42545,0.0017862469230458602,0.0
S42547,0.0007667907324189009,0.0
S42549,0.0008701665980193898,0.0
S42550,0.0011763099347807389,0.0
S42551,0.0023020078571323274,0.014793647958804
S42552,0.0010413945080529033,0.0
S42553,0.000863950550387496,0.0
S42557,0.0027045285071082815,0.0
S42558,0.004890275656273332,0.0
S42560,0.002428741212886933,0.0
S42562,0.0033410603866137925,0.0
S42563,0.0014269299362223123,0.0
S42564,0.0005002338950728629,0.0
S42566,0.004393059003136037,0.0
S42567,0.0007579100208645467,0.0
S42569,0.0024574599013724913,0.0099320543565147
S42570,0.0014961177995971827,0.0024965214464754
S42571,0.004144190623186358,0.0050208866865683
S42572,0.0010851984274220495,0.0024794831499912
S42573,4.84391910732318e-05,0.0
S42575,0.0016777111362583231,0.0
S42576,8.038535650830284e-05,0.0
S42577,0.0030017654571463308,0.0
S42579,7.010828493538925e-05,0.0
S42583,0.0020831751410112635,0.0
S42584,0.0009905665897427473,0.0
S42586,0.0038828276712911955,0.0
S42587,0.0008195501457457844,0.0
S42588,0.0005274992834217024,0.0073906642675509
S42590,0.00330406658128505,0.0049203779879911
S42591,0.001317957960252713,0.0
S42593,0.0013922690974361588,0.0
S42594,0.0020248719247005645,0.0075234635180139
S42595,0.002601191916698307,0.0
S42596,0.002332019946364638,0.0075203897892172
S42597,0.0019760288728310938,0.0
S42601,0.0012066359601893364,0.0
S42603,0.0019136261927389035,0.0
S42605,0.0033492732677545553,0.0
S42606,0.0033373228475965778,0.0
S42607,0.0014688799863561653,0.0
S42610,0.000524101579681493,0.0
S42613,0.0006249790313894814,0.0
S42614,0.002186570254071432,0.0
S42617,0.0021904401953416423,0.0024716776574264
S42618,0.0018037800575170036,0.0
S42620,0.003130584551204096,0.0049437978712822
S42621,0.0019469431893049153,0.0
S42623,0.003410737606361621,0.0024893937800217
S42624,0.0015457155331476892,0.0025155131748104
S42625,0.003147417493627629,0.01009009009009
S42626,0.0020329915824122092,0.0
S42627,0.0022457978052553692,0.0
S42628,0.0020256555959791978,0.0
S42630,0.0015131325567527636,0.0
S42632,0.004065225399668955,0.0
S42635,0.003163092104638131,0.0
S42638,0.00448795904611492,0.0
S42640,0.0024534113914653553,0.0
S42641,0.0028862727409791227,0.0
S42642,0.0007675216699758926,0.0
S42643,0.002037029330166199,0.0
S42644,0.001221679327237268,0.0049443142872775
S42649,0.0014832970208166836,0.0024576342427074
S42651,0.003306684984086345,0.0
S42652,0.0019224081441010508,0.0
S42654,0.00038051623726197636,0.0
S42657,0.001937286315374282,0.0024602255289237
S42658,0.0012454934199339627,0.0
S42660,0.0017820566110815774,0.0
S42661,0.0027206260426703107,0.0
S42666,0.00019948875123263063,0.0
S42668,0.001136705582432122,0.0
S42670,0.00029839454649525113,0.0
S42671,0.0019111433099580338,0.0
S42672,0.00019267069940665193,0.0
S42673,0.0014705418347523136,0.0
S42674,0.001207057504286945,0.0
S42678,0.0003318232296122726,0.0
S42681,0.0018066093344035559,0.0
S42682,0.000726566968793221,0.0
S42683,0.001433180514011081,0.0
S42685,0.0006520185943085455,0.0
S42686,0.0015183613832306165,0.0
S42689,0.003736164355608515,0.0
S42691,0.002327168577838586,0.0
S42695,0.0029097972699700598,0.0
S42696,0.0017481281712719873,0.0
S42697,0.0012050659330219058,0.0
S42698,0.0023985478043552374,0.0
S42699,0.004420349297818333,0.0
S42702,0.004110363304046238,0.0
S42708,0.0035069023290064142,0.0
S42711,0.0029609543897624324,0.0
S42712,0.0016118428484400414,0.0025014973751893
S42713,0.0008580578238115736,0.0024814143562552
S42714,0.0017062079024409427,0.0
S42715,0.0020767116934129392,0.0025206802286363
S42719,0.0006476714748849905,0.0
S42720,0.0008459109644851463,0.0024597871813907
S42721,0.002187339772244089,0.0
S42725,0.0018571108608568872,0.0
S42727,0.0025763976307011417,0.0025281427561334
S42730,3.4176010465825404e-05,0.0
S42732,1.78056647088031e-05,0.0
S42733,0.0006335887335255687,0.0
S42734,0.00020729671885973052,0.0
S42737,0.0001826503978049562,0.0
S42738,0.0008302448487813129,0.0
S42740,8.171765301586883e-05,0.0
S42741,1.9316805938296644e-06,0.0
S42742,0.00030122196177248143,0.0
S42744,0.0005791075536498752,0.0
S42746,6.438483742018607e-06,0.0
S42747,3.156491359348964e-05,0.0
S42748,9.729388884005396e-05,0.0
S42751,9.943312573498211e-05,0.0
S42752,9.906616372675296e-05,0.0
S42754,1.9963210974523237e-06,0.0
S42755,8.467797441700064e-05,0.0
S42756,2.9182450456630214e-05,0.0
S42758,5.184320711904314e-05,0.0
S42762,5.659495807139644e-05,0.0
S42765,0.0004996247282937304,0.0025026310356461
S42770,0.0016737564489790874,0.0
S42771,0.0010775270408589549,0.0
S42772,0.0030996279595503595,0.0
S42776,0.0041992445508275454,0.0
S42778,4.451580569648587e-05,0.0
S42780,0.0006395429249311337,0.0
S42782,2.6186894837381883e-05,0.0
S42783,0.0002661594274691653,0.0
S42785,0.00031155779845585917,0.0
S42788,0.0008825490831772585,0.0
S42789,0.000749001687147321,0.0
S42790,0.0010492327294199565,0.0
S42793,0.0020422147621530213,0.0
S42794,0.0010548772329807296,0.0
S42795,0.0010031816563182694,0.0
S42796,0.001510324841810095,0.0
S42797,0.0015242289808713508,0.0
S42799,0.0012538458198201059,0.0
S42802,0.002143333709815524,0.0
S42805,0.0012364110934699403,0.0
S42807,0.001061347246594212,0.0
S42811,0.0006099859091268027,0.0
S42812,0.00023404470414504052,0.0
S42813,0.0002441448584183856,0.0
S42814,0.001888020201000151,0.0
S42815,0.0021521648110735987,0.0
S42817,0.002629696618248761,0.0
S42818,0.0011715728697581874,0.0
S42819,0.0041113748181794176,0.0
S42822,0.0003275157439772453,0.0
S42823,0.00047286840870775523,0.0
S42825,0.00023762616109731475,0.0
S42826,0.001524867113779053,0.0
S42829,0.00028570727277595244,0.0
S42831,0.001373904261499726,0.0
S42832,0.0004079433580721919,0.0
S42834,3.0967062381841855e-06,0.0
S42835,6.886397277818418e-05,0.0
S42836,0.00021099866004388272,0.0
S42839,2.9312151257029105e-05,0.0
S42840,0.0005570403605744726,0.0
S42841,0.0007844738019782162,0.0
S42843,0.00012325570239196098,0.0
S42847,9.205526330171025e-06,0.0
S42848,0.0002166386653274461,0.0
S42851,4.228684648185054e-05,0.0
S42852,6.1836494647435054e-06,0.0
S42854,7.389340345984976e-05,0.0
S42859,6.47916036693443e-05,0.0
S42860,6.477795372530112e-05,0.0
S42861,9.084885121978796e-05,0.0
S42862,1.7739483257388236e-05,0.0
S42863,9.004403487471218e-06,0.0
S42864,5.125112174956652e-06,0.0
S42866,0.0005052838288722493,0.0
S42868,0.00015155715131799654,0.0
S42869,4.8825439525235334e-05,0.0
S42870,0.00014114258399620542,0.0
S42871,0.0003053934225616345,0.0
S42872,0.00022706186422076795,0.0
S42873,9.623600165973625e-06,0.0
S42874,0.0009429433367506927,0.0
S42875,5.604240174586271e-05,0.0
S42876,7.770258632967513e-05,0.0
S42877,9.25040264634593e-06,0.0
S42879,0.00020298184783372591,0.0
S42882,0.00041379949885312153,0.0
S42883,0.00026830969361395164,0.0
S42885,0.0019592815134294155,0.0
S42888,0.004246109069838812,0.0
S42889,0.0007490551930540966,0.0
S42891,0.0019344210766496452,0.0
S42892,0.0012568716972291762,0.0
S42894,0.0016033377548713957,0.0
S42895,4.8756503615381384e-05,0.0
S42896,0.0006417563709065243,0.0
S42898,0.004009300049100707,0.0
S42899,0.0018796665794563589,0.0
S42900,0.001866945819638025,0.0
S42902,0.0014719838505465065,0.0
S42903,0.0016679392278752191,0.0
S42905,0.0029824575586926217,0.0
S42906,0.0023558703565796407,0.0
S42908,0.0003040721436356,0.0
S42910,0.001538515265368082,0.0
S42912,0.003286907980438016,0.0
S42913,0.0017699177142321439,0.0
S42915,0.0006101934929933174,0.0
S42917,0.0008527260175817206,0.0
S42919,0.0006360997055749578,0.0
S42921,0.0005159787940662083,0.0
S42922,0.00262512297377135,0.0
S42925,0.005002036709169425,0.0
S42926,0.00414596594534919,0.0
S42927,0.003376721280697738,0.0
S42928,0.0044636572339237365,0.0
S42930,0.004033987536440856,0.0
S42933,0.002892944801638174,0.0
S42935,0.0027009096069747184,0.0
S42936,0.0019103066936807574,0.0
S42937,0.0036879049261018364,0.0
S42938,0.0008576787487273492,0.0
S42939,0.0017735176240230746,0.0
S42940,0.0037823570249470757,0.0
S42942,0.0002048721909536855,0.0
S42943,0.00045636192461959244,0.0
S42946,0.0011241201727959468,0.0
S42952,0.00012067876217507762,0.0
S42953,0.00047490133597130786,0.0
S42955,0.00037852094617796,0.0
S42957,7.408986518698927e-05,0.0
S42958,8.489662156648015e-05,0.0
S42959,0.0004588467212814212,0.0
S42960,0.0020138498198592142,0.0
S42961,0.002548922040284477,0.0
S42963,0.0023973916658748587,0.0
S42965,0.00019142511568576975,0.0
S42967,0.0001290848192150044,0.0
S42968,0.00037280940169758225,0.0
S42970,0.00043254423240286864,0.0
S42974,0.00041715868404466167,0.0
S42975,0.00035111230156746056,0.0
S42976,3.697770778096965e-05,0.0
S42978,0.0002892609889518306,0.0
S42979,0.0003008264215074183,0.0
S42982,0.0001236825186043246,0.0
S42983,2.4542858897717007e-05,0.0
S42984,0.00020840942679089264,0.0
S42988,0.00015056025352729654,0.0
S42989,0.0018989480698236062,0.0
S42990,0.0010281306341855788,0.0
S42993,0.002672537313015977,0.0
S42996,0.003214678060295072,0.0
S42997,0.002823441563048331,0.0
S42998,0.0004783033357377135,0.0
S43000,0.0006411588739485365,0.0
S43002,0.0009757429838940353,0.0
S43003,0.003169476680745265,0.0
S43006,0.0007197776055789926,0.0
S43007,0.0016587625472157684,0.0
S43008,0.0008788275092986935,0.0
S43009,0.002240198268759662,0.0
S43010,0.0006749675211039853,0.0
S43011,0.000607965516469067,0.0
S43012,0.0014088380046316403,0.0
S43013,0.0038458663428776576,0.0
S43015,0.002444696241680517,0.0
S43016,0.002268205397351631,0.0
S43017,0.0011758488863401625,0.0
S43021,0.0021256875899741453,0.0
S43022,0.0017811149635776704,0.0
S43023,0.002215587003625464,0.0
S43027,0.0010769370241566368,0.0
S43028,0.001348656755802609,0.0
S43029,0.0033749370270496266,0.0
S43030,0.00016564368004879612,0.0
S43031,0.0016945538725705368,0.0
S43033,0.0032557505449014733,0.0
S43037,0.0019261356894732786,0.0
S43040,0.000717794544613637,0.0
S43042,7.259958546900904e-05,0.0
S43044,0.0006754211860839288,0.0
S43046,0.0020851866139277257,0.0
S43049,0.0004949974547831716,0.020441738987373
S43051,0.0015225351004477892,0.0179006412990523
S43052,0.0006211976834101747,0.0115525647507307
S43057,0.0022473094862929307,0.0066248495650716
S43060,0.0022921056122931407,0.0078205983072417
S43064,0.002265533665842375,0.0120650834784825
S43065,0.00156511614180947,0.0248484593955174
S43066,0.0006905052977467252,0.0028611891493575
S43068,0.003832241631957745,0.0065700515935066
S43069,0.002919974545414836,0.0068903914788099
S43070,0.002559666451991613,0.0158292116306954
S43072,0.0027520621196913484,0.0191726308309222
S43073,0.0029492710582731626,0.0090688465959892
S43079,0.0014889936009601097,0.0086261759022482
S43081,0.002051239415779525,0.0149129173394545
S43082,0.001978298135041224,0.0077056055567183
S43083,0.003858689969597466,0.0107696550637275
S43090,0.00205333233972233,0.0080491043954264
S43094,0.0037167487655211367,0.0028734136964125
S43095,0.005686247740705905,0.0142923460563559
S43096,0.0033628070825127707,0.0101685274867369
S43097,0.0026942573666330835,0.0084875049809301
S43098,0.004483657192494156,0.0170198964987238
S43099,0.0026382694701309302,0.0075062064017972
S43101,0.005224149190627494,0.0076900908846505
S43102,0.004176142126379426,0.0108408338736895
S43103,0.002598828529032643,0.0087209302325581
S43104,0.0025334758402618075,0.0206029882920069
S43105,0.002486900268948742,0.0249019109065821
S43106,0.0024286759293260882,0.0104189297870475
S43108,0.0024046193667366655,0.0159696031296566
S43110,0.002648279540897217,0.0125451682365116
S43111,0.0007581621160396382,0.0060814820706406
S43112,0.002878540964803497,0.0129400643298044
S43113,0.0021289737792434087,0.0102518231818343
S43114,0.0035434624613896243,0.0019225115660152
S43115,0.004724648430255872,0.0214238190286094
S43117,0.002983018909556434,0.0010238598486253
S43119,0.0020741156756057364,0.0060043734067872
S43120,0.005783660658411998,0.006855077860995
S43121,0.0021270356956526685,0.0101910462329012
S43122,0.0004785647026094034,0.0151035998305783
S43123,0.0022884263357996104,0.0129956593974648
S43126,0.005021406892811836,0.0112531274411022
S43127,0.0030707627822616963,0.0224307464683985
S43128,0.0038338340844611676,0.0114079132355894
S43129,0.0013348606216202876,0.0099562884879663
S43130,0.004227453888870886,0.0009876513769489
S43131,0.003529853834003029,0.0075913356435738
S43133,0.0028548393146970562,0.0119428090832632
S43136,0.0014921064458345663,0.004880645148619
S43137,0.0031545302536351376,0.0068908009095302
S43138,0.0020919853500092093,0.0028209625328497
S43140,0.001223964999323336,0.0051193308818227
S43142,0.0012945578529568033,0.0136478738699509
S43143,0.00331349979515775,0.0163166145487077
S43145,0.003325888695177808,0.0049054153021321
S43146,0.0053591676204720815,0.0167384822640238
S43152,0.0033126125213386384,0.0141229864899974
S43154,0.0020217153059111635,0.0087392810461347
S43155,0.0013512191714169864,0.0123413635287016
S43156,0.004180817301149579,0.0153909995169022
S43158,0.00387081262320509,0.0075842546600437
S43159,0.0017652906286217656,0.0037301390733944
S43162,0.002444437921657164,0.011178038946275
S43163,0.00250408366313718,0.0096912262228592
S43164,0.005042551960160437,0.0110964971035848
S43166,0.0022675405227570427,0.0107615779973268
S43167,0.00396605678660617,0.0237739323854055
S43170,0.0020173526100733963,0.0126299945265462
S43174,0.002354261019984691,0.0101481590381913
S43175,0.0009484763203068121,0.0096367133572215
S43176,0.0032455021509155153,0.007768659632669
S43177,0.001381513027753493,0.0203878616332851
S43180,0.0018726112653853822,0.0112056817541288
S43181,0.0038011901968584587,0.0018684245647078
S43182,0.0023035973152332094,0.0334213467034542
S43186,0.0013597569779696928,0.0061545320017089
S43187,0.001428226240241622,0.0177160664066384
S43188,0.001714641183091483,0.0217268998445227
S43189,0.0014740211990436941,0.0
S43191,0.0008694090887006621,0.0151453281081443
S43192,0.0022153089063361667,0.0137552832702701
S43193,0.0018207730936936476,0.0168430915216394
S43195,0.0007550984029084446,0.0183505314910899
S43196,0.0009695597647795479,0.0071020581474631
S43197,0.002836046033444733,0.0108438657875736
S43198,0.00027258340365110713,0.0115764464734929
S43199,0.002094185556904143,0.0
S43200,0.0005680700611387611,0.0050375433816613
S43202,0.00020930448758844236,0.0080629624897844
S43206,0.00315092185536473,0.0166545438775972
S43207,0.0020481518627844366,0.0332575601019494
S43211,0.005532409354032625,0.0070121336719474
S43212,0.0022499670343555495,0.0086128713614806
S43215,0.001202481061763975,0.0020494803103498
S43216,0.0013425192816520519,0.0095369677431734
S43217,0.00259546936526432,0.0088645524917062
S43220,0.004463337431656216,0.0140830702793378
S43221,0.0014519643698874722,0.0166338871399912
S43222,0.0014179977786635235,0.0018968777849658
S43223,0.0015195168239930657,0.0010124839061914
S43224,0.0021623190797526184,0.0
S43225,0.0025974831212852625,0.0084693292132214
S43226,0.0029947978886917517,0.0105550117481702
S43228,0.0032205504927912357,0.0039447731755424
S43231,0.002003342666426718,0.0137212677678388
S43233,0.00046687855173251167,0.0068114316145187
S43235,0.00027231057744953795,0.0161573163059047
S43236,0.0004152931705167539,0.0119950523425951
S43237,0.0011773258569831504,0.0071817102750683
S43239,0.0002449242972069072,0.0050664448440513
S43240,0.0011257097123436976,0.0311892061499843
S43243,0.0006791046153869309,0.0108982754530648
S43245,0.0003244332843300036,0.0143431859765776
S43247,0.0021100270948816806,0.013096918704237
S43248,0.003021981927694742,0.0081263425531349
S43249,0.0031884598363020418,0.0119009847645843
S43250,0.005167694829459423,0.01061650286531
S43251,0.0035287958610537144,0.0060342629578815
S43252,0.0014480312736871218,0.0106482022515679
S43253,0.002381976738026507,0.0146554062820679
S43254,0.003327683724093023,0.0109839329592326
S43255,0.004814680768292896,0.0148949839942607
S43256,0.0013341994695983913,0.0097092309976479
S43257,0.001990194276717294,0.0
S43258,0.003537936826183869,0.0145582152858331
S43260,0.002308625655973714,0.0131019155036967
S43261,0.0015728573738242196,0.0127262699678937
S43262,0.00237947789662864,0.0177118352122212
S43263,0.0019070680626485119,0.000940400909748
S43264,0.0028749590050332,0.0077877867290316
S43269,0.0010746849191742953,0.0
S43271,0.004161189390638721,0.003051588422384
S43272,0.002521465377661043,0.0156812633355814
S43275,0.003431568132030314,0.0
S43278,0.0038347847704591504,0.0
S43280,0.0025017582549451065,0.0176892845234214
S43281,0.003190204204334058,0.0192861096303921
S43283,0.0032187143600503885,0.008931727100094
S43284,0.0033229813357947223,0.0094444317758572
S43285,0.0027308804879785705,0.0120216001789936
S43287,0.00219181816260202,0.0090494167344411
S43288,0.0006339606527984497,0.0115645269189377
S43289,0.0011262377989153093,0.0058232519991798
S43292,0.002945899547798575,0.0204832503437604
S43293,0.0028378199371851633,0.0189241416074097
S43295,0.005117674363405058,0.0068737688366753
S43296,0.00398179730823791,0.0238429683871982
S43297,0.0011496559364959982,0.0165183747123605
S43298,0.0021498100835254906,0.0029940660863279
S43301,0.004117414440809962,0.0107877611103875
S43302,0.0009340146263274776,0.022210305224114
S43303,0.0032508034033426505,0.0143505578526714
S43305,0.0012520081452808284,0.017115469151033
S43306,0.00349764583347364,0.0082057378250254
S43307,0.0026744360237164915,0.0096556976387253
S43308,0.0029237680159076573,0.0138802444901932
S43310,0.0012459494864270739,0.0061257441484969
S43311,0.002773046842020493,0.0125318095770102
S43312,0.0004493373878867788,0.0127099722430415
S43314,0.001831705178784732,0.0028148592853542
S43315,0.0023725767225634747,0.0050693904695459
S43316,0.0035398648085832704,0.0077216777947385
S43318,0.0025843935339381003,0.0118034733560932
S43319,0.004002872276384756,0.0111343968749554
S43320,0.005172527379868723,0.0145110336410723
S43321,0.0030956182595156473,0.0100559450463848
S43322,0.0034148034177871826,0.0039997263768675
S43323,0.002232841980263255,0.0111061001275769
S43325,0.002387220196393469,0.0214782555743478
S43326,0.0018230497184612085,0.0120834169082742
S43327,0.004649960449055572,0.0070888170294616
S43328,0.005196264934102496,0.0148369724217401
S43329,0.0030724945670781286,0.0124320527991841
S43331,0.003760624247137467,0.0090658137951162
S43332,0.004062669245354676,0.0201661285554467
S43338,0.0005663048875696888,0.0109834033482604
S43341,0.001056825635280572,0.0113476796620811
S43342,0.0013589560655538043,0.0160202808526452
S43344,0.0008983418932417609,0.019880568016229
S43346,0.0010763974746365972,0.0102321368078053
S43347,0.0007237447782552282,0.0175303489021486
S43348,0.0014762137609730657,0.0106030368090425
S43349,0.001419292371621123,0.0019692332075322
S43350,0.002191204659879166,0.0039387239168509
S43352,0.0005785759275890367,0.0067528484636735
S43354,0.0035635071882048836,0.0
S43356,0.0003125906283108022,0.0
S43357,0.004259240974539422,0.0
S43358,0.000644132560502373,0.0
S43359,0.0027886139538814995,0.0
S43361,3.7019895826577834e-05,0.0
S43362,3.454466801625119e-05,0.0
S43364,3.217707860867843e-05,0.0
S43365,0.000943426929731453,0.0
S43370,7.615440978738667e-06,0.0
S43372,0.0018593060664819619,0.0
S43374,0.00394201885943121,0.0138290154925518
S43375,0.0013177491533035762,0.0
S43379,0.003499958927640284,0.0152678790857704
S43381,0.0041465414477393665,0.010109454679335
S43383,0.0036133552122634832,0.0069763198158363
S43386,0.0014967194528273352,0.0029760657249444
S43387,0.0035469383320417772,0.0009844527769689
S43388,0.001376522781264448,0.0135849616544054
S43391,0.004320720911344994,0.0112542509654735
S43392,0.0036605142034903037,0.0
S43393,0.002991581728629172,0.0174227020963331
S43394,0.0030100510596935554,0.0134404240359132
S43396,0.002590420156456125,0.0105799524705263
S43397,0.002102550708878978,0.0
S43399,0.0041717110184422285,0.0142384845897769
S43400,0.0035198233682144186,0.00746675079907
S43401,0.0017656695878362368,0.013967893517998
S43403,0.0011731950855636917,0.0104773951206424
S43404,0.003496464462709608,0.0067644685546514
S43406,0.0029223116103283047,0.0040865997352343
S43407,0.005464118017280533,0.0069172711077177
S43408,0.002763034004735064,0.0
S43409,0.0037714387036577855,0.0075919879322525
S43410,0.0023820029929822756,0.0068714065348478
S43411,0.002600124710155328,0.0117228731653526
S43412,0.0022397973095119924,0.0
S43413,0.005457170048592178,0.014064100605011
S43414,0.003210384733689601,0.0098737471565793
S43415,0.003258042582165638,0.0
S43416,0.0008359644048033101,0.0088617601084094
S43419,0.002490805369765489,0.0276277206336349
S43420,0.0029601107493146418,0.0105464597886078
S43422,0.0019931615445442073,0.0161371341259609
S43423,0.0027115627097055012,0.0183717383014653
S43425,0.005180667969393378,0.0105506729503672
S43426,0.001452893004149309,0.0030169849575679
S43428,0.0010530913172875497,0.004014215329941
S43429,0.002487590903980416,0.0099173685649348
S43432,0.0017741448317077865,0.0216632838513683
S43434,0.0015921994857461717,0.0114313315086137
S43435,0.0017437457482374864,0.0068351988180351
S43437,0.0030469593754777124,0.0139498702850521
S43438,0.0032899425148342635,0.0074635971309452
S43439,0.0023839253601579576,0.0128133428526098
S43440,0.0014472074475311114,0.0075374121804277
S43442,0.0017529408755550745,0.0046824418793079
S43443,0.0032258873005823973,0.0105346320971953
S43445,0.002974511440216352,0.0122800190253815
S43447,0.0026593060785739457,0.0079505053050026
S43449,0.004799112385743582,0.0114727608494921
S43451,0.00038511161037568965,0.0130488873808917
S43452,0.0007339904778361883,0.0
S43455,0.0010969761139037067,0.0121131617911393
S43456,0.002047302884903741,0.004848279104795
S43458,0.0015526879396400913,0.0
S43459,0.0015702477354010997,0.0067768810763533
S43460,0.0006549559155654789,0.0030385473664903
S43462,0.0014349002422100127,0.0020008534827733
S43463,0.0033303974022231304,0.0129414639617985
S43464,0.0012636117113475434,0.002018786494034
S43465,0.0003139829319530185,0.013208060167099
S43466,0.0004266464685970544,0.0019425406633952
S43471,0.0022899556713903567,0.013256363359244
S43473,0.001678190864996838,0.0069655088185063
S43475,0.0025499176526088212,0.012635848573211
S43477,0.0025181397635254702,0.0097633037291105
S43478,0.0020887723958571236,0.0119387209714323
S43480,0.0026224009310253206,0.0103571090271857
S43482,0.00394527471526177,0.0098702763677382
S43483,0.0012972531346177015,0.011718381590116
S43484,0.002393114921010645,0.0102019032605036
S43486,0.0011145593884922674,0.0020513074505385
S43487,0.0012398166119420378,0.008182585252413
S43488,0.0006574993559434461,0.0166737711258989
S43490,0.0021591869943100635,0.0075665882603698
S43496,0.0011237551126360807,0.0048025448656253
S43497,0.0029812530944686253,0.005050505050505
S43498,0.001702245635911613,0.0101130957468022
S43499,0.001974943252963841,0.0055787849024835
S43500,0.0021231859605148323,0.0102041025830546
S43503,0.0020185644107845843,0.00767859591389
S43504,0.0004851831110571079,0.0152202456829396
S43505,0.003580095197771546,0.0116556539888954
S43506,0.0017056333845492171,0.0250093383421684
S43508,0.0017241398484490284,0.0049213573044032
S43512,0.00421303308602103,0.0138741002173436
S43515,0.002854569078719115,0.0169774203725025
S43516,0.004391162308342813,0.0086194437539382
S43518,0.004292092201570788,0.0100814017408166
S43520,0.0011167722570010253,0.031319641373779
S43521,0.0040761407387247955,0.0132288294707444
S43522,0.0027969539268810663,0.0087148643672517
S43523,0.002555096304123863,0.0182563976980531
S43525,0.002861948629668635,0.0101379743633678
S43526,0.0021020655211481274,0.0115307205540314
S43527,0.0011774636851157674,0.0183587906100511
S43529,0.004180395105695082,0.0177006909324025
S43530,0.0018918969686360825,0.0191662858476068
S43532,0.0026565607857824817,0.0089832264905769
S43534,0.0032301201543697474,0.0139741604558171
S43535,0.003440548988882304,0.0109413306915633
S43538,0.0023662403278574017,0.0196688353833246
S43539,0.002556795310975315,0.0096954799945377
S43540,0.0016108812802870557,0.0156788516897354
S43541,0.0022463137084727733,0.0089888046879238
S43543,0.003268886683766039,0.0066400225978348
S43544,0.003073930502398445,0.0061273301114508
S43545,0.0024347405550154333,0.0160498611380223
S43547,0.0031727053367622497,0.0122358386407064
S43549,0.0030376612967807494,0.0009306331863419
S43552,0.0024281602583589162,0.0089493649612254
S43553,0.0031552087917186894,0.0140745355686452
S43555,0.003533167781141845,0.0084228246685384
S43559,0.003488320764903554,0.0120759301442672
S43560,0.0006730596927797886,0.0145287652011225
S43562,0.0025636623042230356,0.0207669257309313
S43563,0.0020304458031747013,0.0253056020594788
S43565,0.0011299593114582228,0.0135413382532101
S43567,0.003523499363765872,0.0139736553017751
S43568,0.0035982431867041505,0.017798203467725
S43569,0.0016593861187812792,0.0131581435633266
S43573,0.004149569470748287,0.0117352600883096
S43576,0.0023366805954045384,0.0182423726095884
S43577,0.002954218465796051,0.016089379942833
S43578,0.0025537640732187844,0.0308917855159291
S43579,0.0034475092953991796,0.0060761660248181
S43580,0.0014811810337338218,0.0093976609845798
S43581,0.003290963852424841,0.0038032270036769
S43582,0.0020018221476837145,0.0235034019637399
S43583,0.0026358265681732107,0.0077040378381415
S43584,0.0006726503973798732,0.011700380792071
S43586,0.001044460189839128,0.0030475279458925
S43587,0.0025633978875443573,0.0305352740187567
S43588,0.0007012166816807426,0.0081352713939632
S43589,0.001143098392302732,0.0092282554202848
S43590,0.0009135651200830109,0.0102479720562339
S43592,0.0016347126447671732,0.0160744859985
S43593,0.0006627237543878497,0.0057988938930763
S43594,0.0008617191318148982,0.008184555973429
S43596,0.0016482839703757179,0.0221319455830231
S43597,0.0016449526569142128,0.034286333757108
S43598,0.004695274551108872,0.0096997375020736
S43599,0.0022109034453846456,0.0037845473201673
S43601,0.0007871705028574967,0.0212184193112067
S43603,0.0016711400296425484,0.005926014248666
S43604,8.419284887559054e-05,0.0114981752141448
S43605,0.0008317251570364449,0.0175846208279278
S43606,0.0032280686267688137,0.0085626665441514
S43608,0.003310137148366552,0.0191932649790496
S43609,0.0018158376200372779,0.0149384727290215
S43610,0.0009275921215789193,0.0160701922564839
S43611,0.0037619142332636028,0.0170390263413519
S43612,0.0003856240968418459,0.0179882085131106
S43614,0.0017124330089310308,0.0101493402928809
S43615,0.001101104339396351,0.0098512012717365
S43616,0.0009717865529452122,0.0051080921635493
S43618,0.0033131663626309983,0.0201687005420447
S43620,0.0024210638143720735,0.0
S43621,0.002574331403257157,0.0110368858498927
S43623,0.0030400911452548515,0.0104970699599855
S43626,0.002415653744520338,0.0165580954172741
S43628,0.0009940293262268318,0.0098432409415446
S43629,0.0015448411149736481,0.0168999941993155
S43630,0.002808956097042965,0.0066012800297522
S43631,0.0004669704695372099,0.0208900530562258
S43632,0.0024777485775886506,0.0247684546263072
S43634,0.0008927164199125977,0.0188186668101532
S43636,0.0018362985915325505,0.0217060726976753
S43639,0.0020693409156942364,0.0152938135447182
S43641,0.0034019037078850956,0.0159625826784298
S43643,0.0027095935138547983,0.0164978608821639
S43644,0.0015772607872433701,0.0183285493893556
S43646,0.0018895843603766692,0.0143296216633894
S43647,0.0019460695988747165,0.0
S43649,0.0038569615627984393,0.0
S43651,0.000756543266905991,0.0183943496900348
S43655,0.0017264937709185247,0.0097222792778517
S43658,0.0026922550509757485,0.0128216577067866
S43659,0.0015408054477964042,0.0101143923529495
S43665,0.004187957105380112,0.0101577413434379
S43671,8.550752481338472e-05,0.0120207278949818
S43675,0.0028676532139459408,0.0135157709894601
S43676,0.003178540234656387,0.0201098265895953
S43677,0.002450769935928353,0.0127771581353773
S43679,0.002000584520323788,0.0134760344279948
S43680,0.0008287482473054121,0.0071556976136704
S43681,0.00122828536509833,0.0144572565537623
S43682,0.00013126572147488034,0.006595760815986
S43683,0.0015379482206849026,0.0180228095517264
S43684,0.001285132689902087,0.0173033836726836
S43685,0.0008295395269986115,0.0099085897704277
S43686,0.0022545223957481137,0.0221662458744914
S43688,0.0023540626193740703,0.002851552862741
S43689,7.439763103703995e-05,0.0234749304336218
S43690,0.00027184215050134663,0.0109588986176593
S43691,7.556649844732054e-05,0.01333065110977
S43692,0.002757734230640865,0.0141460717102962
S43694,0.003478771377920544,0.005703105725482
S43698,0.0026325597635567803,0.0140490728177295
S43700,0.0016751452557890476,0.0076151076380908
S43702,0.002913315408726553,0.0029400629421925
S43704,0.0028691829900006002,0.0098606415567512
S43706,0.003188438470046967,0.0089108023307933
S43707,0.0004350051307125673,0.0109356840953506
S43708,0.0019158916881793974,0.0162636544546092
S43709,0.002197592690781702,0.0057915282875954
S43710,0.003815705534675303,0.0129338474042222
S43711,0.002551639320897796,0.0112730365749929
S43712,0.0015727322304051542,0.0096012487418886
S43713,0.0019880993717446157,0.0154085235177628
S43714,0.004745015543116043,0.0110139391704994
S43715,0.0025057429133862495,0.0009624676353312
S43717,0.004036784100785211,0.0104642794251632
S43719,0.0016235856675886197,0.001861078189624
S43720,0.0031458808128267206,0.013271055296406
S43721,0.0020995314079882248,0.0071042335432543
S43726,0.0032574345079401943,0.018593340815563
S43731,0.001894010963817058,0.0196306348498784
S43733,0.002282321122818458,0.009159433110337
S43734,0.0011271714506853724,0.0169457531323268
S43736,0.0011728187655263818,0.0153352463821777
S43737,0.0016679969726976877,0.0172686367505776
S43740,0.00259336101517139,0.0207087031316035
S43743,0.0007361637116478397,0.0234331718471893
S43745,0.0014434296622669281,0.0066220501517037
S43748,0.0012276385609293115,0.0009643557056095
S43750,0.0019302303366579138,0.0127256683881082
S43751,0.002581262072067124,0.0136639546917558
S43752,0.0028972013261097307,0.01927622992625
